po_id,document_file,layout_id,quality_id,printed_po_number,printed_po_date,printed_customer_name,printed_customer_city,printed_supplier_name,printed_ship_to_city,printed_delivery_date,printed_payment_terms_days,printed_currency,printed_line_count,printed_order_total_inr,total_printed_on_document,amount_column_present
PO00001,PO00001__L1_classic_tabular__q4_phone_photo.jpg,L1_classic_tabular,q4_phone_photo,MEG/PO/2026-06/7044,2026-06-20,Meghdoot Clothing Co,Coimbatore,Textile Distribution Co. (Demo Entity),Coimbatore,2026-07-15,30,INR,10,"1,101,023.20",Y,Y
PO00002,PO00002__L6_erp_portal_print__q1_clean_digital.pdf,L6_erp_portal_print,q1_clean_digital,DEV/PO/2026-05/694,2026-05-18,Devansh Creations,New Delhi,Textile Distribution Co. (Demo Entity),New Delhi,2026-07-02,0,INR,4,"186,255.00",Y,Y
PO00003,PO00003__L1_classic_tabular__q1_clean_digital.pdf,L1_classic_tabular,q1_clean_digital,KAV/PO/2026-07/1388,2026-07-12,Kavyansh Enterprises,Erode,Textile Distribution Co. (Demo Entity),Erode,2026-08-26,60,INR,3,"131,966.00",Y,Y
PO00004,PO00004__L6_erp_portal_print__q1_clean_digital.pdf,L6_erp_portal_print,q1_clean_digital,ISH/PO/2026-06/7289,2026-06-13,Ishira Enterprises,Mumbai,Textile Distribution Co. (Demo Entity),Mumbai,2026-07-13,90,INR,6,"843,140.00",Y,Y
PO00005,PO00005__L6_erp_portal_print__q1_clean_digital.pdf,L6_erp_portal_print,q1_clean_digital,VAI/PO/2026-04/4480,2026-04-16,Vaidehi Enterprises,Jaipur,Textile Distribution Co. (Demo Entity),Jaipur,2026-05-16,30,INR,2,"123,638.00",Y,Y
PO00006,PO00006__L1_classic_tabular__q1_clean_digital.pdf,L1_classic_tabular,q1_clean_digital,NIR/PO/2026-04/9978,2026-04-14,Nirjara Garments,Bengaluru,Textile Distribution Co. (Demo Entity),Bengaluru,2026-05-14,90,INR,4,"932,180.00",Y,Y
PO00007,PO00007__L1_classic_tabular__q5_fax_bitonal.png,L1_classic_tabular,q5_fax_bitonal,PRA/PO/2026-08/6214,2026-08-16,Pratham Textiles,Coimbatore,Textile Distribution Co. (Demo Entity),Coimbatore,2026-09-30,30,INR,6,"1,067,935.00",Y,Y
PO00008,PO00008__L2_exporter_letterhead__q2_print_scan.pdf,L2_exporter_letterhead,q2_print_scan,PRA/PO/2026-05/6760,2026-05-18,Pratham Textiles,Coimbatore,Textile Distribution Co. (Demo Entity),Coimbatore,2026-07-02,30,INR,10,"1,881,802.00",Y,Y
PO00009,PO00009__L1_classic_tabular__q1_clean_digital.pdf,L1_classic_tabular,q1_clean_digital,NIM/PO/2026-06/3115,2026-06-18,Nimaya Fabs,Erode,Textile Distribution Co. (Demo Entity),Erode,2026-07-18,60,INR,7,"576,869.20",Y,Y
PO00010,PO00010__L2_exporter_letterhead__q1_clean_digital.pdf,L2_exporter_letterhead,q1_clean_digital,VRI/PO/2026-05/3124,2026-05-15,Vrinda Trading Co,Bengaluru,Textile Distribution Co. (Demo Entity),Bengaluru,2026-06-14,30,INR,7,"1,480,857.50",Y,Y
PO00011,PO00011__L4_excel_grid__q1_clean_digital.pdf,L4_excel_grid,q1_clean_digital,ANA/PO/2026-05/1512,2026-05-12,Anantam Creations,Pune,Textile Distribution Co. (Demo Entity),Pune,2026-06-26,45,INR,8,"799,356.90",Y,Y
PO00012,PO00012__L1_classic_tabular__q1_clean_digital.pdf,L1_classic_tabular,q1_clean_digital,NAK/PO/2026-04/2427,2026-04-01,Nakshatra Garments,Indore,Textile Distribution Co. (Demo Entity),Indore,2026-05-16,30,INR,6,"420,267.50",Y,Y
PO00013,PO00013__L2_exporter_letterhead__q2_print_scan.pdf,L2_exporter_letterhead,q2_print_scan,NIM/PO/2026-05/8682,2026-05-08,Nimaya Garments,Bengaluru,Textile Distribution Co. (Demo Entity),Bengaluru,2026-06-22,90,INR,5,"305,022.00",Y,Y
PO00014,PO00014__L3_email_body__q1_clean_digital.pdf,L3_email_body,q1_clean_digital,VAI/PO/2026-05/8595,2026-05-24,Vaidehi Garments,Indore,Textile Distribution Co. (Demo Entity),Indore,2026-06-23,60,INR,6,,N,N
PO00015,PO00015__L6_erp_portal_print__q1_clean_digital.pdf,L6_erp_portal_print,q1_clean_digital,RAN/PO/2026-06/5818,2026-06-01,Rangoli Apparels Pvt Ltd,Ichalkaranji,Textile Distribution Co. (Demo Entity),Ichalkaranji,2026-07-16,60,INR,8,"1,113,110.00",Y,Y
PO00016,PO00016__L5_handwritten_slip__q4_phone_photo.jpg,L5_handwritten_slip,q4_phone_photo,UTS/PO/2026-04/9527,2026-04-19,Utsav Textiles,New Delhi,Textile Distribution Co. (Demo Entity),New Delhi,2026-06-03,0,INR,4,,N,N
PO00017,PO00017__L1_classic_tabular__q4_phone_photo.jpg,L1_classic_tabular,q4_phone_photo,PRA/PO/2026-04/6925,2026-04-01,Pratham Exports Pvt Ltd,Jaipur,Textile Distribution Co. (Demo Entity),Jaipur,2026-04-16,0,INR,2,"531,856.00",Y,Y
PO00018,PO00018__L4_excel_grid__q1_clean_digital.pdf,L4_excel_grid,q1_clean_digital,ANA/PO/2026-07/8772,2026-07-06,Anantam Creations,Pune,Textile Distribution Co. (Demo Entity),Pune,2026-07-26,45,INR,4,"519,667.00",Y,Y
PO00019,PO00019__L3_email_body__q2_print_scan.pdf,L3_email_body,q2_print_scan,ADV/PO/2026-05/3849,2026-05-23,Advika Garments,Indore,Textile Distribution Co. (Demo Entity),Indore,2026-07-07,90,INR,1,,N,N
PO00020,PO00020__L6_erp_portal_print__q1_clean_digital.pdf,L6_erp_portal_print,q1_clean_digital,KAV/PO/2026-07/6037,2026-07-26,Kavyansh Furnishings,Panipat,Textile Distribution Co. (Demo Entity),Panipat,2026-08-15,60,INR,2,"501,657.00",Y,Y
PO00021,PO00021__L6_erp_portal_print__q1_clean_digital.pdf,L6_erp_portal_print,q1_clean_digital,GIR/PO/2026-05/8375,2026-05-16,Girish Garments,Noida,Textile Distribution Co. (Demo Entity),Noida,2026-06-15,0,INR,6,"882,260.50",Y,Y
PO00022,PO00022__L4_excel_grid__q1_clean_digital.pdf,L4_excel_grid,q1_clean_digital,BHA/PO/2026-08/3541,2026-08-16,Bhavya Vastra,Hyderabad,Textile Distribution Co. (Demo Entity),Hyderabad,2026-08-26,30,INR,1,"398,200.00",Y,Y
PO00023,PO00023__L1_classic_tabular__q1_clean_digital.pdf,L1_classic_tabular,q1_clean_digital,MEG/PO/2026-07/965,2026-07-31,Meghdoot Weaves,Coimbatore,Textile Distribution Co. (Demo Entity),Coimbatore,2026-08-30,45,INR,10,"2,538,590.50",Y,Y
PO00024,PO00024__L2_exporter_letterhead__q1_clean_digital.pdf,L2_exporter_letterhead,q1_clean_digital,VAI/PO/2026-04/405,2026-04-29,Vaidehi Garments,Indore,Textile Distribution Co. (Demo Entity),Indore,2026-06-13,60,INR,4,"919,252.00",Y,Y
PO00025,PO00025__L4_excel_grid__q2_print_scan.pdf,L4_excel_grid,q2_print_scan,DEV/PO/2026-08/6107,2026-08-02,Devansh Uniforms,Ludhiana,Textile Distribution Co. (Demo Entity),Ludhiana,2026-09-01,0,INR,3,"731,541.00",Y,Y
PO00026,PO00026__L6_erp_portal_print__q1_clean_digital.pdf,L6_erp_portal_print,q1_clean_digital,OJA/PO/2026-05/329,2026-05-05,Ojas Fabs,Kolkata,Textile Distribution Co. (Demo Entity),Kolkata,2026-05-30,45,INR,3,"211,111.50",Y,Y
PO00027,PO00027__L6_erp_portal_print__q4_phone_photo.jpg,L6_erp_portal_print,q4_phone_photo,MEG/PO/2026-06/7096,2026-06-23,Meghdoot Clothing Co,Coimbatore,Textile Distribution Co. (Demo Entity),Coimbatore,2026-08-07,30,INR,8,"730,586.20",Y,Y
PO00028,PO00028__L2_exporter_letterhead__q1_clean_digital.pdf,L2_exporter_letterhead,q1_clean_digital,TAN/PO/2026-06/3611,2026-06-07,Tanvi Trading Co,New Delhi,Textile Distribution Co. (Demo Entity),New Delhi,2026-07-22,30,INR,5,"1,165,952.00",Y,Y
PO00029,PO00029__L2_exporter_letterhead__q2_print_scan.pdf,L2_exporter_letterhead,q2_print_scan,KAN/PO/2026-04/926,2026-04-21,Kanchan Clothing Co,Tiruppur,Textile Distribution Co. (Demo Entity),Tiruppur,2026-06-05,30,INR,6,"1,132,663.00",Y,Y
PO00030,PO00030__L1_classic_tabular__q1_clean_digital.pdf,L1_classic_tabular,q1_clean_digital,VRI/PO/2026-07/8087,2026-07-28,Vrinda Sourcing LLP,Noida,Textile Distribution Co. (Demo Entity),Noida,2026-09-11,30,INR,8,"962,922.00",Y,Y
PO00031,PO00031__L1_classic_tabular__q3_poor_scan.pdf,L1_classic_tabular,q3_poor_scan,DEV/PO/2026-07/9085,2026-07-12,Devansh Uniforms,Ludhiana,Textile Distribution Co. (Demo Entity),Ludhiana,2026-08-26,0,INR,6,"1,306,433.50",Y,Y
PO00032,PO00032__L4_excel_grid__q4_phone_photo.jpg,L4_excel_grid,q4_phone_photo,BHO/PO/2026-05/2344,2026-05-31,Bhoomika Sourcing LLP,Ludhiana,Textile Distribution Co. (Demo Entity),Ludhiana,2026-07-15,30,INR,4,"1,068,217.00",Y,Y
PO00033,PO00033__L1_classic_tabular__q1_clean_digital.pdf,L1_classic_tabular,q1_clean_digital,OJA/PO/2026-05/9345,2026-05-09,Ojas Garments,Ahmedabad,Textile Distribution Co. (Demo Entity),Ahmedabad,2026-06-23,30,INR,3,"594,147.00",Y,Y
PO00034,PO00034__L6_erp_portal_print__q3_poor_scan.pdf,L6_erp_portal_print,q3_poor_scan,NIR/PO/2026-06/6487,2026-06-28,Nirvaan Fabs,Chennai,Textile Distribution Co. (Demo Entity),Chennai,2026-08-12,45,INR,10,"2,514,400.50",Y,Y
PO00035,PO00035__L2_exporter_letterhead__q1_clean_digital.pdf,L2_exporter_letterhead,q1_clean_digital,PRA/PO/2026-04/301,2026-04-16,Pratham Textiles,Coimbatore,Textile Distribution Co. (Demo Entity),Coimbatore,2026-05-16,30,INR,5,"1,877,682.95",Y,Y
PO00036,PO00036__L5_handwritten_slip__q4_phone_photo.jpg,L5_handwritten_slip,q4_phone_photo,LAK/PO/2026-08/5013,2026-08-14,Lakshit Fabs,Bengaluru,Textile Distribution Co. (Demo Entity),Bengaluru,2026-09-08,45,INR,4,,N,N
PO00037,PO00037__L4_excel_grid__q1_clean_digital.pdf,L4_excel_grid,q1_clean_digital,SAM/PO/2026-05/2477,2026-05-21,Samvit Sourcing LLP,Indore,Textile Distribution Co. (Demo Entity),Indore,2026-07-05,30,INR,8,"976,499.50",Y,Y
PO00038,PO00038__L2_exporter_letterhead__q1_clean_digital.pdf,L2_exporter_letterhead,q1_clean_digital,AAS/PO/2026-07/1472,2026-07-16,Aashritha Vastra,Tiruppur,Textile Distribution Co. (Demo Entity),Tiruppur,2026-07-26,0,INR,1,"28,395.00",Y,Y
PO00039,PO00039__L4_excel_grid__q1_clean_digital.pdf,L4_excel_grid,q1_clean_digital,ZAR/PO/2026-06/6137,2026-06-11,Zarina Garments,Chennai,Textile Distribution Co. (Demo Entity),Chennai,2026-07-26,30,INR,2,"647,557.00",Y,Y
PO00040,PO00040__L4_excel_grid__q5_fax_bitonal.png,L4_excel_grid,q5_fax_bitonal,NIM/PO/2026-08/9782,2026-08-02,Nimaya Enterprises,Ludhiana,Textile Distribution Co. (Demo Entity),Ludhiana,2026-08-22,45,INR,3,"86,021.50",Y,Y
PO00041,PO00041__L1_classic_tabular__q1_clean_digital.pdf,L1_classic_tabular,q1_clean_digital,NAK/PO/2026-06/9946,2026-06-03,Nakshatra Weaves,Bengaluru,Textile Distribution Co. (Demo Entity),Bengaluru,2026-06-23,30,INR,2,"220,232.00",Y,Y
PO00042,PO00042__L2_exporter_letterhead__q1_clean_digital.pdf,L2_exporter_letterhead,q1_clean_digital,URV/PO/2026-04/5095,2026-04-10,Urvi Uniforms,Jaipur,Textile Distribution Co. (Demo Entity),Jaipur,2026-05-10,15,INR,3,"430,410.40",Y,Y
PO00043,PO00043__L1_classic_tabular__q4_phone_photo.jpg,L1_classic_tabular,q4_phone_photo,YAS/PO/2026-04/3277,2026-04-08,Yashvi Creations,Surat,Textile Distribution Co. (Demo Entity),Surat,2026-05-23,90,INR,6,"348,387.20",Y,Y
PO00044,PO00044__L5_handwritten_slip__q4_phone_photo.jpg,L5_handwritten_slip,q4_phone_photo,KAV/PO/2026-04/9643,2026-04-17,Kavyansh Enterprises,Erode,Textile Distribution Co. (Demo Entity),Erode,2026-05-12,60,INR,5,,N,N
PO00045,PO00045__L2_exporter_letterhead__q1_clean_digital.pdf,L2_exporter_letterhead,q1_clean_digital,URV/PO/2026-05/9939,2026-05-07,Urvi Uniforms,Jaipur,Textile Distribution Co. (Demo Entity),Jaipur,2026-06-06,15,INR,2,"271,135.00",Y,Y
PO00046,PO00046__L3_email_body__q4_phone_photo.jpg,L3_email_body,q4_phone_photo,MAN/PO/2026-07/642,2026-07-23,Manthan Weaves,Panipat,Textile Distribution Co. (Demo Entity),Panipat,2026-08-22,90,INR,1,,N,N
PO00047,PO00047__L3_email_body__q1_clean_digital.pdf,L3_email_body,q1_clean_digital,NAK/PO/2026-04/7187,2026-04-10,Nakshatra Garments,Indore,Textile Distribution Co. (Demo Entity),Indore,2026-05-25,30,INR,10,,N,N
PO00048,PO00048__L1_classic_tabular__q3_poor_scan.pdf,L1_classic_tabular,q3_poor_scan,NIM/PO/2026-07/5290,2026-07-07,Nimaya Fabs,Erode,Textile Distribution Co. (Demo Entity),Erode,2026-08-06,60,INR,10,"1,236,252.00",Y,Y
PO00049,PO00049__L3_email_body__q1_clean_digital.pdf,L3_email_body,q1_clean_digital,VAI/PO/2026-06/2967,2026-06-29,Vaidehi Garments,Indore,Textile Distribution Co. (Demo Entity),Indore,2026-07-29,60,INR,1,,N,N
PO00050,PO00050__L3_email_body__q1_clean_digital.pdf,L3_email_body,q1_clean_digital,SAM/PO/2026-05/6792,2026-05-23,Samvit Trading Co,Mumbai,Textile Distribution Co. (Demo Entity),Mumbai,2026-07-07,0,INR,7,,N,N
PO00051,PO00051__L6_erp_portal_print__q1_clean_digital.pdf,L6_erp_portal_print,q1_clean_digital,NIM/PO/2026-05/9562,2026-05-17,Nimaya Fabs,Erode,Textile Distribution Co. (Demo Entity),Erode,2026-06-11,60,INR,1,"142,556.00",Y,Y
PO00052,PO00052__L4_excel_grid__q4_phone_photo.jpg,L4_excel_grid,q4_phone_photo,HAR/PO/2026-08/994,2026-08-03,Harsith Fashions LLP,Hyderabad,Textile Distribution Co. (Demo Entity),Hyderabad,2026-09-17,30,INR,3,"21,357,779.98",Y,Y
PO00053,PO00053__L1_classic_tabular__q4_phone_photo.jpg,L1_classic_tabular,q4_phone_photo,ADV/PO/2026-08/5189,2026-08-10,Advika Creations,Hyderabad,Textile Distribution Co. (Demo Entity),Hyderabad,2026-09-04,0,INR,1,"68,400.00",Y,Y
PO00054,PO00054__L4_excel_grid__q1_clean_digital.pdf,L4_excel_grid,q1_clean_digital,PRI/PO/2026-04/1489,2026-04-20,Prisha Apparels Pvt Ltd,Noida,Textile Distribution Co. (Demo Entity),Noida,2026-05-20,0,INR,3,"627,866.00",Y,Y
PO00055,PO00055__L1_classic_tabular__q4_phone_photo.jpg,L1_classic_tabular,q4_phone_photo,MAN/PO/2026-06/8218,2026-06-17,Manthan Vastra,Bhilwara,Textile Distribution Co. (Demo Entity),Bhilwara,2026-07-12,90,INR,1,"284,220.00",Y,Y
PO00056,PO00056__L5_handwritten_slip__q4_phone_photo.jpg,L5_handwritten_slip,q4_phone_photo,CHA/PO/2026-06/9206,2026-06-22,Charvi Fashions LLP,Coimbatore,Textile Distribution Co. (Demo Entity),Coimbatore,2026-07-22,15,INR,5,,N,N
PO00057,PO00057__L6_erp_portal_print__q1_clean_digital.pdf,L6_erp_portal_print,q1_clean_digital,GIR/PO/2026-07/1087,2026-07-05,Girish Garments,Noida,Textile Distribution Co. (Demo Entity),Noida,2026-08-19,0,INR,4,"266,242.00",Y,Y
PO00058,PO00058__L2_exporter_letterhead__q2_print_scan.pdf,L2_exporter_letterhead,q2_print_scan,BHA/PO/2026-07/7361,2026-07-17,Bhavya Fabs,Jaipur,Textile Distribution Co. (Demo Entity),Jaipur,2026-08-31,15,INR,7,"1,719,287.00",Y,Y
PO00059,PO00059__L6_erp_portal_print__q1_clean_digital.pdf,L6_erp_portal_print,q1_clean_digital,RID/PO/2026-05/8287,2026-05-21,Ridhima Vastra,Karur,Textile Distribution Co. (Demo Entity),Karur,2026-06-20,30,INR,3,"892,890.00",Y,Y
PO00060,PO00060__L1_classic_tabular__q1_clean_digital.pdf,L1_classic_tabular,q1_clean_digital,URV/PO/2026-06/9948,2026-06-04,Urvi Exports Pvt Ltd,Mumbai,Textile Distribution Co. (Demo Entity),Mumbai,2026-07-19,15,INR,3,"308,438.00",Y,Y
PO00061,PO00061__L1_classic_tabular__q3_poor_scan.pdf,L1_classic_tabular,q3_poor_scan,TAN/PO/2026-04/9129,2026-04-04,Tanvi Fashions LLP,Panipat,Textile Distribution Co. (Demo Entity),Panipat,2026-05-19,0,INR,10,"1,434,324.00",Y,Y
PO00062,PO00062__L1_classic_tabular__q2_print_scan.pdf,L1_classic_tabular,q2_print_scan,ZEN/PO/2026-08/8871,2026-08-17,Zenith Garments,Pune,Textile Distribution Co. (Demo Entity),Pune,2026-09-06,0,INR,1,"91,490.00",Y,Y
PO00063,PO00063__L1_classic_tabular__q1_clean_digital.pdf,L1_classic_tabular,q1_clean_digital,TEJ/PO/2026-08/9180,2026-08-05,Tejomay Fabs,Mumbai,Textile Distribution Co. (Demo Entity),Mumbai,2026-09-04,45,INR,11,"1,851,019.00",Y,Y
PO00064,PO00064__L5_handwritten_slip__q3_poor_scan.pdf,L5_handwritten_slip,q3_poor_scan,MEG/PO/2026-04/7282,2026-04-28,Meghdoot Textiles,Pune,Textile Distribution Co. (Demo Entity),Pune,2026-06-12,15,INR,1,,N,N
PO00065,PO00065__L5_handwritten_slip__q4_phone_photo.jpg,L5_handwritten_slip,q4_phone_photo,ADV/PO/2026-07/3622,2026-07-28,Advika Creations,Hyderabad,Textile Distribution Co. (Demo Entity),Hyderabad,2026-09-11,0,INR,5,,N,N
PO00066,PO00066__L4_excel_grid__q1_clean_digital.pdf,L4_excel_grid,q1_clean_digital,ADV/PO/2026-07/7660,2026-07-30,Advika Furnishings,Bengaluru,Textile Distribution Co. (Demo Entity),Bengaluru,2026-08-29,30,INR,6,"913,125.00",Y,Y
PO00067,PO00067__L3_email_body__q3_poor_scan.pdf,L3_email_body,q3_poor_scan,DHR/PO/2026-05/5717,2026-05-05,Dhruvi Garments,Erode,Textile Distribution Co. (Demo Entity),Erode,2026-06-19,30,INR,5,,N,N
PO00068,PO00068__L1_classic_tabular__q4_phone_photo.jpg,L1_classic_tabular,q4_phone_photo,CHA/PO/2026-05/290,2026-05-09,Charvi Furnishings,Pune,Textile Distribution Co. (Demo Entity),Pune,2026-06-23,30,INR,9,"2,072,159.00",Y,Y
PO00069,PO00069__L6_erp_portal_print__q1_clean_digital.pdf,L6_erp_portal_print,q1_clean_digital,MAN/PO/2026-07/9391,2026-07-09,Manthan Fashions LLP,Chennai,Textile Distribution Co. (Demo Entity),Chennai,2026-08-23,60,INR,7,"1,404,957.00",Y,Y
PO00070,PO00070__L1_classic_tabular__q1_clean_digital.pdf,L1_classic_tabular,q1_clean_digital,TAN/PO/2026-06/6970,2026-06-28,Tanvi Fashions LLP,Panipat,Textile Distribution Co. (Demo Entity),Panipat,2026-08-12,0,INR,7,"2,166,381.00",Y,Y
PO00071,PO00071__L1_classic_tabular__q1_clean_digital.pdf,L1_classic_tabular,q1_clean_digital,KAV/PO/2026-05/4311,2026-05-26,Kavyansh Uniforms,Mumbai,Textile Distribution Co. (Demo Entity),Mumbai,2026-07-10,90,INR,4,"1,381,798.00",Y,Y
PO00072,PO00072__L1_classic_tabular__q1_clean_digital.pdf,L1_classic_tabular,q1_clean_digital,BHA/PO/2026-08/4905,2026-08-03,Bhavya Sourcing LLP,Bhilwara,Textile Distribution Co. (Demo Entity),Bhilwara,2026-09-17,30,INR,10,"1,426,256.00",Y,Y
PO00073,PO00073__L2_exporter_letterhead__q3_poor_scan.pdf,L2_exporter_letterhead,q3_poor_scan,OOR/PO/2026-06/8093,2026-06-02,Oorja Furnishings,Tiruppur,Textile Distribution Co. (Demo Entity),Tiruppur,2026-07-17,15,INR,5,"663,721.00",Y,Y
PO00074,PO00074__L5_handwritten_slip__q4_phone_photo.jpg,L5_handwritten_slip,q4_phone_photo,HAR/PO/2026-06/8607,2026-06-26,Harsith Fashions LLP,Hyderabad,Textile Distribution Co. (Demo Entity),Hyderabad,2026-07-26,30,INR,6,,N,N
PO00075,PO00075__L4_excel_grid__q4_phone_photo.jpg,L4_excel_grid,q4_phone_photo,CHA/PO/2026-06/1682,2026-06-19,Charvi Weaves,New Delhi,Textile Distribution Co. (Demo Entity),New Delhi,2026-07-19,15,INR,2,"143,472.00",Y,Y
PO00076,PO00076__L4_excel_grid__q2_print_scan.pdf,L4_excel_grid,q2_print_scan,UTS/PO/2026-08/589,2026-08-18,Utsav Sourcing LLP,Kolkata,Textile Distribution Co. (Demo Entity),Kolkata,2026-10-02,15,INR,3,"161,358.00",Y,Y
PO00077,PO00077__L4_excel_grid__q2_print_scan.pdf,L4_excel_grid,q2_print_scan,YUV/PO/2026-05/1144,2026-05-04,Yuvaan Vastra,Hyderabad,Textile Distribution Co. (Demo Entity),Hyderabad,2026-06-18,30,INR,8,"1,289,512.00",Y,Y
PO00078,PO00078__L1_classic_tabular__q1_clean_digital.pdf,L1_classic_tabular,q1_clean_digital,TAN/PO/2026-06/5765,2026-06-12,Tanvi Fashions LLP,Panipat,Textile Distribution Co. (Demo Entity),Panipat,2026-07-27,0,INR,8,"2,322,372.00",Y,Y
PO00079,PO00079__L4_excel_grid__q1_clean_digital.pdf,L4_excel_grid,q1_clean_digital,OJA/PO/2026-08/7872,2026-08-20,Ojas Trading Co,Tiruppur,Textile Distribution Co. (Demo Entity),Tiruppur,2026-10-04,30,INR,3,"299,265.00",Y,Y
PO00080,PO00080__L1_classic_tabular__q1_clean_digital.pdf,L1_classic_tabular,q1_clean_digital,SAN/PO/2026-05/8260,2026-05-17,Sanchi Fashions LLP,Coimbatore,Textile Distribution Co. (Demo Entity),Coimbatore,2026-07-01,15,INR,6,"1,182,362.50",Y,Y
PO00081,PO00081__L1_classic_tabular__q3_poor_scan.pdf,L1_classic_tabular,q3_poor_scan,JAA/PO/2026-06/611,2026-06-18,Jaanvi Apparels Pvt Ltd,Hyderabad,Textile Distribution Co. (Demo Entity),Hyderabad,2026-07-03,90,INR,3,"937,217.00",Y,Y
PO00082,PO00082__L6_erp_portal_print__q1_clean_digital.pdf,L6_erp_portal_print,q1_clean_digital,NIM/PO/2026-08/3272,2026-08-08,Nimaya Fabs,Erode,Textile Distribution Co. (Demo Entity),Erode,2026-09-22,60,INR,3,"250,745.50",Y,Y
PO00083,PO00083__L1_classic_tabular__q1_clean_digital.pdf,L1_classic_tabular,q1_clean_digital,ADV/PO/2026-05/2139,2026-05-29,Advika Uniforms,Bhilwara,Textile Distribution Co. (Demo Entity),Bhilwara,2026-07-13,30,INR,3,"746,391.00",Y,Y
PO00084,PO00084__L1_classic_tabular__q3_poor_scan.pdf,L1_classic_tabular,q3_poor_scan,SAT/PO/2026-07/3391,2026-07-03,Sattva Fashions LLP,Ahmedabad,Textile Distribution Co. (Demo Entity),Ahmedabad,2026-08-17,30,INR,10,"595,777.50",Y,Y
PO00085,PO00085__L3_email_body__q5_fax_bitonal.png,L3_email_body,q5_fax_bitonal,HAR/PO/2026-04/3250,2026-04-05,Harsith Fashions LLP,Hyderabad,Textile Distribution Co. (Demo Entity),Hyderabad,2026-05-20,30,INR,12,,N,N
PO00086,PO00086__L4_excel_grid__q1_clean_digital.pdf,L4_excel_grid,q1_clean_digital,ESH/PO/2026-06/5716,2026-06-06,Eshanya Trading Co,Mumbai,Textile Distribution Co. (Demo Entity),Mumbai,2026-07-21,45,INR,5,"975,025.00",Y,Y
PO00087,PO00087__L4_excel_grid__q1_clean_digital.pdf,L4_excel_grid,q1_clean_digital,GIR/PO/2026-07/3824,2026-07-13,Girish Creations,Ichalkaranji,Textile Distribution Co. (Demo Entity),Ichalkaranji,2026-08-27,30,INR,10,"1,702,647.50",Y,Y
PO00088,PO00088__L5_handwritten_slip__q3_poor_scan.pdf,L5_handwritten_slip,q3_poor_scan,ADV/PO/2026-04/4240,2026-04-10,Advika Furnishings,Bengaluru,Textile Distribution Co. (Demo Entity),Bengaluru,2026-05-25,30,INR,6,,N,N
PO00089,PO00089__L4_excel_grid__q1_clean_digital.pdf,L4_excel_grid,q1_clean_digital,YUV/PO/2026-05/7710,2026-05-16,Yuvaan Sourcing LLP,Noida,Textile Distribution Co. (Demo Entity),Noida,2026-05-31,30,INR,2,"51,251.50",Y,Y
PO00090,PO00090__L6_erp_portal_print__q1_clean_digital.pdf,L6_erp_portal_print,q1_clean_digital,YAS/PO/2026-06/8394,2026-06-25,Yashvi Clothing Co,Noida,Textile Distribution Co. (Demo Entity),Noida,2026-07-25,30,INR,7,"1,926,397.00",Y,Y
PO00091,PO00091__L5_handwritten_slip__q4_phone_photo.jpg,L5_handwritten_slip,q4_phone_photo,SAT/PO/2026-08/9019,2026-08-14,Sattva Fashions LLP,Ahmedabad,Textile Distribution Co. (Demo Entity),Ahmedabad,2026-09-28,30,INR,3,,N,N
PO00092,PO00092__L1_classic_tabular__q1_clean_digital.pdf,L1_classic_tabular,q1_clean_digital,KES/PO/2026-05/520,2026-05-22,Kesar Creations,Bengaluru,Textile Distribution Co. (Demo Entity),Bengaluru,2026-07-06,30,INR,8,"1,586,410.00",Y,Y
PO00093,PO00093__L1_classic_tabular__q2_print_scan.pdf,L1_classic_tabular,q2_print_scan,OOR/PO/2026-05/5485,2026-05-25,Oorja Enterprises,Pune,Textile Distribution Co. (Demo Entity),Pune,2026-06-09,0,INR,1,"134,280.00",Y,Y
PO00094,PO00094__L4_excel_grid__q4_phone_photo.jpg,L4_excel_grid,q4_phone_photo,JAA/PO/2026-07/7234,2026-07-14,Jaanvi Apparels Pvt Ltd,Hyderabad,Textile Distribution Co. (Demo Entity),Hyderabad,2026-08-13,90,INR,3,"179,296.50",Y,Y
PO00095,PO00095__L2_exporter_letterhead__q5_fax_bitonal.png,L2_exporter_letterhead,q5_fax_bitonal,ESH/PO/2026-07/6062,2026-07-26,Eshanya Trading Co,Mumbai,Textile Distribution Co. (Demo Entity),Mumbai,2026-09-09,45,INR,3,"263,475.00",Y,Y
PO00096,PO00096__L1_classic_tabular__q4_phone_photo.jpg,L1_classic_tabular,q4_phone_photo,LAK/PO/2026-06/8754,2026-06-24,Lakshit Fabs,Bengaluru,Textile Distribution Co. (Demo Entity),Bengaluru,2026-07-04,45,INR,1,"141,650.00",Y,Y
PO00097,PO00097__L4_excel_grid__q1_clean_digital.pdf,L4_excel_grid,q1_clean_digital,YUV/PO/2026-04/7219,2026-04-23,Yuvaan Vastra,Hyderabad,Textile Distribution Co. (Demo Entity),Hyderabad,2026-06-07,30,INR,10,"1,973,529.20",Y,Y
PO00098,PO00098__L1_classic_tabular__q2_print_scan.pdf,L1_classic_tabular,q2_print_scan,BHA/PO/2026-05/6181,2026-05-20,Bhavya Fabs,Jaipur,Textile Distribution Co. (Demo Entity),Jaipur,2026-06-19,15,INR,1,"174,930.00",Y,Y
PO00099,PO00099__L5_handwritten_slip__q4_phone_photo.jpg,L5_handwritten_slip,q4_phone_photo,BHA/PO/2026-08/2868,2026-08-04,Bhavya Uniforms,Surat,Textile Distribution Co. (Demo Entity),Surat,2026-09-18,90,INR,6,,N,N
PO00100,PO00100__L4_excel_grid__q1_clean_digital.pdf,L4_excel_grid,q1_clean_digital,YUV/PO/2026-07/9010,2026-07-23,Yuvaan Vastra,Hyderabad,Textile Distribution Co. (Demo Entity),Hyderabad,2026-09-06,30,INR,3,"625,780.00",Y,Y
PO00101,PO00101__L4_excel_grid__q1_clean_digital.pdf,L4_excel_grid,q1_clean_digital,SUR/PO/2026-04/3233,2026-04-10,Suryakiran Exports Pvt Ltd,Indore,Textile Distribution Co. (Demo Entity),Indore,2026-05-25,90,INR,6,"452,875.00",Y,Y
PO00102,PO00102__L1_classic_tabular__q1_clean_digital.pdf,L1_classic_tabular,q1_clean_digital,TAN/PO/2026-08/8294,2026-08-05,Tanvi Enterprises,Ahmedabad,Textile Distribution Co. (Demo Entity),Ahmedabad,2026-09-04,30,INR,4,"731,806.00",Y,Y
PO00103,PO00103__L1_classic_tabular__q4_phone_photo.jpg,L1_classic_tabular,q4_phone_photo,BHO/PO/2026-08/6594,2026-08-06,Bhoomika Sourcing LLP,Ludhiana,Textile Distribution Co. (Demo Entity),Ludhiana,2026-08-26,30,INR,3,"548,995.00",Y,Y
PO00104,PO00104__L4_excel_grid__q1_clean_digital.pdf,L4_excel_grid,q1_clean_digital,BHA/PO/2026-05/1459,2026-05-15,Bhavya Apparels Pvt Ltd,Surat,Textile Distribution Co. (Demo Entity),Surat,2026-06-04,30,INR,4,"492,587.00",Y,Y
PO00105,PO00105__L5_handwritten_slip__q3_poor_scan.pdf,L5_handwritten_slip,q3_poor_scan,ADV/PO/2026-05/3871,2026-05-11,Advika Uniforms,Bhilwara,Textile Distribution Co. (Demo Entity),Bhilwara,2026-06-25,30,INR,4,,N,N
PO00106,PO00106__L2_exporter_letterhead__q2_print_scan.pdf,L2_exporter_letterhead,q2_print_scan,OJA/PO/2026-04/1609,2026-04-14,Ojas Clothing Co,Ludhiana,Textile Distribution Co. (Demo Entity),Ludhiana,2026-05-04,15,INR,3,"839,622.00",Y,Y
PO00107,PO00107__L4_excel_grid__q1_clean_digital.pdf,L4_excel_grid,q1_clean_digital,NIR/PO/2026-04/299,2026-04-24,Nirjara Trading Co,Erode,Textile Distribution Co. (Demo Entity),Erode,2026-06-08,60,INR,6,"2,994,911.60",Y,Y
PO00108,PO00108__L1_classic_tabular__q1_clean_digital.pdf,L1_classic_tabular,q1_clean_digital,VRI/PO/2026-05/1426,2026-05-29,Vrinda Sourcing LLP,Noida,Textile Distribution Co. (Demo Entity),Noida,2026-06-23,30,INR,3,"209,514.00",Y,Y
PO00109,PO00109__L4_excel_grid__q1_clean_digital.pdf,L4_excel_grid,q1_clean_digital,UTS/PO/2026-04/6143,2026-04-28,Utsav Sourcing LLP,Kolkata,Textile Distribution Co. (Demo Entity),Kolkata,2026-05-18,15,INR,2,"615,272.00",Y,Y
PO00110,PO00110__L4_excel_grid__q1_clean_digital.pdf,L4_excel_grid,q1_clean_digital,ESH/PO/2026-06/4282,2026-06-22,Eshanya Trading Co,Mumbai,Textile Distribution Co. (Demo Entity),Mumbai,2026-07-12,45,INR,5,"1,220,846.00",Y,Y
PO00111,PO00111__L1_classic_tabular__q2_print_scan.pdf,L1_classic_tabular,q2_print_scan,SAA/PO/2026-05/8960,2026-05-29,Saanvi Garments,Panipat,Textile Distribution Co. (Demo Entity),Panipat,2026-06-18,15,INR,3,"522,792.00",Y,Y
PO00112,PO00112__L1_classic_tabular__q1_clean_digital.pdf,L1_classic_tabular,q1_clean_digital,MEG/PO/2026-05/2248,2026-05-25,Meghdoot Textiles,Pune,Textile Distribution Co. (Demo Entity),Pune,2026-07-09,15,INR,2,"633,262.00",Y,Y
PO00113,PO00113__L5_handwritten_slip__q2_print_scan.pdf,L5_handwritten_slip,q2_print_scan,SAA/PO/2026-04/7488,2026-04-22,Saanvi Garments,Panipat,Textile Distribution Co. (Demo Entity),Panipat,2026-05-17,15,INR,2,,N,N
PO00114,PO00114__L1_classic_tabular__q1_clean_digital.pdf,L1_classic_tabular,q1_clean_digital,SAA/PO/2026-06/1729,2026-06-13,Saanvi Enterprises,Surat,Textile Distribution Co. (Demo Entity),Surat,2026-07-28,90,INR,6,"1,387,079.00",Y,Y
PO00115,PO00115__L3_email_body__q1_clean_digital.pdf,L3_email_body,q1_clean_digital,BHA/PO/2026-07/6464,2026-07-10,Bhavya Sourcing LLP,Bhilwara,Textile Distribution Co. (Demo Entity),Bhilwara,2026-08-24,30,INR,8,,N,N
PO00116,PO00116__L1_classic_tabular__q1_clean_digital.pdf,L1_classic_tabular,q1_clean_digital,MEG/PO/2026-07/9843,2026-07-28,Meghdoot Textiles,Pune,Textile Distribution Co. (Demo Entity),Pune,2026-09-11,15,INR,1,"186,560.00",Y,Y
PO00117,PO00117__L4_excel_grid__q1_clean_digital.pdf,L4_excel_grid,q1_clean_digital,ZAR/PO/2026-07/5207,2026-07-26,Zarina Garments,Chennai,Textile Distribution Co. (Demo Entity),Chennai,2026-09-09,30,INR,10,"2,220,223.00",Y,Y
PO00118,PO00118__L6_erp_portal_print__q1_clean_digital.pdf,L6_erp_portal_print,q1_clean_digital,RID/PO/2026-05/879,2026-05-07,Ridhima Vastra,Karur,Textile Distribution Co. (Demo Entity),Karur,2026-06-06,30,INR,4,"474,994.00",Y,Y
PO00119,PO00119__L4_excel_grid__q2_print_scan.pdf,L4_excel_grid,q2_print_scan,SUR/PO/2026-06/6832,2026-06-18,Suryakiran Exports Pvt Ltd,Indore,Textile Distribution Co. (Demo Entity),Indore,2026-07-08,90,INR,2,"252,080.00",Y,Y
PO00120,PO00120__L2_exporter_letterhead__q1_clean_digital.pdf,L2_exporter_letterhead,q1_clean_digital,KAN/PO/2026-07/9044,2026-07-20,Kanchan Clothing Co,Tiruppur,Textile Distribution Co. (Demo Entity),Tiruppur,2026-08-19,30,INR,4,"557,905.50",Y,Y
PO00121,PO00121__L2_exporter_letterhead__q1_clean_digital.pdf,L2_exporter_letterhead,q1_clean_digital,KAV/PO/2026-04/3931,2026-04-11,Kavyansh Enterprises,Erode,Textile Distribution Co. (Demo Entity),Erode,2026-05-01,60,INR,7,"1,166,401.00",Y,Y
PO00122,PO00122__L1_classic_tabular__q1_clean_digital.pdf,L1_classic_tabular,q1_clean_digital,TAN/PO/2026-07/8339,2026-07-22,Tanvi Enterprises,Ahmedabad,Textile Distribution Co. (Demo Entity),Ahmedabad,2026-08-16,30,INR,3,"517,900.50",Y,Y
PO00123,PO00123__L3_email_body__q1_clean_digital.pdf,L3_email_body,q1_clean_digital,AMR/PO/2026-06/6466,2026-06-20,Amrit Apparels Pvt Ltd,Pune,Textile Distribution Co. (Demo Entity),Pune,2026-08-04,0,INR,8,,N,N
PO00124,PO00124__L6_erp_portal_print__q1_clean_digital.pdf,L6_erp_portal_print,q1_clean_digital,UTS/PO/2026-04/2471,2026-04-19,Utsav Trading Co,Bengaluru,Textile Distribution Co. (Demo Entity),Bengaluru,2026-06-03,60,INR,2,"265,983.00",Y,Y
PO00125,PO00125__L1_classic_tabular__q3_poor_scan.pdf,L1_classic_tabular,q3_poor_scan,PRA/PO/2026-06/4845,2026-06-16,Pratham Creations,Mumbai,Textile Distribution Co. (Demo Entity),Mumbai,2026-07-16,90,INR,4,"464,650.00",Y,Y
PO00126,PO00126__L6_erp_portal_print__q1_clean_digital.pdf,L6_erp_portal_print,q1_clean_digital,RID/PO/2026-07/5434,2026-07-15,Ridhima Vastra,Karur,Textile Distribution Co. (Demo Entity),Karur,2026-08-14,30,INR,2,"441,453.00",Y,Y
PO00127,PO00127__L4_excel_grid__q1_clean_digital.pdf,L4_excel_grid,q1_clean_digital,SHR/PO/2026-04/4093,2026-04-08,Shreeyan Creations,Indore,Textile Distribution Co. (Demo Entity),Indore,2026-05-23,60,INR,12,"2,126,722.00",Y,Y
PO00128,PO00128__L1_classic_tabular__q1_clean_digital.pdf,L1_classic_tabular,q1_clean_digital,VAI/PO/2026-04/5521,2026-04-04,Vaidehi Garments,Indore,Textile Distribution Co. (Demo Entity),Indore,2026-04-29,60,INR,3,"461,564.00",Y,Y
PO00129,PO00129__L1_classic_tabular__q1_clean_digital.pdf,L1_classic_tabular,q1_clean_digital,SAM/PO/2026-04/7534,2026-04-30,Samvit Trading Co,Mumbai,Textile Distribution Co. (Demo Entity),Mumbai,2026-05-25,0,INR,4,"146,979.80",Y,Y
PO00130,PO00130__L4_excel_grid__q1_clean_digital.pdf,L4_excel_grid,q1_clean_digital,ADV/PO/2026-07/921,2026-07-07,Advika Furnishings,Bengaluru,Textile Distribution Co. (Demo Entity),Bengaluru,2026-08-21,30,INR,7,"697,047.50",Y,Y
PO00131,PO00131__L6_erp_portal_print__q1_clean_digital.pdf,L6_erp_portal_print,q1_clean_digital,KAV/PO/2026-07/9972,2026-07-10,Kavyansh Furnishings,Panipat,Textile Distribution Co. (Demo Entity),Panipat,2026-08-09,60,INR,4,"497,564.00",Y,Y
PO00132,PO00132__L6_erp_portal_print__q3_poor_scan.pdf,L6_erp_portal_print,q3_poor_scan,CHA/PO/2026-08/9365,2026-08-16,Charvi Furnishings,Pune,Textile Distribution Co. (Demo Entity),Pune,2026-09-10,30,INR,3,"1,524,221.00",Y,Y
PO00133,PO00133__L2_exporter_letterhead__q1_clean_digital.pdf,L2_exporter_letterhead,q1_clean_digital,VAI/PO/2026-07/8413,2026-07-03,Vaidehi Clothing Co,Hyderabad,Textile Distribution Co. (Demo Entity),Hyderabad,2026-08-17,30,INR,12,"1,576,272.90",Y,Y
PO00134,PO00134__L1_classic_tabular__q2_print_scan.pdf,L1_classic_tabular,q2_print_scan,TEJ/PO/2026-04/3316,2026-04-13,Tejomay Fabs,Mumbai,Textile Distribution Co. (Demo Entity),Mumbai,2026-05-13,45,INR,4,"956,818.00",Y,Y
PO00135,PO00135__L5_handwritten_slip__q4_phone_photo.jpg,L5_handwritten_slip,q4_phone_photo,RAN/PO/2026-07/5121,2026-07-12,Rangoli Apparels Pvt Ltd,Ichalkaranji,Textile Distribution Co. (Demo Entity),Ichalkaranji,2026-08-26,60,INR,6,,N,N
PO00136,PO00136__L1_classic_tabular__q1_clean_digital.pdf,L1_classic_tabular,q1_clean_digital,MEG/PO/2026-05/4041,2026-05-26,Meghdoot Apparels Pvt Ltd,Pune,Textile Distribution Co. (Demo Entity),Pune,2026-07-10,90,INR,1,"136,145.00",Y,Y
PO00137,PO00137__L6_erp_portal_print__q2_print_scan.pdf,L6_erp_portal_print,q2_print_scan,ANA/PO/2026-04/1935,2026-04-23,Anantam Textiles,Ludhiana,Textile Distribution Co. (Demo Entity),Ludhiana,2026-06-07,15,INR,2,"201,001.00",Y,Y
PO00138,PO00138__L1_classic_tabular__q1_clean_digital.pdf,L1_classic_tabular,q1_clean_digital,DEV/PO/2026-08/9372,2026-08-16,Devansh Trading Co,Ludhiana,Textile Distribution Co. (Demo Entity),Ludhiana,2026-09-30,30,INR,7,"361,082.80",Y,Y
PO00139,PO00139__L2_exporter_letterhead__q1_clean_digital.pdf,L2_exporter_letterhead,q1_clean_digital,MAY/PO/2026-05/5213,2026-05-08,Mayurika Creations,Jaipur,Textile Distribution Co. (Demo Entity),Jaipur,2026-06-22,45,INR,4,"817,552.00",Y,Y
PO00140,PO00140__L4_excel_grid__q1_clean_digital.pdf,L4_excel_grid,q1_clean_digital,GIR/PO/2026-07/4958,2026-07-06,Girish Creations,Ichalkaranji,Textile Distribution Co. (Demo Entity),Ichalkaranji,2026-08-05,30,INR,4,"1,458,605.00",Y,Y
PO00141,PO00141__L3_email_body__q1_clean_digital.pdf,L3_email_body,q1_clean_digital,NIR/PO/2026-04/9976,2026-04-10,Nirjara Apparels Pvt Ltd,Coimbatore,Textile Distribution Co. (Demo Entity),Coimbatore,2026-05-25,15,INR,6,,N,N
PO00142,PO00142__L4_excel_grid__q1_clean_digital.pdf,L4_excel_grid,q1_clean_digital,KRI/PO/2026-05/5849,2026-05-09,Kritika Enterprises,Bengaluru,Textile Distribution Co. (Demo Entity),Bengaluru,2026-06-23,0,INR,3,"196,324.50",Y,Y
PO00143,PO00143__L1_classic_tabular__q1_clean_digital.pdf,L1_classic_tabular,q1_clean_digital,KAV/PO/2026-05/8780,2026-05-06,Kavyansh Uniforms,Mumbai,Textile Distribution Co. (Demo Entity),Mumbai,2026-05-31,90,INR,1,"146,105.00",Y,Y
PO00144,PO00144__L4_excel_grid__q3_poor_scan.pdf,L4_excel_grid,q3_poor_scan,KRI/PO/2026-05/6585,2026-05-01,Kritika Creations,Indore,Textile Distribution Co. (Demo Entity),Indore,2026-06-15,60,INR,12,"1,517,984.50",Y,Y
PO00145,PO00145__L4_excel_grid__q1_clean_digital.pdf,L4_excel_grid,q1_clean_digital,SHR/PO/2026-08/126,2026-08-19,Shreeyan Creations,Indore,Textile Distribution Co. (Demo Entity),Indore,2026-10-03,60,INR,8,"1,024,872.00",Y,Y
PO00146,PO00146__L6_erp_portal_print__q1_clean_digital.pdf,L6_erp_portal_print,q1_clean_digital,KAV/PO/2026-07/5572,2026-07-16,Kavyansh Fabs,Bhilwara,Textile Distribution Co. (Demo Entity),Bhilwara,2026-08-10,30,INR,3,"330,528.00",Y,Y
PO00147,PO00147__L1_classic_tabular__q1_clean_digital.pdf,L1_classic_tabular,q1_clean_digital,TAN/PO/2026-06/6790,2026-06-22,Tanvi Trading Co,New Delhi,Textile Distribution Co. (Demo Entity),New Delhi,2026-07-07,30,INR,2,"474,240.00",Y,Y
PO00148,PO00148__L4_excel_grid__q1_clean_digital.pdf,L4_excel_grid,q1_clean_digital,SHR/PO/2026-04/5393,2026-04-02,Shreeyan Creations,Indore,Textile Distribution Co. (Demo Entity),Indore,2026-05-17,60,INR,3,"337,990.00",Y,Y
PO00149,PO00149__L2_exporter_letterhead__q3_poor_scan.pdf,L2_exporter_letterhead,q3_poor_scan,SUR/PO/2026-07/6773,2026-07-26,Suryakiran Enterprises,Pune,Textile Distribution Co. (Demo Entity),Pune,2026-09-09,30,INR,12,"1,862,665.00",Y,Y
PO00150,PO00150__L1_classic_tabular__q5_fax_bitonal.png,L1_classic_tabular,q5_fax_bitonal,ADV/PO/2026-04/3488,2026-04-17,Advika Furnishings,Bengaluru,Textile Distribution Co. (Demo Entity),Bengaluru,2026-06-01,30,INR,12,"4,047,435.60",Y,Y
PO00151,PO00151__L3_email_body__q2_print_scan.pdf,L3_email_body,q2_print_scan,BHO/PO/2026-06/1359,2026-06-24,Bhoomika Apparels Pvt Ltd,Ichalkaranji,Textile Distribution Co. (Demo Entity),Ichalkaranji,2026-07-24,30,INR,5,,N,N
PO00152,PO00152__L4_excel_grid__q2_print_scan.pdf,L4_excel_grid,q2_print_scan,SHR/PO/2026-08/3729,2026-08-03,Shreeyan Trading Co,Pune,Textile Distribution Co. (Demo Entity),Pune,2026-08-28,90,INR,3,"725,432.00",Y,Y
PO00153,PO00153__L2_exporter_letterhead__q1_clean_digital.pdf,L2_exporter_letterhead,q1_clean_digital,ADV/PO/2026-04/8695,2026-04-02,Advika Garments,Indore,Textile Distribution Co. (Demo Entity),Indore,2026-04-27,90,INR,2,"48,565.00",Y,Y
PO00154,PO00154__L5_handwritten_slip__q4_phone_photo.jpg,L5_handwritten_slip,q4_phone_photo,NIM/PO/2026-06/6871,2026-06-13,Nimaya Garments,Bengaluru,Textile Distribution Co. (Demo Entity),Bengaluru,2026-07-13,90,INR,2,,N,N
PO00155,PO00155__L1_classic_tabular__q1_clean_digital.pdf,L1_classic_tabular,q1_clean_digital,NAK/PO/2026-05/2786,2026-05-29,Nakshatra Garments,Indore,Textile Distribution Co. (Demo Entity),Indore,2026-07-13,30,INR,4,"601,905.00",Y,Y
PO00156,PO00156__L3_email_body__q1_clean_digital.pdf,L3_email_body,q1_clean_digital,MEG/PO/2026-07/7656,2026-07-27,Meghdoot Apparels Pvt Ltd,Pune,Textile Distribution Co. (Demo Entity),Pune,2026-08-26,90,INR,6,,N,N
PO00157,PO00157__L4_excel_grid__q1_clean_digital.pdf,L4_excel_grid,q1_clean_digital,ZEN/PO/2026-08/6877,2026-08-16,Zenith Textiles,Karur,Textile Distribution Co. (Demo Entity),Karur,2026-09-10,0,INR,2,"206,638.50",Y,Y
PO00158,PO00158__L1_classic_tabular__q2_print_scan.pdf,L1_classic_tabular,q2_print_scan,VRI/PO/2026-07/2296,2026-07-09,Vrinda Sourcing LLP,Noida,Textile Distribution Co. (Demo Entity),Noida,2026-07-24,30,INR,1,"29,200.50",Y,Y
PO00159,PO00159__L1_classic_tabular__q1_clean_digital.pdf,L1_classic_tabular,q1_clean_digital,VAI/PO/2026-08/3889,2026-08-14,Vaidehi Garments,Indore,Textile Distribution Co. (Demo Entity),Indore,2026-09-08,60,INR,4,"454,204.50",Y,Y
PO00160,PO00160__L4_excel_grid__q2_print_scan.pdf,L4_excel_grid,q2_print_scan,PAR/PO/2026-04/2858,2026-04-24,Parnika Vastra,Indore,Textile Distribution Co. (Demo Entity),Indore,2026-06-08,30,INR,4,"365,041.00",Y,Y
PO00161,PO00161__L4_excel_grid__q1_clean_digital.pdf,L4_excel_grid,q1_clean_digital,YUV/PO/2026-04/6123,2026-04-09,Yuvaan Vastra,Hyderabad,Textile Distribution Co. (Demo Entity),Hyderabad,2026-05-24,30,INR,4,"1,053,578.00",Y,Y
PO00162,PO00162__L6_erp_portal_print__q1_clean_digital.pdf,L6_erp_portal_print,q1_clean_digital,PAR/PO/2026-07/5566,2026-07-19,Parnika Fashions LLP,Noida,Textile Distribution Co. (Demo Entity),Noida,2026-09-02,60,INR,5,"666,060.00",Y,Y
PO00163,PO00163__L3_email_body__q2_print_scan.pdf,L3_email_body,q2_print_scan,RUC/PO/2026-05/6736,2026-05-20,Ruchira Apparels Pvt Ltd,Noida,Textile Distribution Co. (Demo Entity),Noida,2026-07-04,15,INR,5,,N,N
PO00164,PO00164__L4_excel_grid__q4_phone_photo.jpg,L4_excel_grid,q4_phone_photo,RAN/PO/2026-06/2691,2026-06-13,Rangoli Sourcing LLP,Indore,Textile Distribution Co. (Demo Entity),Indore,2026-07-28,90,INR,8,"765,908.40",Y,Y
PO00165,PO00165__L1_classic_tabular__q2_print_scan.pdf,L1_classic_tabular,q2_print_scan,CHA/PO/2026-08/976,2026-08-12,Charvi Furnishings,Pune,Textile Distribution Co. (Demo Entity),Pune,2026-08-22,30,INR,1,"65,223.00",Y,Y
PO00166,PO00166__L1_classic_tabular__q1_clean_digital.pdf,L1_classic_tabular,q1_clean_digital,SAM/PO/2026-08/3134,2026-08-02,Samvit Trading Co,Mumbai,Textile Distribution Co. (Demo Entity),Mumbai,2026-08-17,0,INR,1,"148,608.00",Y,Y
PO00167,PO00167__L1_classic_tabular__q3_poor_scan.pdf,L1_classic_tabular,q3_poor_scan,OOR/PO/2026-04/930,2026-04-03,Oorja Enterprises,Pune,Textile Distribution Co. (Demo Entity),Pune,2026-04-28,0,INR,3,"1,670,589.00",Y,Y
PO00168,PO00168__L2_exporter_letterhead__q1_clean_digital.pdf,L2_exporter_letterhead,q1_clean_digital,BHA/PO/2026-04/7225,2026-04-05,Bhavya Sourcing LLP,Bhilwara,Textile Distribution Co. (Demo Entity),Bhilwara,2026-05-20,30,INR,4,"795,235.00",Y,Y
PO00169,PO00169__L1_classic_tabular__q4_phone_photo.jpg,L1_classic_tabular,q4_phone_photo,YAS/PO/2026-06/1356,2026-06-30,Yashvi Vastra,Indore,Textile Distribution Co. (Demo Entity),Indore,2026-07-25,30,INR,6,"530,549.00",Y,Y
PO00170,PO00170__L4_excel_grid__q1_clean_digital.pdf,L4_excel_grid,q1_clean_digital,BHA/PO/2026-07/1588,2026-07-31,Bhavya Vastra,Hyderabad,Textile Distribution Co. (Demo Entity),Hyderabad,2026-08-10,30,INR,2,"139,611.00",Y,Y
PO00171,PO00171__L1_classic_tabular__q1_clean_digital.pdf,L1_classic_tabular,q1_clean_digital,VAS/PO/2026-06/3916,2026-06-06,Vasudha Creations,Kolkata,Textile Distribution Co. (Demo Entity),Kolkata,2026-06-21,60,INR,1,"89,368.00",Y,Y
PO00172,PO00172__L3_email_body__q1_clean_digital.pdf,L3_email_body,q1_clean_digital,VRI/PO/2026-06/6440,2026-06-14,Vrinda Sourcing LLP,Noida,Textile Distribution Co. (Demo Entity),Noida,2026-07-29,30,INR,4,,N,N
PO00173,PO00173__L5_handwritten_slip__q3_poor_scan.pdf,L5_handwritten_slip,q3_poor_scan,NIR/PO/2026-07/4123,2026-07-08,Nirjara Trading Co,Erode,Textile Distribution Co. (Demo Entity),Erode,2026-08-07,60,INR,3,,N,N
PO00174,PO00174__L1_classic_tabular__q4_phone_photo.jpg,L1_classic_tabular,q4_phone_photo,URV/PO/2026-05/9794,2026-05-31,Urvi Uniforms,Jaipur,Textile Distribution Co. (Demo Entity),Jaipur,2026-07-15,15,INR,7,"1,274,218.00",Y,Y
PO00175,PO00175__L2_exporter_letterhead__q2_print_scan.pdf,L2_exporter_letterhead,q2_print_scan,PAR/PO/2026-04/3211,2026-04-16,Parnika Vastra,Indore,Textile Distribution Co. (Demo Entity),Indore,2026-05-06,30,INR,1,"53,229.00",Y,Y
PO00176,PO00176__L1_classic_tabular__q3_poor_scan.pdf,L1_classic_tabular,q3_poor_scan,MEG/PO/2026-06/8881,2026-06-21,Meghdoot Enterprises,Mumbai,Textile Distribution Co. (Demo Entity),Mumbai,2026-07-21,0,INR,5,"684,480.00",Y,Y
PO00177,PO00177__L4_excel_grid__q1_clean_digital.pdf,L4_excel_grid,q1_clean_digital,JAA/PO/2026-07/5650,2026-07-02,Jaanvi Trading Co,Mumbai,Textile Distribution Co. (Demo Entity),Mumbai,2026-08-16,0,INR,4,"212,264.50",Y,Y
PO00178,PO00178__L1_classic_tabular__q1_clean_digital.pdf,L1_classic_tabular,q1_clean_digital,NAK/PO/2026-04/6760,2026-04-26,Nakshatra Weaves,Bengaluru,Textile Distribution Co. (Demo Entity),Bengaluru,2026-06-10,30,INR,8,"813,892.10",Y,Y
PO00179,PO00179__L1_classic_tabular__q4_phone_photo.jpg,L1_classic_tabular,q4_phone_photo,RAN/PO/2026-05/5170,2026-05-26,Rangoli Sourcing LLP,Indore,Textile Distribution Co. (Demo Entity),Indore,2026-07-10,90,INR,6,"473,272.00",Y,Y
PO00180,PO00180__L4_excel_grid__q1_clean_digital.pdf,L4_excel_grid,q1_clean_digital,ADV/PO/2026-05/5174,2026-05-15,Advika Clothing Co,Karur,Textile Distribution Co. (Demo Entity),Karur,2026-06-29,0,INR,8,"1,832,792.20",Y,Y
PO00181,PO00181__L6_erp_portal_print__q2_print_scan.pdf,L6_erp_portal_print,q2_print_scan,AAS/PO/2026-04/456,2026-04-02,Aashritha Vastra,Tiruppur,Textile Distribution Co. (Demo Entity),Tiruppur,2026-04-27,0,INR,3,"88,060.00",Y,Y
PO00182,PO00182__L4_excel_grid__q1_clean_digital.pdf,L4_excel_grid,q1_clean_digital,SUR/PO/2026-08/7331,2026-08-14,Suryakiran Enterprises,Pune,Textile Distribution Co. (Demo Entity),Pune,2026-09-28,30,INR,3,"174,764.00",Y,Y
PO00183,PO00183__L3_email_body__q1_clean_digital.pdf,L3_email_body,q1_clean_digital,SAM/PO/2026-06/3894,2026-06-15,Samvit Trading Co,Mumbai,Textile Distribution Co. (Demo Entity),Mumbai,2026-07-10,0,INR,5,,N,N
PO00184,PO00184__L4_excel_grid__q1_clean_digital.pdf,L4_excel_grid,q1_clean_digital,ADV/PO/2026-07/9823,2026-07-30,Advika Clothing Co,Karur,Textile Distribution Co. (Demo Entity),Karur,2026-08-29,0,INR,3,"1,301,475.00",Y,Y
PO00185,PO00185__L1_classic_tabular__q3_poor_scan.pdf,L1_classic_tabular,q3_poor_scan,SUR/PO/2026-06/3819,2026-06-19,Suryakiran Weaves,Surat,Textile Distribution Co. (Demo Entity),Surat,2026-08-03,60,INR,6,"873,136.00",Y,Y
PO00186,PO00186__L1_classic_tabular__q1_clean_digital.pdf,L1_classic_tabular,q1_clean_digital,NAK/PO/2026-08/1300,2026-08-03,Nakshatra Garments,Indore,Textile Distribution Co. (Demo Entity),Indore,2026-09-17,30,INR,10,"1,644,083.00",Y,Y
PO00187,PO00187__L2_exporter_letterhead__q1_clean_digital.pdf,L2_exporter_letterhead,q1_clean_digital,URV/PO/2026-04/549,2026-04-23,Urvi Exports Pvt Ltd,Mumbai,Textile Distribution Co. (Demo Entity),Mumbai,2026-05-23,15,INR,6,"1,344,241.00",Y,Y
PO00188,PO00188__L2_exporter_letterhead__q1_clean_digital.pdf,L2_exporter_letterhead,q1_clean_digital,RUC/PO/2026-06/4203,2026-06-06,Ruchira Apparels Pvt Ltd,Noida,Textile Distribution Co. (Demo Entity),Noida,2026-07-21,15,INR,6,"741,478.00",Y,Y
PO00189,PO00189__L3_email_body__q1_clean_digital.pdf,L3_email_body,q1_clean_digital,NIM/PO/2026-06/6815,2026-06-14,Nimaya Garments,Bengaluru,Textile Distribution Co. (Demo Entity),Bengaluru,2026-07-29,90,INR,5,,N,N
PO00190,PO00190__L2_exporter_letterhead__q3_poor_scan.pdf,L2_exporter_letterhead,q3_poor_scan,OOR/PO/2026-08/4727,2026-08-15,Oorja Furnishings,Tiruppur,Textile Distribution Co. (Demo Entity),Tiruppur,2026-09-29,15,INR,10,"1,507,305.50",Y,Y
PO00191,PO00191__L1_classic_tabular__q1_clean_digital.pdf,L1_classic_tabular,q1_clean_digital,AMR/PO/2026-08/8711,2026-08-09,Amrit Apparels Pvt Ltd,Pune,Textile Distribution Co. (Demo Entity),Pune,2026-09-23,0,INR,2,"390,248.00",Y,Y
PO00192,PO00192__L1_classic_tabular__q1_clean_digital.pdf,L1_classic_tabular,q1_clean_digital,DEV/PO/2026-05/6009,2026-05-13,Devansh Apparels Pvt Ltd,Pune,Textile Distribution Co. (Demo Entity),Pune,2026-05-28,60,INR,2,"230,946.00",Y,Y
PO00193,PO00193__L1_classic_tabular__q3_poor_scan.pdf,L1_classic_tabular,q3_poor_scan,MEG/PO/2026-04/2036,2026-04-28,Meghdoot Enterprises,Mumbai,Textile Distribution Co. (Demo Entity),Mumbai,2026-06-12,0,INR,12,"2,006,421.00",Y,Y
PO00194,PO00194__L1_classic_tabular__q1_clean_digital.pdf,L1_classic_tabular,q1_clean_digital,MAY/PO/2026-08/9766,2026-08-03,Mayurika Creations,Jaipur,Textile Distribution Co. (Demo Entity),Jaipur,2026-09-02,45,INR,3,"460,952.50",Y,Y
PO00195,PO00195__L1_classic_tabular__q4_phone_photo.jpg,L1_classic_tabular,q4_phone_photo,MEG/PO/2026-06/1919,2026-06-25,Meghdoot Clothing Co,Coimbatore,Textile Distribution Co. (Demo Entity),Coimbatore,2026-07-20,30,INR,1,"158,250.00",Y,Y
PO00196,PO00196__L4_excel_grid__q1_clean_digital.pdf,L4_excel_grid,q1_clean_digital,ZAR/PO/2026-06/9159,2026-06-29,Zarina Garments,Chennai,Textile Distribution Co. (Demo Entity),Chennai,2026-08-13,30,INR,2,"1,025,775.00",Y,Y
PO00197,PO00197__L1_classic_tabular__q1_clean_digital.pdf,L1_classic_tabular,q1_clean_digital,URV/PO/2026-04/6315,2026-04-01,Urvi Furnishings,Bhilwara,Textile Distribution Co. (Demo Entity),Bhilwara,2026-04-16,45,INR,1,"264,420.00",Y,Y
PO00198,PO00198__L1_classic_tabular__q5_fax_bitonal.png,L1_classic_tabular,q5_fax_bitonal,SUR/PO/2026-05/9820,2026-05-07,Suryakiran Weaves,Surat,Textile Distribution Co. (Demo Entity),Surat,2026-06-21,60,INR,5,"773,868.00",Y,Y
PO00199,PO00199__L4_excel_grid__q1_clean_digital.pdf,L4_excel_grid,q1_clean_digital,JAA/PO/2026-04/1337,2026-04-06,Jaanvi Trading Co,Mumbai,Textile Distribution Co. (Demo Entity),Mumbai,2026-05-21,0,INR,7,"915,888.30",Y,Y
PO00200,PO00200__L5_handwritten_slip__q3_poor_scan.pdf,L5_handwritten_slip,q3_poor_scan,JAA/PO/2026-04/7665,2026-04-26,Jaanvi Apparels Pvt Ltd,Hyderabad,Textile Distribution Co. (Demo Entity),Hyderabad,2026-06-10,90,INR,3,,N,N
PO00201,PO00201__L3_email_body__q1_clean_digital.pdf,L3_email_body,q1_clean_digital,MAY/PO/2026-04/3485,2026-04-18,Mayurika Creations,Jaipur,Textile Distribution Co. (Demo Entity),Jaipur,2026-05-18,45,INR,4,,N,N
PO00202,PO00202__L1_classic_tabular__q1_clean_digital.pdf,L1_classic_tabular,q1_clean_digital,DEV/PO/2026-07/6204,2026-07-02,Devansh Garments,Tiruppur,Textile Distribution Co. (Demo Entity),Tiruppur,2026-08-16,0,INR,6,"656,597.00",Y,Y
PO00203,PO00203__L5_handwritten_slip__q4_phone_photo.jpg,L5_handwritten_slip,q4_phone_photo,UTS/PO/2026-08/2312,2026-08-17,Utsav Textiles,New Delhi,Textile Distribution Co. (Demo Entity),New Delhi,2026-09-11,0,INR,4,,N,N
PO00204,PO00204__L1_classic_tabular__q1_clean_digital.pdf,L1_classic_tabular,q1_clean_digital,TAN/PO/2026-07/8434,2026-07-29,Tanvi Enterprises,Ahmedabad,Textile Distribution Co. (Demo Entity),Ahmedabad,2026-09-12,30,INR,4,"790,510.00",Y,Y
PO00205,PO00205__L4_excel_grid__q1_clean_digital.pdf,L4_excel_grid,q1_clean_digital,ANA/PO/2026-07/4386,2026-07-04,Anantam Creations,Pune,Textile Distribution Co. (Demo Entity),Pune,2026-07-29,45,INR,1,"36,687.00",Y,Y
PO00206,PO00206__L4_excel_grid__q1_clean_digital.pdf,L4_excel_grid,q1_clean_digital,NIR/PO/2026-04/9014,2026-04-28,Nirjara Trading Co,Erode,Textile Distribution Co. (Demo Entity),Erode,2026-06-12,60,INR,2,"409,620.00",Y,Y
PO00207,PO00207__L1_classic_tabular__q2_print_scan.pdf,L1_classic_tabular,q2_print_scan,OJA/PO/2026-05/6016,2026-05-08,Ojas Garments,Ahmedabad,Textile Distribution Co. (Demo Entity),Ahmedabad,2026-06-02,30,INR,1,"101,556.00",Y,Y
PO00208,PO00208__L2_exporter_letterhead__q1_clean_digital.pdf,L2_exporter_letterhead,q1_clean_digital,MEG/PO/2026-07/2237,2026-07-25,Meghdoot Textiles,Pune,Textile Distribution Co. (Demo Entity),Pune,2026-09-08,15,INR,8,"1,261,072.00",Y,Y
PO00209,PO00209__L1_classic_tabular__q2_print_scan.pdf,L1_classic_tabular,q2_print_scan,OOR/PO/2026-04/9509,2026-04-03,Oorja Enterprises,Pune,Textile Distribution Co. (Demo Entity),Pune,2026-05-03,0,INR,1,"237,710.00",Y,Y
PO00210,PO00210__L6_erp_portal_print__q2_print_scan.pdf,L6_erp_portal_print,q2_print_scan,OOR/PO/2026-04/2374,2026-04-21,Oorja Enterprises,Pune,Textile Distribution Co. (Demo Entity),Pune,2026-06-05,0,INR,6,"1,760,531.00",Y,Y
PO00211,PO00211__L4_excel_grid__q4_phone_photo.jpg,L4_excel_grid,q4_phone_photo,MAN/PO/2026-05/2558,2026-05-12,Manthan Textiles,Panipat,Textile Distribution Co. (Demo Entity),Panipat,2026-05-27,30,INR,4,"514,241.00",Y,Y
PO00212,PO00212__L4_excel_grid__q1_clean_digital.pdf,L4_excel_grid,q1_clean_digital,AAR/PO/2026-06/8144,2026-06-02,Aarohi Creations,Ichalkaranji,Textile Distribution Co. (Demo Entity),Ichalkaranji,2026-06-17,60,INR,1,"283,825.00",Y,Y
PO00213,PO00213__L6_erp_portal_print__q1_clean_digital.pdf,L6_erp_portal_print,q1_clean_digital,KAV/PO/2026-05/6784,2026-05-20,Kavyansh Fabs,Bhilwara,Textile Distribution Co. (Demo Entity),Bhilwara,2026-06-14,30,INR,6,"1,275,862.00",Y,Y
PO00214,PO00214__L5_handwritten_slip__q4_phone_photo.jpg,L5_handwritten_slip,q4_phone_photo,NIR/PO/2026-05/2734,2026-05-07,Nirjara Creations,Bhilwara,Textile Distribution Co. (Demo Entity),Bhilwara,2026-06-21,30,INR,6,,N,N
PO00215,PO00215__L1_classic_tabular__q1_clean_digital.pdf,L1_classic_tabular,q1_clean_digital,AMR/PO/2026-08/9921,2026-08-16,Amrit Apparels Pvt Ltd,Pune,Textile Distribution Co. (Demo Entity),Pune,2026-09-30,0,INR,11,"1,788,294.50",Y,Y
PO00216,PO00216__L1_classic_tabular__q1_clean_digital.pdf,L1_classic_tabular,q1_clean_digital,AAS/PO/2026-05/8908,2026-05-12,Aashritha Vastra,Tiruppur,Textile Distribution Co. (Demo Entity),Tiruppur,2026-05-22,0,INR,2,"51,677.50",Y,Y
PO00217,PO00217__L6_erp_portal_print__q1_clean_digital.pdf,L6_erp_portal_print,q1_clean_digital,OJA/PO/2026-04/6739,2026-04-19,Ojas Fabs,Kolkata,Textile Distribution Co. (Demo Entity),Kolkata,2026-06-03,45,INR,4,"612,037.00",Y,Y
PO00218,PO00218__L4_excel_grid__q1_clean_digital.pdf,L4_excel_grid,q1_clean_digital,YUV/PO/2026-04/6970,2026-04-29,Yuvaan Sourcing LLP,Noida,Textile Distribution Co. (Demo Entity),Noida,2026-06-13,30,INR,6,"1,811,581.00",Y,Y
PO00219,PO00219__L5_handwritten_slip__q4_phone_photo.jpg,L5_handwritten_slip,q4_phone_photo,YAS/PO/2026-06/5343,2026-06-09,Yashvi Creations,Surat,Textile Distribution Co. (Demo Entity),Surat,2026-07-24,90,INR,4,,N,N
PO00220,PO00220__L5_handwritten_slip__q3_poor_scan.pdf,L5_handwritten_slip,q3_poor_scan,DEV/PO/2026-08/4267,2026-08-12,Devansh Apparels Pvt Ltd,Pune,Textile Distribution Co. (Demo Entity),Pune,2026-09-01,60,INR,4,,N,N
PO00221,PO00221__L3_email_body__q1_clean_digital.pdf,L3_email_body,q1_clean_digital,KAV/PO/2026-06/6734,2026-06-29,Kavyansh Enterprises,Erode,Textile Distribution Co. (Demo Entity),Erode,2026-08-13,60,INR,6,,N,N
PO00222,PO00222__L4_excel_grid__q5_fax_bitonal.png,L4_excel_grid,q5_fax_bitonal,PAR/PO/2026-08/5199,2026-08-06,Parnika Vastra,Indore,Textile Distribution Co. (Demo Entity),Indore,2026-09-05,30,INR,2,"291,700.00",Y,Y
PO00223,PO00223__L1_classic_tabular__q2_print_scan.pdf,L1_classic_tabular,q2_print_scan,DEV/PO/2026-06/1205,2026-06-03,Devansh Garments,Tiruppur,Textile Distribution Co. (Demo Entity),Tiruppur,2026-06-18,0,INR,5,"1,525,680.00",Y,Y
PO00224,PO00224__L1_classic_tabular__q1_clean_digital.pdf,L1_classic_tabular,q1_clean_digital,NIR/PO/2026-04/6395,2026-04-25,Nirjara Sourcing LLP,Ludhiana,Textile Distribution Co. (Demo Entity),Ludhiana,2026-05-25,30,INR,2,"985,440.00",Y,Y
PO00225,PO00225__L2_exporter_letterhead__q1_clean_digital.pdf,L2_exporter_letterhead,q1_clean_digital,NAK/PO/2026-06/2539,2026-06-11,Nakshatra Weaves,Bengaluru,Textile Distribution Co. (Demo Entity),Bengaluru,2026-07-01,30,INR,3,"108,394.50",Y,Y
PO00226,PO00226__L4_excel_grid__q1_clean_digital.pdf,L4_excel_grid,q1_clean_digital,RAJ/PO/2026-04/9394,2026-04-15,Rajvi Creations,Bhilwara,Textile Distribution Co. (Demo Entity),Bhilwara,2026-05-30,90,INR,3,"15,139,879.04",Y,Y
PO00227,PO00227__L1_classic_tabular__q4_phone_photo.jpg,L1_classic_tabular,q4_phone_photo,LAK/PO/2026-04/2343,2026-04-06,Lakshit Fabs,Bengaluru,Textile Distribution Co. (Demo Entity),Bengaluru,2026-04-16,45,INR,1,"114,770.00",Y,Y
PO00228,PO00228__L6_erp_portal_print__q4_phone_photo.jpg,L6_erp_portal_print,q4_phone_photo,NAV/PO/2026-08/5184,2026-08-13,Navrang Fashions LLP,Erode,Textile Distribution Co. (Demo Entity),Erode,2026-09-27,45,INR,12,"1,478,355.40",Y,Y
PO00229,PO00229__L6_erp_portal_print__q1_clean_digital.pdf,L6_erp_portal_print,q1_clean_digital,OJA/PO/2026-05/4079,2026-05-17,Ojas Fabs,Kolkata,Textile Distribution Co. (Demo Entity),Kolkata,2026-07-01,45,INR,10,"2,298,391.00",Y,Y
PO00230,PO00230__L4_excel_grid__q1_clean_digital.pdf,L4_excel_grid,q1_clean_digital,SUR/PO/2026-05/8357,2026-05-20,Suryakiran Enterprises,Pune,Textile Distribution Co. (Demo Entity),Pune,2026-07-04,30,INR,2,"87,622.00",Y,Y
PO00231,PO00231__L5_handwritten_slip__q3_poor_scan.pdf,L5_handwritten_slip,q3_poor_scan,YAS/PO/2026-07/2467,2026-07-29,Yashvi Vastra,Indore,Textile Distribution Co. (Demo Entity),Indore,2026-09-12,30,INR,1,,N,N
PO00232,PO00232__L5_handwritten_slip__q4_phone_photo.jpg,L5_handwritten_slip,q4_phone_photo,SHR/PO/2026-06/8802,2026-06-17,Shreeyan Creations,Indore,Textile Distribution Co. (Demo Entity),Indore,2026-08-01,60,INR,6,,N,N
PO00233,PO00233__L4_excel_grid__q1_clean_digital.pdf,L4_excel_grid,q1_clean_digital,JAA/PO/2026-08/3900,2026-08-06,Jaanvi Trading Co,Mumbai,Textile Distribution Co. (Demo Entity),Mumbai,2026-09-05,0,INR,1,"82,760.00",Y,Y
PO00234,PO00234__L3_email_body__q3_poor_scan.pdf,L3_email_body,q3_poor_scan,MAN/PO/2026-07/2794,2026-07-16,Manthan Fashions LLP,Chennai,Textile Distribution Co. (Demo Entity),Chennai,2026-08-30,60,INR,2,,N,N
PO00235,PO00235__L6_erp_portal_print__q1_clean_digital.pdf,L6_erp_portal_print,q1_clean_digital,HAR/PO/2026-04/9138,2026-04-02,Harsith Textiles,Surat,Textile Distribution Co. (Demo Entity),Surat,2026-05-17,15,INR,7,"846,530.60",Y,Y
PO00236,PO00236__L1_classic_tabular__q2_print_scan.pdf,L1_classic_tabular,q2_print_scan,NIM/PO/2026-05/1099,2026-05-21,Nimaya Fabs,Erode,Textile Distribution Co. (Demo Entity),Erode,2026-06-20,60,INR,1,"84,720.00",Y,Y
PO00237,PO00237__L4_excel_grid__q1_clean_digital.pdf,L4_excel_grid,q1_clean_digital,UTS/PO/2026-04/7479,2026-04-19,Utsav Sourcing LLP,Kolkata,Textile Distribution Co. (Demo Entity),Kolkata,2026-05-19,15,INR,7,"1,327,348.00",Y,Y
PO00238,PO00238__L1_classic_tabular__q4_phone_photo.jpg,L1_classic_tabular,q4_phone_photo,LAK/PO/2026-04/5954,2026-04-08,Lakshit Fabs,Bengaluru,Textile Distribution Co. (Demo Entity),Bengaluru,2026-05-23,45,INR,5,"814,382.00",Y,Y
PO00239,PO00239__L6_erp_portal_print__q1_clean_digital.pdf,L6_erp_portal_print,q1_clean_digital,MEG/PO/2026-07/9271,2026-07-15,Meghdoot Apparels Pvt Ltd,Pune,Textile Distribution Co. (Demo Entity),Pune,2026-08-14,90,INR,2,"217,840.00",Y,Y
PO00240,PO00240__L6_erp_portal_print__q4_phone_photo.jpg,L6_erp_portal_print,q4_phone_photo,MAN/PO/2026-05/5893,2026-05-23,Manthan Clothing Co,Bengaluru,Textile Distribution Co. (Demo Entity),Bengaluru,2026-07-07,15,INR,6,"557,113.00",Y,Y
PO00241,PO00241__L1_classic_tabular__q5_fax_bitonal.png,L1_classic_tabular,q5_fax_bitonal,DEV/PO/2026-07/217,2026-07-26,Devansh Uniforms,Ludhiana,Textile Distribution Co. (Demo Entity),Ludhiana,2026-08-05,0,INR,1,"563,450.00",Y,Y
PO00242,PO00242__L4_excel_grid__q1_clean_digital.pdf,L4_excel_grid,q1_clean_digital,UTS/PO/2026-04/6793,2026-04-24,Utsav Furnishings,Ahmedabad,Textile Distribution Co. (Demo Entity),Ahmedabad,2026-05-19,45,INR,3,"866,358.00",Y,Y
PO00243,PO00243__L2_exporter_letterhead__q2_print_scan.pdf,L2_exporter_letterhead,q2_print_scan,OJA/PO/2026-06/6050,2026-06-09,Ojas Garments,Ahmedabad,Textile Distribution Co. (Demo Entity),Ahmedabad,2026-07-24,30,INR,4,"307,269.00",Y,Y
PO00244,PO00244__L1_classic_tabular__q2_print_scan.pdf,L1_classic_tabular,q2_print_scan,SAN/PO/2026-08/3567,2026-08-15,Sanchi Enterprises,Hyderabad,Textile Distribution Co. (Demo Entity),Hyderabad,2026-09-14,15,INR,2,"637,583.00",Y,Y
PO00245,PO00245__L1_classic_tabular__q1_clean_digital.pdf,L1_classic_tabular,q1_clean_digital,MAY/PO/2026-04/8334,2026-04-29,Mayurika Creations,Jaipur,Textile Distribution Co. (Demo Entity),Jaipur,2026-05-19,45,INR,3,"297,835.00",Y,Y
PO00246,PO00246__L1_classic_tabular__q4_phone_photo.jpg,L1_classic_tabular,q4_phone_photo,MAN/PO/2026-07/1867,2026-07-16,Manthan Vastra,Bhilwara,Textile Distribution Co. (Demo Entity),Bhilwara,2026-08-30,90,INR,4,"529,250.00",Y,Y
PO00247,PO00247__L1_classic_tabular__q1_clean_digital.pdf,L1_classic_tabular,q1_clean_digital,MEG/PO/2026-07/8505,2026-07-06,Meghdoot Apparels Pvt Ltd,Pune,Textile Distribution Co. (Demo Entity),Pune,2026-08-20,90,INR,6,"907,971.00",Y,Y
PO00248,PO00248__L2_exporter_letterhead__q4_phone_photo.jpg,L2_exporter_letterhead,q4_phone_photo,DEV/PO/2026-07/6109,2026-07-31,Devansh Creations,New Delhi,Textile Distribution Co. (Demo Entity),New Delhi,2026-09-14,0,INR,10,"3,848,751.30",Y,Y
PO00249,PO00249__L4_excel_grid__q1_clean_digital.pdf,L4_excel_grid,q1_clean_digital,SAA/PO/2026-07/5827,2026-07-10,Saanvi Fabs,Ichalkaranji,Textile Distribution Co. (Demo Entity),Ichalkaranji,2026-08-24,60,INR,3,"279,667.00",Y,Y
PO00250,PO00250__L1_classic_tabular__q1_clean_digital.pdf,L1_classic_tabular,q1_clean_digital,VRI/PO/2026-07/2853,2026-07-14,Vrinda Trading Co,Bengaluru,Textile Distribution Co. (Demo Entity),Bengaluru,2026-08-28,30,INR,3,"402,574.00",Y,Y
PO00251,PO00251__L3_email_body__q4_phone_photo.jpg,L3_email_body,q4_phone_photo,TAN/PO/2026-07/6093,2026-07-02,Tanvi Trading Co,New Delhi,Textile Distribution Co. (Demo Entity),New Delhi,2026-08-16,30,INR,12,,N,N
PO00252,PO00252__L6_erp_portal_print__q1_clean_digital.pdf,L6_erp_portal_print,q1_clean_digital,DHR/PO/2026-05/5830,2026-05-30,Dhruvi Garments,Erode,Textile Distribution Co. (Demo Entity),Erode,2026-07-14,30,INR,10,"2,304,812.50",Y,Y
PO00253,PO00253__L2_exporter_letterhead__q1_clean_digital.pdf,L2_exporter_letterhead,q1_clean_digital,URV/PO/2026-06/7401,2026-06-18,Urvi Exports Pvt Ltd,Mumbai,Textile Distribution Co. (Demo Entity),Mumbai,2026-07-13,15,INR,2,"50,938.50",Y,Y
PO00254,PO00254__L1_classic_tabular__q5_fax_bitonal.png,L1_classic_tabular,q5_fax_bitonal,BHA/PO/2026-06/434,2026-06-01,Bhavya Fabs,Jaipur,Textile Distribution Co. (Demo Entity),Jaipur,2026-07-16,15,INR,5,"401,028.00",Y,Y
PO00255,PO00255__L4_excel_grid__q1_clean_digital.pdf,L4_excel_grid,q1_clean_digital,SAM/PO/2026-08/8537,2026-08-19,Samvit Sourcing LLP,Indore,Textile Distribution Co. (Demo Entity),Indore,2026-09-18,30,INR,3,"444,875.50",Y,Y
PO00256,PO00256__L1_classic_tabular__q2_print_scan.pdf,L1_classic_tabular,q2_print_scan,ADV/PO/2026-05/5951,2026-05-30,Advika Uniforms,Bhilwara,Textile Distribution Co. (Demo Entity),Bhilwara,2026-06-24,30,INR,3,"374,812.40",Y,Y
PO00257,PO00257__L6_erp_portal_print__q1_clean_digital.pdf,L6_erp_portal_print,q1_clean_digital,CHA/PO/2026-06/1823,2026-06-06,Charvi Weaves,New Delhi,Textile Distribution Co. (Demo Entity),New Delhi,2026-07-21,15,INR,3,"374,839.00",Y,Y
PO00258,PO00258__L6_erp_portal_print__q1_clean_digital.pdf,L6_erp_portal_print,q1_clean_digital,HAR/PO/2026-06/7663,2026-06-19,Harsith Textiles,Surat,Textile Distribution Co. (Demo Entity),Surat,2026-07-04,15,INR,4,"361,939.50",Y,Y
PO00259,PO00259__L1_classic_tabular__q1_clean_digital.pdf,L1_classic_tabular,q1_clean_digital,NAK/PO/2026-05/1588,2026-05-21,Nakshatra Weaves,Bengaluru,Textile Distribution Co. (Demo Entity),Bengaluru,2026-07-05,30,INR,6,"563,029.60",Y,Y
PO00260,PO00260__L2_exporter_letterhead__q1_clean_digital.pdf,L2_exporter_letterhead,q1_clean_digital,TAN/PO/2026-04/2553,2026-04-16,Tanvi Fashions LLP,Panipat,Textile Distribution Co. (Demo Entity),Panipat,2026-05-31,0,INR,8,"1,595,468.10",Y,Y
PO00261,PO00261__L1_classic_tabular__q4_phone_photo.jpg,L1_classic_tabular,q4_phone_photo,SAA/PO/2026-08/7697,2026-08-02,Saanvi Garments,Panipat,Textile Distribution Co. (Demo Entity),Panipat,2026-08-27,15,INR,2,"192,102.00",Y,Y
PO00262,PO00262__L6_erp_portal_print__q1_clean_digital.pdf,L6_erp_portal_print,q1_clean_digital,CHA/PO/2026-05/3367,2026-05-16,Charvi Weaves,New Delhi,Textile Distribution Co. (Demo Entity),New Delhi,2026-06-30,15,INR,3,"243,271.50",Y,Y
PO00263,PO00263__L1_classic_tabular__q5_fax_bitonal.png,L1_classic_tabular,q5_fax_bitonal,PAR/PO/2026-04/2570,2026-04-13,Parnika Vastra,Indore,Textile Distribution Co. (Demo Entity),Indore,2026-05-28,30,INR,3,"283,740.00",Y,Y
PO00264,PO00264__L6_erp_portal_print__q1_clean_digital.pdf,L6_erp_portal_print,q1_clean_digital,CHH/PO/2026-07/3800,2026-07-22,Chhaya Fabs,Ichalkaranji,Textile Distribution Co. (Demo Entity),Ichalkaranji,2026-08-21,0,INR,1,"33,534.00",Y,Y
PO00265,PO00265__L6_erp_portal_print__q5_fax_bitonal.png,L6_erp_portal_print,q5_fax_bitonal,JAA/PO/2026-06/293,2026-06-15,Jaanvi Trading Co,Mumbai,Textile Distribution Co. (Demo Entity),Mumbai,2026-07-15,0,INR,8,"5,799,549.75",Y,Y
PO00266,PO00266__L3_email_body__q3_poor_scan.pdf,L3_email_body,q3_poor_scan,CHA/PO/2026-07/3082,2026-07-08,Charvi Weaves,New Delhi,Textile Distribution Co. (Demo Entity),New Delhi,2026-08-22,15,INR,8,,N,N
PO00267,PO00267__L4_excel_grid__q1_clean_digital.pdf,L4_excel_grid,q1_clean_digital,SHR/PO/2026-07/4147,2026-07-20,Shreeyan Creations,Indore,Textile Distribution Co. (Demo Entity),Indore,2026-08-19,60,INR,3,"716,978.50",Y,Y
PO00268,PO00268__L4_excel_grid__q2_print_scan.pdf,L4_excel_grid,q2_print_scan,OJA/PO/2026-07/1711,2026-07-13,Ojas Clothing Co,Ludhiana,Textile Distribution Co. (Demo Entity),Ludhiana,2026-08-12,15,INR,5,"857,079.00",Y,Y
PO00269,PO00269__L4_excel_grid__q1_clean_digital.pdf,L4_excel_grid,q1_clean_digital,KRI/PO/2026-07/7077,2026-07-02,Kritika Enterprises,Bengaluru,Textile Distribution Co. (Demo Entity),Bengaluru,2026-08-16,0,INR,4,"702,928.00",Y,Y
PO00270,PO00270__L1_classic_tabular__q1_clean_digital.pdf,L1_classic_tabular,q1_clean_digital,NAK/PO/2026-05/4608,2026-05-05,Nakshatra Garments,Indore,Textile Distribution Co. (Demo Entity),Indore,2026-06-19,30,INR,8,"822,918.00",Y,Y
PO00271,PO00271__L4_excel_grid__q1_clean_digital.pdf,L4_excel_grid,q1_clean_digital,AAR/PO/2026-04/8140,2026-04-16,Aarohi Creations,Ichalkaranji,Textile Distribution Co. (Demo Entity),Ichalkaranji,2026-05-16,60,INR,7,"744,545.00",Y,Y
PO00272,PO00272__L2_exporter_letterhead__q3_poor_scan.pdf,L2_exporter_letterhead,q3_poor_scan,ZEN/PO/2026-05/5738,2026-05-12,Zenith Garments,Pune,Textile Distribution Co. (Demo Entity),Pune,2026-06-11,0,INR,3,"556,397.00",Y,Y
PO00273,PO00273__L1_classic_tabular__q1_clean_digital.pdf,L1_classic_tabular,q1_clean_digital,OOR/PO/2026-06/7009,2026-06-27,Oorja Trading Co,Chennai,Textile Distribution Co. (Demo Entity),Chennai,2026-07-27,90,INR,3,"100,164.00",Y,Y
PO00274,PO00274__L1_classic_tabular__q1_clean_digital.pdf,L1_classic_tabular,q1_clean_digital,SAA/PO/2026-06/9605,2026-06-01,Saanvi Enterprises,Surat,Textile Distribution Co. (Demo Entity),Surat,2026-07-16,90,INR,3,"776,535.00",Y,Y
PO00275,PO00275__L1_classic_tabular__q1_clean_digital.pdf,L1_classic_tabular,q1_clean_digital,NIM/PO/2026-07/4547,2026-07-19,Nimaya Fabs,Erode,Textile Distribution Co. (Demo Entity),Erode,2026-09-02,60,INR,8,"659,954.00",Y,Y
PO00276,PO00276__L1_classic_tabular__q1_clean_digital.pdf,L1_classic_tabular,q1_clean_digital,VRI/PO/2026-06/115,2026-06-12,Vrinda Sourcing LLP,Noida,Textile Distribution Co. (Demo Entity),Noida,2026-07-27,30,INR,2,"279,474.00",Y,Y
PO00277,PO00277__L3_email_body__q1_clean_digital.pdf,L3_email_body,q1_clean_digital,NIM/PO/2026-07/2824,2026-07-19,Nimaya Fabs,Erode,Textile Distribution Co. (Demo Entity),Erode,2026-08-18,60,INR,7,,N,N
PO00278,PO00278__L2_exporter_letterhead__q1_clean_digital.pdf,L2_exporter_letterhead,q1_clean_digital,KES/PO/2026-04/3363,2026-04-17,Kesar Creations,Bengaluru,Textile Distribution Co. (Demo Entity),Bengaluru,2026-06-01,30,INR,5,"403,924.50",Y,Y
PO00279,PO00279__L6_erp_portal_print__q1_clean_digital.pdf,L6_erp_portal_print,q1_clean_digital,TEJ/PO/2026-08/2761,2026-08-12,Tejomay Fabs,Mumbai,Textile Distribution Co. (Demo Entity),Mumbai,2026-09-06,45,INR,2,"161,062.00",Y,Y
PO00280,PO00280__L4_excel_grid__q1_clean_digital.pdf,L4_excel_grid,q1_clean_digital,ZEN/PO/2026-04/7235,2026-04-08,Zenith Textiles,Karur,Textile Distribution Co. (Demo Entity),Karur,2026-05-08,0,INR,6,"603,685.00",Y,Y
PO00281,PO00281__L1_classic_tabular__q1_clean_digital.pdf,L1_classic_tabular,q1_clean_digital,SAA/PO/2026-06/4189,2026-06-28,Saanvi Enterprises,Surat,Textile Distribution Co. (Demo Entity),Surat,2026-07-28,90,INR,3,"223,637.00",Y,Y
PO00282,PO00282__L3_email_body__q1_clean_digital.pdf,L3_email_body,q1_clean_digital,NIM/PO/2026-07/4511,2026-07-20,Nimaya Garments,Bengaluru,Textile Distribution Co. (Demo Entity),Bengaluru,2026-09-03,90,INR,4,,N,N
PO00283,PO00283__L1_classic_tabular__q1_clean_digital.pdf,L1_classic_tabular,q1_clean_digital,NIM/PO/2026-07/5978,2026-07-14,Nimaya Fabs,Erode,Textile Distribution Co. (Demo Entity),Erode,2026-07-29,60,INR,1,"31,507.50",Y,Y
PO00284,PO00284__L2_exporter_letterhead__q5_fax_bitonal.png,L2_exporter_letterhead,q5_fax_bitonal,ANA/PO/2026-07/3983,2026-07-13,Anantam Textiles,Ludhiana,Textile Distribution Co. (Demo Entity),Ludhiana,2026-08-27,15,INR,6,"665,055.50",Y,Y
PO00285,PO00285__L1_classic_tabular__q1_clean_digital.pdf,L1_classic_tabular,q1_clean_digital,ZEN/PO/2026-06/8490,2026-06-19,Zenith Garments,Pune,Textile Distribution Co. (Demo Entity),Pune,2026-07-04,0,INR,1,"4,120,176.06",Y,Y
PO00286,PO00286__L4_excel_grid__q4_phone_photo.jpg,L4_excel_grid,q4_phone_photo,UTS/PO/2026-06/5597,2026-06-01,Utsav Textiles,New Delhi,Textile Distribution Co. (Demo Entity),New Delhi,2026-07-16,0,INR,6,"690,767.50",Y,Y
PO00287,PO00287__L2_exporter_letterhead__q1_clean_digital.pdf,L2_exporter_letterhead,q1_clean_digital,VAI/PO/2026-07/6317,2026-07-30,Vaidehi Clothing Co,Hyderabad,Textile Distribution Co. (Demo Entity),Hyderabad,2026-09-13,30,INR,7,"1,356,536.00",Y,Y
PO00288,PO00288__L4_excel_grid__q1_clean_digital.pdf,L4_excel_grid,q1_clean_digital,NAV/PO/2026-04/1467,2026-04-26,Navrang Fabs,Ichalkaranji,Textile Distribution Co. (Demo Entity),Ichalkaranji,2026-06-10,30,INR,7,"4,911,631.14",Y,Y
PO00289,PO00289__L6_erp_portal_print__q4_phone_photo.jpg,L6_erp_portal_print,q4_phone_photo,MAN/PO/2026-04/3826,2026-04-04,Manthan Vastra,Bhilwara,Textile Distribution Co. (Demo Entity),Bhilwara,2026-04-29,90,INR,5,"727,823.00",Y,Y
PO00290,PO00290__L1_classic_tabular__q3_poor_scan.pdf,L1_classic_tabular,q3_poor_scan,BHO/PO/2026-06/5552,2026-06-13,Bhoomika Sourcing LLP,Ludhiana,Textile Distribution Co. (Demo Entity),Ludhiana,2026-07-08,30,INR,4,"921,161.00",Y,Y
PO00291,PO00291__L6_erp_portal_print__q1_clean_digital.pdf,L6_erp_portal_print,q1_clean_digital,GIR/PO/2026-04/6025,2026-04-05,Girish Garments,Noida,Textile Distribution Co. (Demo Entity),Noida,2026-05-20,0,INR,11,"1,632,956.00",Y,Y
PO00292,PO00292__L1_classic_tabular__q1_clean_digital.pdf,L1_classic_tabular,q1_clean_digital,SAN/PO/2026-06/4671,2026-06-05,Sanchi Enterprises,Hyderabad,Textile Distribution Co. (Demo Entity),Hyderabad,2026-06-30,15,INR,4,"1,576,310.00",Y,Y
PO00293,PO00293__L1_classic_tabular__q4_phone_photo.jpg,L1_classic_tabular,q4_phone_photo,BHA/PO/2026-05/4630,2026-05-27,Bhavya Vastra,Hyderabad,Textile Distribution Co. (Demo Entity),Hyderabad,2026-06-26,30,INR,12,"1,909,914.00",Y,Y
PO00294,PO00294__L3_email_body__q1_clean_digital.pdf,L3_email_body,q1_clean_digital,UTS/PO/2026-06/6336,2026-06-01,Utsav Trading Co,Bengaluru,Textile Distribution Co. (Demo Entity),Bengaluru,2026-06-11,60,INR,1,,N,N
PO00295,PO00295__L3_email_body__q1_clean_digital.pdf,L3_email_body,q1_clean_digital,UTS/PO/2026-06/8726,2026-06-02,Utsav Trading Co,Bengaluru,Textile Distribution Co. (Demo Entity),Bengaluru,2026-06-22,60,INR,1,,N,N
PO00296,PO00296__L1_classic_tabular__q2_print_scan.pdf,L1_classic_tabular,q2_print_scan,ANA/PO/2026-04/1995,2026-04-15,Anantam Textiles,Ludhiana,Textile Distribution Co. (Demo Entity),Ludhiana,2026-05-30,15,INR,6,"520,725.50",Y,Y
PO00297,PO00297__L6_erp_portal_print__q1_clean_digital.pdf,L6_erp_portal_print,q1_clean_digital,TAN/PO/2026-05/632,2026-05-12,Tanvi Enterprises,Ahmedabad,Textile Distribution Co. (Demo Entity),Ahmedabad,2026-06-06,30,INR,3,"463,621.00",Y,Y
PO00298,PO00298__L4_excel_grid__q1_clean_digital.pdf,L4_excel_grid,q1_clean_digital,AAR/PO/2026-06/2376,2026-06-25,Aarohi Creations,Ichalkaranji,Textile Distribution Co. (Demo Entity),Ichalkaranji,2026-08-09,60,INR,1,"72,610.00",Y,Y
PO00299,PO00299__L5_handwritten_slip__q4_phone_photo.jpg,L5_handwritten_slip,q4_phone_photo,JAA/PO/2026-05/6903,2026-05-05,Jaanvi Apparels Pvt Ltd,Hyderabad,Textile Distribution Co. (Demo Entity),Hyderabad,2026-05-25,90,INR,2,,N,N
PO00300,PO00300__L1_classic_tabular__q1_clean_digital.pdf,L1_classic_tabular,q1_clean_digital,MEG/PO/2026-07/3933,2026-07-16,Meghdoot Weaves,Coimbatore,Textile Distribution Co. (Demo Entity),Coimbatore,2026-08-30,45,INR,7,"877,632.00",Y,Y
PO00301,PO00301__L3_email_body__q2_print_scan.pdf,L3_email_body,q2_print_scan,UTS/PO/2026-07/4062,2026-07-23,Utsav Trading Co,Bengaluru,Textile Distribution Co. (Demo Entity),Bengaluru,2026-08-22,60,INR,2,,N,N
PO00302,PO00302__L2_exporter_letterhead__q3_poor_scan.pdf,L2_exporter_letterhead,q3_poor_scan,BHA/PO/2026-07/2265,2026-07-28,Bhavya Fabs,Jaipur,Textile Distribution Co. (Demo Entity),Jaipur,2026-09-11,15,INR,4,"855,813.50",Y,Y
PO00303,PO00303__L1_classic_tabular__q3_poor_scan.pdf,L1_classic_tabular,q3_poor_scan,KRI/PO/2026-06/3484,2026-06-28,Kritika Creations,Indore,Textile Distribution Co. (Demo Entity),Indore,2026-07-28,60,INR,3,"663,039.00",Y,Y
PO00304,PO00304__L1_classic_tabular__q2_print_scan.pdf,L1_classic_tabular,q2_print_scan,URV/PO/2026-04/1226,2026-04-18,Urvi Furnishings,Bhilwara,Textile Distribution Co. (Demo Entity),Bhilwara,2026-06-02,45,INR,1,"11,523.00",Y,Y
PO00305,PO00305__L4_excel_grid__q1_clean_digital.pdf,L4_excel_grid,q1_clean_digital,YAS/PO/2026-07/3368,2026-07-06,Yashvi Trading Co,Ahmedabad,Textile Distribution Co. (Demo Entity),Ahmedabad,2026-08-20,30,INR,3,"498,617.50",Y,Y
PO00306,PO00306__L3_email_body__q4_phone_photo.jpg,L3_email_body,q4_phone_photo,MAN/PO/2026-08/6817,2026-08-06,Manthan Textiles,Panipat,Textile Distribution Co. (Demo Entity),Panipat,2026-09-20,30,INR,6,,N,N
PO00307,PO00307__L4_excel_grid__q1_clean_digital.pdf,L4_excel_grid,q1_clean_digital,GIR/PO/2026-06/1494,2026-06-07,Girish Creations,Ichalkaranji,Textile Distribution Co. (Demo Entity),Ichalkaranji,2026-07-22,30,INR,7,"921,836.00",Y,Y
PO00308,PO00308__L2_exporter_letterhead__q1_clean_digital.pdf,L2_exporter_letterhead,q1_clean_digital,SAN/PO/2026-08/2148,2026-08-16,Sanchi Fashions LLP,Coimbatore,Textile Distribution Co. (Demo Entity),Coimbatore,2026-09-30,15,INR,5,"270,843.00",Y,Y
PO00309,PO00309__L3_email_body__q1_clean_digital.pdf,L3_email_body,q1_clean_digital,SUR/PO/2026-07/5206,2026-07-31,Suryakiran Sourcing LLP,Tiruppur,Textile Distribution Co. (Demo Entity),Tiruppur,2026-09-14,30,INR,5,,N,N
PO00310,PO00310__L4_excel_grid__q1_clean_digital.pdf,L4_excel_grid,q1_clean_digital,GIR/PO/2026-06/3213,2026-06-21,Girish Creations,Ichalkaranji,Textile Distribution Co. (Demo Entity),Ichalkaranji,2026-08-05,30,INR,3,"622,161.00",Y,Y
PO00311,PO00311__L5_handwritten_slip__q4_phone_photo.jpg,L5_handwritten_slip,q4_phone_photo,MAN/PO/2026-08/7497,2026-08-07,Manthan Textiles,Panipat,Textile Distribution Co. (Demo Entity),Panipat,2026-09-21,30,INR,3,,N,N
PO00312,PO00312__L1_classic_tabular__q5_fax_bitonal.png,L1_classic_tabular,q5_fax_bitonal,BHO/PO/2026-06/1241,2026-06-14,Bhoomika Apparels Pvt Ltd,Ichalkaranji,Textile Distribution Co. (Demo Entity),Ichalkaranji,2026-07-29,30,INR,5,"1,026,739.00",Y,Y
PO00313,PO00313__L4_excel_grid__q1_clean_digital.pdf,L4_excel_grid,q1_clean_digital,NIR/PO/2026-07/5719,2026-07-01,Nirjara Trading Co,Erode,Textile Distribution Co. (Demo Entity),Erode,2026-07-21,60,INR,3,"751,381.00",Y,Y
PO00314,PO00314__L4_excel_grid__q1_clean_digital.pdf,L4_excel_grid,q1_clean_digital,ADV/PO/2026-05/1666,2026-05-01,Advika Furnishings,Bengaluru,Textile Distribution Co. (Demo Entity),Bengaluru,2026-06-15,30,INR,8,"1,189,650.00",Y,Y
PO00315,PO00315__L4_excel_grid__q2_print_scan.pdf,L4_excel_grid,q2_print_scan,ADV/PO/2026-05/4659,2026-05-05,Advika Furnishings,Bengaluru,Textile Distribution Co. (Demo Entity),Bengaluru,2026-05-25,30,INR,2,"197,586.00",Y,Y
PO00316,PO00316__L4_excel_grid__q1_clean_digital.pdf,L4_excel_grid,q1_clean_digital,UTS/PO/2026-07/8167,2026-07-13,Utsav Sourcing LLP,Kolkata,Textile Distribution Co. (Demo Entity),Kolkata,2026-08-27,15,INR,3,"752,635.00",Y,Y
PO00317,PO00317__L6_erp_portal_print__q3_poor_scan.pdf,L6_erp_portal_print,q3_poor_scan,BHA/PO/2026-06/6004,2026-06-18,Bhavya Fabs,Jaipur,Textile Distribution Co. (Demo Entity),Jaipur,2026-07-18,15,INR,1,"82,960.00",Y,Y
PO00318,PO00318__L6_erp_portal_print__q4_phone_photo.jpg,L6_erp_portal_print,q4_phone_photo,MEG/PO/2026-06/8360,2026-06-29,Meghdoot Clothing Co,Coimbatore,Textile Distribution Co. (Demo Entity),Coimbatore,2026-08-13,30,INR,6,"829,880.50",Y,Y
PO00319,PO00319__L5_handwritten_slip__q3_poor_scan.pdf,L5_handwritten_slip,q3_poor_scan,RAJ/PO/2026-05/5307,2026-05-08,Rajvi Creations,Bhilwara,Textile Distribution Co. (Demo Entity),Bhilwara,2026-05-28,90,INR,4,,N,N
PO00320,PO00320__L6_erp_portal_print__q1_clean_digital.pdf,L6_erp_portal_print,q1_clean_digital,KAN/PO/2026-06/1054,2026-06-13,Kanchan Clothing Co,Tiruppur,Textile Distribution Co. (Demo Entity),Tiruppur,2026-07-08,30,INR,3,"469,890.00",Y,Y
PO00321,PO00321__L3_email_body__q3_poor_scan.pdf,L3_email_body,q3_poor_scan,BHA/PO/2026-05/1556,2026-05-20,Bhavya Vastra,Hyderabad,Textile Distribution Co. (Demo Entity),Hyderabad,2026-07-04,30,INR,1,,N,N
PO00322,PO00322__L5_handwritten_slip__q3_poor_scan.pdf,L5_handwritten_slip,q3_poor_scan,EKA/PO/2026-04/5821,2026-04-27,Ekaanth Sourcing LLP,New Delhi,Textile Distribution Co. (Demo Entity),New Delhi,2026-05-27,45,INR,4,,N,N
PO00323,PO00323__L1_classic_tabular__q1_clean_digital.pdf,L1_classic_tabular,q1_clean_digital,KAV/PO/2026-05/8378,2026-05-13,Kavyansh Uniforms,Mumbai,Textile Distribution Co. (Demo Entity),Mumbai,2026-06-12,90,INR,5,"769,274.00",Y,Y
PO00324,PO00324__L4_excel_grid__q1_clean_digital.pdf,L4_excel_grid,q1_clean_digital,AAR/PO/2026-04/948,2026-04-23,Aarohi Creations,Ichalkaranji,Textile Distribution Co. (Demo Entity),Ichalkaranji,2026-06-07,60,INR,7,"326,774.00",Y,Y
PO00325,PO00325__L2_exporter_letterhead__q1_clean_digital.pdf,L2_exporter_letterhead,q1_clean_digital,MEG/PO/2026-06/4151,2026-06-06,Meghdoot Textiles,Pune,Textile Distribution Co. (Demo Entity),Pune,2026-07-21,15,INR,7,"2,158,778.00",Y,Y
PO00326,PO00326__L1_classic_tabular__q5_fax_bitonal.png,L1_classic_tabular,q5_fax_bitonal,ESH/PO/2026-05/1865,2026-05-10,Eshanya Trading Co,Mumbai,Textile Distribution Co. (Demo Entity),Mumbai,2026-06-24,45,INR,6,"703,267.00",Y,Y
PO00327,PO00327__L6_erp_portal_print__q1_clean_digital.pdf,L6_erp_portal_print,q1_clean_digital,YAS/PO/2026-05/2813,2026-05-19,Yashvi Sourcing LLP,Pune,Textile Distribution Co. (Demo Entity),Pune,2026-06-18,60,INR,6,"2,096,396.00",Y,Y
PO00328,PO00328__L6_erp_portal_print__q1_clean_digital.pdf,L6_erp_portal_print,q1_clean_digital,OJA/PO/2026-07/4251,2026-07-07,Ojas Fabs,Kolkata,Textile Distribution Co. (Demo Entity),Kolkata,2026-08-21,45,INR,6,"735,215.00",Y,Y
PO00329,PO00329__L2_exporter_letterhead__q1_clean_digital.pdf,L2_exporter_letterhead,q1_clean_digital,SAN/PO/2026-05/7210,2026-05-31,Sanchi Textiles,Bengaluru,Textile Distribution Co. (Demo Entity),Bengaluru,2026-06-20,60,INR,1,"31,384.50",Y,Y
PO00330,PO00330__L1_classic_tabular__q3_poor_scan.pdf,L1_classic_tabular,q3_poor_scan,OOR/PO/2026-05/9053,2026-05-08,Oorja Enterprises,Pune,Textile Distribution Co. (Demo Entity),Pune,2026-06-07,0,INR,8,"2,522,742.00",Y,Y
PO00331,PO00331__L2_exporter_letterhead__q1_clean_digital.pdf,L2_exporter_letterhead,q1_clean_digital,NIM/PO/2026-08/9715,2026-08-10,Nimaya Fabs,Erode,Textile Distribution Co. (Demo Entity),Erode,2026-09-24,60,INR,7,"1,142,032.50",Y,Y
PO00332,PO00332__L1_classic_tabular__q2_print_scan.pdf,L1_classic_tabular,q2_print_scan,NIR/PO/2026-04/7654,2026-04-26,Nirjara Garments,Bengaluru,Textile Distribution Co. (Demo Entity),Bengaluru,2026-06-10,90,INR,10,"1,642,149.50",Y,Y
PO00333,PO00333__L3_email_body__q1_clean_digital.pdf,L3_email_body,q1_clean_digital,NAK/PO/2026-04/6216,2026-04-13,Nakshatra Weaves,Bengaluru,Textile Distribution Co. (Demo Entity),Bengaluru,2026-05-28,30,INR,5,,N,N
PO00334,PO00334__L6_erp_portal_print__q1_clean_digital.pdf,L6_erp_portal_print,q1_clean_digital,URV/PO/2026-08/3989,2026-08-10,Urvi Uniforms,Jaipur,Textile Distribution Co. (Demo Entity),Jaipur,2026-09-24,15,INR,3,"250,898.00",Y,Y
PO00335,PO00335__L5_handwritten_slip__q4_phone_photo.jpg,L5_handwritten_slip,q4_phone_photo,MAN/PO/2026-07/7601,2026-07-24,Manthan Textiles,Panipat,Textile Distribution Co. (Demo Entity),Panipat,2026-08-23,30,INR,6,,N,N
PO00336,PO00336__L1_classic_tabular__q3_poor_scan.pdf,L1_classic_tabular,q3_poor_scan,ADV/PO/2026-04/433,2026-04-21,Advika Clothing Co,Karur,Textile Distribution Co. (Demo Entity),Karur,2026-06-05,0,INR,6,"266,915.10",Y,Y
PO00337,PO00337__L6_erp_portal_print__q1_clean_digital.pdf,L6_erp_portal_print,q1_clean_digital,FAL/PO/2026-07/884,2026-07-07,Falguni Fashions LLP,Erode,Textile Distribution Co. (Demo Entity),Erode,2026-08-06,60,INR,2,"254,875.00",Y,Y
PO00338,PO00338__L3_email_body__q4_phone_photo.jpg,L3_email_body,q4_phone_photo,PAR/PO/2026-06/3649,2026-06-28,Parnika Vastra,Indore,Textile Distribution Co. (Demo Entity),Indore,2026-07-23,30,INR,5,,N,N
PO00339,PO00339__L2_exporter_letterhead__q1_clean_digital.pdf,L2_exporter_letterhead,q1_clean_digital,TAN/PO/2026-07/7298,2026-07-11,Tanvi Trading Co,New Delhi,Textile Distribution Co. (Demo Entity),New Delhi,2026-08-10,30,INR,6,"1,917,308.00",Y,Y
PO00340,PO00340__L6_erp_portal_print__q1_clean_digital.pdf,L6_erp_portal_print,q1_clean_digital,RID/PO/2026-04/9979,2026-04-07,Ridhima Vastra,Karur,Textile Distribution Co. (Demo Entity),Karur,2026-05-07,30,INR,3,"396,608.00",Y,Y
PO00341,PO00341__L6_erp_portal_print__q1_clean_digital.pdf,L6_erp_portal_print,q1_clean_digital,FAL/PO/2026-07/5974,2026-07-07,Falguni Fashions LLP,Erode,Textile Distribution Co. (Demo Entity),Erode,2026-08-21,60,INR,3,"121,457.00",Y,Y
PO00342,PO00342__L4_excel_grid__q2_print_scan.pdf,L4_excel_grid,q2_print_scan,CHA/PO/2026-07/9876,2026-07-12,Charvi Furnishings,Pune,Textile Distribution Co. (Demo Entity),Pune,2026-08-11,30,INR,4,"657,682.00",Y,Y
PO00343,PO00343__L6_erp_portal_print__q1_clean_digital.pdf,L6_erp_portal_print,q1_clean_digital,OJA/PO/2026-05/143,2026-05-31,Ojas Fabs,Kolkata,Textile Distribution Co. (Demo Entity),Kolkata,2026-07-15,45,INR,5,"551,758.00",Y,Y
PO00344,PO00344__L1_classic_tabular__q1_clean_digital.pdf,L1_classic_tabular,q1_clean_digital,TAN/PO/2026-04/7266,2026-04-05,Tanvi Trading Co,New Delhi,Textile Distribution Co. (Demo Entity),New Delhi,2026-04-30,30,INR,6,"839,354.60",Y,Y
PO00345,PO00345__L6_erp_portal_print__q3_poor_scan.pdf,L6_erp_portal_print,q3_poor_scan,KAV/PO/2026-08/1552,2026-08-03,Kavyansh Uniforms,Mumbai,Textile Distribution Co. (Demo Entity),Mumbai,2026-09-17,90,INR,11,"3,729,187.48",Y,Y
PO00346,PO00346__L1_classic_tabular__q1_clean_digital.pdf,L1_classic_tabular,q1_clean_digital,NIR/PO/2026-04/6418,2026-04-29,Nirjara Sourcing LLP,Ludhiana,Textile Distribution Co. (Demo Entity),Ludhiana,2026-05-29,30,INR,2,"83,558.00",Y,Y
PO00347,PO00347__L4_excel_grid__q1_clean_digital.pdf,L4_excel_grid,q1_clean_digital,NAK/PO/2026-08/3055,2026-08-13,Nakshatra Clothing Co,Bengaluru,Textile Distribution Co. (Demo Entity),Bengaluru,2026-09-12,45,INR,3,"1,097,942.00",Y,Y
PO00348,PO00348__L3_email_body__q1_clean_digital.pdf,L3_email_body,q1_clean_digital,DEV/PO/2026-05/8976,2026-05-05,Devansh Garments,Tiruppur,Textile Distribution Co. (Demo Entity),Tiruppur,2026-06-19,0,INR,4,,N,N
PO00349,PO00349__L1_classic_tabular__q4_phone_photo.jpg,L1_classic_tabular,q4_phone_photo,MAN/PO/2026-07/3536,2026-07-20,Manthan Textiles,Panipat,Textile Distribution Co. (Demo Entity),Panipat,2026-09-03,30,INR,12,"1,953,153.50",Y,Y
PO00350,PO00350__L1_classic_tabular__q1_clean_digital.pdf,L1_classic_tabular,q1_clean_digital,VRI/PO/2026-04/4966,2026-04-17,Vrinda Trading Co,Bengaluru,Textile Distribution Co. (Demo Entity),Bengaluru,2026-06-01,30,INR,6,"401,156.00",Y,Y
PO00351,PO00351__L2_exporter_letterhead__q1_clean_digital.pdf,L2_exporter_letterhead,q1_clean_digital,NIM/PO/2026-04/522,2026-04-26,Nimaya Garments,Bengaluru,Textile Distribution Co. (Demo Entity),Bengaluru,2026-05-21,90,INR,2,"69,532.00",Y,Y
PO00352,PO00352__L4_excel_grid__q2_print_scan.pdf,L4_excel_grid,q2_print_scan,NAK/PO/2026-04/1216,2026-04-29,Nakshatra Clothing Co,Bengaluru,Textile Distribution Co. (Demo Entity),Bengaluru,2026-06-13,45,INR,3,"1,136,398.00",Y,Y
PO00353,PO00353__L1_classic_tabular__q4_phone_photo.jpg,L1_classic_tabular,q4_phone_photo,RAN/PO/2026-05/5145,2026-05-20,Rangoli Sourcing LLP,Indore,Textile Distribution Co. (Demo Entity),Indore,2026-07-04,90,INR,5,"701,337.00",Y,Y
PO00354,PO00354__L4_excel_grid__q2_print_scan.pdf,L4_excel_grid,q2_print_scan,ADV/PO/2026-05/5636,2026-05-28,Advika Clothing Co,Karur,Textile Distribution Co. (Demo Entity),Karur,2026-07-12,0,INR,7,"983,275.00",Y,Y
PO00355,PO00355__L1_classic_tabular__q2_print_scan.pdf,L1_classic_tabular,q2_print_scan,TAN/PO/2026-06/8466,2026-06-24,Tanvi Enterprises,Ahmedabad,Textile Distribution Co. (Demo Entity),Ahmedabad,2026-07-19,30,INR,4,"1,796,202.96",Y,Y
PO00356,PO00356__L1_classic_tabular__q3_poor_scan.pdf,L1_classic_tabular,q3_poor_scan,NIR/PO/2026-04/6280,2026-04-11,Nirjara Garments,Bengaluru,Textile Distribution Co. (Demo Entity),Bengaluru,2026-05-26,90,INR,10,"2,814,303.00",Y,Y
PO00357,PO00357__L3_email_body__q3_poor_scan.pdf,L3_email_body,q3_poor_scan,VAS/PO/2026-05/6538,2026-05-23,Vasudha Clothing Co,Ichalkaranji,Textile Distribution Co. (Demo Entity),Ichalkaranji,2026-06-17,60,INR,8,,N,N
PO00358,PO00358__L1_classic_tabular__q1_clean_digital.pdf,L1_classic_tabular,q1_clean_digital,MEG/PO/2026-07/6699,2026-07-06,Meghdoot Apparels Pvt Ltd,Pune,Textile Distribution Co. (Demo Entity),Pune,2026-08-20,90,INR,7,"701,791.00",Y,Y
PO00359,PO00359__L1_classic_tabular__q1_clean_digital.pdf,L1_classic_tabular,q1_clean_digital,TAN/PO/2026-05/3704,2026-05-28,Tanvi Fashions LLP,Panipat,Textile Distribution Co. (Demo Entity),Panipat,2026-07-12,0,INR,5,"781,802.00",Y,Y
PO00360,PO00360__L6_erp_portal_print__q1_clean_digital.pdf,L6_erp_portal_print,q1_clean_digital,MAN/PO/2026-05/6351,2026-05-07,Manthan Fashions LLP,Chennai,Textile Distribution Co. (Demo Entity),Chennai,2026-06-21,60,INR,3,"1,031,135.00",Y,Y
PO00361,PO00361__L1_classic_tabular__q1_clean_digital.pdf,L1_classic_tabular,q1_clean_digital,FAL/PO/2026-07/7889,2026-07-07,Falguni Vastra,Coimbatore,Textile Distribution Co. (Demo Entity),Coimbatore,2026-08-21,60,INR,6,"1,487,097.00",Y,Y
PO00362,PO00362__L4_excel_grid__q1_clean_digital.pdf,L4_excel_grid,q1_clean_digital,PRA/PO/2026-08/1552,2026-08-13,Pratham Creations,Mumbai,Textile Distribution Co. (Demo Entity),Mumbai,2026-09-12,90,INR,5,"545,301.00",Y,Y
PO00363,PO00363__L6_erp_portal_print__q1_clean_digital.pdf,L6_erp_portal_print,q1_clean_digital,NAK/PO/2026-06/1028,2026-06-19,Nakshatra Garments,Indore,Textile Distribution Co. (Demo Entity),Indore,2026-08-03,30,INR,10,"951,946.00",Y,Y
PO00364,PO00364__L2_exporter_letterhead__q1_clean_digital.pdf,L2_exporter_letterhead,q1_clean_digital,NIR/PO/2026-07/1183,2026-07-14,Nirjara Apparels Pvt Ltd,Coimbatore,Textile Distribution Co. (Demo Entity),Coimbatore,2026-08-28,15,INR,8,"1,289,866.00",Y,Y
PO00365,PO00365__L2_exporter_letterhead__q1_clean_digital.pdf,L2_exporter_letterhead,q1_clean_digital,MEG/PO/2026-06/919,2026-06-27,Meghdoot Apparels Pvt Ltd,Pune,Textile Distribution Co. (Demo Entity),Pune,2026-07-27,90,INR,4,"770,068.00",Y,Y
PO00366,PO00366__L5_handwritten_slip__q4_phone_photo.jpg,L5_handwritten_slip,q4_phone_photo,NIR/PO/2026-04/4460,2026-04-14,Nirvaan Fabs,Chennai,Textile Distribution Co. (Demo Entity),Chennai,2026-05-29,45,INR,2,,N,N
PO00367,PO00367__L3_email_body__q1_clean_digital.pdf,L3_email_body,q1_clean_digital,VRI/PO/2026-07/4787,2026-07-17,Vrinda Trading Co,Bengaluru,Textile Distribution Co. (Demo Entity),Bengaluru,2026-08-31,30,INR,7,,N,N
PO00368,PO00368__L1_classic_tabular__q1_clean_digital.pdf,L1_classic_tabular,q1_clean_digital,ADV/PO/2026-04/8355,2026-04-18,Advika Garments,Indore,Textile Distribution Co. (Demo Entity),Indore,2026-06-02,90,INR,8,"672,039.00",Y,Y
PO00369,PO00369__L1_classic_tabular__q1_clean_digital.pdf,L1_classic_tabular,q1_clean_digital,MEG/PO/2026-07/3682,2026-07-03,Meghdoot Textiles,Pune,Textile Distribution Co. (Demo Entity),Pune,2026-07-23,15,INR,3,"3,619,638.64",Y,Y
PO00370,PO00370__L6_erp_portal_print__q1_clean_digital.pdf,L6_erp_portal_print,q1_clean_digital,KAV/PO/2026-04/5872,2026-04-15,Kavyansh Fabs,Bhilwara,Textile Distribution Co. (Demo Entity),Bhilwara,2026-05-30,30,INR,10,"1,951,301.00",Y,Y
PO00371,PO00371__L1_classic_tabular__q4_phone_photo.jpg,L1_classic_tabular,q4_phone_photo,NAV/PO/2026-08/8821,2026-08-10,Navrang Fashions LLP,Erode,Textile Distribution Co. (Demo Entity),Erode,2026-09-04,45,INR,4,"282,880.50",Y,Y
PO00372,PO00372__L2_exporter_letterhead__q1_clean_digital.pdf,L2_exporter_letterhead,q1_clean_digital,NIM/PO/2026-07/3369,2026-07-10,Nimaya Sourcing LLP,Mumbai,Textile Distribution Co. (Demo Entity),Mumbai,2026-08-24,30,INR,1,"125,454.00",Y,Y
PO00373,PO00373__L1_classic_tabular__q1_clean_digital.pdf,L1_classic_tabular,q1_clean_digital,ZEN/PO/2026-06/774,2026-06-19,Zenith Garments,Pune,Textile Distribution Co. (Demo Entity),Pune,2026-08-03,0,INR,5,"1,136,162.00",Y,Y
PO00374,PO00374__L6_erp_portal_print__q1_clean_digital.pdf,L6_erp_portal_print,q1_clean_digital,ISH/PO/2026-07/3637,2026-07-02,Ishira Enterprises,Mumbai,Textile Distribution Co. (Demo Entity),Mumbai,2026-07-27,90,INR,3,"1,494,890.00",Y,Y
PO00375,PO00375__L1_classic_tabular__q2_print_scan.pdf,L1_classic_tabular,q2_print_scan,CHA/PO/2026-06/8827,2026-06-08,Charvi Furnishings,Pune,Textile Distribution Co. (Demo Entity),Pune,2026-07-03,30,INR,1,"40,392.00",Y,Y
PO00376,PO00376__L6_erp_portal_print__q4_phone_photo.jpg,L6_erp_portal_print,q4_phone_photo,MAN/PO/2026-08/692,2026-08-05,Manthan Weaves,Panipat,Textile Distribution Co. (Demo Entity),Panipat,2026-08-25,90,INR,4,"274,772.00",Y,Y
PO00377,PO00377__L2_exporter_letterhead__q1_clean_digital.pdf,L2_exporter_letterhead,q1_clean_digital,KAN/PO/2026-06/5607,2026-06-23,Kanchan Clothing Co,Tiruppur,Textile Distribution Co. (Demo Entity),Tiruppur,2026-07-23,30,INR,4,"861,693.20",Y,Y
PO00378,PO00378__L2_exporter_letterhead__q2_print_scan.pdf,L2_exporter_letterhead,q2_print_scan,SAM/PO/2026-04/7905,2026-04-03,Samvit Trading Co,Mumbai,Textile Distribution Co. (Demo Entity),Mumbai,2026-05-18,0,INR,6,"908,311.00",Y,Y
PO00379,PO00379__L3_email_body__q4_phone_photo.jpg,L3_email_body,q4_phone_photo,ADV/PO/2026-06/4601,2026-06-27,Advika Creations,Hyderabad,Textile Distribution Co. (Demo Entity),Hyderabad,2026-07-07,0,INR,1,,N,N
PO00380,PO00380__L2_exporter_letterhead__q1_clean_digital.pdf,L2_exporter_letterhead,q1_clean_digital,BHA/PO/2026-04/8324,2026-04-27,Bhavya Sourcing LLP,Bhilwara,Textile Distribution Co. (Demo Entity),Bhilwara,2026-05-22,30,INR,1,"72,068.00",Y,Y
PO00381,PO00381__L6_erp_portal_print__q2_print_scan.pdf,L6_erp_portal_print,q2_print_scan,TAN/PO/2026-06/6991,2026-06-18,Tanvi Enterprises,Ahmedabad,Textile Distribution Co. (Demo Entity),Ahmedabad,2026-07-18,30,INR,8,"1,706,875.00",Y,Y
PO00382,PO00382__L4_excel_grid__q1_clean_digital.pdf,L4_excel_grid,q1_clean_digital,YUV/PO/2026-05/3331,2026-05-15,Yuvaan Vastra,Hyderabad,Textile Distribution Co. (Demo Entity),Hyderabad,2026-06-29,30,INR,10,"1,888,108.50",Y,Y
PO00383,PO00383__L6_erp_portal_print__q1_clean_digital.pdf,L6_erp_portal_print,q1_clean_digital,NIR/PO/2026-05/5637,2026-05-30,Nirjara Creations,Bhilwara,Textile Distribution Co. (Demo Entity),Bhilwara,2026-06-29,30,INR,5,"758,421.50",Y,Y
PO00384,PO00384__L1_classic_tabular__q4_phone_photo.jpg,L1_classic_tabular,q4_phone_photo,SAT/PO/2026-06/1515,2026-06-05,Sattva Fashions LLP,Ahmedabad,Textile Distribution Co. (Demo Entity),Ahmedabad,2026-07-20,30,INR,4,"296,102.00",Y,Y
PO00385,PO00385__L2_exporter_letterhead__q2_print_scan.pdf,L2_exporter_letterhead,q2_print_scan,NIR/PO/2026-05/4816,2026-05-29,Nirjara Sourcing LLP,Ludhiana,Textile Distribution Co. (Demo Entity),Ludhiana,2026-07-13,30,INR,3,"1,022,426.00",Y,Y
PO00386,PO00386__L4_excel_grid__q4_phone_photo.jpg,L4_excel_grid,q4_phone_photo,YAS/PO/2026-07/1472,2026-07-16,Yashvi Creations,Surat,Textile Distribution Co. (Demo Entity),Surat,2026-08-30,90,INR,2,"99,588.00",Y,Y
PO00387,PO00387__L3_email_body__q4_phone_photo.jpg,L3_email_body,q4_phone_photo,NIR/PO/2026-06/6732,2026-06-18,Nirvaan Fabs,Chennai,Textile Distribution Co. (Demo Entity),Chennai,2026-08-02,45,INR,4,,N,N
PO00388,PO00388__L2_exporter_letterhead__q1_clean_digital.pdf,L2_exporter_letterhead,q1_clean_digital,SAN/PO/2026-07/8465,2026-07-24,Sanchi Enterprises,Hyderabad,Textile Distribution Co. (Demo Entity),Hyderabad,2026-09-07,15,INR,8,"1,157,384.60",Y,Y
PO00389,PO00389__L2_exporter_letterhead__q2_print_scan.pdf,L2_exporter_letterhead,q2_print_scan,DEV/PO/2026-07/732,2026-07-23,Devansh Uniforms,Ludhiana,Textile Distribution Co. (Demo Entity),Ludhiana,2026-08-22,0,INR,2,"416,835.00",Y,Y
PO00390,PO00390__L4_excel_grid__q4_phone_photo.jpg,L4_excel_grid,q4_phone_photo,BHO/PO/2026-06/8405,2026-06-02,Bhoomika Sourcing LLP,Ludhiana,Textile Distribution Co. (Demo Entity),Ludhiana,2026-07-02,30,INR,2,"127,323.00",Y,Y
PO00391,PO00391__L1_classic_tabular__q1_clean_digital.pdf,L1_classic_tabular,q1_clean_digital,VRI/PO/2026-04/5079,2026-04-10,Vrinda Sourcing LLP,Noida,Textile Distribution Co. (Demo Entity),Noida,2026-05-25,30,INR,5,"704,132.00",Y,Y
PO00392,PO00392__L1_classic_tabular__q4_phone_photo.jpg,L1_classic_tabular,q4_phone_photo,ADV/PO/2026-07/5797,2026-07-20,Advika Creations,Hyderabad,Textile Distribution Co. (Demo Entity),Hyderabad,2026-09-03,0,INR,5,"1,325,875.00",Y,Y
PO00393,PO00393__L6_erp_portal_print__q3_poor_scan.pdf,L6_erp_portal_print,q3_poor_scan,YUV/PO/2026-07/944,2026-07-02,Yuvaan Sourcing LLP,Noida,Textile Distribution Co. (Demo Entity),Noida,2026-08-01,30,INR,12,"7,149,069.35",Y,Y
PO00394,PO00394__L6_erp_portal_print__q1_clean_digital.pdf,L6_erp_portal_print,q1_clean_digital,KAV/PO/2026-08/1931,2026-08-16,Kavyansh Enterprises,Erode,Textile Distribution Co. (Demo Entity),Erode,2026-09-15,60,INR,2,"483,913.00",Y,Y
PO00395,PO00395__L3_email_body__q4_phone_photo.jpg,L3_email_body,q4_phone_photo,NAV/PO/2026-05/1369,2026-05-13,Navrang Fashions LLP,Erode,Textile Distribution Co. (Demo Entity),Erode,2026-06-12,45,INR,12,,N,N
PO00396,PO00396__L5_handwritten_slip__q4_phone_photo.jpg,L5_handwritten_slip,q4_phone_photo,JAA/PO/2026-05/3944,2026-05-07,Jaanvi Apparels Pvt Ltd,Hyderabad,Textile Distribution Co. (Demo Entity),Hyderabad,2026-06-21,90,INR,6,,N,N
PO00397,PO00397__L1_classic_tabular__q1_clean_digital.pdf,L1_classic_tabular,q1_clean_digital,NAK/PO/2026-07/2536,2026-07-21,Nakshatra Weaves,Bengaluru,Textile Distribution Co. (Demo Entity),Bengaluru,2026-09-04,30,INR,2,"185,012.00",Y,Y
PO00398,PO00398__L3_email_body__q1_clean_digital.pdf,L3_email_body,q1_clean_digital,ADV/PO/2026-07/5752,2026-07-04,Advika Uniforms,Bhilwara,Textile Distribution Co. (Demo Entity),Bhilwara,2026-08-18,30,INR,10,,N,N
PO00399,PO00399__L2_exporter_letterhead__q1_clean_digital.pdf,L2_exporter_letterhead,q1_clean_digital,VAS/PO/2026-07/4681,2026-07-21,Vasudha Creations,Kolkata,Textile Distribution Co. (Demo Entity),Kolkata,2026-08-10,60,INR,3,"464,551.00",Y,Y
PO00400,PO00400__L3_email_body__q4_phone_photo.jpg,L3_email_body,q4_phone_photo,JAA/PO/2026-06/4391,2026-06-12,Jaanvi Apparels Pvt Ltd,Hyderabad,Textile Distribution Co. (Demo Entity),Hyderabad,2026-07-27,90,INR,7,,N,N
PO00401,PO00401__L4_excel_grid__q2_print_scan.pdf,L4_excel_grid,q2_print_scan,SUR/PO/2026-05/2032,2026-05-25,Suryakiran Enterprises,Pune,Textile Distribution Co. (Demo Entity),Pune,2026-06-19,30,INR,4,"611,540.00",Y,Y
PO00402,PO00402__L2_exporter_letterhead__q1_clean_digital.pdf,L2_exporter_letterhead,q1_clean_digital,UTS/PO/2026-07/161,2026-07-16,Utsav Trading Co,Bengaluru,Textile Distribution Co. (Demo Entity),Bengaluru,2026-08-30,60,INR,12,"2,074,923.00",Y,Y
PO00403,PO00403__L4_excel_grid__q2_print_scan.pdf,L4_excel_grid,q2_print_scan,UTS/PO/2026-05/2335,2026-05-09,Utsav Sourcing LLP,Kolkata,Textile Distribution Co. (Demo Entity),Kolkata,2026-06-08,15,INR,8,"1,370,963.00",Y,Y
PO00404,PO00404__L1_classic_tabular__q2_print_scan.pdf,L1_classic_tabular,q2_print_scan,TAN/PO/2026-04/5580,2026-04-28,Tanvi Enterprises,Ahmedabad,Textile Distribution Co. (Demo Entity),Ahmedabad,2026-05-28,30,INR,4,"241,610.00",Y,Y
PO00405,PO00405__L4_excel_grid__q1_clean_digital.pdf,L4_excel_grid,q1_clean_digital,SHR/PO/2026-08/3944,2026-08-09,Shreeyan Creations,Indore,Textile Distribution Co. (Demo Entity),Indore,2026-09-08,60,INR,4,"769,237.50",Y,Y
PO00406,PO00406__L3_email_body__q3_poor_scan.pdf,L3_email_body,q3_poor_scan,OJA/PO/2026-06/9789,2026-06-17,Ojas Fabs,Kolkata,Textile Distribution Co. (Demo Entity),Kolkata,2026-08-01,45,INR,8,,N,N
PO00407,PO00407__L3_email_body__q1_clean_digital.pdf,L3_email_body,q1_clean_digital,TEJ/PO/2026-05/2386,2026-05-21,Tejomay Fabs,Mumbai,Textile Distribution Co. (Demo Entity),Mumbai,2026-06-20,45,INR,2,,N,N
PO00408,PO00408__L5_handwritten_slip__q4_phone_photo.jpg,L5_handwritten_slip,q4_phone_photo,MAN/PO/2026-04/1725,2026-04-20,Manthan Textiles,Panipat,Textile Distribution Co. (Demo Entity),Panipat,2026-04-30,30,INR,1,,N,N
PO00409,PO00409__L2_exporter_letterhead__q1_clean_digital.pdf,L2_exporter_letterhead,q1_clean_digital,NIM/PO/2026-08/6616,2026-08-19,Nimaya Garments,Bengaluru,Textile Distribution Co. (Demo Entity),Bengaluru,2026-10-03,90,INR,5,"715,027.00",Y,Y
PO00410,PO00410__L3_email_body__q2_print_scan.pdf,L3_email_body,q2_print_scan,VAI/PO/2026-06/9035,2026-06-22,Vaidehi Enterprises,Jaipur,Textile Distribution Co. (Demo Entity),Jaipur,2026-08-06,30,INR,6,,N,N
PO00411,PO00411__L1_classic_tabular__q3_poor_scan.pdf,L1_classic_tabular,q3_poor_scan,MAN/PO/2026-05/5589,2026-05-10,Manthan Clothing Co,Bengaluru,Textile Distribution Co. (Demo Entity),Bengaluru,2026-06-09,15,INR,7,"1,322,380.50",Y,Y
PO00412,PO00412__L4_excel_grid__q1_clean_digital.pdf,L4_excel_grid,q1_clean_digital,UTS/PO/2026-06/7877,2026-06-02,Utsav Sourcing LLP,Kolkata,Textile Distribution Co. (Demo Entity),Kolkata,2026-07-17,15,INR,2,"480,262.00",Y,Y
PO00413,PO00413__L5_handwritten_slip__q3_poor_scan.pdf,L5_handwritten_slip,q3_poor_scan,MAN/PO/2026-07/3491,2026-07-23,Manthan Vastra,Bhilwara,Textile Distribution Co. (Demo Entity),Bhilwara,2026-08-22,90,INR,4,,N,N
PO00414,PO00414__L6_erp_portal_print__q1_clean_digital.pdf,L6_erp_portal_print,q1_clean_digital,URV/PO/2026-04/6388,2026-04-04,Urvi Furnishings,Bhilwara,Textile Distribution Co. (Demo Entity),Bhilwara,2026-05-19,45,INR,6,"664,998.50",Y,Y
PO00415,PO00415__L2_exporter_letterhead__q3_poor_scan.pdf,L2_exporter_letterhead,q3_poor_scan,OJA/PO/2026-07/7176,2026-07-04,Ojas Clothing Co,Ludhiana,Textile Distribution Co. (Demo Entity),Ludhiana,2026-08-18,15,INR,8,"1,418,088.00",Y,Y
PO00416,PO00416__L4_excel_grid__q1_clean_digital.pdf,L4_excel_grid,q1_clean_digital,ADV/PO/2026-07/126,2026-07-18,Advika Furnishings,Bengaluru,Textile Distribution Co. (Demo Entity),Bengaluru,2026-08-17,30,INR,10,"2,269,741.00",Y,Y
PO00417,PO00417__L6_erp_portal_print__q2_print_scan.pdf,L6_erp_portal_print,q2_print_scan,MEG/PO/2026-04/4440,2026-04-10,Meghdoot Apparels Pvt Ltd,Pune,Textile Distribution Co. (Demo Entity),Pune,2026-05-25,90,INR,3,"811,956.00",Y,Y
PO00418,PO00418__L2_exporter_letterhead__q1_clean_digital.pdf,L2_exporter_letterhead,q1_clean_digital,URV/PO/2026-07/5664,2026-07-08,Urvi Exports Pvt Ltd,Mumbai,Textile Distribution Co. (Demo Entity),Mumbai,2026-08-07,15,INR,3,"325,406.00",Y,Y
PO00419,PO00419__L3_email_body__q3_poor_scan.pdf,L3_email_body,q3_poor_scan,AMR/PO/2026-04/1149,2026-04-29,Amrit Sourcing LLP,Noida,Textile Distribution Co. (Demo Entity),Noida,2026-06-13,30,INR,10,,N,N
PO00420,PO00420__L1_classic_tabular__q5_fax_bitonal.png,L1_classic_tabular,q5_fax_bitonal,ANA/PO/2026-05/1212,2026-05-23,Anantam Textiles,Ludhiana,Textile Distribution Co. (Demo Entity),Ludhiana,2026-06-17,15,INR,5,"572,729.50",Y,Y
PO00421,PO00421__L6_erp_portal_print__q1_clean_digital.pdf,L6_erp_portal_print,q1_clean_digital,AAS/PO/2026-07/2436,2026-07-15,Aashritha Trading Co,Noida,Textile Distribution Co. (Demo Entity),Noida,2026-08-29,90,INR,1,"90,204.00",Y,Y
PO00422,PO00422__L5_handwritten_slip__q4_phone_photo.jpg,L5_handwritten_slip,q4_phone_photo,KRI/PO/2026-06/4781,2026-06-03,Kritika Creations,Indore,Textile Distribution Co. (Demo Entity),Indore,2026-06-23,60,INR,4,,N,N
PO00423,PO00423__L6_erp_portal_print__q1_clean_digital.pdf,L6_erp_portal_print,q1_clean_digital,MAN/PO/2026-06/6314,2026-06-01,Manthan Fashions LLP,Chennai,Textile Distribution Co. (Demo Entity),Chennai,2026-07-16,60,INR,8,"2,906,567.00",Y,Y
PO00424,PO00424__L4_excel_grid__q1_clean_digital.pdf,L4_excel_grid,q1_clean_digital,RAJ/PO/2026-06/6230,2026-06-05,Rajvi Creations,Bhilwara,Textile Distribution Co. (Demo Entity),Bhilwara,2026-07-20,90,INR,5,"347,118.50",Y,Y
PO00425,PO00425__L3_email_body__q1_clean_digital.pdf,L3_email_body,q1_clean_digital,TEJ/PO/2026-05/7474,2026-05-02,Tejomay Fabs,Mumbai,Textile Distribution Co. (Demo Entity),Mumbai,2026-06-01,45,INR,6,,N,N
PO00426,PO00426__L2_exporter_letterhead__q2_print_scan.pdf,L2_exporter_letterhead,q2_print_scan,OOR/PO/2026-05/3533,2026-05-08,Oorja Enterprises,Pune,Textile Distribution Co. (Demo Entity),Pune,2026-06-07,0,INR,2,"69,445.50",Y,Y
PO00427,PO00427__L1_classic_tabular__q3_poor_scan.pdf,L1_classic_tabular,q3_poor_scan,ISH/PO/2026-04/7769,2026-04-10,Ishira Creations,Indore,Textile Distribution Co. (Demo Entity),Indore,2026-05-25,0,INR,11,"1,204,645.50",Y,Y
PO00428,PO00428__L4_excel_grid__q1_clean_digital.pdf,L4_excel_grid,q1_clean_digital,YUV/PO/2026-07/2307,2026-07-02,Yuvaan Sourcing LLP,Noida,Textile Distribution Co. (Demo Entity),Noida,2026-08-16,30,INR,6,"858,318.60",Y,Y
PO00429,PO00429__L5_handwritten_slip__q4_phone_photo.jpg,L5_handwritten_slip,q4_phone_photo,LAK/PO/2026-04/9965,2026-04-15,Lakshit Fabs,Bengaluru,Textile Distribution Co. (Demo Entity),Bengaluru,2026-05-15,45,INR,4,,N,N
PO00430,PO00430__L3_email_body__q2_print_scan.pdf,L3_email_body,q2_print_scan,SUR/PO/2026-08/5206,2026-08-12,Suryakiran Sourcing LLP,Tiruppur,Textile Distribution Co. (Demo Entity),Tiruppur,2026-09-26,30,INR,5,,N,N
PO00431,PO00431__L2_exporter_letterhead__q1_clean_digital.pdf,L2_exporter_letterhead,q1_clean_digital,YAS/PO/2026-04/2492,2026-04-19,Yashvi Clothing Co,Noida,Textile Distribution Co. (Demo Entity),Noida,2026-05-19,30,INR,5,"940,119.00",Y,Y
PO00432,PO00432__L2_exporter_letterhead__q1_clean_digital.pdf,L2_exporter_letterhead,q1_clean_digital,NIR/PO/2026-07/4447,2026-07-10,Nirjara Garments,Bengaluru,Textile Distribution Co. (Demo Entity),Bengaluru,2026-08-24,90,INR,3,"419,679.50",Y,Y
PO00433,PO00433__L6_erp_portal_print__q4_phone_photo.jpg,L6_erp_portal_print,q4_phone_photo,BHO/PO/2026-08/2775,2026-08-11,Bhoomika Sourcing LLP,Ludhiana,Textile Distribution Co. (Demo Entity),Ludhiana,2026-09-25,30,INR,3,"798,742.50",Y,Y
PO00434,PO00434__L4_excel_grid__q2_print_scan.pdf,L4_excel_grid,q2_print_scan,NAV/PO/2026-08/3791,2026-08-17,Navrang Fabs,Ichalkaranji,Textile Distribution Co. (Demo Entity),Ichalkaranji,2026-09-16,30,INR,6,"495,758.50",Y,Y
PO00435,PO00435__L4_excel_grid__q1_clean_digital.pdf,L4_excel_grid,q1_clean_digital,UTS/PO/2026-06/4665,2026-06-15,Utsav Sourcing LLP,Kolkata,Textile Distribution Co. (Demo Entity),Kolkata,2026-07-30,15,INR,4,"319,383.00",Y,Y
PO00436,PO00436__L1_classic_tabular__q4_phone_photo.jpg,L1_classic_tabular,q4_phone_photo,YAS/PO/2026-07/4163,2026-07-20,Yashvi Vastra,Indore,Textile Distribution Co. (Demo Entity),Indore,2026-08-19,30,INR,5,"675,608.00",Y,Y
PO00437,PO00437__L6_erp_portal_print__q1_clean_digital.pdf,L6_erp_portal_print,q1_clean_digital,NIR/PO/2026-07/3910,2026-07-13,Nirjara Apparels Pvt Ltd,Coimbatore,Textile Distribution Co. (Demo Entity),Coimbatore,2026-08-27,15,INR,4,"503,581.00",Y,Y
PO00438,PO00438__L1_classic_tabular__q1_clean_digital.pdf,L1_classic_tabular,q1_clean_digital,VRI/PO/2026-07/134,2026-07-23,Vrinda Trading Co,Bengaluru,Textile Distribution Co. (Demo Entity),Bengaluru,2026-08-22,30,INR,8,"981,695.00",Y,Y
PO00439,PO00439__L2_exporter_letterhead__q2_print_scan.pdf,L2_exporter_letterhead,q2_print_scan,NAK/PO/2026-07/7297,2026-07-17,Nakshatra Weaves,Bengaluru,Textile Distribution Co. (Demo Entity),Bengaluru,2026-08-16,30,INR,4,"246,301.50",Y,Y
PO00440,PO00440__L1_classic_tabular__q1_clean_digital.pdf,L1_classic_tabular,q1_clean_digital,KES/PO/2026-06/9398,2026-06-18,Kesar Creations,Bengaluru,Textile Distribution Co. (Demo Entity),Bengaluru,2026-08-02,30,INR,10,"1,798,824.00",Y,Y
PO00441,PO00441__L4_excel_grid__q1_clean_digital.pdf,L4_excel_grid,q1_clean_digital,ZEN/PO/2026-08/8340,2026-08-02,Zenith Textiles,Karur,Textile Distribution Co. (Demo Entity),Karur,2026-09-16,0,INR,4,"1,199,614.00",Y,Y
PO00442,PO00442__L1_classic_tabular__q4_phone_photo.jpg,L1_classic_tabular,q4_phone_photo,HAR/PO/2026-05/1988,2026-05-25,Harsith Fashions LLP,Hyderabad,Textile Distribution Co. (Demo Entity),Hyderabad,2026-06-24,30,INR,3,"249,357.00",Y,Y
PO00443,PO00443__L1_classic_tabular__q4_phone_photo.jpg,L1_classic_tabular,q4_phone_photo,KRI/PO/2026-04/4416,2026-04-28,Kritika Creations,Indore,Textile Distribution Co. (Demo Entity),Indore,2026-06-12,60,INR,5,"472,477.50",Y,Y
PO00444,PO00444__L4_excel_grid__q1_clean_digital.pdf,L4_excel_grid,q1_clean_digital,ADV/PO/2026-07/3760,2026-07-02,Advika Furnishings,Bengaluru,Textile Distribution Co. (Demo Entity),Bengaluru,2026-07-22,30,INR,1,"165,900.00",Y,Y
PO00445,PO00445__L6_erp_portal_print__q1_clean_digital.pdf,L6_erp_portal_print,q1_clean_digital,YAS/PO/2026-06/5185,2026-06-26,Yashvi Sourcing LLP,Pune,Textile Distribution Co. (Demo Entity),Pune,2026-08-10,60,INR,2,"1,181,523.00",Y,Y
PO00446,PO00446__L4_excel_grid__q1_clean_digital.pdf,L4_excel_grid,q1_clean_digital,SHR/PO/2026-06/8542,2026-06-24,Shreeyan Creations,Indore,Textile Distribution Co. (Demo Entity),Indore,2026-07-24,60,INR,4,"367,702.50",Y,Y
PO00447,PO00447__L2_exporter_letterhead__q1_clean_digital.pdf,L2_exporter_letterhead,q1_clean_digital,NIM/PO/2026-04/6628,2026-04-11,Nimaya Sourcing LLP,Mumbai,Textile Distribution Co. (Demo Entity),Mumbai,2026-05-06,30,INR,3,"436,607.00",Y,Y
PO00448,PO00448__L6_erp_portal_print__q1_clean_digital.pdf,L6_erp_portal_print,q1_clean_digital,DEV/PO/2026-04/4427,2026-04-12,Devansh Trading Co,Ludhiana,Textile Distribution Co. (Demo Entity),Ludhiana,2026-04-27,30,INR,1,"415,875.00",Y,Y
PO00449,PO00449__L5_handwritten_slip__q4_phone_photo.jpg,L5_handwritten_slip,q4_phone_photo,ESH/PO/2026-08/5921,2026-08-12,Eshanya Trading Co,Mumbai,Textile Distribution Co. (Demo Entity),Mumbai,2026-09-11,45,INR,5,,N,N
PO00450,PO00450__L6_erp_portal_print__q1_clean_digital.pdf,L6_erp_portal_print,q1_clean_digital,CHH/PO/2026-04/9688,2026-04-03,Chhaya Fabs,Ichalkaranji,Textile Distribution Co. (Demo Entity),Ichalkaranji,2026-05-18,0,INR,7,"878,098.00",Y,Y
PO00451,PO00451__L1_classic_tabular__q3_poor_scan.pdf,L1_classic_tabular,q3_poor_scan,NAV/PO/2026-04/4613,2026-04-05,Navrang Fashions LLP,Erode,Textile Distribution Co. (Demo Entity),Erode,2026-05-20,45,INR,2,"18,060.00",Y,Y
PO00452,PO00452__L1_classic_tabular__q2_print_scan.pdf,L1_classic_tabular,q2_print_scan,ANA/PO/2026-06/7091,2026-06-12,Anantam Textiles,Ludhiana,Textile Distribution Co. (Demo Entity),Ludhiana,2026-07-27,15,INR,12,"2,179,080.50",Y,Y
PO00453,PO00453__L1_classic_tabular__q2_print_scan.pdf,L1_classic_tabular,q2_print_scan,AMR/PO/2026-07/2951,2026-07-20,Amrit Sourcing LLP,Noida,Textile Distribution Co. (Demo Entity),Noida,2026-09-03,30,INR,3,"438,936.00",Y,Y
PO00454,PO00454__L1_classic_tabular__q3_poor_scan.pdf,L1_classic_tabular,q3_poor_scan,ANA/PO/2026-06/3912,2026-06-04,Anantam Textiles,Ludhiana,Textile Distribution Co. (Demo Entity),Ludhiana,2026-07-04,15,INR,3,"553,120.00",Y,Y
PO00455,PO00455__L4_excel_grid__q1_clean_digital.pdf,L4_excel_grid,q1_clean_digital,PRA/PO/2026-04/4091,2026-04-15,Pratham Creations,Mumbai,Textile Distribution Co. (Demo Entity),Mumbai,2026-05-30,90,INR,5,"830,685.00",Y,Y
PO00456,PO00456__L6_erp_portal_print__q3_poor_scan.pdf,L6_erp_portal_print,q3_poor_scan,MAN/PO/2026-08/9379,2026-08-18,Manthan Clothing Co,Bengaluru,Textile Distribution Co. (Demo Entity),Bengaluru,2026-10-02,15,INR,5,"1,394,627.00",Y,Y
PO00457,PO00457__L2_exporter_letterhead__q1_clean_digital.pdf,L2_exporter_letterhead,q1_clean_digital,KAN/PO/2026-05/3700,2026-05-22,Kanchan Clothing Co,Tiruppur,Textile Distribution Co. (Demo Entity),Tiruppur,2026-07-06,30,INR,12,"1,969,794.50",Y,Y
PO00458,PO00458__L2_exporter_letterhead__q1_clean_digital.pdf,L2_exporter_letterhead,q1_clean_digital,TEJ/PO/2026-04/8042,2026-04-27,Tejomay Fabs,Mumbai,Textile Distribution Co. (Demo Entity),Mumbai,2026-06-11,45,INR,12,"3,698,578.00",Y,Y
PO00459,PO00459__L1_classic_tabular__q1_clean_digital.pdf,L1_classic_tabular,q1_clean_digital,ZEN/PO/2026-04/6781,2026-04-27,Zenith Garments,Pune,Textile Distribution Co. (Demo Entity),Pune,2026-06-11,0,INR,2,"271,680.00",Y,Y
PO00460,PO00460__L1_classic_tabular__q1_clean_digital.pdf,L1_classic_tabular,q1_clean_digital,AMR/PO/2026-04/877,2026-04-16,Amrit Sourcing LLP,Noida,Textile Distribution Co. (Demo Entity),Noida,2026-05-16,30,INR,5,"1,602,700.00",Y,Y
PO00461,PO00461__L1_classic_tabular__q1_clean_digital.pdf,L1_classic_tabular,q1_clean_digital,NIM/PO/2026-04/7122,2026-04-05,Nimaya Fabs,Erode,Textile Distribution Co. (Demo Entity),Erode,2026-05-20,60,INR,5,"320,785.10",Y,Y
PO00462,PO00462__L6_erp_portal_print__q1_clean_digital.pdf,L6_erp_portal_print,q1_clean_digital,ISH/PO/2026-05/3899,2026-05-09,Ishira Enterprises,Mumbai,Textile Distribution Co. (Demo Entity),Mumbai,2026-06-03,90,INR,1,"14,934.00",Y,Y
PO00463,PO00463__L1_classic_tabular__q4_phone_photo.jpg,L1_classic_tabular,q4_phone_photo,NIR/PO/2026-05/7904,2026-05-06,Nirvaan Fabs,Chennai,Textile Distribution Co. (Demo Entity),Chennai,2026-06-20,45,INR,4,"683,734.00",Y,Y
PO00464,PO00464__L4_excel_grid__q4_phone_photo.jpg,L4_excel_grid,q4_phone_photo,NIR/PO/2026-06/7518,2026-06-07,Nirvaan Fabs,Chennai,Textile Distribution Co. (Demo Entity),Chennai,2026-07-22,45,INR,1,"41,397.00",Y,Y
PO00465,PO00465__L6_erp_portal_print__q1_clean_digital.pdf,L6_erp_portal_print,q1_clean_digital,BHA/PO/2026-06/9473,2026-06-01,Bhavya Uniforms,Surat,Textile Distribution Co. (Demo Entity),Surat,2026-07-01,90,INR,3,"434,577.00",Y,Y
PO00466,PO00466__L6_erp_portal_print__q1_clean_digital.pdf,L6_erp_portal_print,q1_clean_digital,RAN/PO/2026-06/1284,2026-06-18,Rangoli Apparels Pvt Ltd,Ichalkaranji,Textile Distribution Co. (Demo Entity),Ichalkaranji,2026-08-02,60,INR,12,"1,682,657.00",Y,Y
PO00467,PO00467__L3_email_body__q1_clean_digital.pdf,L3_email_body,q1_clean_digital,ZEN/PO/2026-05/7501,2026-05-17,Zenith Garments,Pune,Textile Distribution Co. (Demo Entity),Pune,2026-07-01,0,INR,8,,N,N
PO00468,PO00468__L1_classic_tabular__q2_print_scan.pdf,L1_classic_tabular,q2_print_scan,MAY/PO/2026-07/2373,2026-07-05,Mayurika Creations,Jaipur,Textile Distribution Co. (Demo Entity),Jaipur,2026-08-19,45,INR,6,"1,084,737.00",Y,Y
PO00469,PO00469__L2_exporter_letterhead__q1_clean_digital.pdf,L2_exporter_letterhead,q1_clean_digital,NIR/PO/2026-08/3340,2026-08-01,Nirjara Apparels Pvt Ltd,Coimbatore,Textile Distribution Co. (Demo Entity),Coimbatore,2026-09-15,15,INR,10,"1,445,263.60",Y,Y
PO00470,PO00470__L4_excel_grid__q1_clean_digital.pdf,L4_excel_grid,q1_clean_digital,SAM/PO/2026-06/3822,2026-06-27,Samvit Sourcing LLP,Indore,Textile Distribution Co. (Demo Entity),Indore,2026-07-12,30,INR,3,"537,984.00",Y,Y
PO00471,PO00471__L4_excel_grid__q1_clean_digital.pdf,L4_excel_grid,q1_clean_digital,BHA/PO/2026-05/3512,2026-05-24,Bhavya Vastra,Hyderabad,Textile Distribution Co. (Demo Entity),Hyderabad,2026-06-08,30,INR,1,"166,296.00",Y,Y
PO00472,PO00472__L3_email_body__q3_poor_scan.pdf,L3_email_body,q3_poor_scan,NAV/PO/2026-07/3275,2026-07-10,Navrang Fashions LLP,Erode,Textile Distribution Co. (Demo Entity),Erode,2026-08-24,45,INR,1,,N,N
PO00473,PO00473__L5_handwritten_slip__q4_phone_photo.jpg,L5_handwritten_slip,q4_phone_photo,OJA/PO/2026-08/7271,2026-08-16,Ojas Fabs,Kolkata,Textile Distribution Co. (Demo Entity),Kolkata,2026-09-15,45,INR,3,,N,N
PO00474,PO00474__L1_classic_tabular__q1_clean_digital.pdf,L1_classic_tabular,q1_clean_digital,NAK/PO/2026-07/4457,2026-07-16,Nakshatra Weaves,Bengaluru,Textile Distribution Co. (Demo Entity),Bengaluru,2026-08-30,30,INR,2,"321,046.00",Y,Y
PO00475,PO00475__L6_erp_portal_print__q5_fax_bitonal.png,L6_erp_portal_print,q5_fax_bitonal,PAR/PO/2026-04/4043,2026-04-30,Parnika Vastra,Indore,Textile Distribution Co. (Demo Entity),Indore,2026-06-14,30,INR,6,"617,874.50",Y,Y
PO00476,PO00476__L4_excel_grid__q3_poor_scan.pdf,L4_excel_grid,q3_poor_scan,MAN/PO/2026-07/8984,2026-07-19,Manthan Textiles,Panipat,Textile Distribution Co. (Demo Entity),Panipat,2026-09-02,30,INR,7,"1,637,557.00",Y,Y
PO00477,PO00477__L5_handwritten_slip__q2_print_scan.pdf,L5_handwritten_slip,q2_print_scan,DEV/PO/2026-05/4656,2026-05-30,Devansh Uniforms,Ludhiana,Textile Distribution Co. (Demo Entity),Ludhiana,2026-07-14,0,INR,4,,N,N
PO00478,PO00478__L3_email_body__q1_clean_digital.pdf,L3_email_body,q1_clean_digital,VAS/PO/2026-07/4156,2026-07-08,Vasudha Creations,Kolkata,Textile Distribution Co. (Demo Entity),Kolkata,2026-07-23,60,INR,2,,N,N
PO00479,PO00479__L1_classic_tabular__q2_print_scan.pdf,L1_classic_tabular,q2_print_scan,BHA/PO/2026-08/7042,2026-08-17,Bhavya Fabs,Jaipur,Textile Distribution Co. (Demo Entity),Jaipur,2026-10-01,15,INR,4,"521,852.00",Y,Y
PO00480,PO00480__L1_classic_tabular__q1_clean_digital.pdf,L1_classic_tabular,q1_clean_digital,TEJ/PO/2026-04/4866,2026-04-28,Tejomay Fabs,Mumbai,Textile Distribution Co. (Demo Entity),Mumbai,2026-06-12,45,INR,3,"559,490.50",Y,Y
PO00481,PO00481__L1_classic_tabular__q2_print_scan.pdf,L1_classic_tabular,q2_print_scan,DEV/PO/2026-06/1477,2026-06-14,Devansh Uniforms,Ludhiana,Textile Distribution Co. (Demo Entity),Ludhiana,2026-07-29,0,INR,7,"1,725,790.00",Y,Y
PO00482,PO00482__L1_classic_tabular__q1_clean_digital.pdf,L1_classic_tabular,q1_clean_digital,DEV/PO/2026-05/3494,2026-05-19,Devansh Garments,Tiruppur,Textile Distribution Co. (Demo Entity),Tiruppur,2026-07-03,0,INR,6,"949,802.50",Y,Y
PO00483,PO00483__L5_handwritten_slip__q3_poor_scan.pdf,L5_handwritten_slip,q3_poor_scan,CHA/PO/2026-06/8093,2026-06-11,Charvi Furnishings,Pune,Textile Distribution Co. (Demo Entity),Pune,2026-07-06,30,INR,3,,N,N
PO00484,PO00484__L3_email_body__q4_phone_photo.jpg,L3_email_body,q4_phone_photo,RAN/PO/2026-07/3530,2026-07-13,Rangoli Sourcing LLP,Indore,Textile Distribution Co. (Demo Entity),Indore,2026-08-27,90,INR,5,,N,N
PO00485,PO00485__L4_excel_grid__q3_poor_scan.pdf,L4_excel_grid,q3_poor_scan,SAT/PO/2026-05/6278,2026-05-21,Sattva Fashions LLP,Ahmedabad,Textile Distribution Co. (Demo Entity),Ahmedabad,2026-07-05,30,INR,6,"980,026.00",Y,Y
PO00486,PO00486__L1_classic_tabular__q2_print_scan.pdf,L1_classic_tabular,q2_print_scan,URV/PO/2026-08/9374,2026-08-04,Urvi Uniforms,Jaipur,Textile Distribution Co. (Demo Entity),Jaipur,2026-08-14,15,INR,1,"1,828,845.27",Y,Y
PO00487,PO00487__L4_excel_grid__q1_clean_digital.pdf,L4_excel_grid,q1_clean_digital,ANA/PO/2026-06/3634,2026-06-29,Anantam Creations,Pune,Textile Distribution Co. (Demo Entity),Pune,2026-08-13,45,INR,5,"998,985.00",Y,Y
PO00488,PO00488__L6_erp_portal_print__q1_clean_digital.pdf,L6_erp_portal_print,q1_clean_digital,RID/PO/2026-08/9025,2026-08-03,Ridhima Vastra,Karur,Textile Distribution Co. (Demo Entity),Karur,2026-09-17,30,INR,1,"159,270.00",Y,Y
PO00489,PO00489__L4_excel_grid__q1_clean_digital.pdf,L4_excel_grid,q1_clean_digital,SHR/PO/2026-04/1991,2026-04-02,Shreeyan Creations,Indore,Textile Distribution Co. (Demo Entity),Indore,2026-05-17,60,INR,4,"556,022.00",Y,Y
PO00490,PO00490__L4_excel_grid__q1_clean_digital.pdf,L4_excel_grid,q1_clean_digital,ADV/PO/2026-05/411,2026-05-09,Advika Clothing Co,Karur,Textile Distribution Co. (Demo Entity),Karur,2026-06-23,0,INR,2,"153,045.00",Y,Y
PO00491,PO00491__L4_excel_grid__q1_clean_digital.pdf,L4_excel_grid,q1_clean_digital,OJA/PO/2026-04/204,2026-04-02,Ojas Trading Co,Tiruppur,Textile Distribution Co. (Demo Entity),Tiruppur,2026-05-17,30,INR,8,"2,031,725.00",Y,Y
PO00492,PO00492__L3_email_body__q1_clean_digital.pdf,L3_email_body,q1_clean_digital,SAA/PO/2026-06/5683,2026-06-27,Saanvi Enterprises,Surat,Textile Distribution Co. (Demo Entity),Surat,2026-07-17,90,INR,4,,N,N
PO00493,PO00493__L1_classic_tabular__q1_clean_digital.pdf,L1_classic_tabular,q1_clean_digital,VAS/PO/2026-05/5740,2026-05-21,Vasudha Creations,Kolkata,Textile Distribution Co. (Demo Entity),Kolkata,2026-06-20,60,INR,7,"1,091,083.00",Y,Y
PO00494,PO00494__L1_classic_tabular__q1_clean_digital.pdf,L1_classic_tabular,q1_clean_digital,MEG/PO/2026-06/5899,2026-06-05,Meghdoot Weaves,Coimbatore,Textile Distribution Co. (Demo Entity),Coimbatore,2026-07-05,45,INR,3,"451,388.00",Y,Y
PO00495,PO00495__L1_classic_tabular__q5_fax_bitonal.png,L1_classic_tabular,q5_fax_bitonal,VRI/PO/2026-05/9034,2026-05-21,Vrinda Trading Co,Bengaluru,Textile Distribution Co. (Demo Entity),Bengaluru,2026-06-20,30,INR,6,"1,014,359.00",Y,Y
PO00496,PO00496__L6_erp_portal_print__q4_phone_photo.jpg,L6_erp_portal_print,q4_phone_photo,YAS/PO/2026-06/8055,2026-06-15,Yashvi Vastra,Indore,Textile Distribution Co. (Demo Entity),Indore,2026-07-10,30,INR,2,"148,031.50",Y,Y
PO00497,PO00497__L1_classic_tabular__q1_clean_digital.pdf,L1_classic_tabular,q1_clean_digital,MEG/PO/2026-05/3556,2026-05-31,Meghdoot Textiles,Pune,Textile Distribution Co. (Demo Entity),Pune,2026-06-30,15,INR,3,"478,664.00",Y,Y
PO00498,PO00498__L4_excel_grid__q1_clean_digital.pdf,L4_excel_grid,q1_clean_digital,PRI/PO/2026-08/5312,2026-08-09,Prisha Apparels Pvt Ltd,Noida,Textile Distribution Co. (Demo Entity),Noida,2026-09-23,0,INR,9,"1,232,265.00",Y,Y
PO00499,PO00499__L3_email_body__q1_clean_digital.pdf,L3_email_body,q1_clean_digital,SAA/PO/2026-05/5199,2026-05-08,Saanvi Enterprises,Surat,Textile Distribution Co. (Demo Entity),Surat,2026-05-28,90,INR,3,,N,N
PO00500,PO00500__L1_classic_tabular__q3_poor_scan.pdf,L1_classic_tabular,q3_poor_scan,ADV/PO/2026-05/7002,2026-05-06,Advika Creations,Hyderabad,Textile Distribution Co. (Demo Entity),Hyderabad,2026-06-20,0,INR,12,"1,525,622.50",Y,Y
PO00501,PO00501__L3_email_body__q3_poor_scan.pdf,L3_email_body,q3_poor_scan,VRI/PO/2026-05/7355,2026-05-14,Vrinda Trading Co,Bengaluru,Textile Distribution Co. (Demo Entity),Bengaluru,2026-06-28,30,INR,8,,N,N
PO00502,PO00502__L1_classic_tabular__q1_clean_digital.pdf,L1_classic_tabular,q1_clean_digital,DEV/PO/2026-04/1942,2026-04-15,Devansh Trading Co,Ludhiana,Textile Distribution Co. (Demo Entity),Ludhiana,2026-05-15,30,INR,4,"730,016.00",Y,Y
PO00503,PO00503__L6_erp_portal_print__q1_clean_digital.pdf,L6_erp_portal_print,q1_clean_digital,RID/PO/2026-08/3052,2026-08-12,Ridhima Vastra,Karur,Textile Distribution Co. (Demo Entity),Karur,2026-09-26,30,INR,5,"808,118.00",Y,Y
PO00504,PO00504__L2_exporter_letterhead__q1_clean_digital.pdf,L2_exporter_letterhead,q1_clean_digital,NIM/PO/2026-06/2777,2026-06-06,Nimaya Sourcing LLP,Mumbai,Textile Distribution Co. (Demo Entity),Mumbai,2026-07-01,30,INR,4,"194,486.00",Y,Y
PO00505,PO00505__L4_excel_grid__q1_clean_digital.pdf,L4_excel_grid,q1_clean_digital,YAS/PO/2026-07/6096,2026-07-16,Yashvi Trading Co,Ahmedabad,Textile Distribution Co. (Demo Entity),Ahmedabad,2026-08-30,30,INR,8,"1,961,908.00",Y,Y
PO00506,PO00506__L3_email_body__q1_clean_digital.pdf,L3_email_body,q1_clean_digital,TEJ/PO/2026-05/8101,2026-05-19,Tejomay Fabs,Mumbai,Textile Distribution Co. (Demo Entity),Mumbai,2026-06-13,45,INR,7,,N,N
PO00507,PO00507__L2_exporter_letterhead__q1_clean_digital.pdf,L2_exporter_letterhead,q1_clean_digital,PRA/PO/2026-04/8410,2026-04-04,Pratham Textiles,Coimbatore,Textile Distribution Co. (Demo Entity),Coimbatore,2026-04-29,30,INR,2,"865,832.50",Y,Y
PO00508,PO00508__L1_classic_tabular__q3_poor_scan.pdf,L1_classic_tabular,q3_poor_scan,RAN/PO/2026-04/5800,2026-04-08,Rangoli Sourcing LLP,Indore,Textile Distribution Co. (Demo Entity),Indore,2026-05-23,90,INR,12,"1,699,428.00",Y,Y
PO00509,PO00509__L1_classic_tabular__q3_poor_scan.pdf,L1_classic_tabular,q3_poor_scan,FAL/PO/2026-06/2572,2026-06-25,Falguni Fashions LLP,Erode,Textile Distribution Co. (Demo Entity),Erode,2026-08-09,60,INR,3,"861,748.00",Y,Y
PO00510,PO00510__L6_erp_portal_print__q1_clean_digital.pdf,L6_erp_portal_print,q1_clean_digital,OJA/PO/2026-07/2880,2026-07-24,Ojas Fabs,Kolkata,Textile Distribution Co. (Demo Entity),Kolkata,2026-08-23,45,INR,10,"1,818,506.00",Y,Y
PO00511,PO00511__L6_erp_portal_print__q1_clean_digital.pdf,L6_erp_portal_print,q1_clean_digital,GIR/PO/2026-07/2102,2026-07-17,Girish Garments,Noida,Textile Distribution Co. (Demo Entity),Noida,2026-08-16,0,INR,6,"1,275,793.00",Y,Y
PO00512,PO00512__L1_classic_tabular__q1_clean_digital.pdf,L1_classic_tabular,q1_clean_digital,DEV/PO/2026-05/9701,2026-05-30,Devansh Creations,New Delhi,Textile Distribution Co. (Demo Entity),New Delhi,2026-07-14,0,INR,2,"104,755.00",Y,Y
PO00513,PO00513__L5_handwritten_slip__q4_phone_photo.jpg,L5_handwritten_slip,q4_phone_photo,MAN/PO/2026-05/811,2026-05-14,Manthan Clothing Co,Bengaluru,Textile Distribution Co. (Demo Entity),Bengaluru,2026-06-13,15,INR,2,,N,N
PO00514,PO00514__L2_exporter_letterhead__q1_clean_digital.pdf,L2_exporter_letterhead,q1_clean_digital,AMR/PO/2026-05/8764,2026-05-24,Amrit Sourcing LLP,Noida,Textile Distribution Co. (Demo Entity),Noida,2026-06-18,30,INR,1,"126,704.00",Y,Y
PO00515,PO00515__L4_excel_grid__q1_clean_digital.pdf,L4_excel_grid,q1_clean_digital,KRI/PO/2026-08/6540,2026-08-14,Kritika Enterprises,Bengaluru,Textile Distribution Co. (Demo Entity),Bengaluru,2026-09-28,0,INR,10,"1,758,580.00",Y,Y
PO00516,PO00516__L1_classic_tabular__q1_clean_digital.pdf,L1_classic_tabular,q1_clean_digital,MAY/PO/2026-05/2143,2026-05-23,Mayurika Creations,Jaipur,Textile Distribution Co. (Demo Entity),Jaipur,2026-07-07,45,INR,4,"845,689.00",Y,Y
PO00517,PO00517__L3_email_body__q4_phone_photo.jpg,L3_email_body,q4_phone_photo,NIR/PO/2026-05/1888,2026-05-04,Nirvaan Fabs,Chennai,Textile Distribution Co. (Demo Entity),Chennai,2026-06-18,45,INR,5,,N,N
PO00518,PO00518__L6_erp_portal_print__q1_clean_digital.pdf,L6_erp_portal_print,q1_clean_digital,DHR/PO/2026-06/1455,2026-06-30,Dhruvi Garments,Erode,Textile Distribution Co. (Demo Entity),Erode,2026-07-20,30,INR,1,"234,930.00",Y,Y
PO00519,PO00519__L1_classic_tabular__q4_phone_photo.jpg,L1_classic_tabular,q4_phone_photo,DHR/PO/2026-08/4624,2026-08-16,Dhruvi Garments,Erode,Textile Distribution Co. (Demo Entity),Erode,2026-09-30,30,INR,10,"645,409.70",Y,Y
PO00520,PO00520__L3_email_body__q1_clean_digital.pdf,L3_email_body,q1_clean_digital,NIR/PO/2026-07/6440,2026-07-17,Nirjara Apparels Pvt Ltd,Coimbatore,Textile Distribution Co. (Demo Entity),Coimbatore,2026-08-31,15,INR,5,,N,N
PO00521,PO00521__L4_excel_grid__q1_clean_digital.pdf,L4_excel_grid,q1_clean_digital,PRI/PO/2026-07/4571,2026-07-18,Prisha Apparels Pvt Ltd,Noida,Textile Distribution Co. (Demo Entity),Noida,2026-08-17,0,INR,3,"283,592.50",Y,Y
PO00522,PO00522__L6_erp_portal_print__q1_clean_digital.pdf,L6_erp_portal_print,q1_clean_digital,ISH/PO/2026-05/250,2026-05-11,Ishira Enterprises,Mumbai,Textile Distribution Co. (Demo Entity),Mumbai,2026-06-25,90,INR,5,"1,824,661.00",Y,Y
PO00523,PO00523__L4_excel_grid__q2_print_scan.pdf,L4_excel_grid,q2_print_scan,OOR/PO/2026-04/9928,2026-04-23,Oorja Furnishings,Tiruppur,Textile Distribution Co. (Demo Entity),Tiruppur,2026-05-23,15,INR,5,"441,172.00",Y,Y
PO00524,PO00524__L4_excel_grid__q1_clean_digital.pdf,L4_excel_grid,q1_clean_digital,CHA/PO/2026-07/550,2026-07-17,Charvi Fashions LLP,Coimbatore,Textile Distribution Co. (Demo Entity),Coimbatore,2026-08-16,15,INR,7,"1,427,984.00",Y,Y
PO00525,PO00525__L6_erp_portal_print__q1_clean_digital.pdf,L6_erp_portal_print,q1_clean_digital,NIR/PO/2026-08/3608,2026-08-02,Nirjara Creations,Bhilwara,Textile Distribution Co. (Demo Entity),Bhilwara,2026-09-16,30,INR,10,"1,212,602.50",Y,Y
PO00526,PO00526__L4_excel_grid__q4_phone_photo.jpg,L4_excel_grid,q4_phone_photo,NIR/PO/2026-08/2847,2026-08-04,Nirvaan Fabs,Chennai,Textile Distribution Co. (Demo Entity),Chennai,2026-09-03,45,INR,6,"956,588.00",Y,Y
PO00527,PO00527__L5_handwritten_slip__q4_phone_photo.jpg,L5_handwritten_slip,q4_phone_photo,MAN/PO/2026-04/5920,2026-04-19,Manthan Weaves,Panipat,Textile Distribution Co. (Demo Entity),Panipat,2026-06-03,90,INR,3,,N,N
PO00528,PO00528__L3_email_body__q1_clean_digital.pdf,L3_email_body,q1_clean_digital,NAK/PO/2026-05/7825,2026-05-29,Nakshatra Weaves,Bengaluru,Textile Distribution Co. (Demo Entity),Bengaluru,2026-07-13,30,INR,12,,N,N
PO00529,PO00529__L6_erp_portal_print__q1_clean_digital.pdf,L6_erp_portal_print,q1_clean_digital,GIR/PO/2026-05/2163,2026-05-03,Girish Garments,Noida,Textile Distribution Co. (Demo Entity),Noida,2026-06-02,0,INR,10,"5,044,264.78",Y,Y
PO00530,PO00530__L6_erp_portal_print__q1_clean_digital.pdf,L6_erp_portal_print,q1_clean_digital,YAS/PO/2026-07/1004,2026-07-21,Yashvi Sourcing LLP,Pune,Textile Distribution Co. (Demo Entity),Pune,2026-08-15,60,INR,3,"171,180.00",Y,Y
PO00531,PO00531__L1_classic_tabular__q1_clean_digital.pdf,L1_classic_tabular,q1_clean_digital,VAI/PO/2026-08/4585,2026-08-13,Vaidehi Garments,Indore,Textile Distribution Co. (Demo Entity),Indore,2026-09-12,60,INR,10,"1,666,381.50",Y,Y
PO00532,PO00532__L5_handwritten_slip__q3_poor_scan.pdf,L5_handwritten_slip,q3_poor_scan,SAA/PO/2026-07/2435,2026-07-12,Saanvi Garments,Panipat,Textile Distribution Co. (Demo Entity),Panipat,2026-08-26,15,INR,1,,N,N
PO00533,PO00533__L4_excel_grid__q1_clean_digital.pdf,L4_excel_grid,q1_clean_digital,BHO/PO/2026-07/6948,2026-07-27,Bhoomika Clothing Co,Surat,Textile Distribution Co. (Demo Entity),Surat,2026-09-10,30,INR,3,"471,327.00",Y,Y
PO00534,PO00534__L6_erp_portal_print__q1_clean_digital.pdf,L6_erp_portal_print,q1_clean_digital,PAR/PO/2026-06/8659,2026-06-08,Parnika Fashions LLP,Noida,Textile Distribution Co. (Demo Entity),Noida,2026-06-23,60,INR,1,"138,680.00",Y,Y
PO00535,PO00535__L5_handwritten_slip__q4_phone_photo.jpg,L5_handwritten_slip,q4_phone_photo,MAN/PO/2026-08/1505,2026-08-16,Manthan Vastra,Bhilwara,Textile Distribution Co. (Demo Entity),Bhilwara,2026-09-30,90,INR,6,,N,N
PO00536,PO00536__L3_email_body__q1_clean_digital.pdf,L3_email_body,q1_clean_digital,BHO/PO/2026-07/3754,2026-07-16,Bhoomika Apparels Pvt Ltd,Ichalkaranji,Textile Distribution Co. (Demo Entity),Ichalkaranji,2026-08-30,30,INR,3,,N,N
PO00537,PO00537__L6_erp_portal_print__q1_clean_digital.pdf,L6_erp_portal_print,q1_clean_digital,KAV/PO/2026-07/1799,2026-07-23,Kavyansh Fabs,Bhilwara,Textile Distribution Co. (Demo Entity),Bhilwara,2026-09-06,30,INR,6,"815,871.00",Y,Y
PO00538,PO00538__L1_classic_tabular__q4_phone_photo.jpg,L1_classic_tabular,q4_phone_photo,MIH/PO/2026-04/4863,2026-04-29,Mihika Furnishings,Indore,Textile Distribution Co. (Demo Entity),Indore,2026-06-13,0,INR,10,"1,987,395.00",Y,Y
PO00539,PO00539__L3_email_body__q3_poor_scan.pdf,L3_email_body,q3_poor_scan,RID/PO/2026-07/9820,2026-07-07,Ridhima Vastra,Karur,Textile Distribution Co. (Demo Entity),Karur,2026-08-06,30,INR,7,,N,N
PO00540,PO00540__L2_exporter_letterhead__q1_clean_digital.pdf,L2_exporter_letterhead,q1_clean_digital,OOR/PO/2026-05/7694,2026-05-07,Oorja Trading Co,Chennai,Textile Distribution Co. (Demo Entity),Chennai,2026-06-21,90,INR,7,"1,853,270.20",Y,Y
PO00541,PO00541__L2_exporter_letterhead__q3_poor_scan.pdf,L2_exporter_letterhead,q3_poor_scan,BHA/PO/2026-07/1479,2026-07-13,Bhavya Fabs,Jaipur,Textile Distribution Co. (Demo Entity),Jaipur,2026-08-27,15,INR,6,"382,517.00",Y,Y
PO00542,PO00542__L3_email_body__q2_print_scan.pdf,L3_email_body,q2_print_scan,NIM/PO/2026-07/9312,2026-07-21,Nimaya Garments,Bengaluru,Textile Distribution Co. (Demo Entity),Bengaluru,2026-08-15,90,INR,3,,N,N
PO00543,PO00543__L2_exporter_letterhead__q1_clean_digital.pdf,L2_exporter_letterhead,q1_clean_digital,KAV/PO/2026-07/5584,2026-07-04,Kavyansh Furnishings,Panipat,Textile Distribution Co. (Demo Entity),Panipat,2026-08-18,60,INR,8,"870,071.00",Y,Y
PO00544,PO00544__L1_classic_tabular__q2_print_scan.pdf,L1_classic_tabular,q2_print_scan,DEV/PO/2026-04/2653,2026-04-26,Devansh Exports Pvt Ltd,Ahmedabad,Textile Distribution Co. (Demo Entity),Ahmedabad,2026-06-10,90,INR,7,"121,992.00",Y,Y
PO00545,PO00545__L5_handwritten_slip__q4_phone_photo.jpg,L5_handwritten_slip,q4_phone_photo,MEG/PO/2026-06/8290,2026-06-18,Meghdoot Clothing Co,Coimbatore,Textile Distribution Co. (Demo Entity),Coimbatore,2026-07-18,30,INR,4,,N,N
PO00546,PO00546__L3_email_body__q1_clean_digital.pdf,L3_email_body,q1_clean_digital,UTS/PO/2026-04/6735,2026-04-15,Utsav Trading Co,Bengaluru,Textile Distribution Co. (Demo Entity),Bengaluru,2026-05-30,60,INR,1,,N,N
PO00547,PO00547__L4_excel_grid__q2_print_scan.pdf,L4_excel_grid,q2_print_scan,KRI/PO/2026-04/8937,2026-04-21,Kritika Enterprises,Bengaluru,Textile Distribution Co. (Demo Entity),Bengaluru,2026-06-05,0,INR,2,"487,260.00",Y,Y
PO00548,PO00548__L1_classic_tabular__q1_clean_digital.pdf,L1_classic_tabular,q1_clean_digital,ZAR/PO/2026-06/729,2026-06-12,Zarina Clothing Co,Indore,Textile Distribution Co. (Demo Entity),Indore,2026-06-27,90,INR,2,"129,687.00",Y,Y
PO00549,PO00549__L4_excel_grid__q1_clean_digital.pdf,L4_excel_grid,q1_clean_digital,ZEN/PO/2026-07/7281,2026-07-04,Zenith Textiles,Karur,Textile Distribution Co. (Demo Entity),Karur,2026-08-18,0,INR,8,"1,791,931.00",Y,Y
PO00550,PO00550__L2_exporter_letterhead__q3_poor_scan.pdf,L2_exporter_letterhead,q3_poor_scan,DEV/PO/2026-06/1180,2026-06-24,Devansh Uniforms,Ludhiana,Textile Distribution Co. (Demo Entity),Ludhiana,2026-07-14,0,INR,2,"178,218.00",Y,Y
PO00551,PO00551__L1_classic_tabular__q4_phone_photo.jpg,L1_classic_tabular,q4_phone_photo,JAA/PO/2026-04/4492,2026-04-25,Jaanvi Apparels Pvt Ltd,Hyderabad,Textile Distribution Co. (Demo Entity),Hyderabad,2026-06-09,90,INR,6,"779,476.50",Y,Y
PO00552,PO00552__L1_classic_tabular__q3_poor_scan.pdf,L1_classic_tabular,q3_poor_scan,BHA/PO/2026-07/2051,2026-07-20,Bhavya Sourcing LLP,Bhilwara,Textile Distribution Co. (Demo Entity),Bhilwara,2026-08-14,30,INR,5,"1,387,727.00",Y,Y
PO00553,PO00553__L1_classic_tabular__q1_clean_digital.pdf,L1_classic_tabular,q1_clean_digital,OJA/PO/2026-04/189,2026-04-24,Ojas Garments,Ahmedabad,Textile Distribution Co. (Demo Entity),Ahmedabad,2026-05-24,30,INR,5,"353,304.00",Y,Y
PO00554,PO00554__L1_classic_tabular__q1_clean_digital.pdf,L1_classic_tabular,q1_clean_digital,OJA/PO/2026-06/2521,2026-06-06,Ojas Garments,Ahmedabad,Textile Distribution Co. (Demo Entity),Ahmedabad,2026-07-06,30,INR,6,"770,194.00",Y,Y
PO00555,PO00555__L2_exporter_letterhead__q1_clean_digital.pdf,L2_exporter_letterhead,q1_clean_digital,SAN/PO/2026-05/2076,2026-05-26,Sanchi Textiles,Bengaluru,Textile Distribution Co. (Demo Entity),Bengaluru,2026-06-25,60,INR,8,"1,193,440.00",Y,Y
PO00556,PO00556__L3_email_body__q1_clean_digital.pdf,L3_email_body,q1_clean_digital,NIM/PO/2026-07/345,2026-07-28,Nimaya Sourcing LLP,Mumbai,Textile Distribution Co. (Demo Entity),Mumbai,2026-09-11,30,INR,10,,N,N
PO00557,PO00557__L1_classic_tabular__q1_clean_digital.pdf,L1_classic_tabular,q1_clean_digital,PRA/PO/2026-07/8066,2026-07-26,Pratham Textiles,Coimbatore,Textile Distribution Co. (Demo Entity),Coimbatore,2026-09-09,30,INR,10,"1,550,490.00",Y,Y
PO00558,PO00558__L5_handwritten_slip__q4_phone_photo.jpg,L5_handwritten_slip,q4_phone_photo,SAN/PO/2026-07/1655,2026-07-19,Sanchi Weaves,Ahmedabad,Textile Distribution Co. (Demo Entity),Ahmedabad,2026-08-18,30,INR,1,,N,N
PO00559,PO00559__L1_classic_tabular__q1_clean_digital.pdf,L1_classic_tabular,q1_clean_digital,UTS/PO/2026-07/9268,2026-07-15,Utsav Trading Co,Bengaluru,Textile Distribution Co. (Demo Entity),Bengaluru,2026-08-29,60,INR,4,"790,157.00",Y,Y
PO00560,PO00560__L6_erp_portal_print__q1_clean_digital.pdf,L6_erp_portal_print,q1_clean_digital,FAL/PO/2026-07/2322,2026-07-22,Falguni Fashions LLP,Erode,Textile Distribution Co. (Demo Entity),Erode,2026-08-16,60,INR,5,"1,021,527.00",Y,Y
PO00561,PO00561__L4_excel_grid__q1_clean_digital.pdf,L4_excel_grid,q1_clean_digital,OJA/PO/2026-07/7590,2026-07-20,Ojas Trading Co,Tiruppur,Textile Distribution Co. (Demo Entity),Tiruppur,2026-09-03,30,INR,3,"248,490.00",Y,Y
PO00562,PO00562__L2_exporter_letterhead__q2_print_scan.pdf,L2_exporter_letterhead,q2_print_scan,PAR/PO/2026-08/826,2026-08-19,Parnika Vastra,Indore,Textile Distribution Co. (Demo Entity),Indore,2026-10-03,30,INR,7,"1,326,975.00",Y,Y
PO00563,PO00563__L4_excel_grid__q1_clean_digital.pdf,L4_excel_grid,q1_clean_digital,SUR/PO/2026-07/3218,2026-07-13,Suryakiran Enterprises,Pune,Textile Distribution Co. (Demo Entity),Pune,2026-08-27,30,INR,4,"481,814.00",Y,Y
PO00564,PO00564__L1_classic_tabular__q3_poor_scan.pdf,L1_classic_tabular,q3_poor_scan,SUR/PO/2026-07/6504,2026-07-22,Suryakiran Weaves,Surat,Textile Distribution Co. (Demo Entity),Surat,2026-08-21,60,INR,5,"1,202,990.00",Y,Y
PO00565,PO00565__L6_erp_portal_print__q2_print_scan.pdf,L6_erp_portal_print,q2_print_scan,BHA/PO/2026-08/9238,2026-08-12,Bhavya Fabs,Jaipur,Textile Distribution Co. (Demo Entity),Jaipur,2026-09-26,15,INR,10,"1,293,269.00",Y,Y
PO00566,PO00566__L1_classic_tabular__q4_phone_photo.jpg,L1_classic_tabular,q4_phone_photo,NAK/PO/2026-05/569,2026-05-16,Nakshatra Clothing Co,Bengaluru,Textile Distribution Co. (Demo Entity),Bengaluru,2026-06-30,45,INR,10,"1,454,584.00",Y,Y
PO00567,PO00567__L4_excel_grid__q1_clean_digital.pdf,L4_excel_grid,q1_clean_digital,AAR/PO/2026-05/5384,2026-05-02,Aarohi Creations,Ichalkaranji,Textile Distribution Co. (Demo Entity),Ichalkaranji,2026-06-16,60,INR,5,"1,909,684.40",Y,Y
PO00568,PO00568__L4_excel_grid__q1_clean_digital.pdf,L4_excel_grid,q1_clean_digital,ESH/PO/2026-06/3807,2026-06-13,Eshanya Trading Co,Mumbai,Textile Distribution Co. (Demo Entity),Mumbai,2026-07-28,45,INR,7,"1,150,045.00",Y,Y
PO00569,PO00569__L4_excel_grid__q5_fax_bitonal.png,L4_excel_grid,q5_fax_bitonal,DEV/PO/2026-04/3552,2026-04-09,Devansh Apparels Pvt Ltd,Pune,Textile Distribution Co. (Demo Entity),Pune,2026-05-24,60,INR,10,"2,223,685.00",Y,Y
PO00570,PO00570__L4_excel_grid__q4_phone_photo.jpg,L4_excel_grid,q4_phone_photo,MAN/PO/2026-06/595,2026-06-08,Manthan Textiles,Panipat,Textile Distribution Co. (Demo Entity),Panipat,2026-07-23,30,INR,10,"1,851,624.00",Y,Y
PO00571,PO00571__L2_exporter_letterhead__q4_phone_photo.jpg,L2_exporter_letterhead,q4_phone_photo,NIM/PO/2026-04/6010,2026-04-18,Nimaya Enterprises,Ludhiana,Textile Distribution Co. (Demo Entity),Ludhiana,2026-06-02,45,INR,2,"376,482.50",Y,Y
PO00572,PO00572__L1_classic_tabular__q1_clean_digital.pdf,L1_classic_tabular,q1_clean_digital,KAN/PO/2026-06/1372,2026-06-06,Kanchan Clothing Co,Tiruppur,Textile Distribution Co. (Demo Entity),Tiruppur,2026-07-06,30,INR,7,"756,378.00",Y,Y
PO00573,PO00573__L4_excel_grid__q1_clean_digital.pdf,L4_excel_grid,q1_clean_digital,ZEN/PO/2026-07/9551,2026-07-06,Zenith Textiles,Karur,Textile Distribution Co. (Demo Entity),Karur,2026-08-20,0,INR,10,"2,499,827.50",Y,Y
PO00574,PO00574__L4_excel_grid__q1_clean_digital.pdf,L4_excel_grid,q1_clean_digital,YAS/PO/2026-06/2102,2026-06-12,Yashvi Trading Co,Ahmedabad,Textile Distribution Co. (Demo Entity),Ahmedabad,2026-07-12,30,INR,2,"291,137.50",Y,Y
PO00575,PO00575__L4_excel_grid__q1_clean_digital.pdf,L4_excel_grid,q1_clean_digital,RUC/PO/2026-08/4468,2026-08-03,Ruchira Exports Pvt Ltd,Karur,Textile Distribution Co. (Demo Entity),Karur,2026-09-17,15,INR,2,"671,900.00",Y,Y
PO00576,PO00576__L2_exporter_letterhead__q1_clean_digital.pdf,L2_exporter_letterhead,q1_clean_digital,DEV/PO/2026-05/9764,2026-05-14,Devansh Garments,Tiruppur,Textile Distribution Co. (Demo Entity),Tiruppur,2026-06-28,0,INR,8,"3,136,259.00",Y,Y
PO00577,PO00577__L4_excel_grid__q3_poor_scan.pdf,L4_excel_grid,q3_poor_scan,BHA/PO/2026-04/8883,2026-04-11,Bhavya Uniforms,Surat,Textile Distribution Co. (Demo Entity),Surat,2026-05-26,90,INR,9,"1,902,434.00",Y,Y
PO00578,PO00578__L4_excel_grid__q1_clean_digital.pdf,L4_excel_grid,q1_clean_digital,UTS/PO/2026-05/6513,2026-05-23,Utsav Sourcing LLP,Kolkata,Textile Distribution Co. (Demo Entity),Kolkata,2026-07-07,15,INR,3,"352,810.50",Y,Y
PO00579,PO00579__L1_classic_tabular__q2_print_scan.pdf,L1_classic_tabular,q2_print_scan,DEV/PO/2026-08/1145,2026-08-06,Devansh Uniforms,Ludhiana,Textile Distribution Co. (Demo Entity),Ludhiana,2026-08-26,0,INR,1,"450,180.00",Y,Y
PO00580,PO00580__L3_email_body__q1_clean_digital.pdf,L3_email_body,q1_clean_digital,URV/PO/2026-05/4243,2026-05-06,Urvi Furnishings,Bhilwara,Textile Distribution Co. (Demo Entity),Bhilwara,2026-05-31,45,INR,2,,N,N
PO00581,PO00581__L2_exporter_letterhead__q2_print_scan.pdf,L2_exporter_letterhead,q2_print_scan,NIM/PO/2026-07/7979,2026-07-07,Nimaya Fabs,Erode,Textile Distribution Co. (Demo Entity),Erode,2026-08-21,60,INR,7,"468,862.50",Y,Y
PO00582,PO00582__L3_email_body__q1_clean_digital.pdf,L3_email_body,q1_clean_digital,TAN/PO/2026-08/7412,2026-08-16,Tanvi Fashions LLP,Panipat,Textile Distribution Co. (Demo Entity),Panipat,2026-09-15,0,INR,4,,N,N
PO00583,PO00583__L5_handwritten_slip__q4_phone_photo.jpg,L5_handwritten_slip,q4_phone_photo,RAJ/PO/2026-05/7573,2026-05-01,Rajvi Creations,Bhilwara,Textile Distribution Co. (Demo Entity),Bhilwara,2026-06-15,90,INR,5,,N,N
PO00584,PO00584__L1_classic_tabular__q1_clean_digital.pdf,L1_classic_tabular,q1_clean_digital,ISH/PO/2026-07/9267,2026-07-21,Ishira Creations,Indore,Textile Distribution Co. (Demo Entity),Indore,2026-09-04,0,INR,4,"925,682.00",Y,Y
PO00585,PO00585__L2_exporter_letterhead__q3_poor_scan.pdf,L2_exporter_letterhead,q3_poor_scan,ISH/PO/2026-08/2750,2026-08-04,Ishira Creations,Indore,Textile Distribution Co. (Demo Entity),Indore,2026-09-18,0,INR,5,"830,764.00",Y,Y
PO00586,PO00586__L1_classic_tabular__q4_phone_photo.jpg,L1_classic_tabular,q4_phone_photo,LAK/PO/2026-06/4099,2026-06-15,Lakshit Fabs,Bengaluru,Textile Distribution Co. (Demo Entity),Bengaluru,2026-07-30,45,INR,10,"1,411,168.00",Y,Y
PO00587,PO00587__L4_excel_grid__q1_clean_digital.pdf,L4_excel_grid,q1_clean_digital,UTS/PO/2026-07/4811,2026-07-25,Utsav Sourcing LLP,Kolkata,Textile Distribution Co. (Demo Entity),Kolkata,2026-09-08,15,INR,7,"1,724,317.00",Y,Y
PO00588,PO00588__L1_classic_tabular__q1_clean_digital.pdf,L1_classic_tabular,q1_clean_digital,ADV/PO/2026-08/4267,2026-08-02,Advika Garments,Indore,Textile Distribution Co. (Demo Entity),Indore,2026-08-12,90,INR,1,"27,864.00",Y,Y
PO00589,PO00589__L6_erp_portal_print__q1_clean_digital.pdf,L6_erp_portal_print,q1_clean_digital,KAV/PO/2026-06/4156,2026-06-06,Kavyansh Fabs,Bhilwara,Textile Distribution Co. (Demo Entity),Bhilwara,2026-06-26,30,INR,1,"341,376.00",Y,Y
PO00590,PO00590__L5_handwritten_slip__q3_poor_scan.pdf,L5_handwritten_slip,q3_poor_scan,ANA/PO/2026-04/7136,2026-04-23,Anantam Weaves,Erode,Textile Distribution Co. (Demo Entity),Erode,2026-06-07,30,INR,6,,N,N
PO00591,PO00591__L1_classic_tabular__q2_print_scan.pdf,L1_classic_tabular,q2_print_scan,SAN/PO/2026-05/3298,2026-05-15,Sanchi Enterprises,Hyderabad,Textile Distribution Co. (Demo Entity),Hyderabad,2026-06-29,15,INR,3,"829,382.00",Y,Y
PO00592,PO00592__L1_classic_tabular__q1_clean_digital.pdf,L1_classic_tabular,q1_clean_digital,MAY/PO/2026-07/4317,2026-07-10,Mayurika Creations,Jaipur,Textile Distribution Co. (Demo Entity),Jaipur,2026-08-24,45,INR,7,"3,634,115.38",Y,Y
PO00593,PO00593__L1_classic_tabular__q1_clean_digital.pdf,L1_classic_tabular,q1_clean_digital,UTS/PO/2026-06/3284,2026-06-08,Utsav Creations,Karur,Textile Distribution Co. (Demo Entity),Karur,2026-07-23,45,INR,9,"1,014,538.50",Y,Y
PO00594,PO00594__L1_classic_tabular__q1_clean_digital.pdf,L1_classic_tabular,q1_clean_digital,NIR/PO/2026-04/5112,2026-04-08,Nirjara Apparels Pvt Ltd,Coimbatore,Textile Distribution Co. (Demo Entity),Coimbatore,2026-05-23,15,INR,2,"302,605.00",Y,Y
PO00595,PO00595__L4_excel_grid__q1_clean_digital.pdf,L4_excel_grid,q1_clean_digital,PRA/PO/2026-05/5256,2026-05-21,Pratham Creations,Mumbai,Textile Distribution Co. (Demo Entity),Mumbai,2026-06-20,90,INR,5,"459,415.00",Y,Y
PO00596,PO00596__L2_exporter_letterhead__q1_clean_digital.pdf,L2_exporter_letterhead,q1_clean_digital,NAK/PO/2026-05/3344,2026-05-02,Nakshatra Weaves,Bengaluru,Textile Distribution Co. (Demo Entity),Bengaluru,2026-05-27,30,INR,4,"295,451.20",Y,Y
PO00597,PO00597__L4_excel_grid__q1_clean_digital.pdf,L4_excel_grid,q1_clean_digital,KRI/PO/2026-07/4490,2026-07-26,Kritika Enterprises,Bengaluru,Textile Distribution Co. (Demo Entity),Bengaluru,2026-09-09,0,INR,4,"723,521.50",Y,Y
PO00598,PO00598__L1_classic_tabular__q3_poor_scan.pdf,L1_classic_tabular,q3_poor_scan,ADV/PO/2026-05/8174,2026-05-09,Advika Creations,Hyderabad,Textile Distribution Co. (Demo Entity),Hyderabad,2026-06-23,0,INR,5,"536,241.00",Y,Y
PO00599,PO00599__L6_erp_portal_print__q1_clean_digital.pdf,L6_erp_portal_print,q1_clean_digital,CHA/PO/2026-05/8461,2026-05-13,Charvi Weaves,New Delhi,Textile Distribution Co. (Demo Entity),New Delhi,2026-06-27,15,INR,12,"1,277,130.50",Y,Y
PO00600,PO00600__L6_erp_portal_print__q1_clean_digital.pdf,L6_erp_portal_print,q1_clean_digital,NIR/PO/2026-08/3270,2026-08-04,Nirjara Creations,Bhilwara,Textile Distribution Co. (Demo Entity),Bhilwara,2026-09-18,30,INR,2,"217,953.00",Y,Y
PO00601,PO00601__L1_classic_tabular__q1_clean_digital.pdf,L1_classic_tabular,q1_clean_digital,SAN/PO/2026-05/9679,2026-05-09,Sanchi Enterprises,Hyderabad,Textile Distribution Co. (Demo Entity),Hyderabad,2026-05-24,15,INR,3,"542,326.00",Y,Y
PO00602,PO00602__L1_classic_tabular__q2_print_scan.pdf,L1_classic_tabular,q2_print_scan,MEG/PO/2026-04/6521,2026-04-27,Meghdoot Textiles,Pune,Textile Distribution Co. (Demo Entity),Pune,2026-06-11,15,INR,3,"128,512.50",Y,Y
PO00603,PO00603__L3_email_body__q1_clean_digital.pdf,L3_email_body,q1_clean_digital,KAV/PO/2026-07/7193,2026-07-04,Kavyansh Uniforms,Mumbai,Textile Distribution Co. (Demo Entity),Mumbai,2026-08-18,90,INR,6,,N,N
PO00604,PO00604__L3_email_body__q4_phone_photo.jpg,L3_email_body,q4_phone_photo,MAN/PO/2026-04/4711,2026-04-09,Manthan Weaves,Panipat,Textile Distribution Co. (Demo Entity),Panipat,2026-05-09,90,INR,1,,N,N
PO00605,PO00605__L1_classic_tabular__q2_print_scan.pdf,L1_classic_tabular,q2_print_scan,SAA/PO/2026-04/4290,2026-04-27,Saanvi Garments,Panipat,Textile Distribution Co. (Demo Entity),Panipat,2026-06-11,15,INR,5,"966,010.00",Y,Y
PO00606,PO00606__L1_classic_tabular__q3_poor_scan.pdf,L1_classic_tabular,q3_poor_scan,PRA/PO/2026-04/4892,2026-04-03,Pratham Exports Pvt Ltd,Jaipur,Textile Distribution Co. (Demo Entity),Jaipur,2026-05-18,0,INR,7,"1,284,259.00",Y,Y
PO00607,PO00607__L5_handwritten_slip__q3_poor_scan.pdf,L5_handwritten_slip,q3_poor_scan,ZEN/PO/2026-04/921,2026-04-25,Zenith Garments,Pune,Textile Distribution Co. (Demo Entity),Pune,2026-05-10,0,INR,3,,N,N
PO00608,PO00608__L4_excel_grid__q1_clean_digital.pdf,L4_excel_grid,q1_clean_digital,ADV/PO/2026-06/7604,2026-06-07,Advika Clothing Co,Karur,Textile Distribution Co. (Demo Entity),Karur,2026-07-22,0,INR,9,"1,366,380.00",Y,Y
PO00609,PO00609__L1_classic_tabular__q4_phone_photo.jpg,L1_classic_tabular,q4_phone_photo,MIH/PO/2026-06/2020,2026-06-06,Mihika Furnishings,Indore,Textile Distribution Co. (Demo Entity),Indore,2026-07-21,0,INR,12,"2,042,099.40",Y,Y
PO00610,PO00610__L6_erp_portal_print__q4_phone_photo.jpg,L6_erp_portal_print,q4_phone_photo,KRI/PO/2026-04/8532,2026-04-20,Kritika Creations,Indore,Textile Distribution Co. (Demo Entity),Indore,2026-05-10,60,INR,1,"41,472.00",Y,Y
PO00611,PO00611__L1_classic_tabular__q2_print_scan.pdf,L1_classic_tabular,q2_print_scan,SAN/PO/2026-04/6460,2026-04-03,Sanchi Enterprises,Hyderabad,Textile Distribution Co. (Demo Entity),Hyderabad,2026-04-28,15,INR,2,"265,361.00",Y,Y
PO00612,PO00612__L1_classic_tabular__q4_phone_photo.jpg,L1_classic_tabular,q4_phone_photo,MAN/PO/2026-08/2248,2026-08-06,Manthan Clothing Co,Bengaluru,Textile Distribution Co. (Demo Entity),Bengaluru,2026-09-20,15,INR,7,"1,566,157.00",Y,Y
PO00613,PO00613__L1_classic_tabular__q4_phone_photo.jpg,L1_classic_tabular,q4_phone_photo,BHO/PO/2026-08/8987,2026-08-07,Bhoomika Sourcing LLP,Ludhiana,Textile Distribution Co. (Demo Entity),Ludhiana,2026-09-01,30,INR,3,"1,641,050.00",Y,Y
PO00614,PO00614__L3_email_body__q5_fax_bitonal.png,L3_email_body,q5_fax_bitonal,DEV/PO/2026-05/8472,2026-05-30,Devansh Trading Co,Ludhiana,Textile Distribution Co. (Demo Entity),Ludhiana,2026-07-14,30,INR,10,,N,N
PO00615,PO00615__L5_handwritten_slip__q4_phone_photo.jpg,L5_handwritten_slip,q4_phone_photo,LAK/PO/2026-08/810,2026-08-07,Lakshit Fabs,Bengaluru,Textile Distribution Co. (Demo Entity),Bengaluru,2026-08-27,45,INR,3,,N,N
PO00616,PO00616__L1_classic_tabular__q3_poor_scan.pdf,L1_classic_tabular,q3_poor_scan,MAN/PO/2026-05/4372,2026-05-15,Manthan Fashions LLP,Chennai,Textile Distribution Co. (Demo Entity),Chennai,2026-06-14,60,INR,10,"2,589,792.00",Y,Y
PO00617,PO00617__L6_erp_portal_print__q4_phone_photo.jpg,L6_erp_portal_print,q4_phone_photo,MEG/PO/2026-04/4653,2026-04-24,Meghdoot Clothing Co,Coimbatore,Textile Distribution Co. (Demo Entity),Coimbatore,2026-06-08,30,INR,6,"564,705.00",Y,Y
PO00618,PO00618__L1_classic_tabular__q1_clean_digital.pdf,L1_classic_tabular,q1_clean_digital,URV/PO/2026-04/3285,2026-04-22,Urvi Exports Pvt Ltd,Mumbai,Textile Distribution Co. (Demo Entity),Mumbai,2026-05-22,15,INR,4,"241,409.30",Y,Y
PO00619,PO00619__L1_classic_tabular__q1_clean_digital.pdf,L1_classic_tabular,q1_clean_digital,BHA/PO/2026-07/9390,2026-07-30,Bhavya Sourcing LLP,Bhilwara,Textile Distribution Co. (Demo Entity),Bhilwara,2026-09-13,30,INR,8,"1,322,590.00",Y,Y
PO00620,PO00620__L1_classic_tabular__q2_print_scan.pdf,L1_classic_tabular,q2_print_scan,SAA/PO/2026-06/1759,2026-06-09,Saanvi Garments,Panipat,Textile Distribution Co. (Demo Entity),Panipat,2026-07-09,15,INR,3,"283,428.50",Y,Y
PO00621,PO00621__L3_email_body__q1_clean_digital.pdf,L3_email_body,q1_clean_digital,ADV/PO/2026-08/3128,2026-08-10,Advika Uniforms,Bhilwara,Textile Distribution Co. (Demo Entity),Bhilwara,2026-09-24,30,INR,5,,N,N
PO00622,PO00622__L3_email_body__q3_poor_scan.pdf,L3_email_body,q3_poor_scan,MIH/PO/2026-07/4945,2026-07-24,Mihika Furnishings,Indore,Textile Distribution Co. (Demo Entity),Indore,2026-09-07,0,INR,8,,N,N
PO00623,PO00623__L4_excel_grid__q4_phone_photo.jpg,L4_excel_grid,q4_phone_photo,HAR/PO/2026-07/7081,2026-07-17,Harsith Fashions LLP,Hyderabad,Textile Distribution Co. (Demo Entity),Hyderabad,2026-08-16,30,INR,2,"381,791.00",Y,Y
PO00624,PO00624__L1_classic_tabular__q2_print_scan.pdf,L1_classic_tabular,q2_print_scan,BHA/PO/2026-08/4266,2026-08-06,Bhavya Fabs,Jaipur,Textile Distribution Co. (Demo Entity),Jaipur,2026-09-20,15,INR,4,"563,129.00",Y,Y
PO00625,PO00625__L6_erp_portal_print__q1_clean_digital.pdf,L6_erp_portal_print,q1_clean_digital,OJA/PO/2026-06/9383,2026-06-07,Ojas Fabs,Kolkata,Textile Distribution Co. (Demo Entity),Kolkata,2026-07-07,45,INR,7,"545,578.00",Y,Y
PO00626,PO00626__L1_classic_tabular__q1_clean_digital.pdf,L1_classic_tabular,q1_clean_digital,NIM/PO/2026-07/8564,2026-07-30,Nimaya Fabs,Erode,Textile Distribution Co. (Demo Entity),Erode,2026-08-19,60,INR,2,"400,901.00",Y,Y
PO00627,PO00627__L4_excel_grid__q2_print_scan.pdf,L4_excel_grid,q2_print_scan,PAR/PO/2026-04/5732,2026-04-26,Parnika Vastra,Indore,Textile Distribution Co. (Demo Entity),Indore,2026-06-10,30,INR,10,"1,347,351.00",Y,Y
PO00628,PO00628__L2_exporter_letterhead__q1_clean_digital.pdf,L2_exporter_letterhead,q1_clean_digital,DEV/PO/2026-05/4325,2026-05-23,Devansh Creations,New Delhi,Textile Distribution Co. (Demo Entity),New Delhi,2026-07-07,0,INR,5,"1,232,258.50",Y,Y
PO00629,PO00629__L1_classic_tabular__q1_clean_digital.pdf,L1_classic_tabular,q1_clean_digital,OOR/PO/2026-08/8943,2026-08-06,Oorja Trading Co,Chennai,Textile Distribution Co. (Demo Entity),Chennai,2026-09-20,90,INR,7,"479,488.50",Y,Y
PO00630,PO00630__L6_erp_portal_print__q1_clean_digital.pdf,L6_erp_portal_print,q1_clean_digital,OJA/PO/2026-06/450,2026-06-26,Ojas Fabs,Kolkata,Textile Distribution Co. (Demo Entity),Kolkata,2026-08-10,45,INR,10,"1,103,329.00",Y,Y
PO00631,PO00631__L1_classic_tabular__q1_clean_digital.pdf,L1_classic_tabular,q1_clean_digital,DEV/PO/2026-07/6858,2026-07-10,Devansh Creations,New Delhi,Textile Distribution Co. (Demo Entity),New Delhi,2026-08-24,0,INR,5,"883,241.50",Y,Y
PO00632,PO00632__L2_exporter_letterhead__q3_poor_scan.pdf,L2_exporter_letterhead,q3_poor_scan,OJA/PO/2026-04/5635,2026-04-03,Ojas Clothing Co,Ludhiana,Textile Distribution Co. (Demo Entity),Ludhiana,2026-05-18,15,INR,9,"1,601,700.00",Y,Y
PO00633,PO00633__L2_exporter_letterhead__q1_clean_digital.pdf,L2_exporter_letterhead,q1_clean_digital,MAY/PO/2026-06/579,2026-06-18,Mayurika Creations,Jaipur,Textile Distribution Co. (Demo Entity),Jaipur,2026-08-02,45,INR,10,"1,769,548.00",Y,Y
PO00634,PO00634__L1_classic_tabular__q4_phone_photo.jpg,L1_classic_tabular,q4_phone_photo,LAK/PO/2026-05/2821,2026-05-19,Lakshit Fabs,Bengaluru,Textile Distribution Co. (Demo Entity),Bengaluru,2026-07-03,45,INR,8,"2,266,586.00",Y,Y
PO00635,PO00635__L1_classic_tabular__q3_poor_scan.pdf,L1_classic_tabular,q3_poor_scan,MIH/PO/2026-05/1270,2026-05-28,Mihika Furnishings,Indore,Textile Distribution Co. (Demo Entity),Indore,2026-07-12,0,INR,5,"698,116.50",Y,Y
PO00636,PO00636__L1_classic_tabular__q4_phone_photo.jpg,L1_classic_tabular,q4_phone_photo,MEG/PO/2026-05/6056,2026-05-16,Meghdoot Clothing Co,Coimbatore,Textile Distribution Co. (Demo Entity),Coimbatore,2026-06-30,30,INR,6,"968,103.00",Y,Y
PO00637,PO00637__L3_email_body__q1_clean_digital.pdf,L3_email_body,q1_clean_digital,KAN/PO/2026-07/3842,2026-07-21,Kanchan Clothing Co,Tiruppur,Textile Distribution Co. (Demo Entity),Tiruppur,2026-09-04,30,INR,10,,N,N
PO00638,PO00638__L2_exporter_letterhead__q1_clean_digital.pdf,L2_exporter_letterhead,q1_clean_digital,KAV/PO/2026-06/6285,2026-06-01,Kavyansh Furnishings,Panipat,Textile Distribution Co. (Demo Entity),Panipat,2026-06-26,60,INR,3,"477,440.00",Y,Y
PO00639,PO00639__L2_exporter_letterhead__q1_clean_digital.pdf,L2_exporter_letterhead,q1_clean_digital,NIR/PO/2026-06/1360,2026-06-18,Nirjara Apparels Pvt Ltd,Coimbatore,Textile Distribution Co. (Demo Entity),Coimbatore,2026-07-08,15,INR,4,"3,683,238.72",Y,Y
PO00640,PO00640__L6_erp_portal_print__q1_clean_digital.pdf,L6_erp_portal_print,q1_clean_digital,MAN/PO/2026-04/2789,2026-04-12,Manthan Fashions LLP,Chennai,Textile Distribution Co. (Demo Entity),Chennai,2026-05-12,60,INR,3,"1,740,872.00",Y,Y
PO00641,PO00641__L4_excel_grid__q4_phone_photo.jpg,L4_excel_grid,q4_phone_photo,MAN/PO/2026-04/5204,2026-04-12,Manthan Textiles,Panipat,Textile Distribution Co. (Demo Entity),Panipat,2026-05-12,30,INR,9,"1,494,053.00",Y,Y
PO00642,PO00642__L4_excel_grid__q1_clean_digital.pdf,L4_excel_grid,q1_clean_digital,SUR/PO/2026-07/2067,2026-07-18,Suryakiran Enterprises,Pune,Textile Distribution Co. (Demo Entity),Pune,2026-08-07,30,INR,2,"394,810.00",Y,Y
PO00643,PO00643__L1_classic_tabular__q1_clean_digital.pdf,L1_classic_tabular,q1_clean_digital,VAI/PO/2026-07/5834,2026-07-03,Vaidehi Enterprises,Jaipur,Textile Distribution Co. (Demo Entity),Jaipur,2026-08-02,30,INR,2,"115,150.00",Y,Y
PO00644,PO00644__L6_erp_portal_print__q3_poor_scan.pdf,L6_erp_portal_print,q3_poor_scan,PAR/PO/2026-05/9439,2026-05-23,Parnika Fashions LLP,Noida,Textile Distribution Co. (Demo Entity),Noida,2026-07-07,60,INR,7,"1,431,191.00",Y,Y
PO00645,PO00645__L4_excel_grid__q4_phone_photo.jpg,L4_excel_grid,q4_phone_photo,NIR/PO/2026-05/6727,2026-05-02,Nirvaan Fabs,Chennai,Textile Distribution Co. (Demo Entity),Chennai,2026-06-01,45,INR,8,"2,072,450.00",Y,Y
PO00646,PO00646__L5_handwritten_slip__q4_phone_photo.jpg,L5_handwritten_slip,q4_phone_photo,SAN/PO/2026-06/2535,2026-06-05,Sanchi Weaves,Ahmedabad,Textile Distribution Co. (Demo Entity),Ahmedabad,2026-07-20,30,INR,5,,N,N
PO00647,PO00647__L4_excel_grid__q1_clean_digital.pdf,L4_excel_grid,q1_clean_digital,UTS/PO/2026-06/3685,2026-06-30,Utsav Furnishings,Ahmedabad,Textile Distribution Co. (Demo Entity),Ahmedabad,2026-07-15,45,INR,1,"184,630.00",Y,Y
PO00648,PO00648__L6_erp_portal_print__q1_clean_digital.pdf,L6_erp_portal_print,q1_clean_digital,UTS/PO/2026-06/8536,2026-06-23,Utsav Creations,Karur,Textile Distribution Co. (Demo Entity),Karur,2026-07-23,45,INR,1,"218,040.00",Y,Y
PO00649,PO00649__L4_excel_grid__q1_clean_digital.pdf,L4_excel_grid,q1_clean_digital,NIR/PO/2026-06/2360,2026-06-25,Nirjara Trading Co,Erode,Textile Distribution Co. (Demo Entity),Erode,2026-07-25,60,INR,4,"927,042.00",Y,Y
PO00650,PO00650__L3_email_body__q4_phone_photo.jpg,L3_email_body,q4_phone_photo,ANA/PO/2026-07/9584,2026-07-04,Anantam Weaves,Erode,Textile Distribution Co. (Demo Entity),Erode,2026-08-18,30,INR,5,,N,N
PO00651,PO00651__L1_classic_tabular__q1_clean_digital.pdf,L1_classic_tabular,q1_clean_digital,NAK/PO/2026-07/2851,2026-07-16,Nakshatra Garments,Indore,Textile Distribution Co. (Demo Entity),Indore,2026-08-30,30,INR,8,"652,162.50",Y,Y
PO00652,PO00652__L4_excel_grid__q4_phone_photo.jpg,L4_excel_grid,q4_phone_photo,VAS/PO/2026-06/2386,2026-06-28,Vasudha Clothing Co,Ichalkaranji,Textile Distribution Co. (Demo Entity),Ichalkaranji,2026-08-12,60,INR,7,"1,048,703.00",Y,Y
PO00653,PO00653__L4_excel_grid__q4_phone_photo.jpg,L4_excel_grid,q4_phone_photo,SAN/PO/2026-07/5916,2026-07-12,Sanchi Weaves,Ahmedabad,Textile Distribution Co. (Demo Entity),Ahmedabad,2026-08-11,30,INR,1,"38,088.00",Y,Y
PO00654,PO00654__L4_excel_grid__q1_clean_digital.pdf,L4_excel_grid,q1_clean_digital,NIM/PO/2026-07/3973,2026-07-16,Nimaya Vastra,Coimbatore,Textile Distribution Co. (Demo Entity),Coimbatore,2026-08-10,90,INR,4,"291,760.00",Y,Y
PO00655,PO00655__L4_excel_grid__q1_clean_digital.pdf,L4_excel_grid,q1_clean_digital,SAM/PO/2026-05/493,2026-05-29,Samvit Sourcing LLP,Indore,Textile Distribution Co. (Demo Entity),Indore,2026-06-18,30,INR,3,"7,875,017.16",Y,Y
PO00656,PO00656__L4_excel_grid__q1_clean_digital.pdf,L4_excel_grid,q1_clean_digital,ADV/PO/2026-06/5488,2026-06-29,Advika Clothing Co,Karur,Textile Distribution Co. (Demo Entity),Karur,2026-07-29,0,INR,5,"6,388,027.90",Y,Y
PO00657,PO00657__L1_classic_tabular__q1_clean_digital.pdf,L1_classic_tabular,q1_clean_digital,TAN/PO/2026-05/2368,2026-05-07,Tanvi Enterprises,Ahmedabad,Textile Distribution Co. (Demo Entity),Ahmedabad,2026-06-21,30,INR,3,"4,591,808.00",Y,Y
PO00658,PO00658__L1_classic_tabular__q3_poor_scan.pdf,L1_classic_tabular,q3_poor_scan,YAS/PO/2026-07/8904,2026-07-29,Yashvi Sourcing LLP,Pune,Textile Distribution Co. (Demo Entity),Pune,2026-08-28,60,INR,7,"1,668,511.00",Y,Y
PO00659,PO00659__L6_erp_portal_print__q1_clean_digital.pdf,L6_erp_portal_print,q1_clean_digital,ISH/PO/2026-06/4504,2026-06-24,Ishira Enterprises,Mumbai,Textile Distribution Co. (Demo Entity),Mumbai,2026-07-24,90,INR,6,"1,378,883.00",Y,Y
PO00660,PO00660__L2_exporter_letterhead__q1_clean_digital.pdf,L2_exporter_letterhead,q1_clean_digital,SAM/PO/2026-07/4471,2026-07-25,Samvit Trading Co,Mumbai,Textile Distribution Co. (Demo Entity),Mumbai,2026-09-08,0,INR,5,"684,232.00",Y,Y
PO00661,PO00661__L4_excel_grid__q2_print_scan.pdf,L4_excel_grid,q2_print_scan,GIR/PO/2026-07/2532,2026-07-22,Girish Creations,Ichalkaranji,Textile Distribution Co. (Demo Entity),Ichalkaranji,2026-09-05,30,INR,2,"222,054.00",Y,Y
PO00662,PO00662__L4_excel_grid__q1_clean_digital.pdf,L4_excel_grid,q1_clean_digital,BHA/PO/2026-04/6574,2026-04-06,Bhavya Apparels Pvt Ltd,Surat,Textile Distribution Co. (Demo Entity),Surat,2026-05-21,30,INR,10,"705,846.70",Y,Y
PO00663,PO00663__L5_handwritten_slip__q4_phone_photo.jpg,L5_handwritten_slip,q4_phone_photo,UTS/PO/2026-05/6694,2026-05-06,Utsav Textiles,New Delhi,Textile Distribution Co. (Demo Entity),New Delhi,2026-06-05,0,INR,3,,N,N
PO00664,PO00664__L1_classic_tabular__q3_poor_scan.pdf,L1_classic_tabular,q3_poor_scan,UTS/PO/2026-06/6086,2026-06-05,Utsav Furnishings,Ahmedabad,Textile Distribution Co. (Demo Entity),Ahmedabad,2026-07-20,45,INR,7,"1,679,579.00",Y,Y
PO00665,PO00665__L6_erp_portal_print__q1_clean_digital.pdf,L6_erp_portal_print,q1_clean_digital,DEV/PO/2026-05/1776,2026-05-15,Devansh Apparels Pvt Ltd,Pune,Textile Distribution Co. (Demo Entity),Pune,2026-06-09,60,INR,4,"1,073,100.00",Y,Y
PO00666,PO00666__L2_exporter_letterhead__q1_clean_digital.pdf,L2_exporter_letterhead,q1_clean_digital,NIM/PO/2026-06/8473,2026-06-30,Nimaya Fabs,Erode,Textile Distribution Co. (Demo Entity),Erode,2026-08-14,60,INR,4,"531,024.00",Y,Y
PO00667,PO00667__L1_classic_tabular__q4_phone_photo.jpg,L1_classic_tabular,q4_phone_photo,OOR/PO/2026-05/7383,2026-05-09,Oorja Furnishings,Tiruppur,Textile Distribution Co. (Demo Entity),Tiruppur,2026-06-23,15,INR,8,"1,338,741.50",Y,Y
PO00668,PO00668__L4_excel_grid__q1_clean_digital.pdf,L4_excel_grid,q1_clean_digital,SAT/PO/2026-07/3183,2026-07-24,Sattva Trading Co,Ichalkaranji,Textile Distribution Co. (Demo Entity),Ichalkaranji,2026-09-07,30,INR,6,"1,029,593.50",Y,Y
PO00669,PO00669__L1_classic_tabular__q4_phone_photo.jpg,L1_classic_tabular,q4_phone_photo,LAK/PO/2026-06/5639,2026-06-14,Lakshit Fabs,Bengaluru,Textile Distribution Co. (Demo Entity),Bengaluru,2026-07-14,45,INR,7,"1,847,507.00",Y,Y
PO00670,PO00670__L3_email_body__q4_phone_photo.jpg,L3_email_body,q4_phone_photo,SUR/PO/2026-04/8404,2026-04-27,Suryakiran Weaves,Surat,Textile Distribution Co. (Demo Entity),Surat,2026-05-27,60,INR,10,,N,N
PO00671,PO00671__L2_exporter_letterhead__q2_print_scan.pdf,L2_exporter_letterhead,q2_print_scan,SAA/PO/2026-05/7702,2026-05-19,Saanvi Garments,Panipat,Textile Distribution Co. (Demo Entity),Panipat,2026-07-03,15,INR,4,"267,055.00",Y,Y
PO00672,PO00672__L1_classic_tabular__q1_clean_digital.pdf,L1_classic_tabular,q1_clean_digital,VRI/PO/2026-05/1546,2026-05-22,Vrinda Trading Co,Bengaluru,Textile Distribution Co. (Demo Entity),Bengaluru,2026-07-06,30,INR,5,"450,596.00",Y,Y
PO00673,PO00673__L1_classic_tabular__q1_clean_digital.pdf,L1_classic_tabular,q1_clean_digital,TEJ/PO/2026-04/510,2026-04-01,Tejomay Fabs,Mumbai,Textile Distribution Co. (Demo Entity),Mumbai,2026-05-16,45,INR,8,"2,633,136.00",Y,Y
PO00674,PO00674__L5_handwritten_slip__q3_poor_scan.pdf,L5_handwritten_slip,q3_poor_scan,MAN/PO/2026-04/4760,2026-04-09,Manthan Vastra,Bhilwara,Textile Distribution Co. (Demo Entity),Bhilwara,2026-05-24,90,INR,5,,N,N
PO00675,PO00675__L1_classic_tabular__q1_clean_digital.pdf,L1_classic_tabular,q1_clean_digital,NIM/PO/2026-05/2985,2026-05-08,Nimaya Fabs,Erode,Textile Distribution Co. (Demo Entity),Erode,2026-06-22,60,INR,3,"181,389.50",Y,Y
PO00676,PO00676__L1_classic_tabular__q1_clean_digital.pdf,L1_classic_tabular,q1_clean_digital,NIM/PO/2026-06/5170,2026-06-27,Nimaya Garments,Bengaluru,Textile Distribution Co. (Demo Entity),Bengaluru,2026-08-11,90,INR,10,"1,550,592.50",Y,Y
PO00677,PO00677__L1_classic_tabular__q1_clean_digital.pdf,L1_classic_tabular,q1_clean_digital,AMR/PO/2026-07/7514,2026-07-14,Amrit Sourcing LLP,Noida,Textile Distribution Co. (Demo Entity),Noida,2026-08-08,30,INR,3,"1,043,925.00",Y,Y
PO00678,PO00678__L1_classic_tabular__q1_clean_digital.pdf,L1_classic_tabular,q1_clean_digital,NIM/PO/2026-04/196,2026-04-25,Nimaya Sourcing LLP,Mumbai,Textile Distribution Co. (Demo Entity),Mumbai,2026-06-09,30,INR,7,"946,755.00",Y,Y
PO00679,PO00679__L1_classic_tabular__q1_clean_digital.pdf,L1_classic_tabular,q1_clean_digital,PRA/PO/2026-07/2470,2026-07-21,Pratham Textiles,Coimbatore,Textile Distribution Co. (Demo Entity),Coimbatore,2026-08-15,30,INR,2,"870,482.00",Y,Y
PO00680,PO00680__L2_exporter_letterhead__q1_clean_digital.pdf,L2_exporter_letterhead,q1_clean_digital,AAS/PO/2026-06/8324,2026-06-16,Aashritha Trading Co,Noida,Textile Distribution Co. (Demo Entity),Noida,2026-07-31,90,INR,3,"770,679.00",Y,Y
PO00681,PO00681__L2_exporter_letterhead__q1_clean_digital.pdf,L2_exporter_letterhead,q1_clean_digital,BHO/PO/2026-05/1390,2026-05-13,Bhoomika Apparels Pvt Ltd,Ichalkaranji,Textile Distribution Co. (Demo Entity),Ichalkaranji,2026-06-27,30,INR,4,"788,923.00",Y,Y
PO00682,PO00682__L5_handwritten_slip__q3_poor_scan.pdf,L5_handwritten_slip,q3_poor_scan,VAS/PO/2026-04/1372,2026-04-23,Vasudha Clothing Co,Ichalkaranji,Textile Distribution Co. (Demo Entity),Ichalkaranji,2026-06-07,60,INR,5,,N,N
PO00683,PO00683__L1_classic_tabular__q4_phone_photo.jpg,L1_classic_tabular,q4_phone_photo,SAT/PO/2026-04/675,2026-04-04,Sattva Fashions LLP,Ahmedabad,Textile Distribution Co. (Demo Entity),Ahmedabad,2026-04-24,30,INR,2,"116,586.00",Y,Y
PO00684,PO00684__L3_email_body__q1_clean_digital.pdf,L3_email_body,q1_clean_digital,OJA/PO/2026-08/9935,2026-08-13,Ojas Garments,Ahmedabad,Textile Distribution Co. (Demo Entity),Ahmedabad,2026-09-27,30,INR,10,,N,N
PO00685,PO00685__L2_exporter_letterhead__q1_clean_digital.pdf,L2_exporter_letterhead,q1_clean_digital,AMR/PO/2026-04/1187,2026-04-07,Amrit Apparels Pvt Ltd,Pune,Textile Distribution Co. (Demo Entity),Pune,2026-05-07,0,INR,4,"515,469.00",Y,Y
PO00686,PO00686__L4_excel_grid__q4_phone_photo.jpg,L4_excel_grid,q4_phone_photo,PRA/PO/2026-08/9275,2026-08-18,Pratham Exports Pvt Ltd,Jaipur,Textile Distribution Co. (Demo Entity),Jaipur,2026-10-02,0,INR,6,"515,051.50",Y,Y
PO00687,PO00687__L6_erp_portal_print__q3_poor_scan.pdf,L6_erp_portal_print,q3_poor_scan,KRI/PO/2026-07/1505,2026-07-16,Kritika Enterprises,Bengaluru,Textile Distribution Co. (Demo Entity),Bengaluru,2026-08-30,0,INR,7,"1,196,053.50",Y,Y
PO00688,PO00688__L4_excel_grid__q1_clean_digital.pdf,L4_excel_grid,q1_clean_digital,YUV/PO/2026-04/9503,2026-04-22,Yuvaan Vastra,Hyderabad,Textile Distribution Co. (Demo Entity),Hyderabad,2026-05-07,30,INR,2,"393,240.00",Y,Y
PO00689,PO00689__L1_classic_tabular__q1_clean_digital.pdf,L1_classic_tabular,q1_clean_digital,TEJ/PO/2026-07/2735,2026-07-25,Tejomay Fabs,Mumbai,Textile Distribution Co. (Demo Entity),Mumbai,2026-09-08,45,INR,7,"1,675,587.00",Y,Y
PO00690,PO00690__L6_erp_portal_print__q1_clean_digital.pdf,L6_erp_portal_print,q1_clean_digital,HAR/PO/2026-07/3490,2026-07-14,Harsith Textiles,Surat,Textile Distribution Co. (Demo Entity),Surat,2026-08-28,15,INR,10,"1,288,939.50",Y,Y
PO00691,PO00691__L3_email_body__q2_print_scan.pdf,L3_email_body,q2_print_scan,VAI/PO/2026-05/4442,2026-05-10,Vaidehi Clothing Co,Hyderabad,Textile Distribution Co. (Demo Entity),Hyderabad,2026-06-09,30,INR,3,,N,N
PO00692,PO00692__L2_exporter_letterhead__q3_poor_scan.pdf,L2_exporter_letterhead,q3_poor_scan,UTS/PO/2026-04/1236,2026-04-01,Utsav Sourcing LLP,Kolkata,Textile Distribution Co. (Demo Entity),Kolkata,2026-04-16,15,INR,3,"1,142,106.00",Y,Y
PO00693,PO00693__L2_exporter_letterhead__q2_print_scan.pdf,L2_exporter_letterhead,q2_print_scan,SAA/PO/2026-06/8827,2026-06-08,Saanvi Garments,Panipat,Textile Distribution Co. (Demo Entity),Panipat,2026-07-23,15,INR,5,"1,030,936.00",Y,Y
PO00694,PO00694__L1_classic_tabular__q4_phone_photo.jpg,L1_classic_tabular,q4_phone_photo,SUR/PO/2026-07/4511,2026-07-08,Suryakiran Weaves,Surat,Textile Distribution Co. (Demo Entity),Surat,2026-08-22,60,INR,10,"2,573,248.18",Y,Y
PO00695,PO00695__L1_classic_tabular__q1_clean_digital.pdf,L1_classic_tabular,q1_clean_digital,PRA/PO/2026-04/2026,2026-04-21,Pratham Textiles,Coimbatore,Textile Distribution Co. (Demo Entity),Coimbatore,2026-06-05,30,INR,10,"2,088,603.00",Y,Y
PO00696,PO00696__L1_classic_tabular__q1_clean_digital.pdf,L1_classic_tabular,q1_clean_digital,ADV/PO/2026-07/7177,2026-07-10,Advika Garments,Indore,Textile Distribution Co. (Demo Entity),Indore,2026-08-24,90,INR,8,"588,773.00",Y,Y
PO00697,PO00697__L4_excel_grid__q1_clean_digital.pdf,L4_excel_grid,q1_clean_digital,UTS/PO/2026-07/6254,2026-07-28,Utsav Sourcing LLP,Kolkata,Textile Distribution Co. (Demo Entity),Kolkata,2026-09-11,15,INR,3,"1,363,210.00",Y,Y
PO00698,PO00698__L1_classic_tabular__q5_fax_bitonal.png,L1_classic_tabular,q5_fax_bitonal,ISH/PO/2026-07/5902,2026-07-15,Ishira Enterprises,Mumbai,Textile Distribution Co. (Demo Entity),Mumbai,2026-08-14,90,INR,5,"1,735,850.39",Y,Y
PO00699,PO00699__L6_erp_portal_print__q1_clean_digital.pdf,L6_erp_portal_print,q1_clean_digital,YAS/PO/2026-04/7867,2026-04-07,Yashvi Sourcing LLP,Pune,Textile Distribution Co. (Demo Entity),Pune,2026-05-22,60,INR,3,"242,224.00",Y,Y
PO00700,PO00700__L2_exporter_letterhead__q1_clean_digital.pdf,L2_exporter_letterhead,q1_clean_digital,URV/PO/2026-07/3194,2026-07-03,Urvi Exports Pvt Ltd,Mumbai,Textile Distribution Co. (Demo Entity),Mumbai,2026-07-23,15,INR,3,"166,497.00",Y,Y
PO00701,PO00701__L3_email_body__q1_clean_digital.pdf,L3_email_body,q1_clean_digital,NIM/PO/2026-05/6172,2026-05-16,Nimaya Sourcing LLP,Mumbai,Textile Distribution Co. (Demo Entity),Mumbai,2026-06-15,30,INR,2,,N,N
PO00702,PO00702__L1_classic_tabular__q1_clean_digital.pdf,L1_classic_tabular,q1_clean_digital,NIR/PO/2026-08/8606,2026-08-08,Nirjara Sourcing LLP,Ludhiana,Textile Distribution Co. (Demo Entity),Ludhiana,2026-08-28,30,INR,1,"110,160.00",Y,Y
PO00703,PO00703__L6_erp_portal_print__q1_clean_digital.pdf,L6_erp_portal_print,q1_clean_digital,OJA/PO/2026-06/2706,2026-06-08,Ojas Fabs,Kolkata,Textile Distribution Co. (Demo Entity),Kolkata,2026-07-23,45,INR,3,"663,773.00",Y,Y
PO00704,PO00704__L1_classic_tabular__q3_poor_scan.pdf,L1_classic_tabular,q3_poor_scan,CHA/PO/2026-06/1377,2026-06-22,Charvi Fashions LLP,Coimbatore,Textile Distribution Co. (Demo Entity),Coimbatore,2026-07-22,15,INR,6,"1,685,267.00",Y,Y
PO00705,PO00705__L4_excel_grid__q1_clean_digital.pdf,L4_excel_grid,q1_clean_digital,CHA/PO/2026-05/1125,2026-05-29,Charvi Fashions LLP,Coimbatore,Textile Distribution Co. (Demo Entity),Coimbatore,2026-06-28,15,INR,3,"606,095.00",Y,Y
PO00706,PO00706__L1_classic_tabular__q2_print_scan.pdf,L1_classic_tabular,q2_print_scan,SAN/PO/2026-06/4211,2026-06-26,Sanchi Enterprises,Hyderabad,Textile Distribution Co. (Demo Entity),Hyderabad,2026-08-10,15,INR,6,"1,993,719.00",Y,Y
PO00707,PO00707__L6_erp_portal_print__q1_clean_digital.pdf,L6_erp_portal_print,q1_clean_digital,GIR/PO/2026-08/1866,2026-08-20,Girish Garments,Noida,Textile Distribution Co. (Demo Entity),Noida,2026-10-04,0,INR,5,"866,098.50",Y,Y
PO00708,PO00708__L5_handwritten_slip__q4_phone_photo.jpg,L5_handwritten_slip,q4_phone_photo,AAS/PO/2026-04/9634,2026-04-08,Aashritha Trading Co,Noida,Textile Distribution Co. (Demo Entity),Noida,2026-05-23,90,INR,5,,N,N
PO00709,PO00709__L3_email_body__q1_clean_digital.pdf,L3_email_body,q1_clean_digital,VAS/PO/2026-06/6678,2026-06-20,Vasudha Creations,Kolkata,Textile Distribution Co. (Demo Entity),Kolkata,2026-07-15,60,INR,2,,N,N
PO00710,PO00710__L2_exporter_letterhead__q2_print_scan.pdf,L2_exporter_letterhead,q2_print_scan,SAA/PO/2026-06/7613,2026-06-27,Saanvi Enterprises,Surat,Textile Distribution Co. (Demo Entity),Surat,2026-07-27,90,INR,7,"1,778,447.00",Y,Y
PO00711,PO00711__L6_erp_portal_print__q3_poor_scan.pdf,L6_erp_portal_print,q3_poor_scan,MAN/PO/2026-04/3602,2026-04-02,Manthan Weaves,Panipat,Textile Distribution Co. (Demo Entity),Panipat,2026-05-17,90,INR,10,"1,469,706.00",Y,Y
PO00712,PO00712__L4_excel_grid__q2_print_scan.pdf,L4_excel_grid,q2_print_scan,CHA/PO/2026-05/5969,2026-05-31,Charvi Fashions LLP,Coimbatore,Textile Distribution Co. (Demo Entity),Coimbatore,2026-07-15,15,INR,2,"161,448.00",Y,Y
PO00713,PO00713__L1_classic_tabular__q3_poor_scan.pdf,L1_classic_tabular,q3_poor_scan,PRA/PO/2026-04/5297,2026-04-06,Pratham Textiles,Coimbatore,Textile Distribution Co. (Demo Entity),Coimbatore,2026-05-21,30,INR,7,"1,458,564.00",Y,Y
PO00714,PO00714__L1_classic_tabular__q2_print_scan.pdf,L1_classic_tabular,q2_print_scan,OOR/PO/2026-05/4817,2026-05-26,Oorja Enterprises,Pune,Textile Distribution Co. (Demo Entity),Pune,2026-07-10,0,INR,8,"1,481,745.00",Y,Y
PO00715,PO00715__L6_erp_portal_print__q3_poor_scan.pdf,L6_erp_portal_print,q3_poor_scan,KAV/PO/2026-05/9531,2026-05-04,Kavyansh Furnishings,Panipat,Textile Distribution Co. (Demo Entity),Panipat,2026-06-03,60,INR,4,"444,593.00",Y,Y
PO00716,PO00716__L1_classic_tabular__q4_phone_photo.jpg,L1_classic_tabular,q4_phone_photo,YAS/PO/2026-05/9275,2026-05-06,Yashvi Vastra,Indore,Textile Distribution Co. (Demo Entity),Indore,2026-06-20,30,INR,7,"931,365.50",Y,Y
PO00717,PO00717__L6_erp_portal_print__q1_clean_digital.pdf,L6_erp_portal_print,q1_clean_digital,KAV/PO/2026-06/4078,2026-06-26,Kavyansh Fabs,Bhilwara,Textile Distribution Co. (Demo Entity),Bhilwara,2026-08-10,30,INR,5,"205,547.50",Y,Y
PO00718,PO00718__L4_excel_grid__q1_clean_digital.pdf,L4_excel_grid,q1_clean_digital,PRI/PO/2026-07/6027,2026-07-10,Prisha Apparels Pvt Ltd,Noida,Textile Distribution Co. (Demo Entity),Noida,2026-07-25,0,INR,4,"419,674.00",Y,Y
PO00719,PO00719__L1_classic_tabular__q1_clean_digital.pdf,L1_classic_tabular,q1_clean_digital,TEJ/PO/2026-05/6707,2026-05-05,Tejomay Fabs,Mumbai,Textile Distribution Co. (Demo Entity),Mumbai,2026-06-19,45,INR,2,"305,160.00",Y,Y
PO00720,PO00720__L1_classic_tabular__q2_print_scan.pdf,L1_classic_tabular,q2_print_scan,OOR/PO/2026-07/5466,2026-07-09,Oorja Trading Co,Chennai,Textile Distribution Co. (Demo Entity),Chennai,2026-08-23,90,INR,12,"1,067,212.00",Y,Y
PO00721,PO00721__L1_classic_tabular__q1_clean_digital.pdf,L1_classic_tabular,q1_clean_digital,AAS/PO/2026-05/5835,2026-05-27,Aashritha Vastra,Tiruppur,Textile Distribution Co. (Demo Entity),Tiruppur,2026-06-11,0,INR,1,"138,519.00",Y,Y
PO00722,PO00722__L6_erp_portal_print__q1_clean_digital.pdf,L6_erp_portal_print,q1_clean_digital,GIR/PO/2026-07/812,2026-07-09,Girish Garments,Noida,Textile Distribution Co. (Demo Entity),Noida,2026-08-23,0,INR,9,"1,240,118.90",Y,Y
PO00723,PO00723__L5_handwritten_slip__q4_phone_photo.jpg,L5_handwritten_slip,q4_phone_photo,ZAR/PO/2026-05/4726,2026-05-13,Zarina Garments,Chennai,Textile Distribution Co. (Demo Entity),Chennai,2026-06-07,30,INR,3,,N,N
PO00724,PO00724__L5_handwritten_slip__q4_phone_photo.jpg,L5_handwritten_slip,q4_phone_photo,SUR/PO/2026-04/8804,2026-04-08,Suryakiran Weaves,Surat,Textile Distribution Co. (Demo Entity),Surat,2026-05-23,60,INR,4,,N,N
PO00725,PO00725__L1_classic_tabular__q3_poor_scan.pdf,L1_classic_tabular,q3_poor_scan,NIM/PO/2026-04/2174,2026-04-22,Nimaya Sourcing LLP,Mumbai,Textile Distribution Co. (Demo Entity),Mumbai,2026-06-06,30,INR,10,"975,040.00",Y,Y
PO00726,PO00726__L1_classic_tabular__q1_clean_digital.pdf,L1_classic_tabular,q1_clean_digital,MEG/PO/2026-07/6263,2026-07-10,Meghdoot Apparels Pvt Ltd,Pune,Textile Distribution Co. (Demo Entity),Pune,2026-08-24,90,INR,7,"1,209,773.00",Y,Y
PO00727,PO00727__L1_classic_tabular__q4_phone_photo.jpg,L1_classic_tabular,q4_phone_photo,YAS/PO/2026-08/8540,2026-08-01,Yashvi Vastra,Indore,Textile Distribution Co. (Demo Entity),Indore,2026-09-15,30,INR,8,"940,611.50",Y,Y
PO00728,PO00728__L2_exporter_letterhead__q1_clean_digital.pdf,L2_exporter_letterhead,q1_clean_digital,DEV/PO/2026-06/1806,2026-06-03,Devansh Exports Pvt Ltd,Ahmedabad,Textile Distribution Co. (Demo Entity),Ahmedabad,2026-07-03,90,INR,5,"611,421.50",Y,Y
PO00729,PO00729__L1_classic_tabular__q2_print_scan.pdf,L1_classic_tabular,q2_print_scan,DEV/PO/2026-04/2231,2026-04-12,Devansh Uniforms,Ludhiana,Textile Distribution Co. (Demo Entity),Ludhiana,2026-05-27,0,INR,10,"1,576,262.00",Y,Y
PO00730,PO00730__L4_excel_grid__q1_clean_digital.pdf,L4_excel_grid,q1_clean_digital,SUR/PO/2026-07/2689,2026-07-20,Suryakiran Enterprises,Pune,Textile Distribution Co. (Demo Entity),Pune,2026-08-14,30,INR,3,"507,984.50",Y,Y
PO00731,PO00731__L4_excel_grid__q2_print_scan.pdf,L4_excel_grid,q2_print_scan,SUR/PO/2026-04/1548,2026-04-30,Suryakiran Enterprises,Pune,Textile Distribution Co. (Demo Entity),Pune,2026-05-25,30,INR,4,"362,893.00",Y,Y
PO00732,PO00732__L6_erp_portal_print__q1_clean_digital.pdf,L6_erp_portal_print,q1_clean_digital,CHA/PO/2026-08/7890,2026-08-05,Charvi Weaves,New Delhi,Textile Distribution Co. (Demo Entity),New Delhi,2026-08-25,15,INR,4,"252,373.50",Y,Y
PO00733,PO00733__L3_email_body__q1_clean_digital.pdf,L3_email_body,q1_clean_digital,SAN/PO/2026-06/4440,2026-06-11,Sanchi Enterprises,Hyderabad,Textile Distribution Co. (Demo Entity),Hyderabad,2026-07-01,15,INR,3,,N,N
PO00734,PO00734__L1_classic_tabular__q1_clean_digital.pdf,L1_classic_tabular,q1_clean_digital,TEJ/PO/2026-08/5153,2026-08-20,Tejomay Fabs,Mumbai,Textile Distribution Co. (Demo Entity),Mumbai,2026-09-19,45,INR,4,"1,683,839.00",Y,Y
PO00735,PO00735__L1_classic_tabular__q3_poor_scan.pdf,L1_classic_tabular,q3_poor_scan,OJA/PO/2026-05/2843,2026-05-12,Ojas Clothing Co,Ludhiana,Textile Distribution Co. (Demo Entity),Ludhiana,2026-06-11,15,INR,7,"990,127.00",Y,Y
PO00736,PO00736__L6_erp_portal_print__q4_phone_photo.jpg,L6_erp_portal_print,q4_phone_photo,ADV/PO/2026-07/3081,2026-07-26,Advika Creations,Hyderabad,Textile Distribution Co. (Demo Entity),Hyderabad,2026-08-20,0,INR,3,"212,377.00",Y,Y
PO00737,PO00737__L4_excel_grid__q1_clean_digital.pdf,L4_excel_grid,q1_clean_digital,NIR/PO/2026-04/1979,2026-04-02,Nirjara Trading Co,Erode,Textile Distribution Co. (Demo Entity),Erode,2026-05-17,60,INR,3,"303,224.00",Y,Y
PO00738,PO00738__L1_classic_tabular__q1_clean_digital.pdf,L1_classic_tabular,q1_clean_digital,DEV/PO/2026-05/3895,2026-05-22,Devansh Apparels Pvt Ltd,Pune,Textile Distribution Co. (Demo Entity),Pune,2026-07-06,60,INR,2,"377,817.00",Y,Y
PO00739,PO00739__L1_classic_tabular__q1_clean_digital.pdf,L1_classic_tabular,q1_clean_digital,TEJ/PO/2026-06/5531,2026-06-30,Tejomay Fabs,Mumbai,Textile Distribution Co. (Demo Entity),Mumbai,2026-08-14,45,INR,9,"2,861,756.00",Y,Y
PO00740,PO00740__L6_erp_portal_print__q1_clean_digital.pdf,L6_erp_portal_print,q1_clean_digital,OJA/PO/2026-06/6117,2026-06-21,Ojas Fabs,Kolkata,Textile Distribution Co. (Demo Entity),Kolkata,2026-08-05,45,INR,7,"896,870.00",Y,Y
PO00741,PO00741__L2_exporter_letterhead__q1_clean_digital.pdf,L2_exporter_letterhead,q1_clean_digital,YAS/PO/2026-04/7042,2026-04-14,Yashvi Clothing Co,Noida,Textile Distribution Co. (Demo Entity),Noida,2026-04-24,30,INR,1,0.00,Y,Y
PO00742,PO00742__L2_exporter_letterhead__q1_clean_digital.pdf,L2_exporter_letterhead,q1_clean_digital,ADV/PO/2026-07/4273,2026-07-22,Advika Garments,Indore,Textile Distribution Co. (Demo Entity),Indore,2026-09-05,90,INR,2,"51,755.00",Y,Y
PO00743,PO00743__L3_email_body__q1_clean_digital.pdf,L3_email_body,q1_clean_digital,AMR/PO/2026-06/7891,2026-06-10,Amrit Sourcing LLP,Noida,Textile Distribution Co. (Demo Entity),Noida,2026-07-05,30,INR,3,,N,N
PO00744,PO00744__L4_excel_grid__q1_clean_digital.pdf,L4_excel_grid,q1_clean_digital,BHA/PO/2026-04/2891,2026-04-16,Bhavya Apparels Pvt Ltd,Surat,Textile Distribution Co. (Demo Entity),Surat,2026-05-31,30,INR,4,"356,897.00",Y,Y
PO00745,PO00745__L4_excel_grid__q1_clean_digital.pdf,L4_excel_grid,q1_clean_digital,KRI/PO/2026-05/9529,2026-05-02,Kritika Enterprises,Bengaluru,Textile Distribution Co. (Demo Entity),Bengaluru,2026-06-01,0,INR,1,"73,377.00",Y,Y
PO00746,PO00746__L2_exporter_letterhead__q3_poor_scan.pdf,L2_exporter_letterhead,q3_poor_scan,MEG/PO/2026-04/8688,2026-04-10,Meghdoot Enterprises,Mumbai,Textile Distribution Co. (Demo Entity),Mumbai,2026-05-10,0,INR,2,"494,712.00",Y,Y
PO00747,PO00747__L5_handwritten_slip__q3_poor_scan.pdf,L5_handwritten_slip,q3_poor_scan,MEG/PO/2026-04/6272,2026-04-14,Meghdoot Enterprises,Mumbai,Textile Distribution Co. (Demo Entity),Mumbai,2026-05-29,0,INR,4,,N,N
PO00748,PO00748__L5_handwritten_slip__q2_print_scan.pdf,L5_handwritten_slip,q2_print_scan,MEG/PO/2026-05/9696,2026-05-25,Meghdoot Weaves,Coimbatore,Textile Distribution Co. (Demo Entity),Coimbatore,2026-06-24,45,INR,3,,N,N
PO00749,PO00749__L5_handwritten_slip__q3_poor_scan.pdf,L5_handwritten_slip,q3_poor_scan,VAI/PO/2026-06/8402,2026-06-24,Vaidehi Enterprises,Jaipur,Textile Distribution Co. (Demo Entity),Jaipur,2026-07-24,30,INR,5,,N,N
PO00750,PO00750__L1_classic_tabular__q2_print_scan.pdf,L1_classic_tabular,q2_print_scan,NIM/PO/2026-07/1753,2026-07-28,Nimaya Garments,Bengaluru,Textile Distribution Co. (Demo Entity),Bengaluru,2026-09-11,90,INR,5,"487,826.00",Y,Y
PO00751,PO00751__L2_exporter_letterhead__q1_clean_digital.pdf,L2_exporter_letterhead,q1_clean_digital,KAV/PO/2026-06/5378,2026-06-10,Kavyansh Furnishings,Panipat,Textile Distribution Co. (Demo Entity),Panipat,2026-07-25,60,INR,12,"2,090,439.50",Y,Y
PO00752,PO00752__L5_handwritten_slip__q3_poor_scan.pdf,L5_handwritten_slip,q3_poor_scan,UTS/PO/2026-06/8919,2026-06-24,Utsav Textiles,New Delhi,Textile Distribution Co. (Demo Entity),New Delhi,2026-08-08,0,INR,6,,N,N
PO00753,PO00753__L4_excel_grid__q1_clean_digital.pdf,L4_excel_grid,q1_clean_digital,SAT/PO/2026-06/1808,2026-06-05,Sattva Trading Co,Ichalkaranji,Textile Distribution Co. (Demo Entity),Ichalkaranji,2026-06-30,30,INR,2,"656,392.00",Y,Y
PO00754,PO00754__L3_email_body__q3_poor_scan.pdf,L3_email_body,q3_poor_scan,SUR/PO/2026-06/5134,2026-06-03,Suryakiran Sourcing LLP,Tiruppur,Textile Distribution Co. (Demo Entity),Tiruppur,2026-06-23,30,INR,4,,N,N
PO00755,PO00755__L3_email_body__q1_clean_digital.pdf,L3_email_body,q1_clean_digital,SAM/PO/2026-07/1107,2026-07-01,Samvit Trading Co,Mumbai,Textile Distribution Co. (Demo Entity),Mumbai,2026-08-15,0,INR,5,,N,N
PO00756,PO00756__L2_exporter_letterhead__q1_clean_digital.pdf,L2_exporter_letterhead,q1_clean_digital,DEV/PO/2026-07/8633,2026-07-25,Devansh Creations,New Delhi,Textile Distribution Co. (Demo Entity),New Delhi,2026-09-08,0,INR,6,"890,418.00",Y,Y
PO00757,PO00757__L1_classic_tabular__q1_clean_digital.pdf,L1_classic_tabular,q1_clean_digital,SAN/PO/2026-08/1003,2026-08-11,Sanchi Textiles,Bengaluru,Textile Distribution Co. (Demo Entity),Bengaluru,2026-09-25,60,INR,5,"2,119,924.00",Y,Y
PO00758,PO00758__L2_exporter_letterhead__q1_clean_digital.pdf,L2_exporter_letterhead,q1_clean_digital,VRI/PO/2026-07/2957,2026-07-02,Vrinda Trading Co,Bengaluru,Textile Distribution Co. (Demo Entity),Bengaluru,2026-08-16,30,INR,3,"270,824.00",Y,Y
PO00759,PO00759__L6_erp_portal_print__q4_phone_photo.jpg,L6_erp_portal_print,q4_phone_photo,YAS/PO/2026-04/8895,2026-04-08,Yashvi Creations,Surat,Textile Distribution Co. (Demo Entity),Surat,2026-05-23,90,INR,7,"808,138.00",Y,Y
PO00760,PO00760__L1_classic_tabular__q3_poor_scan.pdf,L1_classic_tabular,q3_poor_scan,ISH/PO/2026-05/7887,2026-05-22,Ishira Enterprises,Mumbai,Textile Distribution Co. (Demo Entity),Mumbai,2026-07-06,90,INR,7,"456,119.50",Y,Y
PO00761,PO00761__L3_email_body__q4_phone_photo.jpg,L3_email_body,q4_phone_photo,ANA/PO/2026-08/2915,2026-08-13,Anantam Weaves,Erode,Textile Distribution Co. (Demo Entity),Erode,2026-09-12,30,INR,5,,N,N
PO00762,PO00762__L2_exporter_letterhead__q3_poor_scan.pdf,L2_exporter_letterhead,q3_poor_scan,MEG/PO/2026-06/3540,2026-06-07,Meghdoot Enterprises,Mumbai,Textile Distribution Co. (Demo Entity),Mumbai,2026-07-07,0,INR,3,"529,783.00",Y,Y
PO00763,PO00763__L6_erp_portal_print__q1_clean_digital.pdf,L6_erp_portal_print,q1_clean_digital,CHA/PO/2026-08/293,2026-08-09,Charvi Weaves,New Delhi,Textile Distribution Co. (Demo Entity),New Delhi,2026-09-23,15,INR,4,"548,841.00",Y,Y
PO00764,PO00764__L1_classic_tabular__q4_phone_photo.jpg,L1_classic_tabular,q4_phone_photo,JAA/PO/2026-06/4479,2026-06-19,Jaanvi Apparels Pvt Ltd,Hyderabad,Textile Distribution Co. (Demo Entity),Hyderabad,2026-08-03,90,INR,6,"596,566.00",Y,Y
PO00765,PO00765__L6_erp_portal_print__q5_fax_bitonal.png,L6_erp_portal_print,q5_fax_bitonal,AAS/PO/2026-05/2706,2026-05-17,Aashritha Vastra,Tiruppur,Textile Distribution Co. (Demo Entity),Tiruppur,2026-07-01,0,INR,12,"1,334,814.40",Y,Y
PO00766,PO00766__L2_exporter_letterhead__q1_clean_digital.pdf,L2_exporter_letterhead,q1_clean_digital,NAK/PO/2026-04/5593,2026-04-07,Nakshatra Weaves,Bengaluru,Textile Distribution Co. (Demo Entity),Bengaluru,2026-05-22,30,INR,3,"855,960.00",Y,Y
PO00767,PO00767__L6_erp_portal_print__q1_clean_digital.pdf,L6_erp_portal_print,q1_clean_digital,OJA/PO/2026-06/7384,2026-06-02,Ojas Fabs,Kolkata,Textile Distribution Co. (Demo Entity),Kolkata,2026-07-17,45,INR,4,"1,193,305.40",Y,Y
PO00768,PO00768__L6_erp_portal_print__q3_poor_scan.pdf,L6_erp_portal_print,q3_poor_scan,ANA/PO/2026-06/2606,2026-06-08,Anantam Textiles,Ludhiana,Textile Distribution Co. (Demo Entity),Ludhiana,2026-07-23,15,INR,3,"436,470.00",Y,Y
PO00769,PO00769__L1_classic_tabular__q1_clean_digital.pdf,L1_classic_tabular,q1_clean_digital,ISH/PO/2026-05/2184,2026-05-16,Ishira Creations,Indore,Textile Distribution Co. (Demo Entity),Indore,2026-06-30,0,INR,3,"109,519.50",Y,Y
PO00770,PO00770__L3_email_body__q3_poor_scan.pdf,L3_email_body,q3_poor_scan,NIR/PO/2026-05/6878,2026-05-21,Nirjara Garments,Bengaluru,Textile Distribution Co. (Demo Entity),Bengaluru,2026-06-20,90,INR,12,,N,N
PO00771,PO00771__L4_excel_grid__q1_clean_digital.pdf,L4_excel_grid,q1_clean_digital,SAM/PO/2026-08/3621,2026-08-19,Samvit Sourcing LLP,Indore,Textile Distribution Co. (Demo Entity),Indore,2026-10-03,30,INR,6,"1,223,594.00",Y,Y
PO00772,PO00772__L4_excel_grid__q1_clean_digital.pdf,L4_excel_grid,q1_clean_digital,UTS/PO/2026-04/7803,2026-04-22,Utsav Furnishings,Ahmedabad,Textile Distribution Co. (Demo Entity),Ahmedabad,2026-06-06,45,INR,12,"3,775,509.50",Y,Y
PO00773,PO00773__L2_exporter_letterhead__q2_print_scan.pdf,L2_exporter_letterhead,q2_print_scan,SUR/PO/2026-08/2805,2026-08-12,Suryakiran Sourcing LLP,Tiruppur,Textile Distribution Co. (Demo Entity),Tiruppur,2026-09-26,30,INR,1,"424,290.00",Y,Y
PO00774,PO00774__L4_excel_grid__q1_clean_digital.pdf,L4_excel_grid,q1_clean_digital,SAA/PO/2026-05/6475,2026-05-27,Saanvi Fabs,Ichalkaranji,Textile Distribution Co. (Demo Entity),Ichalkaranji,2026-06-21,60,INR,3,"672,880.00",Y,Y
PO00775,PO00775__L1_classic_tabular__q1_clean_digital.pdf,L1_classic_tabular,q1_clean_digital,URV/PO/2026-06/601,2026-06-19,Urvi Uniforms,Jaipur,Textile Distribution Co. (Demo Entity),Jaipur,2026-07-19,15,INR,2,"228,775.00",Y,Y
PO00776,PO00776__L4_excel_grid__q1_clean_digital.pdf,L4_excel_grid,q1_clean_digital,ESH/PO/2026-04/2748,2026-04-06,Eshanya Trading Co,Mumbai,Textile Distribution Co. (Demo Entity),Mumbai,2026-05-21,45,INR,8,"601,045.00",Y,Y
PO00777,PO00777__L6_erp_portal_print__q1_clean_digital.pdf,L6_erp_portal_print,q1_clean_digital,HAR/PO/2026-06/2267,2026-06-11,Harsith Textiles,Surat,Textile Distribution Co. (Demo Entity),Surat,2026-07-01,15,INR,5,"546,719.50",Y,Y
PO00778,PO00778__L5_handwritten_slip__q3_poor_scan.pdf,L5_handwritten_slip,q3_poor_scan,BHO/PO/2026-05/7589,2026-05-05,Bhoomika Apparels Pvt Ltd,Ichalkaranji,Textile Distribution Co. (Demo Entity),Ichalkaranji,2026-06-19,30,INR,6,,N,N
PO00779,PO00779__L5_handwritten_slip__q3_poor_scan.pdf,L5_handwritten_slip,q3_poor_scan,VAS/PO/2026-06/5952,2026-06-10,Vasudha Clothing Co,Ichalkaranji,Textile Distribution Co. (Demo Entity),Ichalkaranji,2026-07-05,60,INR,2,,N,N
PO00780,PO00780__L1_classic_tabular__q2_print_scan.pdf,L1_classic_tabular,q2_print_scan,SAA/PO/2026-08/1227,2026-08-20,Saanvi Enterprises,Surat,Textile Distribution Co. (Demo Entity),Surat,2026-10-04,90,INR,3,"303,996.00",Y,Y
PO00781,PO00781__L4_excel_grid__q2_print_scan.pdf,L4_excel_grid,q2_print_scan,ESH/PO/2026-04/1787,2026-04-02,Eshanya Trading Co,Mumbai,Textile Distribution Co. (Demo Entity),Mumbai,2026-05-17,45,INR,6,"931,005.50",Y,Y
PO00782,PO00782__L4_excel_grid__q1_clean_digital.pdf,L4_excel_grid,q1_clean_digital,KRI/PO/2026-05/4157,2026-05-17,Kritika Enterprises,Bengaluru,Textile Distribution Co. (Demo Entity),Bengaluru,2026-07-01,0,INR,4,"385,302.00",Y,Y
PO00783,PO00783__L4_excel_grid__q1_clean_digital.pdf,L4_excel_grid,q1_clean_digital,NAK/PO/2026-05/1044,2026-05-24,Nakshatra Clothing Co,Bengaluru,Textile Distribution Co. (Demo Entity),Bengaluru,2026-06-23,45,INR,4,"579,680.00",Y,Y
PO00784,PO00784__L4_excel_grid__q1_clean_digital.pdf,L4_excel_grid,q1_clean_digital,NAV/PO/2026-06/3397,2026-06-20,Navrang Fabs,Ichalkaranji,Textile Distribution Co. (Demo Entity),Ichalkaranji,2026-07-20,30,INR,3,"263,208.00",Y,Y
PO00785,PO00785__L6_erp_portal_print__q1_clean_digital.pdf,L6_erp_portal_print,q1_clean_digital,ISH/PO/2026-08/7092,2026-08-03,Ishira Enterprises,Mumbai,Textile Distribution Co. (Demo Entity),Mumbai,2026-09-17,90,INR,6,"1,862,003.00",Y,Y
PO00786,PO00786__L6_erp_portal_print__q1_clean_digital.pdf,L6_erp_portal_print,q1_clean_digital,DEV/PO/2026-06/6413,2026-06-20,Devansh Garments,Tiruppur,Textile Distribution Co. (Demo Entity),Tiruppur,2026-07-20,0,INR,7,"1,101,790.50",Y,Y
PO00787,PO00787__L4_excel_grid__q1_clean_digital.pdf,L4_excel_grid,q1_clean_digital,SHR/PO/2026-04/7424,2026-04-03,Shreeyan Creations,Indore,Textile Distribution Co. (Demo Entity),Indore,2026-05-18,60,INR,7,"1,218,974.00",Y,Y
PO00788,PO00788__L2_exporter_letterhead__q1_clean_digital.pdf,L2_exporter_letterhead,q1_clean_digital,URV/PO/2026-07/8393,2026-07-08,Urvi Uniforms,Jaipur,Textile Distribution Co. (Demo Entity),Jaipur,2026-07-18,15,INR,1,"99,850.00",Y,Y
PO00789,PO00789__L6_erp_portal_print__q1_clean_digital.pdf,L6_erp_portal_print,q1_clean_digital,MAN/PO/2026-05/526,2026-05-19,Manthan Fashions LLP,Chennai,Textile Distribution Co. (Demo Entity),Chennai,2026-06-13,60,INR,4,"1,315,051.00",Y,Y
PO00790,PO00790__L6_erp_portal_print__q1_clean_digital.pdf,L6_erp_portal_print,q1_clean_digital,AMR/PO/2026-07/4264,2026-07-03,Amrit Sourcing LLP,Noida,Textile Distribution Co. (Demo Entity),Noida,2026-08-17,30,INR,6,"998,816.00",Y,Y
PO00791,PO00791__L5_handwritten_slip__q4_phone_photo.jpg,L5_handwritten_slip,q4_phone_photo,YAS/PO/2026-07/9250,2026-07-03,Yashvi Vastra,Indore,Textile Distribution Co. (Demo Entity),Indore,2026-08-17,30,INR,4,,N,N
PO00792,PO00792__L6_erp_portal_print__q1_clean_digital.pdf,L6_erp_portal_print,q1_clean_digital,HAR/PO/2026-06/3410,2026-06-12,Harsith Textiles,Surat,Textile Distribution Co. (Demo Entity),Surat,2026-07-27,15,INR,11,"1,372,292.80",Y,Y
PO00793,PO00793__L3_email_body__q4_phone_photo.jpg,L3_email_body,q4_phone_photo,ADV/PO/2026-08/408,2026-08-08,Advika Creations,Hyderabad,Textile Distribution Co. (Demo Entity),Hyderabad,2026-09-22,0,INR,6,,N,N
PO00794,PO00794__L4_excel_grid__q1_clean_digital.pdf,L4_excel_grid,q1_clean_digital,NIR/PO/2026-05/3273,2026-05-25,Nirjara Trading Co,Erode,Textile Distribution Co. (Demo Entity),Erode,2026-06-19,60,INR,4,"318,157.50",Y,Y
PO00795,PO00795__L3_email_body__q1_clean_digital.pdf,L3_email_body,q1_clean_digital,MEG/PO/2026-04/670,2026-04-19,Meghdoot Weaves,Coimbatore,Textile Distribution Co. (Demo Entity),Coimbatore,2026-05-09,45,INR,3,,N,N
PO00796,PO00796__L4_excel_grid__q1_clean_digital.pdf,L4_excel_grid,q1_clean_digital,SHR/PO/2026-05/6439,2026-05-29,Shreeyan Creations,Indore,Textile Distribution Co. (Demo Entity),Indore,2026-07-13,60,INR,3,"584,565.00",Y,Y
PO00797,PO00797__L6_erp_portal_print__q1_clean_digital.pdf,L6_erp_portal_print,q1_clean_digital,ADV/PO/2026-08/4559,2026-08-02,Advika Garments,Indore,Textile Distribution Co. (Demo Entity),Indore,2026-08-22,90,INR,1,"34,795.00",Y,Y
PO00798,PO00798__L5_handwritten_slip__q3_poor_scan.pdf,L5_handwritten_slip,q3_poor_scan,ANA/PO/2026-04/1797,2026-04-23,Anantam Creations,Pune,Textile Distribution Co. (Demo Entity),Pune,2026-05-18,45,INR,5,,N,N
PO00799,PO00799__L1_classic_tabular__q2_print_scan.pdf,L1_classic_tabular,q2_print_scan,AMR/PO/2026-07/609,2026-07-29,Amrit Apparels Pvt Ltd,Pune,Textile Distribution Co. (Demo Entity),Pune,2026-08-23,0,INR,10,"773,773.50",Y,Y
PO00800,PO00800__L1_classic_tabular__q3_poor_scan.pdf,L1_classic_tabular,q3_poor_scan,DEV/PO/2026-07/2395,2026-07-07,Devansh Uniforms,Ludhiana,Textile Distribution Co. (Demo Entity),Ludhiana,2026-08-21,0,INR,4,"879,175.50",Y,Y
PO00801,PO00801__L1_classic_tabular__q4_phone_photo.jpg,L1_classic_tabular,q4_phone_photo,ANA/PO/2026-05/7810,2026-05-31,Anantam Weaves,Erode,Textile Distribution Co. (Demo Entity),Erode,2026-07-15,30,INR,10,"1,375,497.50",Y,Y
PO00802,PO00802__L2_exporter_letterhead__q1_clean_digital.pdf,L2_exporter_letterhead,q1_clean_digital,PRA/PO/2026-08/405,2026-08-20,Pratham Textiles,Coimbatore,Textile Distribution Co. (Demo Entity),Coimbatore,2026-10-04,30,INR,3,"226,302.00",Y,Y
PO00803,PO00803__L1_classic_tabular__q2_print_scan.pdf,L1_classic_tabular,q2_print_scan,OOR/PO/2026-06/7926,2026-06-14,Oorja Trading Co,Chennai,Textile Distribution Co. (Demo Entity),Chennai,2026-07-29,90,INR,5,"368,644.00",Y,Y
PO00804,PO00804__L1_classic_tabular__q1_clean_digital.pdf,L1_classic_tabular,q1_clean_digital,NIR/PO/2026-06/3148,2026-06-11,Nirjara Garments,Bengaluru,Textile Distribution Co. (Demo Entity),Bengaluru,2026-07-11,90,INR,5,"539,537.70",Y,Y
PO00805,PO00805__L1_classic_tabular__q4_phone_photo.jpg,L1_classic_tabular,q4_phone_photo,ADV/PO/2026-04/4914,2026-04-10,Advika Creations,Hyderabad,Textile Distribution Co. (Demo Entity),Hyderabad,2026-05-25,0,INR,6,"1,128,306.00",Y,Y
PO00806,PO00806__L4_excel_grid__q1_clean_digital.pdf,L4_excel_grid,q1_clean_digital,RAJ/PO/2026-08/2910,2026-08-10,Rajvi Creations,Bhilwara,Textile Distribution Co. (Demo Entity),Bhilwara,2026-09-09,90,INR,8,"1,228,117.00",Y,Y
PO00807,PO00807__L1_classic_tabular__q1_clean_digital.pdf,L1_classic_tabular,q1_clean_digital,ADV/PO/2026-07/6710,2026-07-13,Advika Uniforms,Bhilwara,Textile Distribution Co. (Demo Entity),Bhilwara,2026-07-23,30,INR,1,"46,000.00",Y,Y
PO00808,PO00808__L4_excel_grid__q1_clean_digital.pdf,L4_excel_grid,q1_clean_digital,UTS/PO/2026-05/2378,2026-05-21,Utsav Sourcing LLP,Kolkata,Textile Distribution Co. (Demo Entity),Kolkata,2026-06-05,15,INR,1,"56,440.00",Y,Y
PO00809,PO00809__L1_classic_tabular__q2_print_scan.pdf,L1_classic_tabular,q2_print_scan,VAI/PO/2026-05/5870,2026-05-29,Vaidehi Garments,Indore,Textile Distribution Co. (Demo Entity),Indore,2026-07-13,60,INR,7,"1,408,543.00",Y,Y
PO00810,PO00810__L4_excel_grid__q3_poor_scan.pdf,L4_excel_grid,q3_poor_scan,CHA/PO/2026-05/8145,2026-05-08,Charvi Furnishings,Pune,Textile Distribution Co. (Demo Entity),Pune,2026-06-22,30,INR,4,"827,355.00",Y,Y
PO00811,PO00811__L1_classic_tabular__q2_print_scan.pdf,L1_classic_tabular,q2_print_scan,UTS/PO/2026-06/2231,2026-06-23,Utsav Trading Co,Bengaluru,Textile Distribution Co. (Demo Entity),Bengaluru,2026-07-18,60,INR,2,"322,980.00",Y,Y
PO00812,PO00812__L3_email_body__q2_print_scan.pdf,L3_email_body,q2_print_scan,TAN/PO/2026-08/3956,2026-08-04,Tanvi Enterprises,Ahmedabad,Textile Distribution Co. (Demo Entity),Ahmedabad,2026-09-18,30,INR,10,,N,N
PO00813,PO00813__L3_email_body__q1_clean_digital.pdf,L3_email_body,q1_clean_digital,NIR/PO/2026-05/5295,2026-05-21,Nirjara Sourcing LLP,Ludhiana,Textile Distribution Co. (Demo Entity),Ludhiana,2026-06-10,30,INR,1,,N,N
PO00814,PO00814__L1_classic_tabular__q2_print_scan.pdf,L1_classic_tabular,q2_print_scan,YAS/PO/2026-07/6250,2026-07-27,Yashvi Clothing Co,Noida,Textile Distribution Co. (Demo Entity),Noida,2026-09-10,30,INR,4,"428,197.80",Y,Y
PO00815,PO00815__L1_classic_tabular__q4_phone_photo.jpg,L1_classic_tabular,q4_phone_photo,SAN/PO/2026-06/1916,2026-06-10,Sanchi Weaves,Ahmedabad,Textile Distribution Co. (Demo Entity),Ahmedabad,2026-07-10,30,INR,2,"80,434.00",Y,Y
PO00816,PO00816__L4_excel_grid__q1_clean_digital.pdf,L4_excel_grid,q1_clean_digital,RAJ/PO/2026-05/1691,2026-05-06,Rajvi Creations,Bhilwara,Textile Distribution Co. (Demo Entity),Bhilwara,2026-06-05,90,INR,10,"1,680,843.50",Y,Y
PO00817,PO00817__L6_erp_portal_print__q3_poor_scan.pdf,L6_erp_portal_print,q3_poor_scan,TAN/PO/2026-06/6828,2026-06-16,Tanvi Fashions LLP,Panipat,Textile Distribution Co. (Demo Entity),Panipat,2026-07-31,0,INR,12,"1,421,118.40",Y,Y
PO00818,PO00818__L4_excel_grid__q1_clean_digital.pdf,L4_excel_grid,q1_clean_digital,ADV/PO/2026-06/5304,2026-06-09,Advika Furnishings,Bengaluru,Textile Distribution Co. (Demo Entity),Bengaluru,2026-07-24,30,INR,2,"600,440.00",Y,Y
PO00819,PO00819__L6_erp_portal_print__q1_clean_digital.pdf,L6_erp_portal_print,q1_clean_digital,NIR/PO/2026-07/1826,2026-07-19,Nirjara Creations,Bhilwara,Textile Distribution Co. (Demo Entity),Bhilwara,2026-08-18,30,INR,5,"327,290.00",Y,Y
PO00820,PO00820__L3_email_body__q2_print_scan.pdf,L3_email_body,q2_print_scan,PRA/PO/2026-08/284,2026-08-11,Pratham Textiles,Coimbatore,Textile Distribution Co. (Demo Entity),Coimbatore,2026-09-25,30,INR,7,,N,N
PO00821,PO00821__L1_classic_tabular__q3_poor_scan.pdf,L1_classic_tabular,q3_poor_scan,ANA/PO/2026-06/2877,2026-06-26,Anantam Textiles,Ludhiana,Textile Distribution Co. (Demo Entity),Ludhiana,2026-08-10,15,INR,6,"1,087,338.00",Y,Y
PO00822,PO00822__L2_exporter_letterhead__q1_clean_digital.pdf,L2_exporter_letterhead,q1_clean_digital,SAM/PO/2026-07/1994,2026-07-25,Samvit Trading Co,Mumbai,Textile Distribution Co. (Demo Entity),Mumbai,2026-09-08,0,INR,5,"1,225,714.00",Y,Y
PO00823,PO00823__L1_classic_tabular__q1_clean_digital.pdf,L1_classic_tabular,q1_clean_digital,KAV/PO/2026-08/3510,2026-08-14,Kavyansh Uniforms,Mumbai,Textile Distribution Co. (Demo Entity),Mumbai,2026-09-28,90,INR,5,"629,298.00",Y,Y
PO00824,PO00824__L1_classic_tabular__q1_clean_digital.pdf,L1_classic_tabular,q1_clean_digital,BHO/PO/2026-06/8409,2026-06-16,Bhoomika Apparels Pvt Ltd,Ichalkaranji,Textile Distribution Co. (Demo Entity),Ichalkaranji,2026-07-31,30,INR,8,"1,776,543.00",Y,Y
PO00825,PO00825__L4_excel_grid__q1_clean_digital.pdf,L4_excel_grid,q1_clean_digital,OJA/PO/2026-04/2570,2026-04-21,Ojas Trading Co,Tiruppur,Textile Distribution Co. (Demo Entity),Tiruppur,2026-05-16,30,INR,1,"288,072.00",Y,Y
PO00826,PO00826__L2_exporter_letterhead__q1_clean_digital.pdf,L2_exporter_letterhead,q1_clean_digital,DEV/PO/2026-06/3588,2026-06-19,Devansh Garments,Tiruppur,Textile Distribution Co. (Demo Entity),Tiruppur,2026-08-03,0,INR,3,"754,558.00",Y,Y
PO00827,PO00827__L1_classic_tabular__q4_phone_photo.jpg,L1_classic_tabular,q4_phone_photo,MAN/PO/2026-07/5887,2026-07-10,Manthan Textiles,Panipat,Textile Distribution Co. (Demo Entity),Panipat,2026-08-09,30,INR,1,"422,535.00",Y,Y
PO00828,PO00828__L2_exporter_letterhead__q1_clean_digital.pdf,L2_exporter_letterhead,q1_clean_digital,MAY/PO/2026-07/9998,2026-07-29,Mayurika Creations,Jaipur,Textile Distribution Co. (Demo Entity),Jaipur,2026-08-23,45,INR,1,"21,300.00",Y,Y
PO00829,PO00829__L4_excel_grid__q1_clean_digital.pdf,L4_excel_grid,q1_clean_digital,SAT/PO/2026-04/1431,2026-04-24,Sattva Trading Co,Ichalkaranji,Textile Distribution Co. (Demo Entity),Ichalkaranji,2026-05-04,30,INR,1,"154,620.00",Y,Y
PO00830,PO00830__L4_excel_grid__q1_clean_digital.pdf,L4_excel_grid,q1_clean_digital,NAK/PO/2026-04/2126,2026-04-04,Nakshatra Clothing Co,Bengaluru,Textile Distribution Co. (Demo Entity),Bengaluru,2026-05-04,45,INR,7,"982,598.00",Y,Y
PO00831,PO00831__L1_classic_tabular__q1_clean_digital.pdf,L1_classic_tabular,q1_clean_digital,MEG/PO/2026-04/2571,2026-04-29,Meghdoot Weaves,Coimbatore,Textile Distribution Co. (Demo Entity),Coimbatore,2026-05-24,45,INR,3,"449,042.00",Y,Y
PO00832,PO00832__L2_exporter_letterhead__q2_print_scan.pdf,L2_exporter_letterhead,q2_print_scan,AMR/PO/2026-07/8231,2026-07-24,Amrit Sourcing LLP,Noida,Textile Distribution Co. (Demo Entity),Noida,2026-09-07,30,INR,3,"362,293.00",Y,Y
PO00833,PO00833__L6_erp_portal_print__q1_clean_digital.pdf,L6_erp_portal_print,q1_clean_digital,KAV/PO/2026-08/3877,2026-08-08,Kavyansh Fabs,Bhilwara,Textile Distribution Co. (Demo Entity),Bhilwara,2026-09-22,30,INR,3,"272,157.00",Y,Y
PO00834,PO00834__L1_classic_tabular__q1_clean_digital.pdf,L1_classic_tabular,q1_clean_digital,OOR/PO/2026-04/1413,2026-04-29,Oorja Trading Co,Chennai,Textile Distribution Co. (Demo Entity),Chennai,2026-06-13,90,INR,5,"1,030,346.00",Y,Y
PO00835,PO00835__L2_exporter_letterhead__q1_clean_digital.pdf,L2_exporter_letterhead,q1_clean_digital,PRA/PO/2026-07/1104,2026-07-21,Pratham Textiles,Coimbatore,Textile Distribution Co. (Demo Entity),Coimbatore,2026-08-20,30,INR,3,"288,340.00",Y,Y
PO00836,PO00836__L3_email_body__q4_phone_photo.jpg,L3_email_body,q4_phone_photo,YAS/PO/2026-04/9669,2026-04-16,Yashvi Vastra,Indore,Textile Distribution Co. (Demo Entity),Indore,2026-05-31,30,INR,6,,N,N
PO00837,PO00837__L6_erp_portal_print__q4_phone_photo.jpg,L6_erp_portal_print,q4_phone_photo,MAN/PO/2026-08/4071,2026-08-06,Manthan Weaves,Panipat,Textile Distribution Co. (Demo Entity),Panipat,2026-09-05,90,INR,2,"274,456.00",Y,Y
PO00838,PO00838__L4_excel_grid__q3_poor_scan.pdf,L4_excel_grid,q3_poor_scan,CHA/PO/2026-07/431,2026-07-30,Charvi Furnishings,Pune,Textile Distribution Co. (Demo Entity),Pune,2026-08-29,30,INR,4,"1,002,318.00",Y,Y
PO00839,PO00839__L5_handwritten_slip__q4_phone_photo.jpg,L5_handwritten_slip,q4_phone_photo,ANA/PO/2026-05/4880,2026-05-25,Anantam Creations,Pune,Textile Distribution Co. (Demo Entity),Pune,2026-06-19,45,INR,3,,N,N
PO00840,PO00840__L1_classic_tabular__q2_print_scan.pdf,L1_classic_tabular,q2_print_scan,VAS/PO/2026-06/7922,2026-06-16,Vasudha Creations,Kolkata,Textile Distribution Co. (Demo Entity),Kolkata,2026-07-31,60,INR,4,"442,004.60",Y,Y
PO00841,PO00841__L1_classic_tabular__q1_clean_digital.pdf,L1_classic_tabular,q1_clean_digital,UTS/PO/2026-08/2187,2026-08-06,Utsav Creations,Karur,Textile Distribution Co. (Demo Entity),Karur,2026-09-20,45,INR,6,"1,126,707.00",Y,Y
PO00842,PO00842__L3_email_body__q1_clean_digital.pdf,L3_email_body,q1_clean_digital,KAV/PO/2026-07/7780,2026-07-10,Kavyansh Furnishings,Panipat,Textile Distribution Co. (Demo Entity),Panipat,2026-08-09,60,INR,6,,N,N
PO00843,PO00843__L4_excel_grid__q1_clean_digital.pdf,L4_excel_grid,q1_clean_digital,BHA/PO/2026-08/3826,2026-08-07,Bhavya Apparels Pvt Ltd,Surat,Textile Distribution Co. (Demo Entity),Surat,2026-09-06,30,INR,5,"546,691.00",Y,Y
PO00844,PO00844__L6_erp_portal_print__q1_clean_digital.pdf,L6_erp_portal_print,q1_clean_digital,CHA/PO/2026-08/5649,2026-08-04,Charvi Weaves,New Delhi,Textile Distribution Co. (Demo Entity),New Delhi,2026-09-18,15,INR,12,"1,044,073.00",Y,Y
PO00845,PO00845__L4_excel_grid__q1_clean_digital.pdf,L4_excel_grid,q1_clean_digital,AAR/PO/2026-04/445,2026-04-30,Aarohi Creations,Ichalkaranji,Textile Distribution Co. (Demo Entity),Ichalkaranji,2026-06-14,60,INR,4,"1,132,603.46",Y,Y
PO00846,PO00846__L4_excel_grid__q1_clean_digital.pdf,L4_excel_grid,q1_clean_digital,BHO/PO/2026-04/4721,2026-04-26,Bhoomika Clothing Co,Surat,Textile Distribution Co. (Demo Entity),Surat,2026-05-26,30,INR,4,"262,739.00",Y,Y
PO00847,PO00847__L3_email_body__q1_clean_digital.pdf,L3_email_body,q1_clean_digital,OJA/PO/2026-07/7522,2026-07-11,Ojas Garments,Ahmedabad,Textile Distribution Co. (Demo Entity),Ahmedabad,2026-08-25,30,INR,3,,N,N
PO00848,PO00848__L4_excel_grid__q1_clean_digital.pdf,L4_excel_grid,q1_clean_digital,KRI/PO/2026-04/3179,2026-04-24,Kritika Enterprises,Bengaluru,Textile Distribution Co. (Demo Entity),Bengaluru,2026-06-08,0,INR,8,"1,212,461.00",Y,Y
PO00849,PO00849__L1_classic_tabular__q4_phone_photo.jpg,L1_classic_tabular,q4_phone_photo,RUC/PO/2026-04/3584,2026-04-15,Ruchira Apparels Pvt Ltd,Noida,Textile Distribution Co. (Demo Entity),Noida,2026-05-30,15,INR,10,"1,163,239.50",Y,Y
PO00850,PO00850__L4_excel_grid__q1_clean_digital.pdf,L4_excel_grid,q1_clean_digital,UTS/PO/2026-06/4566,2026-06-02,Utsav Furnishings,Ahmedabad,Textile Distribution Co. (Demo Entity),Ahmedabad,2026-06-27,45,INR,3,"467,718.00",Y,Y
PO00851,PO00851__L1_classic_tabular__q1_clean_digital.pdf,L1_classic_tabular,q1_clean_digital,KAV/PO/2026-04/5501,2026-04-23,Kavyansh Enterprises,Erode,Textile Distribution Co. (Demo Entity),Erode,2026-05-23,60,INR,5,"1,176,465.00",Y,Y
PO00852,PO00852__L5_handwritten_slip__q4_phone_photo.jpg,L5_handwritten_slip,q4_phone_photo,YAS/PO/2026-06/5472,2026-06-07,Yashvi Vastra,Indore,Textile Distribution Co. (Demo Entity),Indore,2026-07-22,30,INR,4,,N,N
PO00853,PO00853__L2_exporter_letterhead__q2_print_scan.pdf,L2_exporter_letterhead,q2_print_scan,MEG/PO/2026-04/5114,2026-04-05,Meghdoot Enterprises,Mumbai,Textile Distribution Co. (Demo Entity),Mumbai,2026-05-05,0,INR,3,"470,151.00",Y,Y
PO00854,PO00854__L1_classic_tabular__q1_clean_digital.pdf,L1_classic_tabular,q1_clean_digital,TAN/PO/2026-06/9752,2026-06-21,Tanvi Fashions LLP,Panipat,Textile Distribution Co. (Demo Entity),Panipat,2026-08-05,0,INR,7,"1,079,858.50",Y,Y
PO00855,PO00855__L1_classic_tabular__q1_clean_digital.pdf,L1_classic_tabular,q1_clean_digital,DEV/PO/2026-05/2307,2026-05-22,Devansh Creations,New Delhi,Textile Distribution Co. (Demo Entity),New Delhi,2026-06-21,0,INR,5,"805,343.00",Y,Y
PO00856,PO00856__L5_handwritten_slip__q4_phone_photo.jpg,L5_handwritten_slip,q4_phone_photo,SUR/PO/2026-04/5458,2026-04-03,Suryakiran Weaves,Surat,Textile Distribution Co. (Demo Entity),Surat,2026-05-03,60,INR,5,,N,N
PO00857,PO00857__L5_handwritten_slip__q4_phone_photo.jpg,L5_handwritten_slip,q4_phone_photo,OJA/PO/2026-07/5625,2026-07-24,Ojas Trading Co,Tiruppur,Textile Distribution Co. (Demo Entity),Tiruppur,2026-08-13,30,INR,3,,N,N
PO00858,PO00858__L4_excel_grid__q1_clean_digital.pdf,L4_excel_grid,q1_clean_digital,ESH/PO/2026-05/2295,2026-05-14,Eshanya Trading Co,Mumbai,Textile Distribution Co. (Demo Entity),Mumbai,2026-06-13,45,INR,7,"961,950.00",Y,Y
PO00859,PO00859__L4_excel_grid__q2_print_scan.pdf,L4_excel_grid,q2_print_scan,SUR/PO/2026-07/3654,2026-07-11,Suryakiran Enterprises,Pune,Textile Distribution Co. (Demo Entity),Pune,2026-08-25,30,INR,7,"606,188.50",Y,Y
PO00860,PO00860__L1_classic_tabular__q1_clean_digital.pdf,L1_classic_tabular,q1_clean_digital,RUC/PO/2026-06/3935,2026-06-18,Ruchira Apparels Pvt Ltd,Noida,Textile Distribution Co. (Demo Entity),Noida,2026-07-18,15,INR,7,"1,022,139.50",Y,Y
PO00861,PO00861__L6_erp_portal_print__q1_clean_digital.pdf,L6_erp_portal_print,q1_clean_digital,NAK/PO/2026-04/4226,2026-04-22,Nakshatra Weaves,Bengaluru,Textile Distribution Co. (Demo Entity),Bengaluru,2026-05-02,30,INR,1,"36,603.00",Y,Y
PO00862,PO00862__L1_classic_tabular__q1_clean_digital.pdf,L1_classic_tabular,q1_clean_digital,URV/PO/2026-06/5916,2026-06-26,Urvi Furnishings,Bhilwara,Textile Distribution Co. (Demo Entity),Bhilwara,2026-07-06,45,INR,1,"388,680.00",Y,Y
PO00863,PO00863__L1_classic_tabular__q1_clean_digital.pdf,L1_classic_tabular,q1_clean_digital,KES/PO/2026-06/5296,2026-06-01,Kesar Creations,Bengaluru,Textile Distribution Co. (Demo Entity),Bengaluru,2026-07-16,30,INR,5,"704,423.00",Y,Y
PO00864,PO00864__L4_excel_grid__q4_phone_photo.jpg,L4_excel_grid,q4_phone_photo,MEG/PO/2026-04/8516,2026-04-05,Meghdoot Clothing Co,Coimbatore,Textile Distribution Co. (Demo Entity),Coimbatore,2026-04-30,30,INR,2,"137,040.00",Y,Y
PO00865,PO00865__L6_erp_portal_print__q1_clean_digital.pdf,L6_erp_portal_print,q1_clean_digital,RID/PO/2026-05/5860,2026-05-09,Ridhima Vastra,Karur,Textile Distribution Co. (Demo Entity),Karur,2026-06-23,30,INR,7,"752,609.00",Y,Y
PO00866,PO00866__L3_email_body__q4_phone_photo.jpg,L3_email_body,q4_phone_photo,HAR/PO/2026-06/2133,2026-06-03,Harsith Fashions LLP,Hyderabad,Textile Distribution Co. (Demo Entity),Hyderabad,2026-07-18,30,INR,7,,N,N
PO00867,PO00867__L6_erp_portal_print__q1_clean_digital.pdf,L6_erp_portal_print,q1_clean_digital,HAR/PO/2026-05/6066,2026-05-01,Harsith Textiles,Surat,Textile Distribution Co. (Demo Entity),Surat,2026-06-15,15,INR,6,"636,628.50",Y,Y
PO00868,PO00868__L1_classic_tabular__q1_clean_digital.pdf,L1_classic_tabular,q1_clean_digital,RAN/PO/2026-07/1783,2026-07-16,Rangoli Apparels Pvt Ltd,Ichalkaranji,Textile Distribution Co. (Demo Entity),Ichalkaranji,2026-08-30,60,INR,8,"2,016,391.50",Y,Y
PO00869,PO00869__L3_email_body__q3_poor_scan.pdf,L3_email_body,q3_poor_scan,ESH/PO/2026-07/8301,2026-07-16,Eshanya Trading Co,Mumbai,Textile Distribution Co. (Demo Entity),Mumbai,2026-08-15,45,INR,12,,N,N
PO00870,PO00870__L2_exporter_letterhead__q5_fax_bitonal.png,L2_exporter_letterhead,q5_fax_bitonal,PAR/PO/2026-06/761,2026-06-08,Parnika Vastra,Indore,Textile Distribution Co. (Demo Entity),Indore,2026-07-03,30,INR,5,"1,438,305.00",Y,Y
PO00871,PO00871__L4_excel_grid__q1_clean_digital.pdf,L4_excel_grid,q1_clean_digital,RUC/PO/2026-07/4726,2026-07-21,Ruchira Exports Pvt Ltd,Karur,Textile Distribution Co. (Demo Entity),Karur,2026-08-20,15,INR,4,"100,791.50",Y,Y
PO00872,PO00872__L4_excel_grid__q1_clean_digital.pdf,L4_excel_grid,q1_clean_digital,JAA/PO/2026-07/6370,2026-07-08,Jaanvi Trading Co,Mumbai,Textile Distribution Co. (Demo Entity),Mumbai,2026-08-02,0,INR,7,"808,211.00",Y,Y
PO00873,PO00873__L1_classic_tabular__q1_clean_digital.pdf,L1_classic_tabular,q1_clean_digital,UTS/PO/2026-07/9609,2026-07-28,Utsav Trading Co,Bengaluru,Textile Distribution Co. (Demo Entity),Bengaluru,2026-08-22,60,INR,5,"1,023,078.00",Y,Y
PO00874,PO00874__L4_excel_grid__q2_print_scan.pdf,L4_excel_grid,q2_print_scan,SAM/PO/2026-06/6327,2026-06-23,Samvit Sourcing LLP,Indore,Textile Distribution Co. (Demo Entity),Indore,2026-07-23,30,INR,2,"303,688.00",Y,Y
PO00875,PO00875__L4_excel_grid__q1_clean_digital.pdf,L4_excel_grid,q1_clean_digital,SAA/PO/2026-04/7781,2026-04-11,Saanvi Trading Co,Surat,Textile Distribution Co. (Demo Entity),Surat,2026-05-11,90,INR,1,"249,060.00",Y,Y
PO00876,PO00876__L2_exporter_letterhead__q1_clean_digital.pdf,L2_exporter_letterhead,q1_clean_digital,NIR/PO/2026-05/9651,2026-05-16,Nirjara Apparels Pvt Ltd,Coimbatore,Textile Distribution Co. (Demo Entity),Coimbatore,2026-06-15,15,INR,5,"408,452.00",Y,Y
PO00877,PO00877__L4_excel_grid__q1_clean_digital.pdf,L4_excel_grid,q1_clean_digital,SAA/PO/2026-05/7147,2026-05-07,Saanvi Trading Co,Surat,Textile Distribution Co. (Demo Entity),Surat,2026-06-21,90,INR,8,"572,905.00",Y,Y
PO00878,PO00878__L6_erp_portal_print__q1_clean_digital.pdf,L6_erp_portal_print,q1_clean_digital,KAV/PO/2026-06/1779,2026-06-18,Kavyansh Fabs,Bhilwara,Textile Distribution Co. (Demo Entity),Bhilwara,2026-08-02,30,INR,10,"1,448,951.00",Y,Y
PO00879,PO00879__L2_exporter_letterhead__q2_print_scan.pdf,L2_exporter_letterhead,q2_print_scan,KAV/PO/2026-05/156,2026-05-13,Kavyansh Uniforms,Mumbai,Textile Distribution Co. (Demo Entity),Mumbai,2026-06-27,90,INR,3,"149,350.50",Y,Y
PO00880,PO00880__L5_handwritten_slip__q4_phone_photo.jpg,L5_handwritten_slip,q4_phone_photo,MEG/PO/2026-04/6655,2026-04-08,Meghdoot Apparels Pvt Ltd,Pune,Textile Distribution Co. (Demo Entity),Pune,2026-05-03,90,INR,2,,N,N
PO00881,PO00881__L1_classic_tabular__q1_clean_digital.pdf,L1_classic_tabular,q1_clean_digital,NIM/PO/2026-06/1045,2026-06-17,Nimaya Fabs,Erode,Textile Distribution Co. (Demo Entity),Erode,2026-07-17,60,INR,10,"1,441,898.00",Y,Y
PO00882,PO00882__L4_excel_grid__q4_phone_photo.jpg,L4_excel_grid,q4_phone_photo,MAN/PO/2026-07/5452,2026-07-11,Manthan Textiles,Panipat,Textile Distribution Co. (Demo Entity),Panipat,2026-08-25,30,INR,12,"2,730,809.00",Y,Y
PO00883,PO00883__L4_excel_grid__q1_clean_digital.pdf,L4_excel_grid,q1_clean_digital,NAK/PO/2026-04/6039,2026-04-20,Nakshatra Clothing Co,Bengaluru,Textile Distribution Co. (Demo Entity),Bengaluru,2026-05-15,45,INR,2,"293,985.00",Y,Y
PO00884,PO00884__L3_email_body__q1_clean_digital.pdf,L3_email_body,q1_clean_digital,ISH/PO/2026-07/9221,2026-07-28,Ishira Creations,Indore,Textile Distribution Co. (Demo Entity),Indore,2026-09-11,0,INR,7,,N,N
PO00885,PO00885__L4_excel_grid__q1_clean_digital.pdf,L4_excel_grid,q1_clean_digital,ADV/PO/2026-04/8405,2026-04-19,Advika Furnishings,Bengaluru,Textile Distribution Co. (Demo Entity),Bengaluru,2026-05-19,30,INR,6,"707,917.00",Y,Y
PO00886,PO00886__L5_handwritten_slip__q3_poor_scan.pdf,L5_handwritten_slip,q3_poor_scan,RAJ/PO/2026-06/1931,2026-06-25,Rajvi Creations,Bhilwara,Textile Distribution Co. (Demo Entity),Bhilwara,2026-07-15,90,INR,3,,N,N
PO00887,PO00887__L4_excel_grid__q2_print_scan.pdf,L4_excel_grid,q2_print_scan,UTS/PO/2026-05/9951,2026-05-11,Utsav Sourcing LLP,Kolkata,Textile Distribution Co. (Demo Entity),Kolkata,2026-06-10,15,INR,2,"593,740.00",Y,Y
PO00888,PO00888__L2_exporter_letterhead__q1_clean_digital.pdf,L2_exporter_letterhead,q1_clean_digital,RAN/PO/2026-06/8260,2026-06-22,Rangoli Apparels Pvt Ltd,Ichalkaranji,Textile Distribution Co. (Demo Entity),Ichalkaranji,2026-08-06,60,INR,5,"646,843.00",Y,Y
PO00889,PO00889__L4_excel_grid__q1_clean_digital.pdf,L4_excel_grid,q1_clean_digital,NAK/PO/2026-04/9770,2026-04-28,Nakshatra Clothing Co,Bengaluru,Textile Distribution Co. (Demo Entity),Bengaluru,2026-05-28,45,INR,3,"554,980.00",Y,Y
PO00890,PO00890__L4_excel_grid__q1_clean_digital.pdf,L4_excel_grid,q1_clean_digital,PRI/PO/2026-05/4128,2026-05-22,Prisha Apparels Pvt Ltd,Noida,Textile Distribution Co. (Demo Entity),Noida,2026-06-16,0,INR,3,"498,968.50",Y,Y
PO00891,PO00891__L2_exporter_letterhead__q1_clean_digital.pdf,L2_exporter_letterhead,q1_clean_digital,MEG/PO/2026-05/7897,2026-05-26,Meghdoot Weaves,Coimbatore,Textile Distribution Co. (Demo Entity),Coimbatore,2026-06-20,45,INR,3,"722,265.00",Y,Y
PO00892,PO00892__L5_handwritten_slip__q4_phone_photo.jpg,L5_handwritten_slip,q4_phone_photo,HAR/PO/2026-07/4483,2026-07-05,Harsith Fashions LLP,Hyderabad,Textile Distribution Co. (Demo Entity),Hyderabad,2026-08-19,30,INR,6,,N,N
PO00893,PO00893__L1_classic_tabular__q1_clean_digital.pdf,L1_classic_tabular,q1_clean_digital,YAS/PO/2026-05/7306,2026-05-28,Yashvi Clothing Co,Noida,Textile Distribution Co. (Demo Entity),Noida,2026-06-27,30,INR,2,"607,888.00",Y,Y
PO00894,PO00894__L5_handwritten_slip__q3_poor_scan.pdf,L5_handwritten_slip,q3_poor_scan,SAN/PO/2026-06/9844,2026-06-05,Sanchi Weaves,Ahmedabad,Textile Distribution Co. (Demo Entity),Ahmedabad,2026-06-30,30,INR,3,,N,N
PO00895,PO00895__L1_classic_tabular__q4_phone_photo.jpg,L1_classic_tabular,q4_phone_photo,PRA/PO/2026-07/9228,2026-07-04,Pratham Exports Pvt Ltd,Jaipur,Textile Distribution Co. (Demo Entity),Jaipur,2026-08-18,0,INR,8,"1,460,328.50",Y,Y
PO00896,PO00896__L1_classic_tabular__q1_clean_digital.pdf,L1_classic_tabular,q1_clean_digital,MEG/PO/2026-07/5739,2026-07-22,Meghdoot Weaves,Coimbatore,Textile Distribution Co. (Demo Entity),Coimbatore,2026-09-05,45,INR,10,"3,167,687.00",Y,Y
PO00897,PO00897__L5_handwritten_slip__q4_phone_photo.jpg,L5_handwritten_slip,q4_phone_photo,ANA/PO/2026-07/5910,2026-07-22,Anantam Weaves,Erode,Textile Distribution Co. (Demo Entity),Erode,2026-08-11,30,INR,5,,N,N
PO00898,PO00898__L3_email_body__q4_phone_photo.jpg,L3_email_body,q4_phone_photo,LAK/PO/2026-04/1889,2026-04-12,Lakshit Fabs,Bengaluru,Textile Distribution Co. (Demo Entity),Bengaluru,2026-05-27,45,INR,7,,N,N
PO00899,PO00899__L4_excel_grid__q1_clean_digital.pdf,L4_excel_grid,q1_clean_digital,GIR/PO/2026-04/5887,2026-04-02,Girish Creations,Ichalkaranji,Textile Distribution Co. (Demo Entity),Ichalkaranji,2026-04-27,30,INR,5,"1,355,047.00",Y,Y
PO00900,PO00900__L4_excel_grid__q1_clean_digital.pdf,L4_excel_grid,q1_clean_digital,ADV/PO/2026-07/8561,2026-07-03,Advika Furnishings,Bengaluru,Textile Distribution Co. (Demo Entity),Bengaluru,2026-08-02,30,INR,2,"592,632.00",Y,Y
PO00901,PO00901__L6_erp_portal_print__q2_print_scan.pdf,L6_erp_portal_print,q2_print_scan,SAA/PO/2026-04/297,2026-04-17,Saanvi Garments,Panipat,Textile Distribution Co. (Demo Entity),Panipat,2026-05-17,15,INR,5,"709,795.00",Y,Y
PO00902,PO00902__L1_classic_tabular__q1_clean_digital.pdf,L1_classic_tabular,q1_clean_digital,DEV/PO/2026-07/8169,2026-07-14,Devansh Apparels Pvt Ltd,Pune,Textile Distribution Co. (Demo Entity),Pune,2026-08-28,60,INR,5,"711,384.00",Y,Y
PO00903,PO00903__L6_erp_portal_print__q2_print_scan.pdf,L6_erp_portal_print,q2_print_scan,ISH/PO/2026-05/4741,2026-05-25,Ishira Creations,Indore,Textile Distribution Co. (Demo Entity),Indore,2026-06-14,0,INR,2,"82,240.00",Y,Y
PO00904,PO00904__L1_classic_tabular__q4_phone_photo.jpg,L1_classic_tabular,q4_phone_photo,GIR/PO/2026-04/9449,2026-04-17,Girish Garments,Noida,Textile Distribution Co. (Demo Entity),Noida,2026-06-01,0,INR,8,"1,355,880.80",Y,Y
PO00905,PO00905__L6_erp_portal_print__q1_clean_digital.pdf,L6_erp_portal_print,q1_clean_digital,DEV/PO/2026-08/8182,2026-08-16,Devansh Creations,New Delhi,Textile Distribution Co. (Demo Entity),New Delhi,2026-09-30,0,INR,4,"1,087,649.00",Y,Y
PO00906,PO00906__L6_erp_portal_print__q4_phone_photo.jpg,L6_erp_portal_print,q4_phone_photo,KRI/PO/2026-05/6165,2026-05-30,Kritika Creations,Indore,Textile Distribution Co. (Demo Entity),Indore,2026-07-14,60,INR,2,"256,128.00",Y,Y
PO00907,PO00907__L6_erp_portal_print__q1_clean_digital.pdf,L6_erp_portal_print,q1_clean_digital,KAV/PO/2026-06/1923,2026-06-01,Kavyansh Fabs,Bhilwara,Textile Distribution Co. (Demo Entity),Bhilwara,2026-07-16,30,INR,6,"1,171,436.00",Y,Y
PO00908,PO00908__L3_email_body__q1_clean_digital.pdf,L3_email_body,q1_clean_digital,TAN/PO/2026-08/6887,2026-08-20,Tanvi Enterprises,Ahmedabad,Textile Distribution Co. (Demo Entity),Ahmedabad,2026-10-04,30,INR,7,,N,N
PO00909,PO00909__L1_classic_tabular__q2_print_scan.pdf,L1_classic_tabular,q2_print_scan,DEV/PO/2026-06/1711,2026-06-11,Devansh Creations,New Delhi,Textile Distribution Co. (Demo Entity),New Delhi,2026-07-26,0,INR,5,"386,486.00",Y,Y
PO00910,PO00910__L3_email_body__q1_clean_digital.pdf,L3_email_body,q1_clean_digital,SAN/PO/2026-05/8170,2026-05-07,Sanchi Textiles,Bengaluru,Textile Distribution Co. (Demo Entity),Bengaluru,2026-06-06,60,INR,5,,N,N
PO00911,PO00911__L6_erp_portal_print__q1_clean_digital.pdf,L6_erp_portal_print,q1_clean_digital,NIR/PO/2026-04/486,2026-04-03,Nirjara Creations,Bhilwara,Textile Distribution Co. (Demo Entity),Bhilwara,2026-05-18,30,INR,4,"607,518.00",Y,Y
PO00912,PO00912__L1_classic_tabular__q1_clean_digital.pdf,L1_classic_tabular,q1_clean_digital,MEG/PO/2026-04/3517,2026-04-22,Meghdoot Apparels Pvt Ltd,Pune,Textile Distribution Co. (Demo Entity),Pune,2026-06-06,90,INR,3,"247,307.00",Y,Y
PO00913,PO00913__L1_classic_tabular__q1_clean_digital.pdf,L1_classic_tabular,q1_clean_digital,VAI/PO/2026-07/9248,2026-07-01,Vaidehi Garments,Indore,Textile Distribution Co. (Demo Entity),Indore,2026-08-15,60,INR,2,"347,147.00",Y,Y
PO00914,PO00914__L2_exporter_letterhead__q1_clean_digital.pdf,L2_exporter_letterhead,q1_clean_digital,SAM/PO/2026-08/7973,2026-08-15,Samvit Trading Co,Mumbai,Textile Distribution Co. (Demo Entity),Mumbai,2026-09-14,0,INR,1,"193,584.00",Y,Y
PO00915,PO00915__L1_classic_tabular__q3_poor_scan.pdf,L1_classic_tabular,q3_poor_scan,UTS/PO/2026-06/1727,2026-06-29,Utsav Creations,Karur,Textile Distribution Co. (Demo Entity),Karur,2026-07-24,45,INR,8,"967,480.00",Y,Y
PO00916,PO00916__L6_erp_portal_print__q4_phone_photo.jpg,L6_erp_portal_print,q4_phone_photo,NAV/PO/2026-05/1806,2026-05-17,Navrang Fashions LLP,Erode,Textile Distribution Co. (Demo Entity),Erode,2026-06-11,45,INR,2,"66,750.80",Y,Y
PO00917,PO00917__L2_exporter_letterhead__q1_clean_digital.pdf,L2_exporter_letterhead,q1_clean_digital,MEG/PO/2026-04/6902,2026-04-21,Meghdoot Apparels Pvt Ltd,Pune,Textile Distribution Co. (Demo Entity),Pune,2026-05-06,90,INR,4,"745,530.00",Y,Y
PO00918,PO00918__L3_email_body__q5_fax_bitonal.png,L3_email_body,q5_fax_bitonal,ISH/PO/2026-06/2981,2026-06-21,Ishira Creations,Indore,Textile Distribution Co. (Demo Entity),Indore,2026-08-05,0,INR,10,,N,N
PO00919,PO00919__L4_excel_grid__q4_phone_photo.jpg,L4_excel_grid,q4_phone_photo,HAR/PO/2026-07/1068,2026-07-04,Harsith Fashions LLP,Hyderabad,Textile Distribution Co. (Demo Entity),Hyderabad,2026-08-18,30,INR,3,"561,959.50",Y,Y
PO00920,PO00920__L1_classic_tabular__q1_clean_digital.pdf,L1_classic_tabular,q1_clean_digital,TEJ/PO/2026-08/4923,2026-08-19,Tejomay Fabs,Mumbai,Textile Distribution Co. (Demo Entity),Mumbai,2026-10-03,45,INR,8,"2,010,930.00",Y,Y
PO00921,PO00921__L1_classic_tabular__q2_print_scan.pdf,L1_classic_tabular,q2_print_scan,AMR/PO/2026-04/9411,2026-04-16,Amrit Sourcing LLP,Noida,Textile Distribution Co. (Demo Entity),Noida,2026-05-11,30,INR,2,"433,121.00",Y,Y
PO00922,PO00922__L1_classic_tabular__q3_poor_scan.pdf,L1_classic_tabular,q3_poor_scan,MAY/PO/2026-07/324,2026-07-04,Mayurika Creations,Jaipur,Textile Distribution Co. (Demo Entity),Jaipur,2026-08-18,45,INR,7,"1,144,623.00",Y,Y
PO00923,PO00923__L1_classic_tabular__q2_print_scan.pdf,L1_classic_tabular,q2_print_scan,DEV/PO/2026-06/1239,2026-06-09,Devansh Apparels Pvt Ltd,Pune,Textile Distribution Co. (Demo Entity),Pune,2026-07-24,60,INR,8,"1,142,022.00",Y,Y
PO00924,PO00924__L1_classic_tabular__q2_print_scan.pdf,L1_classic_tabular,q2_print_scan,SAM/PO/2026-07/4571,2026-07-23,Samvit Trading Co,Mumbai,Textile Distribution Co. (Demo Entity),Mumbai,2026-09-06,0,INR,2,"347,976.00",Y,Y
PO00925,PO00925__L1_classic_tabular__q3_poor_scan.pdf,L1_classic_tabular,q3_poor_scan,PAR/PO/2026-06/3017,2026-06-21,Parnika Fashions LLP,Noida,Textile Distribution Co. (Demo Entity),Noida,2026-08-05,60,INR,6,"357,905.00",Y,Y
PO00926,PO00926__L5_handwritten_slip__q4_phone_photo.jpg,L5_handwritten_slip,q4_phone_photo,MAN/PO/2026-06/5066,2026-06-27,Manthan Clothing Co,Bengaluru,Textile Distribution Co. (Demo Entity),Bengaluru,2026-08-11,15,INR,3,,N,N
PO00927,PO00927__L1_classic_tabular__q1_clean_digital.pdf,L1_classic_tabular,q1_clean_digital,MEG/PO/2026-07/1692,2026-07-09,Meghdoot Apparels Pvt Ltd,Pune,Textile Distribution Co. (Demo Entity),Pune,2026-08-23,90,INR,7,"1,329,556.00",Y,Y
PO00928,PO00928__L2_exporter_letterhead__q1_clean_digital.pdf,L2_exporter_letterhead,q1_clean_digital,NAK/PO/2026-06/4553,2026-06-02,Nakshatra Garments,Indore,Textile Distribution Co. (Demo Entity),Indore,2026-07-17,30,INR,6,"554,265.00",Y,Y
PO00929,PO00929__L4_excel_grid__q3_poor_scan.pdf,L4_excel_grid,q3_poor_scan,RID/PO/2026-07/4734,2026-07-14,Ridhima Vastra,Karur,Textile Distribution Co. (Demo Entity),Karur,2026-08-28,30,INR,8,"1,922,776.00",Y,Y
PO00930,PO00930__L3_email_body__q1_clean_digital.pdf,L3_email_body,q1_clean_digital,URV/PO/2026-05/5123,2026-05-27,Urvi Uniforms,Jaipur,Textile Distribution Co. (Demo Entity),Jaipur,2026-07-11,15,INR,4,,N,N
PO00931,PO00931__L2_exporter_letterhead__q1_clean_digital.pdf,L2_exporter_letterhead,q1_clean_digital,TAN/PO/2026-05/4165,2026-05-03,Tanvi Trading Co,New Delhi,Textile Distribution Co. (Demo Entity),New Delhi,2026-05-28,30,INR,4,"571,152.00",Y,Y
PO00932,PO00932__L1_classic_tabular__q1_clean_digital.pdf,L1_classic_tabular,q1_clean_digital,NAK/PO/2026-07/4230,2026-07-06,Nakshatra Weaves,Bengaluru,Textile Distribution Co. (Demo Entity),Bengaluru,2026-08-05,30,INR,3,"629,342.00",Y,Y
PO00933,PO00933__L6_erp_portal_print__q1_clean_digital.pdf,L6_erp_portal_print,q1_clean_digital,PAR/PO/2026-04/1059,2026-04-22,Parnika Fashions LLP,Noida,Textile Distribution Co. (Demo Entity),Noida,2026-06-06,60,INR,8,"1,768,089.00",Y,Y
PO00934,PO00934__L1_classic_tabular__q1_clean_digital.pdf,L1_classic_tabular,q1_clean_digital,NIM/PO/2026-05/5023,2026-05-25,Nimaya Garments,Bengaluru,Textile Distribution Co. (Demo Entity),Bengaluru,2026-07-09,90,INR,2,"170,522.00",Y,Y
PO00935,PO00935__L2_exporter_letterhead__q1_clean_digital.pdf,L2_exporter_letterhead,q1_clean_digital,DEV/PO/2026-06/5690,2026-06-04,Devansh Trading Co,Ludhiana,Textile Distribution Co. (Demo Entity),Ludhiana,2026-06-29,30,INR,4,"801,338.50",Y,Y
PO00936,PO00936__L1_classic_tabular__q1_clean_digital.pdf,L1_classic_tabular,q1_clean_digital,RAN/PO/2026-05/2885,2026-05-28,Rangoli Apparels Pvt Ltd,Ichalkaranji,Textile Distribution Co. (Demo Entity),Ichalkaranji,2026-07-12,60,INR,7,"1,113,693.00",Y,Y
PO00937,PO00937__L6_erp_portal_print__q2_print_scan.pdf,L6_erp_portal_print,q2_print_scan,OJA/PO/2026-08/5129,2026-08-14,Ojas Clothing Co,Ludhiana,Textile Distribution Co. (Demo Entity),Ludhiana,2026-09-28,15,INR,9,"1,862,421.00",Y,Y
PO00938,PO00938__L3_email_body__q1_clean_digital.pdf,L3_email_body,q1_clean_digital,NIM/PO/2026-06/7850,2026-06-09,Nimaya Fabs,Erode,Textile Distribution Co. (Demo Entity),Erode,2026-07-09,60,INR,6,,N,N
PO00939,PO00939__L5_handwritten_slip__q3_poor_scan.pdf,L5_handwritten_slip,q3_poor_scan,MAN/PO/2026-04/3210,2026-04-24,Manthan Weaves,Panipat,Textile Distribution Co. (Demo Entity),Panipat,2026-06-08,90,INR,4,,N,N
PO00940,PO00940__L6_erp_portal_print__q4_phone_photo.jpg,L6_erp_portal_print,q4_phone_photo,SAN/PO/2026-07/3971,2026-07-04,Sanchi Weaves,Ahmedabad,Textile Distribution Co. (Demo Entity),Ahmedabad,2026-08-18,30,INR,4,"591,497.00",Y,Y
PO00941,PO00941__L6_erp_portal_print__q1_clean_digital.pdf,L6_erp_portal_print,q1_clean_digital,YAS/PO/2026-07/8693,2026-07-28,Yashvi Sourcing LLP,Pune,Textile Distribution Co. (Demo Entity),Pune,2026-09-11,60,INR,3,"1,149,339.00",Y,Y
PO00942,PO00942__L6_erp_portal_print__q5_fax_bitonal.png,L6_erp_portal_print,q5_fax_bitonal,GIR/PO/2026-07/4769,2026-07-31,Girish Creations,Ichalkaranji,Textile Distribution Co. (Demo Entity),Ichalkaranji,2026-09-14,30,INR,12,"1,981,163.00",Y,Y
PO00943,PO00943__L1_classic_tabular__q1_clean_digital.pdf,L1_classic_tabular,q1_clean_digital,AAS/PO/2026-04/8336,2026-04-23,Aashritha Vastra,Tiruppur,Textile Distribution Co. (Demo Entity),Tiruppur,2026-06-07,0,INR,7,"386,435.30",Y,Y
PO00944,PO00944__L2_exporter_letterhead__q1_clean_digital.pdf,L2_exporter_letterhead,q1_clean_digital,DEV/PO/2026-05/3813,2026-05-29,Devansh Apparels Pvt Ltd,Pune,Textile Distribution Co. (Demo Entity),Pune,2026-07-13,60,INR,4,"1,288,994.50",Y,Y
PO00945,PO00945__L6_erp_portal_print__q1_clean_digital.pdf,L6_erp_portal_print,q1_clean_digital,YAS/PO/2026-04/9599,2026-04-29,Yashvi Sourcing LLP,Pune,Textile Distribution Co. (Demo Entity),Pune,2026-05-19,60,INR,3,"145,306.00",Y,Y
PO00946,PO00946__L3_email_body__q1_clean_digital.pdf,L3_email_body,q1_clean_digital,TAN/PO/2026-06/861,2026-06-01,Tanvi Fashions LLP,Panipat,Textile Distribution Co. (Demo Entity),Panipat,2026-07-16,0,INR,8,,N,N
PO00947,PO00947__L4_excel_grid__q4_phone_photo.jpg,L4_excel_grid,q4_phone_photo,PRA/PO/2026-06/9059,2026-06-11,Pratham Exports Pvt Ltd,Jaipur,Textile Distribution Co. (Demo Entity),Jaipur,2026-06-26,0,INR,1,"76,100.00",Y,Y
PO00948,PO00948__L6_erp_portal_print__q1_clean_digital.pdf,L6_erp_portal_print,q1_clean_digital,OOR/PO/2026-08/5699,2026-08-05,Oorja Trading Co,Chennai,Textile Distribution Co. (Demo Entity),Chennai,2026-09-04,90,INR,8,"1,336,633.00",Y,Y
PO00949,PO00949__L1_classic_tabular__q3_poor_scan.pdf,L1_classic_tabular,q3_poor_scan,PRI/PO/2026-06/6096,2026-06-25,Prisha Apparels Pvt Ltd,Noida,Textile Distribution Co. (Demo Entity),Noida,2026-08-09,0,INR,3,"440,331.00",Y,Y
PO00950,PO00950__L3_email_body__q3_poor_scan.pdf,L3_email_body,q3_poor_scan,JAA/PO/2026-06/8074,2026-06-17,Jaanvi Apparels Pvt Ltd,Hyderabad,Textile Distribution Co. (Demo Entity),Hyderabad,2026-08-01,90,INR,8,,N,N
PO00951,PO00951__L1_classic_tabular__q1_clean_digital.pdf,L1_classic_tabular,q1_clean_digital,YAS/PO/2026-07/5121,2026-07-10,Yashvi Clothing Co,Noida,Textile Distribution Co. (Demo Entity),Noida,2026-07-30,30,INR,4,"495,251.50",Y,Y
PO00952,PO00952__L3_email_body__q3_poor_scan.pdf,L3_email_body,q3_poor_scan,KRI/PO/2026-04/6813,2026-04-03,Kritika Enterprises,Bengaluru,Textile Distribution Co. (Demo Entity),Bengaluru,2026-04-28,0,INR,1,,N,N
PO00953,PO00953__L3_email_body__q1_clean_digital.pdf,L3_email_body,q1_clean_digital,KAV/PO/2026-05/6886,2026-05-03,Kavyansh Furnishings,Panipat,Textile Distribution Co. (Demo Entity),Panipat,2026-06-17,60,INR,6,,N,N
PO00954,PO00954__L4_excel_grid__q1_clean_digital.pdf,L4_excel_grid,q1_clean_digital,YUV/PO/2026-05/6776,2026-05-27,Yuvaan Sourcing LLP,Noida,Textile Distribution Co. (Demo Entity),Noida,2026-07-11,30,INR,6,"2,258,065.50",Y,Y
PO00955,PO00955__L3_email_body__q1_clean_digital.pdf,L3_email_body,q1_clean_digital,NAK/PO/2026-06/1887,2026-06-23,Nakshatra Garments,Indore,Textile Distribution Co. (Demo Entity),Indore,2026-08-07,30,INR,8,,N,N
PO00956,PO00956__L4_excel_grid__q1_clean_digital.pdf,L4_excel_grid,q1_clean_digital,SUR/PO/2026-08/8283,2026-08-20,Suryakiran Enterprises,Pune,Textile Distribution Co. (Demo Entity),Pune,2026-09-09,30,INR,3,"141,707.00",Y,Y
PO00957,PO00957__L2_exporter_letterhead__q1_clean_digital.pdf,L2_exporter_letterhead,q1_clean_digital,SAN/PO/2026-06/8680,2026-06-02,Sanchi Textiles,Bengaluru,Textile Distribution Co. (Demo Entity),Bengaluru,2026-07-17,60,INR,8,"2,219,266.00",Y,Y
PO00958,PO00958__L1_classic_tabular__q1_clean_digital.pdf,L1_classic_tabular,q1_clean_digital,DEV/PO/2026-04/2228,2026-04-19,Devansh Apparels Pvt Ltd,Pune,Textile Distribution Co. (Demo Entity),Pune,2026-06-03,60,INR,5,"482,973.00",Y,Y
PO00959,PO00959__L1_classic_tabular__q5_fax_bitonal.png,L1_classic_tabular,q5_fax_bitonal,DHR/PO/2026-08/5743,2026-08-04,Dhruvi Garments,Erode,Textile Distribution Co. (Demo Entity),Erode,2026-09-18,30,INR,4,"410,122.50",Y,Y
PO00960,PO00960__L1_classic_tabular__q3_poor_scan.pdf,L1_classic_tabular,q3_poor_scan,BHO/PO/2026-08/8036,2026-08-12,Bhoomika Sourcing LLP,Ludhiana,Textile Distribution Co. (Demo Entity),Ludhiana,2026-09-26,30,INR,10,"2,076,352.00",Y,Y
PO00961,PO00961__L1_classic_tabular__q3_poor_scan.pdf,L1_classic_tabular,q3_poor_scan,HAR/PO/2026-04/6055,2026-04-25,Harsith Fashions LLP,Hyderabad,Textile Distribution Co. (Demo Entity),Hyderabad,2026-05-25,30,INR,10,"1,016,904.00",Y,Y
PO00962,PO00962__L1_classic_tabular__q4_phone_photo.jpg,L1_classic_tabular,q4_phone_photo,NIR/PO/2026-07/8936,2026-07-18,Nirvaan Fabs,Chennai,Textile Distribution Co. (Demo Entity),Chennai,2026-09-01,45,INR,8,"1,349,044.50",Y,Y
PO00963,PO00963__L1_classic_tabular__q1_clean_digital.pdf,L1_classic_tabular,q1_clean_digital,ZAR/PO/2026-06/9530,2026-06-02,Zarina Clothing Co,Indore,Textile Distribution Co. (Demo Entity),Indore,2026-07-02,90,INR,4,"835,592.00",Y,Y
PO00964,PO00964__L5_handwritten_slip__q4_phone_photo.jpg,L5_handwritten_slip,q4_phone_photo,YAS/PO/2026-06/2152,2026-06-02,Yashvi Clothing Co,Noida,Textile Distribution Co. (Demo Entity),Noida,2026-07-17,30,INR,3,,N,N
PO00965,PO00965__L1_classic_tabular__q1_clean_digital.pdf,L1_classic_tabular,q1_clean_digital,KAV/PO/2026-05/3871,2026-05-06,Kavyansh Furnishings,Panipat,Textile Distribution Co. (Demo Entity),Panipat,2026-06-20,60,INR,2,"614,183.00",Y,Y
PO00966,PO00966__L2_exporter_letterhead__q2_print_scan.pdf,L2_exporter_letterhead,q2_print_scan,MEG/PO/2026-06/3089,2026-06-12,Meghdoot Textiles,Pune,Textile Distribution Co. (Demo Entity),Pune,2026-07-27,15,INR,2,"228,672.00",Y,Y
PO00967,PO00967__L1_classic_tabular__q3_poor_scan.pdf,L1_classic_tabular,q3_poor_scan,SAA/PO/2026-05/1321,2026-05-26,Saanvi Garments,Panipat,Textile Distribution Co. (Demo Entity),Panipat,2026-07-10,15,INR,4,"1,656,639.00",Y,Y
PO00968,PO00968__L1_classic_tabular__q4_phone_photo.jpg,L1_classic_tabular,q4_phone_photo,AAS/PO/2026-08/2403,2026-08-16,Aashritha Trading Co,Noida,Textile Distribution Co. (Demo Entity),Noida,2026-09-30,90,INR,7,"859,287.50",Y,Y
PO00969,PO00969__L4_excel_grid__q4_phone_photo.jpg,L4_excel_grid,q4_phone_photo,SUR/PO/2026-05/8606,2026-05-30,Suryakiran Weaves,Surat,Textile Distribution Co. (Demo Entity),Surat,2026-07-14,60,INR,11,"1,641,820.50",Y,Y
PO00970,PO00970__L6_erp_portal_print__q2_print_scan.pdf,L6_erp_portal_print,q2_print_scan,ZAR/PO/2026-06/6192,2026-06-07,Zarina Clothing Co,Indore,Textile Distribution Co. (Demo Entity),Indore,2026-07-22,90,INR,6,"1,131,847.00",Y,Y
PO00971,PO00971__L1_classic_tabular__q2_print_scan.pdf,L1_classic_tabular,q2_print_scan,PRI/PO/2026-06/325,2026-06-11,Prisha Uniforms,Tiruppur,Textile Distribution Co. (Demo Entity),Tiruppur,2026-07-26,45,INR,4,"404,029.50",Y,Y
PO00972,PO00972__L3_email_body__q4_phone_photo.jpg,L3_email_body,q4_phone_photo,SUR/PO/2026-08/1484,2026-08-16,Suryakiran Weaves,Surat,Textile Distribution Co. (Demo Entity),Surat,2026-09-15,60,INR,2,,N,N
PO00973,PO00973__L1_classic_tabular__q1_clean_digital.pdf,L1_classic_tabular,q1_clean_digital,SAM/PO/2026-04/5238,2026-04-25,Samvit Trading Co,Mumbai,Textile Distribution Co. (Demo Entity),Mumbai,2026-05-25,0,INR,4,"414,726.50",Y,Y
PO00974,PO00974__L6_erp_portal_print__q1_clean_digital.pdf,L6_erp_portal_print,q1_clean_digital,SAA/PO/2026-06/6753,2026-06-13,Saanvi Enterprises,Surat,Textile Distribution Co. (Demo Entity),Surat,2026-06-28,90,INR,1,"763,975.00",Y,Y
PO00975,PO00975__L1_classic_tabular__q3_poor_scan.pdf,L1_classic_tabular,q3_poor_scan,ADV/PO/2026-08/8252,2026-08-05,Advika Garments,Indore,Textile Distribution Co. (Demo Entity),Indore,2026-09-19,90,INR,10,"797,760.00",Y,Y
PO00976,PO00976__L6_erp_portal_print__q1_clean_digital.pdf,L6_erp_portal_print,q1_clean_digital,RID/PO/2026-05/1888,2026-05-04,Ridhima Vastra,Karur,Textile Distribution Co. (Demo Entity),Karur,2026-06-18,30,INR,7,"1,128,262.00",Y,Y
PO00977,PO00977__L6_erp_portal_print__q1_clean_digital.pdf,L6_erp_portal_print,q1_clean_digital,URV/PO/2026-04/6335,2026-04-16,Urvi Exports Pvt Ltd,Mumbai,Textile Distribution Co. (Demo Entity),Mumbai,2026-05-16,15,INR,4,"483,090.00",Y,Y
PO00978,PO00978__L1_classic_tabular__q4_phone_photo.jpg,L1_classic_tabular,q4_phone_photo,JAA/PO/2026-05/4339,2026-05-14,Jaanvi Apparels Pvt Ltd,Hyderabad,Textile Distribution Co. (Demo Entity),Hyderabad,2026-06-28,90,INR,6,"1,054,890.00",Y,Y
PO00979,PO00979__L5_handwritten_slip__q3_poor_scan.pdf,L5_handwritten_slip,q3_poor_scan,AAR/PO/2026-07/6728,2026-07-22,Aarohi Creations,Ichalkaranji,Textile Distribution Co. (Demo Entity),Ichalkaranji,2026-09-05,60,INR,6,,N,N
PO00980,PO00980__L4_excel_grid__q1_clean_digital.pdf,L4_excel_grid,q1_clean_digital,BHO/PO/2026-08/1220,2026-08-12,Bhoomika Clothing Co,Surat,Textile Distribution Co. (Demo Entity),Surat,2026-09-26,30,INR,7,"1,486,195.50",Y,Y
PO00981,PO00981__L1_classic_tabular__q4_phone_photo.jpg,L1_classic_tabular,q4_phone_photo,YUV/PO/2026-08/6460,2026-08-09,Yuvaan Vastra,Hyderabad,Textile Distribution Co. (Demo Entity),Hyderabad,2026-09-23,30,INR,12,"1,202,761.00",Y,Y
PO00982,PO00982__L3_email_body__q4_phone_photo.jpg,L3_email_body,q4_phone_photo,YAS/PO/2026-06/104,2026-06-10,Yashvi Vastra,Indore,Textile Distribution Co. (Demo Entity),Indore,2026-07-25,30,INR,3,,N,N
PO00983,PO00983__L4_excel_grid__q1_clean_digital.pdf,L4_excel_grid,q1_clean_digital,PRI/PO/2026-04/4441,2026-04-28,Prisha Apparels Pvt Ltd,Noida,Textile Distribution Co. (Demo Entity),Noida,2026-05-28,0,INR,7,"714,283.00",Y,Y
PO00984,PO00984__L4_excel_grid__q3_poor_scan.pdf,L4_excel_grid,q3_poor_scan,LAK/PO/2026-04/1054,2026-04-10,Lakshit Fabs,Bengaluru,Textile Distribution Co. (Demo Entity),Bengaluru,2026-05-25,45,INR,6,"1,101,373.00",Y,Y
PO00985,PO00985__L3_email_body__q4_phone_photo.jpg,L3_email_body,q4_phone_photo,YAS/PO/2026-08/2495,2026-08-01,Yashvi Creations,Surat,Textile Distribution Co. (Demo Entity),Surat,2026-08-26,90,INR,2,,N,N
PO00986,PO00986__L6_erp_portal_print__q1_clean_digital.pdf,L6_erp_portal_print,q1_clean_digital,ISH/PO/2026-08/5426,2026-08-02,Ishira Enterprises,Mumbai,Textile Distribution Co. (Demo Entity),Mumbai,2026-08-27,90,INR,3,"360,605.00",Y,Y
PO00987,PO00987__L6_erp_portal_print__q1_clean_digital.pdf,L6_erp_portal_print,q1_clean_digital,DHR/PO/2026-05/4222,2026-05-17,Dhruvi Garments,Erode,Textile Distribution Co. (Demo Entity),Erode,2026-06-16,30,INR,3,"961,918.00",Y,Y
PO00988,PO00988__L6_erp_portal_print__q1_clean_digital.pdf,L6_erp_portal_print,q1_clean_digital,DEV/PO/2026-07/6294,2026-07-23,Devansh Creations,New Delhi,Textile Distribution Co. (Demo Entity),New Delhi,2026-09-06,0,INR,9,"742,527.00",Y,Y
PO00989,PO00989__L1_classic_tabular__q1_clean_digital.pdf,L1_classic_tabular,q1_clean_digital,AMR/PO/2026-04/5648,2026-04-19,Amrit Sourcing LLP,Noida,Textile Distribution Co. (Demo Entity),Noida,2026-06-03,30,INR,5,"1,602,700.00",Y,Y
PO00990,PO00990__L4_excel_grid__q1_clean_digital.pdf,L4_excel_grid,q1_clean_digital,SAM/PO/2026-06/5696,2026-06-28,Samvit Sourcing LLP,Indore,Textile Distribution Co. (Demo Entity),Indore,2026-08-12,30,INR,3,"537,984.00",Y,Y
PO00991,PO00991__L4_excel_grid__q1_clean_digital.pdf,L4_excel_grid,q1_clean_digital,SHR/PO/2026-07/8403,2026-07-30,Shreeyan Creations,Indore,Textile Distribution Co. (Demo Entity),Indore,2026-08-29,60,INR,3,"716,978.50",Y,Y
PO00992,PO00992__L1_classic_tabular__q3_poor_scan.pdf,L1_classic_tabular,q3_poor_scan,PAR/PO/2026-05/3459,2026-05-06,Parnika Vastra,Indore,Textile Distribution Co. (Demo Entity),Indore,2026-06-20,30,INR,6,"617,871.50",Y,Y
PO00993,PO00993__L4_excel_grid__q1_clean_digital.pdf,L4_excel_grid,q1_clean_digital,UTS/PO/2026-05/4180,2026-05-18,Utsav Sourcing LLP,Kolkata,Textile Distribution Co. (Demo Entity),Kolkata,2026-06-17,15,INR,2,"593,740.00",Y,Y
PO00994,PO00994__L1_classic_tabular__q1_clean_digital.pdf,L1_classic_tabular,q1_clean_digital,VRI/PO/2026-06/4549,2026-06-02,Vrinda Sourcing LLP,Noida,Textile Distribution Co. (Demo Entity),Noida,2026-06-17,30,INR,3,"209,520.00",Y,Y
PO00995,PO00995__L1_classic_tabular__q1_clean_digital.pdf,L1_classic_tabular,q1_clean_digital,RUC/PO/2026-05/1407,2026-05-23,Ruchira Apparels Pvt Ltd,Noida,Textile Distribution Co. (Demo Entity),Noida,2026-06-22,15,INR,5,"1,233,721.00",Y,Y
PO00996,PO00996__L6_erp_portal_print__q4_phone_photo.jpg,L6_erp_portal_print,q4_phone_photo,SAT/PO/2026-04/9201,2026-04-07,Sattva Fashions LLP,Ahmedabad,Textile Distribution Co. (Demo Entity),Ahmedabad,2026-05-22,30,INR,2,"116,586.00",Y,Y
PO00997,PO00997__L1_classic_tabular__q1_clean_digital.pdf,L1_classic_tabular,q1_clean_digital,AMR/PO/2026-07/6389,2026-07-23,Amrit Sourcing LLP,Noida,Textile Distribution Co. (Demo Entity),Noida,2026-08-17,30,INR,3,"1,043,925.00",Y,Y
PO00998,PO00998__L1_classic_tabular__q1_clean_digital.pdf,L1_classic_tabular,q1_clean_digital,URV/PO/2026-05/8556,2026-05-11,Urvi Uniforms,Jaipur,Textile Distribution Co. (Demo Entity),Jaipur,2026-06-25,15,INR,2,"271,135.00",Y,Y
PO00999,PO00999__L3_email_body__q2_print_scan.pdf,L3_email_body,q2_print_scan,AMR/PO/2026-08/229,2026-08-16,Amrit Apparels Pvt Ltd,Pune,Textile Distribution Co. (Demo Entity),Pune,2026-09-30,0,INR,2,,N,N
PO01000,PO01000__L3_email_body__q4_phone_photo.jpg,L3_email_body,q4_phone_photo,UTS/PO/2026-04/2673,2026-04-23,Utsav Textiles,New Delhi,Textile Distribution Co. (Demo Entity),New Delhi,2026-05-23,0,INR,4,,N,N
