po_id,po_number,customer_id,po_date,document_file,file_format,layout_id,layout_name,quality_id,quality_name,has_text_layer,requires_ocr,render_dpi,n_pages,n_lines,has_terms_annexure_page,line_items_span_pages,lines_rendered,source_channel,source_document_quality,degradation_params,file_size_bytes,split
PO00001,MEG/PO/2026-06/7044,CUST0082,2026-06-20,PO00001__L1_classic_tabular__q4_phone_photo.jpg,jpg,L1_classic_tabular,Classic bordered tabular PO on plain letterhead,q4_phone_photo,"Phone photo: perspective warp, shadow gradient, handheld blur",N,Y,150,1,10,N,N,10,WhatsApp Image,Scanned Copy,"{""perspective"":true,""shadow_gradient"":true,""handheld_blur"":true}",187161,validation
PO00002,DEV/PO/2026-05/694,CUST0096,2026-05-18,PO00002__L6_erp_portal_print__q1_clean_digital.pdf,pdf,L6_erp_portal_print,"Machine-generated portal print-out, monospaced, barcode",q1_clean_digital,Native digital PDF with a real text layer,Y,N,,1,4,N,N,4,Email PDF,Clean Digital,,3050,test
PO00003,KAV/PO/2026-07/1388,CUST0118,2026-07-12,PO00003__L1_classic_tabular__q1_clean_digital.pdf,pdf,L1_classic_tabular,Classic bordered tabular PO on plain letterhead,q1_clean_digital,Native digital PDF with a real text layer,Y,N,,1,3,N,N,3,Email PDF,Clean Digital,,3058,test
PO00004,ISH/PO/2026-06/7289,CUST0066,2026-06-13,PO00004__L6_erp_portal_print__q1_clean_digital.pdf,pdf,L6_erp_portal_print,"Machine-generated portal print-out, monospaced, barcode",q1_clean_digital,Native digital PDF with a real text layer,Y,N,,1,6,N,N,6,Portal Upload,Clean Digital,,3133,train
PO00005,VAI/PO/2026-04/4480,CUST0007,2026-04-16,PO00005__L6_erp_portal_print__q1_clean_digital.pdf,pdf,L6_erp_portal_print,"Machine-generated portal print-out, monospaced, barcode",q1_clean_digital,Native digital PDF with a real text layer,Y,N,,1,2,N,N,2,Email PDF,Clean Digital,,2796,validation
PO00006,NIR/PO/2026-04/9978,CUST0117,2026-04-14,PO00006__L1_classic_tabular__q1_clean_digital.pdf,pdf,L1_classic_tabular,Classic bordered tabular PO on plain letterhead,q1_clean_digital,Native digital PDF with a real text layer,Y,N,,2,4,Y,N,4,Email PDF,Clean Digital,,4906,train
PO00007,PRA/PO/2026-08/6214,CUST0038,2026-08-16,PO00007__L1_classic_tabular__q5_fax_bitonal.png,png,L1_classic_tabular,Classic bordered tabular PO on plain letterhead,q5_fax_bitonal,"Fax/bitonal: 1-bit threshold, streaks, slipped rows",N,Y,200,1,6,N,N,6,Email PDF,Poor Scan / Handwritten,"{""bitonal_threshold"":178,""streaks"":true,""row_slip"":true}",36495,test
PO00008,PRA/PO/2026-05/6760,CUST0038,2026-05-18,PO00008__L2_exporter_letterhead__q2_print_scan.pdf,pdf,L2_exporter_letterhead,"Export-house indent, dark letterhead band, rate before qty",q2_print_scan,"Printed then scanned at 200 dpi, light skew and noise, image-only PDF",N,Y,200,1,10,N,N,10,Email PDF,Clean Digital,"{""skew_deg"":0.34,""blur"":""light"",""noise"":""low""}",209038,train
PO00009,NIM/PO/2026-06/3115,CUST0030,2026-06-18,PO00009__L1_classic_tabular__q1_clean_digital.pdf,pdf,L1_classic_tabular,Classic bordered tabular PO on plain letterhead,q1_clean_digital,Native digital PDF with a real text layer,Y,N,,1,7,N,N,7,Email PDF,Clean Digital,,3620,train
PO00010,VRI/PO/2026-05/3124,CUST0098,2026-05-15,PO00010__L2_exporter_letterhead__q1_clean_digital.pdf,pdf,L2_exporter_letterhead,"Export-house indent, dark letterhead band, rate before qty",q1_clean_digital,Native digital PDF with a real text layer,Y,N,,1,7,N,N,7,Email PDF,Clean Digital,,3573,test
PO00011,ANA/PO/2026-05/1512,CUST0056,2026-05-12,PO00011__L4_excel_grid__q1_clean_digital.pdf,pdf,L4_excel_grid,"Spreadsheet printed to PDF, dense grid, 12 columns",q1_clean_digital,Native digital PDF with a real text layer,Y,N,,1,8,N,N,8,Email Excel,Clean Digital,,4001,validation
PO00012,NAK/PO/2026-04/2427,CUST0105,2026-04-01,PO00012__L1_classic_tabular__q1_clean_digital.pdf,pdf,L1_classic_tabular,Classic bordered tabular PO on plain letterhead,q1_clean_digital,Native digital PDF with a real text layer,Y,N,,2,6,Y,N,6,Email PDF,Clean Digital,,5336,validation
PO00013,NIM/PO/2026-05/8682,CUST0034,2026-05-08,PO00013__L2_exporter_letterhead__q2_print_scan.pdf,pdf,L2_exporter_letterhead,"Export-house indent, dark letterhead band, rate before qty",q2_print_scan,"Printed then scanned at 200 dpi, light skew and noise, image-only PDF",N,Y,200,1,5,N,N,5,Email PDF,Clean Digital,"{""skew_deg"":0.04,""blur"":""light"",""noise"":""low""}",162464,train
PO00014,VAI/PO/2026-05/8595,CUST0081,2026-05-24,PO00014__L3_email_body__q1_clean_digital.pdf,pdf,L3_email_body,"Order typed into an email body, no table, no totals",q1_clean_digital,Native digital PDF with a real text layer,Y,N,,1,6,N,N,6,Email PDF,Clean Digital,,2482,train
PO00015,RAN/PO/2026-06/5818,CUST0062,2026-06-01,PO00015__L6_erp_portal_print__q1_clean_digital.pdf,pdf,L6_erp_portal_print,"Machine-generated portal print-out, monospaced, barcode",q1_clean_digital,Native digital PDF with a real text layer,Y,N,,1,8,N,N,8,Email PDF,Clean Digital,,3263,train
PO00016,UTS/PO/2026-04/9527,CUST0136,2026-04-19,PO00016__L5_handwritten_slip__q4_phone_photo.jpg,jpg,L5_handwritten_slip,"Handwritten order-book slip, ruled paper",q4_phone_photo,"Phone photo: perspective warp, shadow gradient, handheld blur",N,Y,150,1,4,N,N,4,WhatsApp Image,Scanned Copy,"{""perspective"":true,""shadow_gradient"":true,""handheld_blur"":true}",189490,validation
PO00017,PRA/PO/2026-04/6925,CUST0071,2026-04-01,PO00017__L1_classic_tabular__q4_phone_photo.jpg,jpg,L1_classic_tabular,Classic bordered tabular PO on plain letterhead,q4_phone_photo,"Phone photo: perspective warp, shadow gradient, handheld blur",N,Y,150,1,2,N,N,2,WhatsApp Image,Scanned Copy,"{""perspective"":true,""shadow_gradient"":true,""handheld_blur"":true}",191289,train
PO00018,ANA/PO/2026-07/8772,CUST0056,2026-07-06,PO00018__L4_excel_grid__q1_clean_digital.pdf,pdf,L4_excel_grid,"Spreadsheet printed to PDF, dense grid, 12 columns",q1_clean_digital,Native digital PDF with a real text layer,Y,N,,1,4,N,N,4,Email Excel,Clean Digital,,3193,validation
PO00019,ADV/PO/2026-05/3849,CUST0092,2026-05-23,PO00019__L3_email_body__q2_print_scan.pdf,pdf,L3_email_body,"Order typed into an email body, no table, no totals",q2_print_scan,"Printed then scanned at 200 dpi, light skew and noise, image-only PDF",N,Y,200,1,1,N,N,1,Email PDF,Clean Digital,"{""skew_deg"":0.55,""blur"":""light"",""noise"":""low""}",81607,train
PO00020,KAV/PO/2026-07/6037,CUST0014,2026-07-26,PO00020__L6_erp_portal_print__q1_clean_digital.pdf,pdf,L6_erp_portal_print,"Machine-generated portal print-out, monospaced, barcode",q1_clean_digital,Native digital PDF with a real text layer,Y,N,,1,2,N,N,2,Email PDF,Clean Digital,,2820,train
PO00021,GIR/PO/2026-05/8375,CUST0090,2026-05-16,PO00021__L6_erp_portal_print__q1_clean_digital.pdf,pdf,L6_erp_portal_print,"Machine-generated portal print-out, monospaced, barcode",q1_clean_digital,Native digital PDF with a real text layer,Y,N,,1,6,N,N,6,Portal Upload,Clean Digital,,3154,train
PO00022,BHA/PO/2026-08/3541,CUST0003,2026-08-16,PO00022__L4_excel_grid__q1_clean_digital.pdf,pdf,L4_excel_grid,"Spreadsheet printed to PDF, dense grid, 12 columns",q1_clean_digital,Native digital PDF with a real text layer,Y,N,,1,1,N,N,1,Email Excel,Clean Digital,,2369,train
PO00023,MEG/PO/2026-07/965,CUST0089,2026-07-31,PO00023__L1_classic_tabular__q1_clean_digital.pdf,pdf,L1_classic_tabular,Classic bordered tabular PO on plain letterhead,q1_clean_digital,Native digital PDF with a real text layer,Y,N,,1,10,N,N,10,Email PDF,Clean Digital,,4003,validation
PO00024,VAI/PO/2026-04/405,CUST0081,2026-04-29,PO00024__L2_exporter_letterhead__q1_clean_digital.pdf,pdf,L2_exporter_letterhead,"Export-house indent, dark letterhead band, rate before qty",q1_clean_digital,Native digital PDF with a real text layer,Y,N,,1,4,N,N,4,Email PDF,Clean Digital,,3126,validation
PO00025,DEV/PO/2026-08/6107,CUST0088,2026-08-02,PO00025__L4_excel_grid__q2_print_scan.pdf,pdf,L4_excel_grid,"Spreadsheet printed to PDF, dense grid, 12 columns",q2_print_scan,"Printed then scanned at 200 dpi, light skew and noise, image-only PDF",N,Y,200,1,3,N,N,3,Scanned Copy,Scanned Copy,"{""skew_deg"":-0.22,""blur"":""light"",""noise"":""low""}",113534,validation
PO00026,OJA/PO/2026-05/329,CUST0131,2026-05-05,PO00026__L6_erp_portal_print__q1_clean_digital.pdf,pdf,L6_erp_portal_print,"Machine-generated portal print-out, monospaced, barcode",q1_clean_digital,Native digital PDF with a real text layer,Y,N,,1,3,N,N,3,Portal Upload,Clean Digital,,2949,train
PO00027,MEG/PO/2026-06/7096,CUST0082,2026-06-23,PO00027__L6_erp_portal_print__q4_phone_photo.jpg,jpg,L6_erp_portal_print,"Machine-generated portal print-out, monospaced, barcode",q4_phone_photo,"Phone photo: perspective warp, shadow gradient, handheld blur",N,Y,150,1,8,N,N,8,WhatsApp Image,Scanned Copy,"{""perspective"":true,""shadow_gradient"":true,""handheld_blur"":true}",126429,train
PO00028,TAN/PO/2026-06/3611,CUST0072,2026-06-07,PO00028__L2_exporter_letterhead__q1_clean_digital.pdf,pdf,L2_exporter_letterhead,"Export-house indent, dark letterhead band, rate before qty",q1_clean_digital,Native digital PDF with a real text layer,Y,N,,1,5,N,N,5,Email PDF,Clean Digital,,3251,train
PO00029,KAN/PO/2026-04/926,CUST0101,2026-04-21,PO00029__L2_exporter_letterhead__q2_print_scan.pdf,pdf,L2_exporter_letterhead,"Export-house indent, dark letterhead band, rate before qty",q2_print_scan,"Printed then scanned at 200 dpi, light skew and noise, image-only PDF",N,Y,200,1,6,N,N,6,Email PDF,Clean Digital,"{""skew_deg"":0.44,""blur"":""light"",""noise"":""low""}",187695,train
PO00030,VRI/PO/2026-07/8087,CUST0070,2026-07-28,PO00030__L1_classic_tabular__q1_clean_digital.pdf,pdf,L1_classic_tabular,Classic bordered tabular PO on plain letterhead,q1_clean_digital,Native digital PDF with a real text layer,Y,N,,1,8,N,N,8,Email PDF,Clean Digital,,3906,train
PO00031,DEV/PO/2026-07/9085,CUST0088,2026-07-12,PO00031__L1_classic_tabular__q3_poor_scan.pdf,pdf,L1_classic_tabular,Classic bordered tabular PO on plain letterhead,q3_poor_scan,"Poor scan: heavy skew, blur, speckle, fold line, contrast loss",N,Y,150,1,6,N,N,6,Scanned Copy,Poor Scan / Handwritten,"{""skew_deg"":2.29,""blur"":""heavy"",""noise"":""high"",""contrast_loss"":true,""fold"":true}",146113,test
PO00032,BHO/PO/2026-05/2344,CUST0015,2026-05-31,PO00032__L4_excel_grid__q4_phone_photo.jpg,jpg,L4_excel_grid,"Spreadsheet printed to PDF, dense grid, 12 columns",q4_phone_photo,"Phone photo: perspective warp, shadow gradient, handheld blur",N,Y,150,1,4,N,N,4,WhatsApp Image,Scanned Copy,"{""perspective"":true,""shadow_gradient"":true,""handheld_blur"":true}",135479,test
PO00033,OJA/PO/2026-05/9345,CUST0111,2026-05-09,PO00033__L1_classic_tabular__q1_clean_digital.pdf,pdf,L1_classic_tabular,Classic bordered tabular PO on plain letterhead,q1_clean_digital,Native digital PDF with a real text layer,Y,N,,1,3,N,N,3,Email PDF,Clean Digital,,3096,train
PO00034,NIR/PO/2026-06/6487,CUST0002,2026-06-28,PO00034__L6_erp_portal_print__q3_poor_scan.pdf,pdf,L6_erp_portal_print,"Machine-generated portal print-out, monospaced, barcode",q3_poor_scan,"Poor scan: heavy skew, blur, speckle, fold line, contrast loss",N,Y,150,1,10,N,N,10,WhatsApp Image,Poor Scan / Handwritten,"{""skew_deg"":0.87,""blur"":""heavy"",""noise"":""high"",""contrast_loss"":true,""fold"":true}",113983,train
PO00035,PRA/PO/2026-04/301,CUST0038,2026-04-16,PO00035__L2_exporter_letterhead__q1_clean_digital.pdf,pdf,L2_exporter_letterhead,"Export-house indent, dark letterhead band, rate before qty",q1_clean_digital,Native digital PDF with a real text layer,Y,N,,1,5,N,N,5,Email PDF,Clean Digital,,3227,validation
PO00036,LAK/PO/2026-08/5013,CUST0052,2026-08-14,PO00036__L5_handwritten_slip__q4_phone_photo.jpg,jpg,L5_handwritten_slip,"Handwritten order-book slip, ruled paper",q4_phone_photo,"Phone photo: perspective warp, shadow gradient, handheld blur",N,Y,150,1,4,N,N,4,WhatsApp Image,Scanned Copy,"{""perspective"":true,""shadow_gradient"":true,""handheld_blur"":true}",209997,train
PO00037,SAM/PO/2026-05/2477,CUST0084,2026-05-21,PO00037__L4_excel_grid__q1_clean_digital.pdf,pdf,L4_excel_grid,"Spreadsheet printed to PDF, dense grid, 12 columns",q1_clean_digital,Native digital PDF with a real text layer,Y,N,,1,8,N,N,8,Email Excel,Clean Digital,,3976,validation
PO00038,AAS/PO/2026-07/1472,CUST0057,2026-07-16,PO00038__L2_exporter_letterhead__q1_clean_digital.pdf,pdf,L2_exporter_letterhead,"Export-house indent, dark letterhead band, rate before qty",q1_clean_digital,Native digital PDF with a real text layer,Y,N,,1,1,N,N,1,Email PDF,Clean Digital,,2711,validation
PO00039,ZAR/PO/2026-06/6137,CUST0106,2026-06-11,PO00039__L4_excel_grid__q1_clean_digital.pdf,pdf,L4_excel_grid,"Spreadsheet printed to PDF, dense grid, 12 columns",q1_clean_digital,Native digital PDF with a real text layer,Y,N,,1,2,N,N,2,Email Excel,Clean Digital,,2656,train
PO00040,NIM/PO/2026-08/9782,CUST0087,2026-08-02,PO00040__L4_excel_grid__q5_fax_bitonal.png,png,L4_excel_grid,"Spreadsheet printed to PDF, dense grid, 12 columns",q5_fax_bitonal,"Fax/bitonal: 1-bit threshold, streaks, slipped rows",N,Y,200,1,3,N,N,3,Scanned Copy,Scanned Copy,"{""bitonal_threshold"":165,""streaks"":true,""row_slip"":true}",27011,train
PO00041,NAK/PO/2026-06/9946,CUST0075,2026-06-03,PO00041__L1_classic_tabular__q1_clean_digital.pdf,pdf,L1_classic_tabular,Classic bordered tabular PO on plain letterhead,q1_clean_digital,Native digital PDF with a real text layer,Y,N,,1,2,N,N,2,Email PDF,Clean Digital,,2843,train
PO00042,URV/PO/2026-04/5095,CUST0102,2026-04-10,PO00042__L2_exporter_letterhead__q1_clean_digital.pdf,pdf,L2_exporter_letterhead,"Export-house indent, dark letterhead band, rate before qty",q1_clean_digital,Native digital PDF with a real text layer,Y,N,,1,3,N,N,3,Email PDF,Clean Digital,,3040,train
PO00043,YAS/PO/2026-04/3277,CUST0016,2026-04-08,PO00043__L1_classic_tabular__q4_phone_photo.jpg,jpg,L1_classic_tabular,Classic bordered tabular PO on plain letterhead,q4_phone_photo,"Phone photo: perspective warp, shadow gradient, handheld blur",N,Y,150,1,6,N,N,6,WhatsApp Image,Scanned Copy,"{""perspective"":true,""shadow_gradient"":true,""handheld_blur"":true}",213071,test
PO00044,KAV/PO/2026-04/9643,CUST0118,2026-04-17,PO00044__L5_handwritten_slip__q4_phone_photo.jpg,jpg,L5_handwritten_slip,"Handwritten order-book slip, ruled paper",q4_phone_photo,"Phone photo: perspective warp, shadow gradient, handheld blur",N,Y,150,1,5,N,N,5,Email PDF,Poor Scan / Handwritten,"{""perspective"":true,""shadow_gradient"":true,""handheld_blur"":true}",205125,train
PO00045,URV/PO/2026-05/9939,CUST0102,2026-05-07,PO00045__L2_exporter_letterhead__q1_clean_digital.pdf,pdf,L2_exporter_letterhead,"Export-house indent, dark letterhead band, rate before qty",q1_clean_digital,Native digital PDF with a real text layer,Y,N,,1,2,N,N,2,Email PDF,Clean Digital,,2873,train
PO00046,MAN/PO/2026-07/642,CUST0023,2026-07-23,PO00046__L3_email_body__q4_phone_photo.jpg,jpg,L3_email_body,"Order typed into an email body, no table, no totals",q4_phone_photo,"Phone photo: perspective warp, shadow gradient, handheld blur",N,Y,150,1,1,N,N,1,WhatsApp Image,Scanned Copy,"{""perspective"":true,""shadow_gradient"":true,""handheld_blur"":true}",94938,train
PO00047,NAK/PO/2026-04/7187,CUST0105,2026-04-10,PO00047__L3_email_body__q1_clean_digital.pdf,pdf,L3_email_body,"Order typed into an email body, no table, no totals",q1_clean_digital,Native digital PDF with a real text layer,Y,N,,1,10,N,N,10,Email PDF,Clean Digital,,2907,train
PO00048,NIM/PO/2026-07/5290,CUST0030,2026-07-07,PO00048__L1_classic_tabular__q3_poor_scan.pdf,pdf,L1_classic_tabular,Classic bordered tabular PO on plain letterhead,q3_poor_scan,"Poor scan: heavy skew, blur, speckle, fold line, contrast loss",N,Y,150,1,10,N,N,10,Email PDF,Poor Scan / Handwritten,"{""skew_deg"":0.19,""blur"":""heavy"",""noise"":""high"",""contrast_loss"":true,""fold"":true}",166265,validation
PO00049,VAI/PO/2026-06/2967,CUST0081,2026-06-29,PO00049__L3_email_body__q1_clean_digital.pdf,pdf,L3_email_body,"Order typed into an email body, no table, no totals",q1_clean_digital,Native digital PDF with a real text layer,Y,N,,1,1,N,N,1,Email PDF,Clean Digital,,2210,test
PO00050,SAM/PO/2026-05/6792,CUST0120,2026-05-23,PO00050__L3_email_body__q1_clean_digital.pdf,pdf,L3_email_body,"Order typed into an email body, no table, no totals",q1_clean_digital,Native digital PDF with a real text layer,Y,N,,1,7,N,N,7,Email PDF,Clean Digital,,2641,test
PO00051,NIM/PO/2026-05/9562,CUST0030,2026-05-17,PO00051__L6_erp_portal_print__q1_clean_digital.pdf,pdf,L6_erp_portal_print,"Machine-generated portal print-out, monospaced, barcode",q1_clean_digital,Native digital PDF with a real text layer,Y,N,,1,1,N,N,1,Email PDF,Clean Digital,,2729,test
PO00052,HAR/PO/2026-08/994,CUST0109,2026-08-03,PO00052__L4_excel_grid__q4_phone_photo.jpg,jpg,L4_excel_grid,"Spreadsheet printed to PDF, dense grid, 12 columns",q4_phone_photo,"Phone photo: perspective warp, shadow gradient, handheld blur",N,Y,150,1,3,N,N,3,WhatsApp Image,Scanned Copy,"{""perspective"":true,""shadow_gradient"":true,""handheld_blur"":true}",194176,train
PO00053,ADV/PO/2026-08/5189,CUST0065,2026-08-10,PO00053__L1_classic_tabular__q4_phone_photo.jpg,jpg,L1_classic_tabular,Classic bordered tabular PO on plain letterhead,q4_phone_photo,"Phone photo: perspective warp, shadow gradient, handheld blur",N,Y,150,1,1,N,N,1,WhatsApp Image,Scanned Copy,"{""perspective"":true,""shadow_gradient"":true,""handheld_blur"":true}",138157,train
PO00054,PRI/PO/2026-04/1489,CUST0051,2026-04-20,PO00054__L4_excel_grid__q1_clean_digital.pdf,pdf,L4_excel_grid,"Spreadsheet printed to PDF, dense grid, 12 columns",q1_clean_digital,Native digital PDF with a real text layer,Y,N,,1,3,N,N,3,Email Excel,Clean Digital,,2939,test
PO00055,MAN/PO/2026-06/8218,CUST0054,2026-06-17,PO00055__L1_classic_tabular__q4_phone_photo.jpg,jpg,L1_classic_tabular,Classic bordered tabular PO on plain letterhead,q4_phone_photo,"Phone photo: perspective warp, shadow gradient, handheld blur",N,Y,150,1,1,N,N,1,WhatsApp Image,Scanned Copy,"{""perspective"":true,""shadow_gradient"":true,""handheld_blur"":true}",143715,train
PO00056,CHA/PO/2026-06/9206,CUST0004,2026-06-22,PO00056__L5_handwritten_slip__q4_phone_photo.jpg,jpg,L5_handwritten_slip,"Handwritten order-book slip, ruled paper",q4_phone_photo,"Phone photo: perspective warp, shadow gradient, handheld blur",N,Y,150,1,5,N,N,5,Email Excel,Poor Scan / Handwritten,"{""perspective"":true,""shadow_gradient"":true,""handheld_blur"":true}",217348,test
PO00057,GIR/PO/2026-07/1087,CUST0090,2026-07-05,PO00057__L6_erp_portal_print__q1_clean_digital.pdf,pdf,L6_erp_portal_print,"Machine-generated portal print-out, monospaced, barcode",q1_clean_digital,Native digital PDF with a real text layer,Y,N,,1,4,N,N,4,Portal Upload,Clean Digital,,3030,train
PO00058,BHA/PO/2026-07/7361,CUST0108,2026-07-17,PO00058__L2_exporter_letterhead__q2_print_scan.pdf,pdf,L2_exporter_letterhead,"Export-house indent, dark letterhead band, rate before qty",q2_print_scan,"Printed then scanned at 200 dpi, light skew and noise, image-only PDF",N,Y,200,1,7,N,N,7,Scanned Copy,Scanned Copy,"{""skew_deg"":-0.46,""blur"":""light"",""noise"":""low""}",170622,train
PO00059,RID/PO/2026-05/8287,CUST0045,2026-05-21,PO00059__L6_erp_portal_print__q1_clean_digital.pdf,pdf,L6_erp_portal_print,"Machine-generated portal print-out, monospaced, barcode",q1_clean_digital,Native digital PDF with a real text layer,Y,N,,1,3,N,N,3,Portal Upload,Clean Digital,,2858,validation
PO00060,URV/PO/2026-06/9948,CUST0063,2026-06-04,PO00060__L1_classic_tabular__q1_clean_digital.pdf,pdf,L1_classic_tabular,Classic bordered tabular PO on plain letterhead,q1_clean_digital,Native digital PDF with a real text layer,Y,N,,1,3,N,N,3,Email PDF,Clean Digital,,3019,train
PO00061,TAN/PO/2026-04/9129,CUST0076,2026-04-04,PO00061__L1_classic_tabular__q3_poor_scan.pdf,pdf,L1_classic_tabular,Classic bordered tabular PO on plain letterhead,q3_poor_scan,"Poor scan: heavy skew, blur, speckle, fold line, contrast loss",N,Y,150,1,10,N,N,10,Email PDF,Poor Scan / Handwritten,"{""skew_deg"":0.58,""blur"":""heavy"",""noise"":""high"",""contrast_loss"":true,""fold"":true}",169443,validation
PO00062,ZEN/PO/2026-08/8871,CUST0050,2026-08-17,PO00062__L1_classic_tabular__q2_print_scan.pdf,pdf,L1_classic_tabular,Classic bordered tabular PO on plain letterhead,q2_print_scan,"Printed then scanned at 200 dpi, light skew and noise, image-only PDF",N,Y,200,2,1,Y,N,1,Email PDF,Clean Digital,"{""skew_deg"":-0.04,""blur"":""light"",""noise"":""low""}",289392,train
PO00063,TEJ/PO/2026-08/9180,CUST0005,2026-08-05,PO00063__L1_classic_tabular__q1_clean_digital.pdf,pdf,L1_classic_tabular,Classic bordered tabular PO on plain letterhead,q1_clean_digital,Native digital PDF with a real text layer,Y,N,,1,11,N,N,11,Email PDF,Clean Digital,,4334,train
PO00064,MEG/PO/2026-04/7282,CUST0059,2026-04-28,PO00064__L5_handwritten_slip__q3_poor_scan.pdf,pdf,L5_handwritten_slip,"Handwritten order-book slip, ruled paper",q3_poor_scan,"Poor scan: heavy skew, blur, speckle, fold line, contrast loss",N,Y,150,1,1,N,N,1,Email PDF,Poor Scan / Handwritten,"{""skew_deg"":-1.01,""blur"":""heavy"",""noise"":""high"",""contrast_loss"":true,""fold"":true}",64003,train
PO00065,ADV/PO/2026-07/3622,CUST0065,2026-07-28,PO00065__L5_handwritten_slip__q4_phone_photo.jpg,jpg,L5_handwritten_slip,"Handwritten order-book slip, ruled paper",q4_phone_photo,"Phone photo: perspective warp, shadow gradient, handheld blur",N,Y,150,1,5,N,N,5,WhatsApp Image,Scanned Copy,"{""perspective"":true,""shadow_gradient"":true,""handheld_blur"":true}",210545,validation
PO00066,ADV/PO/2026-07/7660,CUST0129,2026-07-30,PO00066__L4_excel_grid__q1_clean_digital.pdf,pdf,L4_excel_grid,"Spreadsheet printed to PDF, dense grid, 12 columns",q1_clean_digital,Native digital PDF with a real text layer,Y,N,,1,6,N,N,6,Email Excel,Clean Digital,,3606,test
PO00067,DHR/PO/2026-05/5717,CUST0094,2026-05-05,PO00067__L3_email_body__q3_poor_scan.pdf,pdf,L3_email_body,"Order typed into an email body, no table, no totals",q3_poor_scan,"Poor scan: heavy skew, blur, speckle, fold line, contrast loss",N,Y,150,1,5,N,N,5,Portal Upload,Poor Scan / Handwritten,"{""skew_deg"":-1.58,""blur"":""heavy"",""noise"":""high"",""contrast_loss"":true,""fold"":true}",127970,validation
PO00068,CHA/PO/2026-05/290,CUST0137,2026-05-09,PO00068__L1_classic_tabular__q4_phone_photo.jpg,jpg,L1_classic_tabular,Classic bordered tabular PO on plain letterhead,q4_phone_photo,"Phone photo: perspective warp, shadow gradient, handheld blur",N,Y,150,2,9,Y,N,9,Scanned Copy,Poor Scan / Handwritten,"{""perspective"":true,""shadow_gradient"":true,""handheld_blur"":true}",367473,train
PO00069,MAN/PO/2026-07/9391,CUST0132,2026-07-09,PO00069__L6_erp_portal_print__q1_clean_digital.pdf,pdf,L6_erp_portal_print,"Machine-generated portal print-out, monospaced, barcode",q1_clean_digital,Native digital PDF with a real text layer,Y,N,,1,7,N,N,7,Portal Upload,Clean Digital,,3239,train
PO00070,TAN/PO/2026-06/6970,CUST0076,2026-06-28,PO00070__L1_classic_tabular__q1_clean_digital.pdf,pdf,L1_classic_tabular,Classic bordered tabular PO on plain letterhead,q1_clean_digital,Native digital PDF with a real text layer,Y,N,,1,7,N,N,7,Email PDF,Clean Digital,,3844,test
PO00071,KAV/PO/2026-05/4311,CUST0107,2026-05-26,PO00071__L1_classic_tabular__q1_clean_digital.pdf,pdf,L1_classic_tabular,Classic bordered tabular PO on plain letterhead,q1_clean_digital,Native digital PDF with a real text layer,Y,N,,1,4,N,N,4,Email PDF,Clean Digital,,3173,train
PO00072,BHA/PO/2026-08/4905,CUST0035,2026-08-03,PO00072__L1_classic_tabular__q1_clean_digital.pdf,pdf,L1_classic_tabular,Classic bordered tabular PO on plain letterhead,q1_clean_digital,Native digital PDF with a real text layer,Y,N,,1,10,N,N,10,Email PDF,Clean Digital,,4205,validation
PO00073,OOR/PO/2026-06/8093,CUST0119,2026-06-02,PO00073__L2_exporter_letterhead__q3_poor_scan.pdf,pdf,L2_exporter_letterhead,"Export-house indent, dark letterhead band, rate before qty",q3_poor_scan,"Poor scan: heavy skew, blur, speckle, fold line, contrast loss",N,Y,150,1,5,N,N,5,Scanned Copy,Scanned Copy,"{""skew_deg"":-0.16,""blur"":""heavy"",""noise"":""high"",""contrast_loss"":true,""fold"":true}",163315,train
PO00074,HAR/PO/2026-06/8607,CUST0109,2026-06-26,PO00074__L5_handwritten_slip__q4_phone_photo.jpg,jpg,L5_handwritten_slip,"Handwritten order-book slip, ruled paper",q4_phone_photo,"Phone photo: perspective warp, shadow gradient, handheld blur",N,Y,150,1,6,N,N,6,WhatsApp Image,Scanned Copy,"{""perspective"":true,""shadow_gradient"":true,""handheld_blur"":true}",175305,train
PO00075,CHA/PO/2026-06/1682,CUST0060,2026-06-19,PO00075__L4_excel_grid__q4_phone_photo.jpg,jpg,L4_excel_grid,"Spreadsheet printed to PDF, dense grid, 12 columns",q4_phone_photo,"Phone photo: perspective warp, shadow gradient, handheld blur",N,Y,150,1,2,N,N,2,Portal Upload,Poor Scan / Handwritten,"{""perspective"":true,""shadow_gradient"":true,""handheld_blur"":true}",101463,train
PO00076,UTS/PO/2026-08/589,CUST0021,2026-08-18,PO00076__L4_excel_grid__q2_print_scan.pdf,pdf,L4_excel_grid,"Spreadsheet printed to PDF, dense grid, 12 columns",q2_print_scan,"Printed then scanned at 200 dpi, light skew and noise, image-only PDF",N,Y,200,1,3,N,N,3,Email Excel,Clean Digital,"{""skew_deg"":-0.15,""blur"":""light"",""noise"":""low""}",124050,test
PO00077,YUV/PO/2026-05/1144,CUST0079,2026-05-04,PO00077__L4_excel_grid__q2_print_scan.pdf,pdf,L4_excel_grid,"Spreadsheet printed to PDF, dense grid, 12 columns",q2_print_scan,"Printed then scanned at 200 dpi, light skew and noise, image-only PDF",N,Y,200,1,8,N,N,8,Email Excel,Clean Digital,"{""skew_deg"":-0.26,""blur"":""light"",""noise"":""low""}",170885,train
PO00078,TAN/PO/2026-06/5765,CUST0076,2026-06-12,PO00078__L1_classic_tabular__q1_clean_digital.pdf,pdf,L1_classic_tabular,Classic bordered tabular PO on plain letterhead,q1_clean_digital,Native digital PDF with a real text layer,Y,N,,2,8,Y,N,8,Email PDF,Clean Digital,,5734,train
PO00079,OJA/PO/2026-08/7872,CUST0112,2026-08-20,PO00079__L4_excel_grid__q1_clean_digital.pdf,pdf,L4_excel_grid,"Spreadsheet printed to PDF, dense grid, 12 columns",q1_clean_digital,Native digital PDF with a real text layer,Y,N,,1,3,N,N,3,Email Excel,Clean Digital,,2950,validation
PO00080,SAN/PO/2026-05/8260,CUST0093,2026-05-17,PO00080__L1_classic_tabular__q1_clean_digital.pdf,pdf,L1_classic_tabular,Classic bordered tabular PO on plain letterhead,q1_clean_digital,Native digital PDF with a real text layer,Y,N,,1,6,N,N,6,Email PDF,Clean Digital,,3659,test
PO00081,JAA/PO/2026-06/611,CUST0099,2026-06-18,PO00081__L1_classic_tabular__q3_poor_scan.pdf,pdf,L1_classic_tabular,Classic bordered tabular PO on plain letterhead,q3_poor_scan,"Poor scan: heavy skew, blur, speckle, fold line, contrast loss",N,Y,150,1,3,N,N,3,WhatsApp Image,Scanned Copy,"{""skew_deg"":0.77,""blur"":""heavy"",""noise"":""high"",""contrast_loss"":true,""fold"":true}",134869,validation
PO00082,NIM/PO/2026-08/3272,CUST0030,2026-08-08,PO00082__L6_erp_portal_print__q1_clean_digital.pdf,pdf,L6_erp_portal_print,"Machine-generated portal print-out, monospaced, barcode",q1_clean_digital,Native digital PDF with a real text layer,Y,N,,1,3,N,N,3,Email PDF,Clean Digital,,2875,train
PO00083,ADV/PO/2026-05/2139,CUST0127,2026-05-29,PO00083__L1_classic_tabular__q1_clean_digital.pdf,pdf,L1_classic_tabular,Classic bordered tabular PO on plain letterhead,q1_clean_digital,Native digital PDF with a real text layer,Y,N,,2,3,Y,N,3,Email PDF,Clean Digital,,4784,train
PO00084,SAT/PO/2026-07/3391,CUST0009,2026-07-03,PO00084__L1_classic_tabular__q3_poor_scan.pdf,pdf,L1_classic_tabular,Classic bordered tabular PO on plain letterhead,q3_poor_scan,"Poor scan: heavy skew, blur, speckle, fold line, contrast loss",N,Y,150,1,10,N,N,10,WhatsApp Image,Scanned Copy,"{""skew_deg"":1.51,""blur"":""heavy"",""noise"":""high"",""contrast_loss"":true,""fold"":true}",115787,validation
PO00085,HAR/PO/2026-04/3250,CUST0109,2026-04-05,PO00085__L3_email_body__q5_fax_bitonal.png,png,L3_email_body,"Order typed into an email body, no table, no totals",q5_fax_bitonal,"Fax/bitonal: 1-bit threshold, streaks, slipped rows",N,Y,200,1,12,N,N,12,WhatsApp Image,Poor Scan / Handwritten,"{""bitonal_threshold"":162,""streaks"":true,""row_slip"":true}",43139,train
PO00086,ESH/PO/2026-06/5716,CUST0001,2026-06-06,PO00086__L4_excel_grid__q1_clean_digital.pdf,pdf,L4_excel_grid,"Spreadsheet printed to PDF, dense grid, 12 columns",q1_clean_digital,Native digital PDF with a real text layer,Y,N,,1,5,N,N,5,Email Excel,Clean Digital,,3390,train
PO00087,GIR/PO/2026-07/3824,CUST0135,2026-07-13,PO00087__L4_excel_grid__q1_clean_digital.pdf,pdf,L4_excel_grid,"Spreadsheet printed to PDF, dense grid, 12 columns",q1_clean_digital,Native digital PDF with a real text layer,Y,N,,1,10,N,N,10,Email Excel,Clean Digital,,4498,test
PO00088,ADV/PO/2026-04/4240,CUST0129,2026-04-10,PO00088__L5_handwritten_slip__q3_poor_scan.pdf,pdf,L5_handwritten_slip,"Handwritten order-book slip, ruled paper",q3_poor_scan,"Poor scan: heavy skew, blur, speckle, fold line, contrast loss",N,Y,150,1,6,N,N,6,Email Excel,Poor Scan / Handwritten,"{""skew_deg"":0.72,""blur"":""heavy"",""noise"":""high"",""contrast_loss"":true,""fold"":true}",148685,train
PO00089,YUV/PO/2026-05/7710,CUST0006,2026-05-16,PO00089__L4_excel_grid__q1_clean_digital.pdf,pdf,L4_excel_grid,"Spreadsheet printed to PDF, dense grid, 12 columns",q1_clean_digital,Native digital PDF with a real text layer,Y,N,,1,2,N,N,2,Email Excel,Clean Digital,,2674,test
PO00090,YAS/PO/2026-06/8394,CUST0010,2026-06-25,PO00090__L6_erp_portal_print__q1_clean_digital.pdf,pdf,L6_erp_portal_print,"Machine-generated portal print-out, monospaced, barcode",q1_clean_digital,Native digital PDF with a real text layer,Y,N,,1,7,N,N,7,Email PDF,Clean Digital,,3063,train
PO00091,SAT/PO/2026-08/9019,CUST0009,2026-08-14,PO00091__L5_handwritten_slip__q4_phone_photo.jpg,jpg,L5_handwritten_slip,"Handwritten order-book slip, ruled paper",q4_phone_photo,"Phone photo: perspective warp, shadow gradient, handheld blur",N,Y,150,1,3,N,N,3,WhatsApp Image,Scanned Copy,"{""perspective"":true,""shadow_gradient"":true,""handheld_blur"":true}",170752,validation
PO00092,KES/PO/2026-05/520,CUST0141,2026-05-22,PO00092__L1_classic_tabular__q1_clean_digital.pdf,pdf,L1_classic_tabular,Classic bordered tabular PO on plain letterhead,q1_clean_digital,Native digital PDF with a real text layer,Y,N,,1,8,N,N,8,Email PDF,Clean Digital,,3855,validation
PO00093,OOR/PO/2026-05/5485,CUST0074,2026-05-25,PO00093__L1_classic_tabular__q2_print_scan.pdf,pdf,L1_classic_tabular,Classic bordered tabular PO on plain letterhead,q2_print_scan,"Printed then scanned at 200 dpi, light skew and noise, image-only PDF",N,Y,200,1,1,N,N,1,Scanned Copy,Scanned Copy,"{""skew_deg"":-0.15,""blur"":""light"",""noise"":""low""}",135905,test
PO00094,JAA/PO/2026-07/7234,CUST0099,2026-07-14,PO00094__L4_excel_grid__q4_phone_photo.jpg,jpg,L4_excel_grid,"Spreadsheet printed to PDF, dense grid, 12 columns",q4_phone_photo,"Phone photo: perspective warp, shadow gradient, handheld blur",N,Y,150,1,3,N,N,3,WhatsApp Image,Scanned Copy,"{""perspective"":true,""shadow_gradient"":true,""handheld_blur"":true}",179098,validation
PO00095,ESH/PO/2026-07/6062,CUST0001,2026-07-26,PO00095__L2_exporter_letterhead__q5_fax_bitonal.png,png,L2_exporter_letterhead,"Export-house indent, dark letterhead band, rate before qty",q5_fax_bitonal,"Fax/bitonal: 1-bit threshold, streaks, slipped rows",N,Y,200,1,3,N,N,3,Email Excel,Poor Scan / Handwritten,"{""bitonal_threshold"":154,""streaks"":true,""row_slip"":true}",30731,validation
PO00096,LAK/PO/2026-06/8754,CUST0052,2026-06-24,PO00096__L1_classic_tabular__q4_phone_photo.jpg,jpg,L1_classic_tabular,Classic bordered tabular PO on plain letterhead,q4_phone_photo,"Phone photo: perspective warp, shadow gradient, handheld blur",N,Y,150,1,1,N,N,1,WhatsApp Image,Scanned Copy,"{""perspective"":true,""shadow_gradient"":true,""handheld_blur"":true}",106711,test
PO00097,YUV/PO/2026-04/7219,CUST0079,2026-04-23,PO00097__L4_excel_grid__q1_clean_digital.pdf,pdf,L4_excel_grid,"Spreadsheet printed to PDF, dense grid, 12 columns",q1_clean_digital,Native digital PDF with a real text layer,Y,N,,1,10,N,N,10,Email Excel,Clean Digital,,4538,test
PO00098,BHA/PO/2026-05/6181,CUST0108,2026-05-20,PO00098__L1_classic_tabular__q2_print_scan.pdf,pdf,L1_classic_tabular,Classic bordered tabular PO on plain letterhead,q2_print_scan,"Printed then scanned at 200 dpi, light skew and noise, image-only PDF",N,Y,200,1,1,N,N,1,Scanned Copy,Scanned Copy,"{""skew_deg"":-0.13,""blur"":""light"",""noise"":""low""}",124520,validation
PO00099,BHA/PO/2026-08/2868,CUST0011,2026-08-04,PO00099__L5_handwritten_slip__q4_phone_photo.jpg,jpg,L5_handwritten_slip,"Handwritten order-book slip, ruled paper",q4_phone_photo,"Phone photo: perspective warp, shadow gradient, handheld blur",N,Y,150,1,6,N,N,6,Email PDF,Poor Scan / Handwritten,"{""perspective"":true,""shadow_gradient"":true,""handheld_blur"":true}",190803,train
PO00100,YUV/PO/2026-07/9010,CUST0079,2026-07-23,PO00100__L4_excel_grid__q1_clean_digital.pdf,pdf,L4_excel_grid,"Spreadsheet printed to PDF, dense grid, 12 columns",q1_clean_digital,Native digital PDF with a real text layer,Y,N,,1,3,N,N,3,Email Excel,Clean Digital,,2961,train
PO00101,SUR/PO/2026-04/3233,CUST0024,2026-04-10,PO00101__L4_excel_grid__q1_clean_digital.pdf,pdf,L4_excel_grid,"Spreadsheet printed to PDF, dense grid, 12 columns",q1_clean_digital,Native digital PDF with a real text layer,Y,N,,1,6,N,N,6,Email Excel,Clean Digital,,3536,test
PO00102,TAN/PO/2026-08/8294,CUST0012,2026-08-05,PO00102__L1_classic_tabular__q1_clean_digital.pdf,pdf,L1_classic_tabular,Classic bordered tabular PO on plain letterhead,q1_clean_digital,Native digital PDF with a real text layer,Y,N,,1,4,N,N,4,Email PDF,Clean Digital,,3316,train
PO00103,BHO/PO/2026-08/6594,CUST0015,2026-08-06,PO00103__L1_classic_tabular__q4_phone_photo.jpg,jpg,L1_classic_tabular,Classic bordered tabular PO on plain letterhead,q4_phone_photo,"Phone photo: perspective warp, shadow gradient, handheld blur",N,Y,150,1,3,N,N,3,WhatsApp Image,Scanned Copy,"{""perspective"":true,""shadow_gradient"":true,""handheld_blur"":true}",174474,train
PO00104,BHA/PO/2026-05/1459,CUST0123,2026-05-15,PO00104__L4_excel_grid__q1_clean_digital.pdf,pdf,L4_excel_grid,"Spreadsheet printed to PDF, dense grid, 12 columns",q1_clean_digital,Native digital PDF with a real text layer,Y,N,,1,4,N,N,4,Email Excel,Clean Digital,,3254,train
PO00105,ADV/PO/2026-05/3871,CUST0127,2026-05-11,PO00105__L5_handwritten_slip__q3_poor_scan.pdf,pdf,L5_handwritten_slip,"Handwritten order-book slip, ruled paper",q3_poor_scan,"Poor scan: heavy skew, blur, speckle, fold line, contrast loss",N,Y,150,1,4,N,N,4,Email PDF,Poor Scan / Handwritten,"{""skew_deg"":1.54,""blur"":""heavy"",""noise"":""high"",""contrast_loss"":true,""fold"":true}",174517,validation
PO00106,OJA/PO/2026-04/1609,CUST0018,2026-04-14,PO00106__L2_exporter_letterhead__q2_print_scan.pdf,pdf,L2_exporter_letterhead,"Export-house indent, dark letterhead band, rate before qty",q2_print_scan,"Printed then scanned at 200 dpi, light skew and noise, image-only PDF",N,Y,200,1,3,N,N,3,Scanned Copy,Scanned Copy,"{""skew_deg"":-0.08,""blur"":""light"",""noise"":""low""}",141831,train
PO00107,NIR/PO/2026-04/299,CUST0022,2026-04-24,PO00107__L4_excel_grid__q1_clean_digital.pdf,pdf,L4_excel_grid,"Spreadsheet printed to PDF, dense grid, 12 columns",q1_clean_digital,Native digital PDF with a real text layer,Y,N,,1,6,N,N,6,Email Excel,Clean Digital,,3596,train
PO00108,VRI/PO/2026-05/1426,CUST0070,2026-05-29,PO00108__L1_classic_tabular__q1_clean_digital.pdf,pdf,L1_classic_tabular,Classic bordered tabular PO on plain letterhead,q1_clean_digital,Native digital PDF with a real text layer,Y,N,,1,3,N,N,3,Email PDF,Clean Digital,,3069,train
PO00109,UTS/PO/2026-04/6143,CUST0021,2026-04-28,PO00109__L4_excel_grid__q1_clean_digital.pdf,pdf,L4_excel_grid,"Spreadsheet printed to PDF, dense grid, 12 columns",q1_clean_digital,Native digital PDF with a real text layer,Y,N,,1,2,N,N,2,Email Excel,Clean Digital,,2690,test
PO00110,ESH/PO/2026-06/4282,CUST0001,2026-06-22,PO00110__L4_excel_grid__q1_clean_digital.pdf,pdf,L4_excel_grid,"Spreadsheet printed to PDF, dense grid, 12 columns",q1_clean_digital,Native digital PDF with a real text layer,Y,N,,1,5,N,N,5,Email Excel,Clean Digital,,3401,validation
PO00111,SAA/PO/2026-05/8960,CUST0121,2026-05-29,PO00111__L1_classic_tabular__q2_print_scan.pdf,pdf,L1_classic_tabular,Classic bordered tabular PO on plain letterhead,q2_print_scan,"Printed then scanned at 200 dpi, light skew and noise, image-only PDF",N,Y,200,1,3,N,N,3,Scanned Copy,Scanned Copy,"{""skew_deg"":-0.37,""blur"":""light"",""noise"":""low""}",159266,train
PO00112,MEG/PO/2026-05/2248,CUST0059,2026-05-25,PO00112__L1_classic_tabular__q1_clean_digital.pdf,pdf,L1_classic_tabular,Classic bordered tabular PO on plain letterhead,q1_clean_digital,Native digital PDF with a real text layer,Y,N,,1,2,N,N,2,Email PDF,Clean Digital,,2805,train
PO00113,SAA/PO/2026-04/7488,CUST0121,2026-04-22,PO00113__L5_handwritten_slip__q2_print_scan.pdf,pdf,L5_handwritten_slip,"Handwritten order-book slip, ruled paper",q2_print_scan,"Printed then scanned at 200 dpi, light skew and noise, image-only PDF",N,Y,200,1,2,N,N,2,Scanned Copy,Scanned Copy,"{""skew_deg"":0.06,""blur"":""light"",""noise"":""low""}",144833,validation
PO00114,SAA/PO/2026-06/1729,CUST0044,2026-06-13,PO00114__L1_classic_tabular__q1_clean_digital.pdf,pdf,L1_classic_tabular,Classic bordered tabular PO on plain letterhead,q1_clean_digital,Native digital PDF with a real text layer,Y,N,,1,6,N,N,6,Email PDF,Clean Digital,,3690,train
PO00115,BHA/PO/2026-07/6464,CUST0035,2026-07-10,PO00115__L3_email_body__q1_clean_digital.pdf,pdf,L3_email_body,"Order typed into an email body, no table, no totals",q1_clean_digital,Native digital PDF with a real text layer,Y,N,,1,8,N,N,8,Email PDF,Clean Digital,,2716,validation
PO00116,MEG/PO/2026-07/9843,CUST0059,2026-07-28,PO00116__L1_classic_tabular__q1_clean_digital.pdf,pdf,L1_classic_tabular,Classic bordered tabular PO on plain letterhead,q1_clean_digital,Native digital PDF with a real text layer,Y,N,,2,1,Y,N,1,Email PDF,Clean Digital,,4355,train
PO00117,ZAR/PO/2026-07/5207,CUST0106,2026-07-26,PO00117__L4_excel_grid__q1_clean_digital.pdf,pdf,L4_excel_grid,"Spreadsheet printed to PDF, dense grid, 12 columns",q1_clean_digital,Native digital PDF with a real text layer,Y,N,,1,10,N,N,10,Email Excel,Clean Digital,,4446,test
PO00118,RID/PO/2026-05/879,CUST0045,2026-05-07,PO00118__L6_erp_portal_print__q1_clean_digital.pdf,pdf,L6_erp_portal_print,"Machine-generated portal print-out, monospaced, barcode",q1_clean_digital,Native digital PDF with a real text layer,Y,N,,1,4,N,N,4,Portal Upload,Clean Digital,,2963,test
PO00119,SUR/PO/2026-06/6832,CUST0024,2026-06-18,PO00119__L4_excel_grid__q2_print_scan.pdf,pdf,L4_excel_grid,"Spreadsheet printed to PDF, dense grid, 12 columns",q2_print_scan,"Printed then scanned at 200 dpi, light skew and noise, image-only PDF",N,Y,200,1,2,N,N,2,Email Excel,Clean Digital,"{""skew_deg"":0.63,""blur"":""light"",""noise"":""low""}",101082,validation
PO00120,KAN/PO/2026-07/9044,CUST0101,2026-07-20,PO00120__L2_exporter_letterhead__q1_clean_digital.pdf,pdf,L2_exporter_letterhead,"Export-house indent, dark letterhead band, rate before qty",q1_clean_digital,Native digital PDF with a real text layer,Y,N,,1,4,N,N,4,Email PDF,Clean Digital,,3160,train
PO00121,KAV/PO/2026-04/3931,CUST0118,2026-04-11,PO00121__L2_exporter_letterhead__q1_clean_digital.pdf,pdf,L2_exporter_letterhead,"Export-house indent, dark letterhead band, rate before qty",q1_clean_digital,Native digital PDF with a real text layer,Y,N,,1,7,N,N,7,Email PDF,Clean Digital,,3495,train
PO00122,TAN/PO/2026-07/8339,CUST0012,2026-07-22,PO00122__L1_classic_tabular__q1_clean_digital.pdf,pdf,L1_classic_tabular,Classic bordered tabular PO on plain letterhead,q1_clean_digital,Native digital PDF with a real text layer,Y,N,,1,3,N,N,3,Email PDF,Clean Digital,,3111,train
PO00123,AMR/PO/2026-06/6466,CUST0043,2026-06-20,PO00123__L3_email_body__q1_clean_digital.pdf,pdf,L3_email_body,"Order typed into an email body, no table, no totals",q1_clean_digital,Native digital PDF with a real text layer,Y,N,,1,8,N,N,8,Email PDF,Clean Digital,,2748,validation
PO00124,UTS/PO/2026-04/2471,CUST0040,2026-04-19,PO00124__L6_erp_portal_print__q1_clean_digital.pdf,pdf,L6_erp_portal_print,"Machine-generated portal print-out, monospaced, barcode",q1_clean_digital,Native digital PDF with a real text layer,Y,N,,1,2,N,N,2,Email PDF,Clean Digital,,2753,test
PO00125,PRA/PO/2026-06/4845,CUST0055,2026-06-16,PO00125__L1_classic_tabular__q3_poor_scan.pdf,pdf,L1_classic_tabular,Classic bordered tabular PO on plain letterhead,q3_poor_scan,"Poor scan: heavy skew, blur, speckle, fold line, contrast loss",N,Y,150,1,4,N,N,4,Email Excel,Poor Scan / Handwritten,"{""skew_deg"":2.07,""blur"":""heavy"",""noise"":""high"",""contrast_loss"":true,""fold"":true}",121088,test
PO00126,RID/PO/2026-07/5434,CUST0045,2026-07-15,PO00126__L6_erp_portal_print__q1_clean_digital.pdf,pdf,L6_erp_portal_print,"Machine-generated portal print-out, monospaced, barcode",q1_clean_digital,Native digital PDF with a real text layer,Y,N,,1,2,N,N,2,Portal Upload,Clean Digital,,2768,train
PO00127,SHR/PO/2026-04/4093,CUST0028,2026-04-08,PO00127__L4_excel_grid__q1_clean_digital.pdf,pdf,L4_excel_grid,"Spreadsheet printed to PDF, dense grid, 12 columns",q1_clean_digital,Native digital PDF with a real text layer,Y,N,,1,12,N,N,12,Email Excel,Clean Digital,,4793,train
PO00128,VAI/PO/2026-04/5521,CUST0081,2026-04-04,PO00128__L1_classic_tabular__q1_clean_digital.pdf,pdf,L1_classic_tabular,Classic bordered tabular PO on plain letterhead,q1_clean_digital,Native digital PDF with a real text layer,Y,N,,1,3,N,N,3,Email PDF,Clean Digital,,2990,test
PO00129,SAM/PO/2026-04/7534,CUST0120,2026-04-30,PO00129__L1_classic_tabular__q1_clean_digital.pdf,pdf,L1_classic_tabular,Classic bordered tabular PO on plain letterhead,q1_clean_digital,Native digital PDF with a real text layer,Y,N,,1,4,N,N,4,Email PDF,Clean Digital,,3161,train
PO00130,ADV/PO/2026-07/921,CUST0129,2026-07-07,PO00130__L4_excel_grid__q1_clean_digital.pdf,pdf,L4_excel_grid,"Spreadsheet printed to PDF, dense grid, 12 columns",q1_clean_digital,Native digital PDF with a real text layer,Y,N,,1,7,N,N,7,Email Excel,Clean Digital,,3934,validation
PO00131,KAV/PO/2026-07/9972,CUST0014,2026-07-10,PO00131__L6_erp_portal_print__q1_clean_digital.pdf,pdf,L6_erp_portal_print,"Machine-generated portal print-out, monospaced, barcode",q1_clean_digital,Native digital PDF with a real text layer,Y,N,,1,4,N,N,4,Email PDF,Clean Digital,,2968,test
PO00132,CHA/PO/2026-08/9365,CUST0137,2026-08-16,PO00132__L6_erp_portal_print__q3_poor_scan.pdf,pdf,L6_erp_portal_print,"Machine-generated portal print-out, monospaced, barcode",q3_poor_scan,"Poor scan: heavy skew, blur, speckle, fold line, contrast loss",N,Y,150,1,3,N,N,3,Scanned Copy,Scanned Copy,"{""skew_deg"":-0.22,""blur"":""heavy"",""noise"":""high"",""contrast_loss"":true,""fold"":true}",80417,test
PO00133,VAI/PO/2026-07/8413,CUST0064,2026-07-03,PO00133__L2_exporter_letterhead__q1_clean_digital.pdf,pdf,L2_exporter_letterhead,"Export-house indent, dark letterhead band, rate before qty",q1_clean_digital,Native digital PDF with a real text layer,Y,N,,2,12,N,Y,12,Email PDF,Clean Digital,,5366,test
PO00134,TEJ/PO/2026-04/3316,CUST0005,2026-04-13,PO00134__L1_classic_tabular__q2_print_scan.pdf,pdf,L1_classic_tabular,Classic bordered tabular PO on plain letterhead,q2_print_scan,"Printed then scanned at 200 dpi, light skew and noise, image-only PDF",N,Y,200,1,4,N,N,4,Email PDF,Clean Digital,"{""skew_deg"":0.49,""blur"":""light"",""noise"":""low""}",149613,validation
PO00135,RAN/PO/2026-07/5121,CUST0062,2026-07-12,PO00135__L5_handwritten_slip__q4_phone_photo.jpg,jpg,L5_handwritten_slip,"Handwritten order-book slip, ruled paper",q4_phone_photo,"Phone photo: perspective warp, shadow gradient, handheld blur",N,Y,150,1,6,N,N,6,Email PDF,Poor Scan / Handwritten,"{""perspective"":true,""shadow_gradient"":true,""handheld_blur"":true}",193647,train
PO00136,MEG/PO/2026-05/4041,CUST0122,2026-05-26,PO00136__L1_classic_tabular__q1_clean_digital.pdf,pdf,L1_classic_tabular,Classic bordered tabular PO on plain letterhead,q1_clean_digital,Native digital PDF with a real text layer,Y,N,,1,1,N,N,1,Email PDF,Clean Digital,,2646,test
PO00137,ANA/PO/2026-04/1935,CUST0100,2026-04-23,PO00137__L6_erp_portal_print__q2_print_scan.pdf,pdf,L6_erp_portal_print,"Machine-generated portal print-out, monospaced, barcode",q2_print_scan,"Printed then scanned at 200 dpi, light skew and noise, image-only PDF",N,Y,200,1,2,N,N,2,Scanned Copy,Scanned Copy,"{""skew_deg"":0.32,""blur"":""light"",""noise"":""low""}",108324,train
PO00138,DEV/PO/2026-08/9372,CUST0019,2026-08-16,PO00138__L1_classic_tabular__q1_clean_digital.pdf,pdf,L1_classic_tabular,Classic bordered tabular PO on plain letterhead,q1_clean_digital,Native digital PDF with a real text layer,Y,N,,1,7,N,N,7,Email PDF,Clean Digital,,3741,train
PO00139,MAY/PO/2026-05/5213,CUST0053,2026-05-08,PO00139__L2_exporter_letterhead__q1_clean_digital.pdf,pdf,L2_exporter_letterhead,"Export-house indent, dark letterhead band, rate before qty",q1_clean_digital,Native digital PDF with a real text layer,Y,N,,1,4,N,N,4,Email PDF,Clean Digital,,3107,train
PO00140,GIR/PO/2026-07/4958,CUST0135,2026-07-06,PO00140__L4_excel_grid__q1_clean_digital.pdf,pdf,L4_excel_grid,"Spreadsheet printed to PDF, dense grid, 12 columns",q1_clean_digital,Native digital PDF with a real text layer,Y,N,,1,4,N,N,4,Email Excel,Clean Digital,,3176,validation
PO00141,NIR/PO/2026-04/9976,CUST0091,2026-04-10,PO00141__L3_email_body__q1_clean_digital.pdf,pdf,L3_email_body,"Order typed into an email body, no table, no totals",q1_clean_digital,Native digital PDF with a real text layer,Y,N,,1,6,N,N,6,Email PDF,Clean Digital,,2650,train
PO00142,KRI/PO/2026-05/5849,CUST0008,2026-05-09,PO00142__L4_excel_grid__q1_clean_digital.pdf,pdf,L4_excel_grid,"Spreadsheet printed to PDF, dense grid, 12 columns",q1_clean_digital,Native digital PDF with a real text layer,Y,N,,1,3,N,N,3,Email Excel,Clean Digital,,2934,train
PO00143,KAV/PO/2026-05/8780,CUST0107,2026-05-06,PO00143__L1_classic_tabular__q1_clean_digital.pdf,pdf,L1_classic_tabular,Classic bordered tabular PO on plain letterhead,q1_clean_digital,Native digital PDF with a real text layer,Y,N,,1,1,N,N,1,Email PDF,Clean Digital,,2633,train
PO00144,KRI/PO/2026-05/6585,CUST0086,2026-05-01,PO00144__L4_excel_grid__q3_poor_scan.pdf,pdf,L4_excel_grid,"Spreadsheet printed to PDF, dense grid, 12 columns",q3_poor_scan,"Poor scan: heavy skew, blur, speckle, fold line, contrast loss",N,Y,150,1,12,N,N,12,WhatsApp Image,Scanned Copy,"{""skew_deg"":-2.11,""blur"":""heavy"",""noise"":""high"",""contrast_loss"":true,""fold"":true}",168147,train
PO00145,SHR/PO/2026-08/126,CUST0028,2026-08-19,PO00145__L4_excel_grid__q1_clean_digital.pdf,pdf,L4_excel_grid,"Spreadsheet printed to PDF, dense grid, 12 columns",q1_clean_digital,Native digital PDF with a real text layer,Y,N,,1,8,N,N,8,Email Excel,Clean Digital,,3846,test
PO00146,KAV/PO/2026-07/5572,CUST0049,2026-07-16,PO00146__L6_erp_portal_print__q1_clean_digital.pdf,pdf,L6_erp_portal_print,"Machine-generated portal print-out, monospaced, barcode",q1_clean_digital,Native digital PDF with a real text layer,Y,N,,1,3,N,N,3,Portal Upload,Clean Digital,,2930,test
PO00147,TAN/PO/2026-06/6790,CUST0072,2026-06-22,PO00147__L1_classic_tabular__q1_clean_digital.pdf,pdf,L1_classic_tabular,Classic bordered tabular PO on plain letterhead,q1_clean_digital,Native digital PDF with a real text layer,Y,N,,1,2,N,N,2,Email PDF,Clean Digital,,2840,train
PO00148,SHR/PO/2026-04/5393,CUST0028,2026-04-02,PO00148__L4_excel_grid__q1_clean_digital.pdf,pdf,L4_excel_grid,"Spreadsheet printed to PDF, dense grid, 12 columns",q1_clean_digital,Native digital PDF with a real text layer,Y,N,,1,3,N,N,3,Email Excel,Clean Digital,,2883,train
PO00149,SUR/PO/2026-07/6773,CUST0133,2026-07-26,PO00149__L2_exporter_letterhead__q3_poor_scan.pdf,pdf,L2_exporter_letterhead,"Export-house indent, dark letterhead band, rate before qty",q3_poor_scan,"Poor scan: heavy skew, blur, speckle, fold line, contrast loss",N,Y,150,2,12,Y,N,12,Email Excel,Poor Scan / Handwritten,"{""skew_deg"":-1.45,""blur"":""heavy"",""noise"":""high"",""contrast_loss"":true,""fold"":true}",314879,train
PO00150,ADV/PO/2026-04/3488,CUST0129,2026-04-17,PO00150__L1_classic_tabular__q5_fax_bitonal.png,png,L1_classic_tabular,Classic bordered tabular PO on plain letterhead,q5_fax_bitonal,"Fax/bitonal: 1-bit threshold, streaks, slipped rows",N,Y,200,2,12,Y,N,12,Email Excel,Poor Scan / Handwritten,"{""bitonal_threshold"":170,""streaks"":true,""row_slip"":true}",49486,train
PO00151,BHO/PO/2026-06/1359,CUST0080,2026-06-24,PO00151__L3_email_body__q2_print_scan.pdf,pdf,L3_email_body,"Order typed into an email body, no table, no totals",q2_print_scan,"Printed then scanned at 200 dpi, light skew and noise, image-only PDF",N,Y,200,1,5,N,N,5,Email PDF,Clean Digital,"{""skew_deg"":-0.24,""blur"":""light"",""noise"":""low""}",129816,train
PO00152,SHR/PO/2026-08/3729,CUST0144,2026-08-03,PO00152__L4_excel_grid__q2_print_scan.pdf,pdf,L4_excel_grid,"Spreadsheet printed to PDF, dense grid, 12 columns",q2_print_scan,"Printed then scanned at 200 dpi, light skew and noise, image-only PDF",N,Y,200,1,3,N,N,3,Email Excel,Clean Digital,"{""skew_deg"":-0.41,""blur"":""light"",""noise"":""low""}",127273,validation
PO00153,ADV/PO/2026-04/8695,CUST0092,2026-04-02,PO00153__L2_exporter_letterhead__q1_clean_digital.pdf,pdf,L2_exporter_letterhead,"Export-house indent, dark letterhead band, rate before qty",q1_clean_digital,Native digital PDF with a real text layer,Y,N,,1,2,N,N,2,Email PDF,Clean Digital,,2806,train
PO00154,NIM/PO/2026-06/6871,CUST0034,2026-06-13,PO00154__L5_handwritten_slip__q4_phone_photo.jpg,jpg,L5_handwritten_slip,"Handwritten order-book slip, ruled paper",q4_phone_photo,"Phone photo: perspective warp, shadow gradient, handheld blur",N,Y,150,1,2,N,N,2,Email PDF,Poor Scan / Handwritten,"{""perspective"":true,""shadow_gradient"":true,""handheld_blur"":true}",157912,test
PO00155,NAK/PO/2026-05/2786,CUST0105,2026-05-29,PO00155__L1_classic_tabular__q1_clean_digital.pdf,pdf,L1_classic_tabular,Classic bordered tabular PO on plain letterhead,q1_clean_digital,Native digital PDF with a real text layer,Y,N,,1,4,N,N,4,Email PDF,Clean Digital,,3228,validation
PO00156,MEG/PO/2026-07/7656,CUST0122,2026-07-27,PO00156__L3_email_body__q1_clean_digital.pdf,pdf,L3_email_body,"Order typed into an email body, no table, no totals",q1_clean_digital,Native digital PDF with a real text layer,Y,N,,1,6,N,N,6,Email PDF,Clean Digital,,2561,test
PO00157,ZEN/PO/2026-08/6877,CUST0041,2026-08-16,PO00157__L4_excel_grid__q1_clean_digital.pdf,pdf,L4_excel_grid,"Spreadsheet printed to PDF, dense grid, 12 columns",q1_clean_digital,Native digital PDF with a real text layer,Y,N,,1,2,N,N,2,Email Excel,Clean Digital,,2660,train
PO00158,VRI/PO/2026-07/2296,CUST0070,2026-07-09,PO00158__L1_classic_tabular__q2_print_scan.pdf,pdf,L1_classic_tabular,Classic bordered tabular PO on plain letterhead,q2_print_scan,"Printed then scanned at 200 dpi, light skew and noise, image-only PDF",N,Y,200,1,1,N,N,1,Email PDF,Clean Digital,"{""skew_deg"":0.59,""blur"":""light"",""noise"":""low""}",134838,train
PO00159,VAI/PO/2026-08/3889,CUST0081,2026-08-14,PO00159__L1_classic_tabular__q1_clean_digital.pdf,pdf,L1_classic_tabular,Classic bordered tabular PO on plain letterhead,q1_clean_digital,Native digital PDF with a real text layer,Y,N,,1,4,N,N,4,Email PDF,Clean Digital,,3194,train
PO00160,PAR/PO/2026-04/2858,CUST0116,2026-04-24,PO00160__L4_excel_grid__q2_print_scan.pdf,pdf,L4_excel_grid,"Spreadsheet printed to PDF, dense grid, 12 columns",q2_print_scan,"Printed then scanned at 200 dpi, light skew and noise, image-only PDF",N,Y,200,1,4,N,N,4,Scanned Copy,Scanned Copy,"{""skew_deg"":0.31,""blur"":""light"",""noise"":""low""}",126833,validation
PO00161,YUV/PO/2026-04/6123,CUST0079,2026-04-09,PO00161__L4_excel_grid__q1_clean_digital.pdf,pdf,L4_excel_grid,"Spreadsheet printed to PDF, dense grid, 12 columns",q1_clean_digital,Native digital PDF with a real text layer,Y,N,,1,4,N,N,4,Email Excel,Clean Digital,,3224,train
PO00162,PAR/PO/2026-07/5566,CUST0027,2026-07-19,PO00162__L6_erp_portal_print__q1_clean_digital.pdf,pdf,L6_erp_portal_print,"Machine-generated portal print-out, monospaced, barcode",q1_clean_digital,Native digital PDF with a real text layer,Y,N,,1,5,N,N,5,Portal Upload,Clean Digital,,2981,train
PO00163,RUC/PO/2026-05/6736,CUST0025,2026-05-20,PO00163__L3_email_body__q2_print_scan.pdf,pdf,L3_email_body,"Order typed into an email body, no table, no totals",q2_print_scan,"Printed then scanned at 200 dpi, light skew and noise, image-only PDF",N,Y,200,1,5,N,N,5,Email PDF,Clean Digital,"{""skew_deg"":0.44,""blur"":""light"",""noise"":""low""}",126024,test
PO00164,RAN/PO/2026-06/2691,CUST0058,2026-06-13,PO00164__L4_excel_grid__q4_phone_photo.jpg,jpg,L4_excel_grid,"Spreadsheet printed to PDF, dense grid, 12 columns",q4_phone_photo,"Phone photo: perspective warp, shadow gradient, handheld blur",N,Y,150,1,8,N,N,8,WhatsApp Image,Scanned Copy,"{""perspective"":true,""shadow_gradient"":true,""handheld_blur"":true}",194109,train
PO00165,CHA/PO/2026-08/976,CUST0137,2026-08-12,PO00165__L1_classic_tabular__q2_print_scan.pdf,pdf,L1_classic_tabular,Classic bordered tabular PO on plain letterhead,q2_print_scan,"Printed then scanned at 200 dpi, light skew and noise, image-only PDF",N,Y,200,2,1,Y,N,1,Scanned Copy,Scanned Copy,"{""skew_deg"":0.58,""blur"":""light"",""noise"":""low""}",273325,train
PO00166,SAM/PO/2026-08/3134,CUST0120,2026-08-02,PO00166__L1_classic_tabular__q1_clean_digital.pdf,pdf,L1_classic_tabular,Classic bordered tabular PO on plain letterhead,q1_clean_digital,Native digital PDF with a real text layer,Y,N,,1,1,N,N,1,Email PDF,Clean Digital,,2653,validation
PO00167,OOR/PO/2026-04/930,CUST0074,2026-04-03,PO00167__L1_classic_tabular__q3_poor_scan.pdf,pdf,L1_classic_tabular,Classic bordered tabular PO on plain letterhead,q3_poor_scan,"Poor scan: heavy skew, blur, speckle, fold line, contrast loss",N,Y,150,1,3,N,N,3,Scanned Copy,Scanned Copy,"{""skew_deg"":-0.39,""blur"":""heavy"",""noise"":""high"",""contrast_loss"":true,""fold"":true}",97018,train
PO00168,BHA/PO/2026-04/7225,CUST0035,2026-04-05,PO00168__L2_exporter_letterhead__q1_clean_digital.pdf,pdf,L2_exporter_letterhead,"Export-house indent, dark letterhead band, rate before qty",q1_clean_digital,Native digital PDF with a real text layer,Y,N,,1,4,N,N,4,Email PDF,Clean Digital,,3128,validation
PO00169,YAS/PO/2026-06/1356,CUST0036,2026-06-30,PO00169__L1_classic_tabular__q4_phone_photo.jpg,jpg,L1_classic_tabular,Classic bordered tabular PO on plain letterhead,q4_phone_photo,"Phone photo: perspective warp, shadow gradient, handheld blur",N,Y,150,1,6,N,N,6,WhatsApp Image,Scanned Copy,"{""perspective"":true,""shadow_gradient"":true,""handheld_blur"":true}",209921,validation
PO00170,BHA/PO/2026-07/1588,CUST0003,2026-07-31,PO00170__L4_excel_grid__q1_clean_digital.pdf,pdf,L4_excel_grid,"Spreadsheet printed to PDF, dense grid, 12 columns",q1_clean_digital,Native digital PDF with a real text layer,Y,N,,1,2,N,N,2,Email Excel,Clean Digital,,2614,train
PO00171,VAS/PO/2026-06/3916,CUST0128,2026-06-06,PO00171__L1_classic_tabular__q1_clean_digital.pdf,pdf,L1_classic_tabular,Classic bordered tabular PO on plain letterhead,q1_clean_digital,Native digital PDF with a real text layer,Y,N,,2,1,Y,N,1,Email PDF,Clean Digital,,4362,test
PO00172,VRI/PO/2026-06/6440,CUST0070,2026-06-14,PO00172__L3_email_body__q1_clean_digital.pdf,pdf,L3_email_body,"Order typed into an email body, no table, no totals",q1_clean_digital,Native digital PDF with a real text layer,Y,N,,1,4,N,N,4,Email PDF,Clean Digital,,2431,validation
PO00173,NIR/PO/2026-07/4123,CUST0022,2026-07-08,PO00173__L5_handwritten_slip__q3_poor_scan.pdf,pdf,L5_handwritten_slip,"Handwritten order-book slip, ruled paper",q3_poor_scan,"Poor scan: heavy skew, blur, speckle, fold line, contrast loss",N,Y,150,1,3,N,N,3,Email Excel,Poor Scan / Handwritten,"{""skew_deg"":1.82,""blur"":""heavy"",""noise"":""high"",""contrast_loss"":true,""fold"":true}",79644,validation
PO00174,URV/PO/2026-05/9794,CUST0102,2026-05-31,PO00174__L1_classic_tabular__q4_phone_photo.jpg,jpg,L1_classic_tabular,Classic bordered tabular PO on plain letterhead,q4_phone_photo,"Phone photo: perspective warp, shadow gradient, handheld blur",N,Y,150,1,7,N,N,7,Email PDF,Poor Scan / Handwritten,"{""perspective"":true,""shadow_gradient"":true,""handheld_blur"":true}",149294,train
PO00175,PAR/PO/2026-04/3211,CUST0116,2026-04-16,PO00175__L2_exporter_letterhead__q2_print_scan.pdf,pdf,L2_exporter_letterhead,"Export-house indent, dark letterhead band, rate before qty",q2_print_scan,"Printed then scanned at 200 dpi, light skew and noise, image-only PDF",N,Y,200,1,1,N,N,1,Scanned Copy,Scanned Copy,"{""skew_deg"":-0.67,""blur"":""light"",""noise"":""low""}",130066,train
PO00176,MEG/PO/2026-06/8881,CUST0125,2026-06-21,PO00176__L1_classic_tabular__q3_poor_scan.pdf,pdf,L1_classic_tabular,Classic bordered tabular PO on plain letterhead,q3_poor_scan,"Poor scan: heavy skew, blur, speckle, fold line, contrast loss",N,Y,150,1,5,N,N,5,Scanned Copy,Scanned Copy,"{""skew_deg"":-0.64,""blur"":""heavy"",""noise"":""high"",""contrast_loss"":true,""fold"":true}",142587,test
PO00177,JAA/PO/2026-07/5650,CUST0031,2026-07-02,PO00177__L4_excel_grid__q1_clean_digital.pdf,pdf,L4_excel_grid,"Spreadsheet printed to PDF, dense grid, 12 columns",q1_clean_digital,Native digital PDF with a real text layer,Y,N,,1,4,N,N,4,Email Excel,Clean Digital,,3163,test
PO00178,NAK/PO/2026-04/6760,CUST0075,2026-04-26,PO00178__L1_classic_tabular__q1_clean_digital.pdf,pdf,L1_classic_tabular,Classic bordered tabular PO on plain letterhead,q1_clean_digital,Native digital PDF with a real text layer,Y,N,,2,8,Y,N,8,Email PDF,Clean Digital,,5838,train
PO00179,RAN/PO/2026-05/5170,CUST0058,2026-05-26,PO00179__L1_classic_tabular__q4_phone_photo.jpg,jpg,L1_classic_tabular,Classic bordered tabular PO on plain letterhead,q4_phone_photo,"Phone photo: perspective warp, shadow gradient, handheld blur",N,Y,150,1,6,N,N,6,WhatsApp Image,Scanned Copy,"{""perspective"":true,""shadow_gradient"":true,""handheld_blur"":true}",176025,train
PO00180,ADV/PO/2026-05/5174,CUST0017,2026-05-15,PO00180__L4_excel_grid__q1_clean_digital.pdf,pdf,L4_excel_grid,"Spreadsheet printed to PDF, dense grid, 12 columns",q1_clean_digital,Native digital PDF with a real text layer,Y,N,,1,8,N,N,8,Email Excel,Clean Digital,,4043,train
PO00181,AAS/PO/2026-04/456,CUST0057,2026-04-02,PO00181__L6_erp_portal_print__q2_print_scan.pdf,pdf,L6_erp_portal_print,"Machine-generated portal print-out, monospaced, barcode",q2_print_scan,"Printed then scanned at 200 dpi, light skew and noise, image-only PDF",N,Y,200,1,3,N,N,3,Email PDF,Clean Digital,"{""skew_deg"":0.25,""blur"":""light"",""noise"":""low""}",120729,train
PO00182,SUR/PO/2026-08/7331,CUST0133,2026-08-14,PO00182__L4_excel_grid__q1_clean_digital.pdf,pdf,L4_excel_grid,"Spreadsheet printed to PDF, dense grid, 12 columns",q1_clean_digital,Native digital PDF with a real text layer,Y,N,,1,3,N,N,3,Email Excel,Clean Digital,,2859,validation
PO00183,SAM/PO/2026-06/3894,CUST0120,2026-06-15,PO00183__L3_email_body__q1_clean_digital.pdf,pdf,L3_email_body,"Order typed into an email body, no table, no totals",q1_clean_digital,Native digital PDF with a real text layer,Y,N,,1,5,N,N,5,Email PDF,Clean Digital,,2520,train
PO00184,ADV/PO/2026-07/9823,CUST0017,2026-07-30,PO00184__L4_excel_grid__q1_clean_digital.pdf,pdf,L4_excel_grid,"Spreadsheet printed to PDF, dense grid, 12 columns",q1_clean_digital,Native digital PDF with a real text layer,Y,N,,1,3,N,N,3,Email Excel,Clean Digital,,2991,train
PO00185,SUR/PO/2026-06/3819,CUST0013,2026-06-19,PO00185__L1_classic_tabular__q3_poor_scan.pdf,pdf,L1_classic_tabular,Classic bordered tabular PO on plain letterhead,q3_poor_scan,"Poor scan: heavy skew, blur, speckle, fold line, contrast loss",N,Y,150,1,6,N,N,6,WhatsApp Image,Scanned Copy,"{""skew_deg"":0.28,""blur"":""heavy"",""noise"":""high"",""contrast_loss"":true,""fold"":true}",105089,test
PO00186,NAK/PO/2026-08/1300,CUST0105,2026-08-03,PO00186__L1_classic_tabular__q1_clean_digital.pdf,pdf,L1_classic_tabular,Classic bordered tabular PO on plain letterhead,q1_clean_digital,Native digital PDF with a real text layer,Y,N,,2,10,Y,N,10,Email PDF,Clean Digital,,6073,train
PO00187,URV/PO/2026-04/549,CUST0063,2026-04-23,PO00187__L2_exporter_letterhead__q1_clean_digital.pdf,pdf,L2_exporter_letterhead,"Export-house indent, dark letterhead band, rate before qty",q1_clean_digital,Native digital PDF with a real text layer,Y,N,,1,6,N,N,6,Email PDF,Clean Digital,,3366,train
PO00188,RUC/PO/2026-06/4203,CUST0025,2026-06-06,PO00188__L2_exporter_letterhead__q1_clean_digital.pdf,pdf,L2_exporter_letterhead,"Export-house indent, dark letterhead band, rate before qty",q1_clean_digital,Native digital PDF with a real text layer,Y,N,,1,6,N,N,6,Email PDF,Clean Digital,,3250,train
PO00189,NIM/PO/2026-06/6815,CUST0034,2026-06-14,PO00189__L3_email_body__q1_clean_digital.pdf,pdf,L3_email_body,"Order typed into an email body, no table, no totals",q1_clean_digital,Native digital PDF with a real text layer,Y,N,,1,5,N,N,5,Email PDF,Clean Digital,,2568,validation
PO00190,OOR/PO/2026-08/4727,CUST0119,2026-08-15,PO00190__L2_exporter_letterhead__q3_poor_scan.pdf,pdf,L2_exporter_letterhead,"Export-house indent, dark letterhead band, rate before qty",q3_poor_scan,"Poor scan: heavy skew, blur, speckle, fold line, contrast loss",N,Y,150,1,10,N,N,10,Scanned Copy,Scanned Copy,"{""skew_deg"":0.32,""blur"":""heavy"",""noise"":""high"",""contrast_loss"":true,""fold"":true}",113539,train
PO00191,AMR/PO/2026-08/8711,CUST0043,2026-08-09,PO00191__L1_classic_tabular__q1_clean_digital.pdf,pdf,L1_classic_tabular,Classic bordered tabular PO on plain letterhead,q1_clean_digital,Native digital PDF with a real text layer,Y,N,,1,2,N,N,2,Email PDF,Clean Digital,,2816,test
PO00192,DEV/PO/2026-05/6009,CUST0104,2026-05-13,PO00192__L1_classic_tabular__q1_clean_digital.pdf,pdf,L1_classic_tabular,Classic bordered tabular PO on plain letterhead,q1_clean_digital,Native digital PDF with a real text layer,Y,N,,2,2,Y,N,2,Email PDF,Clean Digital,,4562,train
PO00193,MEG/PO/2026-04/2036,CUST0125,2026-04-28,PO00193__L1_classic_tabular__q3_poor_scan.pdf,pdf,L1_classic_tabular,Classic bordered tabular PO on plain letterhead,q3_poor_scan,"Poor scan: heavy skew, blur, speckle, fold line, contrast loss",N,Y,150,1,12,N,N,12,Scanned Copy,Poor Scan / Handwritten,"{""skew_deg"":1.87,""blur"":""heavy"",""noise"":""high"",""contrast_loss"":true,""fold"":true}",156271,validation
PO00194,MAY/PO/2026-08/9766,CUST0053,2026-08-03,PO00194__L1_classic_tabular__q1_clean_digital.pdf,pdf,L1_classic_tabular,Classic bordered tabular PO on plain letterhead,q1_clean_digital,Native digital PDF with a real text layer,Y,N,,1,3,N,N,3,Email PDF,Clean Digital,,3061,validation
PO00195,MEG/PO/2026-06/1919,CUST0082,2026-06-25,PO00195__L1_classic_tabular__q4_phone_photo.jpg,jpg,L1_classic_tabular,Classic bordered tabular PO on plain letterhead,q4_phone_photo,"Phone photo: perspective warp, shadow gradient, handheld blur",N,Y,150,1,1,N,N,1,WhatsApp Image,Scanned Copy,"{""perspective"":true,""shadow_gradient"":true,""handheld_blur"":true}",120080,validation
PO00196,ZAR/PO/2026-06/9159,CUST0106,2026-06-29,PO00196__L4_excel_grid__q1_clean_digital.pdf,pdf,L4_excel_grid,"Spreadsheet printed to PDF, dense grid, 12 columns",q1_clean_digital,Native digital PDF with a real text layer,Y,N,,1,2,N,N,2,Email Excel,Clean Digital,,2660,train
PO00197,URV/PO/2026-04/6315,CUST0029,2026-04-01,PO00197__L1_classic_tabular__q1_clean_digital.pdf,pdf,L1_classic_tabular,Classic bordered tabular PO on plain letterhead,q1_clean_digital,Native digital PDF with a real text layer,Y,N,,1,1,N,N,1,Email PDF,Clean Digital,,2609,validation
PO00198,SUR/PO/2026-05/9820,CUST0013,2026-05-07,PO00198__L1_classic_tabular__q5_fax_bitonal.png,png,L1_classic_tabular,Classic bordered tabular PO on plain letterhead,q5_fax_bitonal,"Fax/bitonal: 1-bit threshold, streaks, slipped rows",N,Y,200,1,5,N,N,5,WhatsApp Image,Poor Scan / Handwritten,"{""bitonal_threshold"":178,""streaks"":true,""row_slip"":true}",37829,train
PO00199,JAA/PO/2026-04/1337,CUST0031,2026-04-06,PO00199__L4_excel_grid__q1_clean_digital.pdf,pdf,L4_excel_grid,"Spreadsheet printed to PDF, dense grid, 12 columns",q1_clean_digital,Native digital PDF with a real text layer,Y,N,,1,7,N,N,7,Email Excel,Clean Digital,,3853,validation
PO00200,JAA/PO/2026-04/7665,CUST0099,2026-04-26,PO00200__L5_handwritten_slip__q3_poor_scan.pdf,pdf,L5_handwritten_slip,"Handwritten order-book slip, ruled paper",q3_poor_scan,"Poor scan: heavy skew, blur, speckle, fold line, contrast loss",N,Y,150,1,3,N,N,3,WhatsApp Image,Poor Scan / Handwritten,"{""skew_deg"":1.65,""blur"":""heavy"",""noise"":""high"",""contrast_loss"":true,""fold"":true}",215646,validation
PO00201,MAY/PO/2026-04/3485,CUST0053,2026-04-18,PO00201__L3_email_body__q1_clean_digital.pdf,pdf,L3_email_body,"Order typed into an email body, no table, no totals",q1_clean_digital,Native digital PDF with a real text layer,Y,N,,1,4,N,N,4,Email PDF,Clean Digital,,2432,train
PO00202,DEV/PO/2026-07/6204,CUST0097,2026-07-02,PO00202__L1_classic_tabular__q1_clean_digital.pdf,pdf,L1_classic_tabular,Classic bordered tabular PO on plain letterhead,q1_clean_digital,Native digital PDF with a real text layer,Y,N,,1,6,N,N,6,Email PDF,Clean Digital,,3443,validation
PO00203,UTS/PO/2026-08/2312,CUST0136,2026-08-17,PO00203__L5_handwritten_slip__q4_phone_photo.jpg,jpg,L5_handwritten_slip,"Handwritten order-book slip, ruled paper",q4_phone_photo,"Phone photo: perspective warp, shadow gradient, handheld blur",N,Y,150,1,4,N,N,4,WhatsApp Image,Scanned Copy,"{""perspective"":true,""shadow_gradient"":true,""handheld_blur"":true}",128928,train
PO00204,TAN/PO/2026-07/8434,CUST0012,2026-07-29,PO00204__L1_classic_tabular__q1_clean_digital.pdf,pdf,L1_classic_tabular,Classic bordered tabular PO on plain letterhead,q1_clean_digital,Native digital PDF with a real text layer,Y,N,,2,4,Y,N,4,Email PDF,Clean Digital,,4962,test
PO00205,ANA/PO/2026-07/4386,CUST0056,2026-07-04,PO00205__L4_excel_grid__q1_clean_digital.pdf,pdf,L4_excel_grid,"Spreadsheet printed to PDF, dense grid, 12 columns",q1_clean_digital,Native digital PDF with a real text layer,Y,N,,1,1,N,N,1,Email Excel,Clean Digital,,2357,train
PO00206,NIR/PO/2026-04/9014,CUST0022,2026-04-28,PO00206__L4_excel_grid__q1_clean_digital.pdf,pdf,L4_excel_grid,"Spreadsheet printed to PDF, dense grid, 12 columns",q1_clean_digital,Native digital PDF with a real text layer,Y,N,,1,2,N,N,2,Email Excel,Clean Digital,,2683,test
PO00207,OJA/PO/2026-05/6016,CUST0111,2026-05-08,PO00207__L1_classic_tabular__q2_print_scan.pdf,pdf,L1_classic_tabular,Classic bordered tabular PO on plain letterhead,q2_print_scan,"Printed then scanned at 200 dpi, light skew and noise, image-only PDF",N,Y,200,1,1,N,N,1,Email PDF,Clean Digital,"{""skew_deg"":-0.08,""blur"":""light"",""noise"":""low""}",118708,train
PO00208,MEG/PO/2026-07/2237,CUST0059,2026-07-25,PO00208__L2_exporter_letterhead__q1_clean_digital.pdf,pdf,L2_exporter_letterhead,"Export-house indent, dark letterhead band, rate before qty",q1_clean_digital,Native digital PDF with a real text layer,Y,N,,1,8,N,N,8,Email PDF,Clean Digital,,3575,train
PO00209,OOR/PO/2026-04/9509,CUST0074,2026-04-03,PO00209__L1_classic_tabular__q2_print_scan.pdf,pdf,L1_classic_tabular,Classic bordered tabular PO on plain letterhead,q2_print_scan,"Printed then scanned at 200 dpi, light skew and noise, image-only PDF",N,Y,200,1,1,N,N,1,Scanned Copy,Scanned Copy,"{""skew_deg"":0.35,""blur"":""light"",""noise"":""low""}",124962,test
PO00210,OOR/PO/2026-04/2374,CUST0074,2026-04-21,PO00210__L6_erp_portal_print__q2_print_scan.pdf,pdf,L6_erp_portal_print,"Machine-generated portal print-out, monospaced, barcode",q2_print_scan,"Printed then scanned at 200 dpi, light skew and noise, image-only PDF",N,Y,200,1,6,N,N,6,Scanned Copy,Scanned Copy,"{""skew_deg"":-0.17,""blur"":""light"",""noise"":""low""}",137838,validation
PO00211,MAN/PO/2026-05/2558,CUST0046,2026-05-12,PO00211__L4_excel_grid__q4_phone_photo.jpg,jpg,L4_excel_grid,"Spreadsheet printed to PDF, dense grid, 12 columns",q4_phone_photo,"Phone photo: perspective warp, shadow gradient, handheld blur",N,Y,150,1,4,N,N,4,WhatsApp Image,Poor Scan / Handwritten,"{""perspective"":true,""shadow_gradient"":true,""handheld_blur"":true}",138274,train
PO00212,AAR/PO/2026-06/8144,CUST0078,2026-06-02,PO00212__L4_excel_grid__q1_clean_digital.pdf,pdf,L4_excel_grid,"Spreadsheet printed to PDF, dense grid, 12 columns",q1_clean_digital,Native digital PDF with a real text layer,Y,N,,1,1,N,N,1,Email Excel,Clean Digital,,2415,train
PO00213,KAV/PO/2026-05/6784,CUST0049,2026-05-20,PO00213__L6_erp_portal_print__q1_clean_digital.pdf,pdf,L6_erp_portal_print,"Machine-generated portal print-out, monospaced, barcode",q1_clean_digital,Native digital PDF with a real text layer,Y,N,,1,6,N,N,6,Portal Upload,Clean Digital,,3139,test
PO00214,NIR/PO/2026-05/2734,CUST0114,2026-05-07,PO00214__L5_handwritten_slip__q4_phone_photo.jpg,jpg,L5_handwritten_slip,"Handwritten order-book slip, ruled paper",q4_phone_photo,"Phone photo: perspective warp, shadow gradient, handheld blur",N,Y,150,1,6,N,N,6,Portal Upload,Poor Scan / Handwritten,"{""perspective"":true,""shadow_gradient"":true,""handheld_blur"":true}",128156,train
PO00215,AMR/PO/2026-08/9921,CUST0043,2026-08-16,PO00215__L1_classic_tabular__q1_clean_digital.pdf,pdf,L1_classic_tabular,Classic bordered tabular PO on plain letterhead,q1_clean_digital,Native digital PDF with a real text layer,Y,N,,2,11,Y,N,11,Email PDF,Clean Digital,,6078,train
PO00216,AAS/PO/2026-05/8908,CUST0057,2026-05-12,PO00216__L1_classic_tabular__q1_clean_digital.pdf,pdf,L1_classic_tabular,Classic bordered tabular PO on plain letterhead,q1_clean_digital,Native digital PDF with a real text layer,Y,N,,1,2,N,N,2,Email PDF,Clean Digital,,2833,train
PO00217,OJA/PO/2026-04/6739,CUST0131,2026-04-19,PO00217__L6_erp_portal_print__q1_clean_digital.pdf,pdf,L6_erp_portal_print,"Machine-generated portal print-out, monospaced, barcode",q1_clean_digital,Native digital PDF with a real text layer,Y,N,,1,4,N,N,4,Portal Upload,Clean Digital,,2985,train
PO00218,YUV/PO/2026-04/6970,CUST0006,2026-04-29,PO00218__L4_excel_grid__q1_clean_digital.pdf,pdf,L4_excel_grid,"Spreadsheet printed to PDF, dense grid, 12 columns",q1_clean_digital,Native digital PDF with a real text layer,Y,N,,1,6,N,N,6,Email Excel,Clean Digital,,3589,validation
PO00219,YAS/PO/2026-06/5343,CUST0016,2026-06-09,PO00219__L5_handwritten_slip__q4_phone_photo.jpg,jpg,L5_handwritten_slip,"Handwritten order-book slip, ruled paper",q4_phone_photo,"Phone photo: perspective warp, shadow gradient, handheld blur",N,Y,150,1,4,N,N,4,WhatsApp Image,Scanned Copy,"{""perspective"":true,""shadow_gradient"":true,""handheld_blur"":true}",165097,train
PO00220,DEV/PO/2026-08/4267,CUST0104,2026-08-12,PO00220__L5_handwritten_slip__q3_poor_scan.pdf,pdf,L5_handwritten_slip,"Handwritten order-book slip, ruled paper",q3_poor_scan,"Poor scan: heavy skew, blur, speckle, fold line, contrast loss",N,Y,150,1,4,N,N,4,Email PDF,Poor Scan / Handwritten,"{""skew_deg"":-1.46,""blur"":""heavy"",""noise"":""high"",""contrast_loss"":true,""fold"":true}",144203,test
PO00221,KAV/PO/2026-06/6734,CUST0118,2026-06-29,PO00221__L3_email_body__q1_clean_digital.pdf,pdf,L3_email_body,"Order typed into an email body, no table, no totals",q1_clean_digital,Native digital PDF with a real text layer,Y,N,,1,6,N,N,6,Email PDF,Clean Digital,,2642,test
PO00222,PAR/PO/2026-08/5199,CUST0116,2026-08-06,PO00222__L4_excel_grid__q5_fax_bitonal.png,png,L4_excel_grid,"Spreadsheet printed to PDF, dense grid, 12 columns",q5_fax_bitonal,"Fax/bitonal: 1-bit threshold, streaks, slipped rows",N,Y,200,1,2,N,N,2,Scanned Copy,Scanned Copy,"{""bitonal_threshold"":156,""streaks"":true,""row_slip"":true}",25673,train
PO00223,DEV/PO/2026-06/1205,CUST0097,2026-06-03,PO00223__L1_classic_tabular__q2_print_scan.pdf,pdf,L1_classic_tabular,Classic bordered tabular PO on plain letterhead,q2_print_scan,"Printed then scanned at 200 dpi, light skew and noise, image-only PDF",N,Y,200,1,5,N,N,5,Email PDF,Clean Digital,"{""skew_deg"":-0.59,""blur"":""light"",""noise"":""low""}",147988,validation
PO00224,NIR/PO/2026-04/6395,CUST0032,2026-04-25,PO00224__L1_classic_tabular__q1_clean_digital.pdf,pdf,L1_classic_tabular,Classic bordered tabular PO on plain letterhead,q1_clean_digital,Native digital PDF with a real text layer,Y,N,,1,2,N,N,2,Email PDF,Clean Digital,,2898,train
PO00225,NAK/PO/2026-06/2539,CUST0075,2026-06-11,PO00225__L2_exporter_letterhead__q1_clean_digital.pdf,pdf,L2_exporter_letterhead,"Export-house indent, dark letterhead band, rate before qty",q1_clean_digital,Native digital PDF with a real text layer,Y,N,,1,3,N,N,3,Email PDF,Clean Digital,,3012,train
PO00226,RAJ/PO/2026-04/9394,CUST0042,2026-04-15,PO00226__L4_excel_grid__q1_clean_digital.pdf,pdf,L4_excel_grid,"Spreadsheet printed to PDF, dense grid, 12 columns",q1_clean_digital,Native digital PDF with a real text layer,Y,N,,1,3,N,N,3,Email Excel,Clean Digital,,2869,train
PO00227,LAK/PO/2026-04/2343,CUST0052,2026-04-06,PO00227__L1_classic_tabular__q4_phone_photo.jpg,jpg,L1_classic_tabular,Classic bordered tabular PO on plain letterhead,q4_phone_photo,"Phone photo: perspective warp, shadow gradient, handheld blur",N,Y,150,1,1,N,N,1,WhatsApp Image,Scanned Copy,"{""perspective"":true,""shadow_gradient"":true,""handheld_blur"":true}",123699,train
PO00228,NAV/PO/2026-08/5184,CUST0115,2026-08-13,PO00228__L6_erp_portal_print__q4_phone_photo.jpg,jpg,L6_erp_portal_print,"Machine-generated portal print-out, monospaced, barcode",q4_phone_photo,"Phone photo: perspective warp, shadow gradient, handheld blur",N,Y,150,1,12,N,N,12,WhatsApp Image,Scanned Copy,"{""perspective"":true,""shadow_gradient"":true,""handheld_blur"":true}",175454,test
PO00229,OJA/PO/2026-05/4079,CUST0131,2026-05-17,PO00229__L6_erp_portal_print__q1_clean_digital.pdf,pdf,L6_erp_portal_print,"Machine-generated portal print-out, monospaced, barcode",q1_clean_digital,Native digital PDF with a real text layer,Y,N,,1,10,N,N,10,Portal Upload,Clean Digital,,3458,train
PO00230,SUR/PO/2026-05/8357,CUST0133,2026-05-20,PO00230__L4_excel_grid__q1_clean_digital.pdf,pdf,L4_excel_grid,"Spreadsheet printed to PDF, dense grid, 12 columns",q1_clean_digital,Native digital PDF with a real text layer,Y,N,,1,2,N,N,2,Email Excel,Clean Digital,,2674,validation
PO00231,YAS/PO/2026-07/2467,CUST0036,2026-07-29,PO00231__L5_handwritten_slip__q3_poor_scan.pdf,pdf,L5_handwritten_slip,"Handwritten order-book slip, ruled paper",q3_poor_scan,"Poor scan: heavy skew, blur, speckle, fold line, contrast loss",N,Y,150,1,1,N,N,1,WhatsApp Image,Poor Scan / Handwritten,"{""skew_deg"":0.25,""blur"":""heavy"",""noise"":""high"",""contrast_loss"":true,""fold"":true}",131928,train
PO00232,SHR/PO/2026-06/8802,CUST0028,2026-06-17,PO00232__L5_handwritten_slip__q4_phone_photo.jpg,jpg,L5_handwritten_slip,"Handwritten order-book slip, ruled paper",q4_phone_photo,"Phone photo: perspective warp, shadow gradient, handheld blur",N,Y,150,1,6,N,N,6,Email Excel,Poor Scan / Handwritten,"{""perspective"":true,""shadow_gradient"":true,""handheld_blur"":true}",181315,train
PO00233,JAA/PO/2026-08/3900,CUST0031,2026-08-06,PO00233__L4_excel_grid__q1_clean_digital.pdf,pdf,L4_excel_grid,"Spreadsheet printed to PDF, dense grid, 12 columns",q1_clean_digital,Native digital PDF with a real text layer,Y,N,,1,1,N,N,1,Email Excel,Clean Digital,,2395,validation
PO00234,MAN/PO/2026-07/2794,CUST0132,2026-07-16,PO00234__L3_email_body__q3_poor_scan.pdf,pdf,L3_email_body,"Order typed into an email body, no table, no totals",q3_poor_scan,"Poor scan: heavy skew, blur, speckle, fold line, contrast loss",N,Y,150,1,2,N,N,2,Portal Upload,Poor Scan / Handwritten,"{""skew_deg"":0.15,""blur"":""heavy"",""noise"":""high"",""contrast_loss"":true,""fold"":true}",141428,train
PO00235,HAR/PO/2026-04/9138,CUST0083,2026-04-02,PO00235__L6_erp_portal_print__q1_clean_digital.pdf,pdf,L6_erp_portal_print,"Machine-generated portal print-out, monospaced, barcode",q1_clean_digital,Native digital PDF with a real text layer,Y,N,,1,7,N,N,7,Portal Upload,Clean Digital,,3175,train
PO00236,NIM/PO/2026-05/1099,CUST0030,2026-05-21,PO00236__L1_classic_tabular__q2_print_scan.pdf,pdf,L1_classic_tabular,Classic bordered tabular PO on plain letterhead,q2_print_scan,"Printed then scanned at 200 dpi, light skew and noise, image-only PDF",N,Y,200,1,1,N,N,1,Email PDF,Clean Digital,"{""skew_deg"":-0.42,""blur"":""light"",""noise"":""low""}",118611,validation
PO00237,UTS/PO/2026-04/7479,CUST0021,2026-04-19,PO00237__L4_excel_grid__q1_clean_digital.pdf,pdf,L4_excel_grid,"Spreadsheet printed to PDF, dense grid, 12 columns",q1_clean_digital,Native digital PDF with a real text layer,Y,N,,1,7,N,N,7,Email Excel,Clean Digital,,3786,test
PO00238,LAK/PO/2026-04/5954,CUST0052,2026-04-08,PO00238__L1_classic_tabular__q4_phone_photo.jpg,jpg,L1_classic_tabular,Classic bordered tabular PO on plain letterhead,q4_phone_photo,"Phone photo: perspective warp, shadow gradient, handheld blur",N,Y,150,1,5,N,N,5,WhatsApp Image,Scanned Copy,"{""perspective"":true,""shadow_gradient"":true,""handheld_blur"":true}",145046,train
PO00239,MEG/PO/2026-07/9271,CUST0122,2026-07-15,PO00239__L6_erp_portal_print__q1_clean_digital.pdf,pdf,L6_erp_portal_print,"Machine-generated portal print-out, monospaced, barcode",q1_clean_digital,Native digital PDF with a real text layer,Y,N,,1,2,N,N,2,Email PDF,Clean Digital,,2786,validation
PO00240,MAN/PO/2026-05/5893,CUST0103,2026-05-23,PO00240__L6_erp_portal_print__q4_phone_photo.jpg,jpg,L6_erp_portal_print,"Machine-generated portal print-out, monospaced, barcode",q4_phone_photo,"Phone photo: perspective warp, shadow gradient, handheld blur",N,Y,150,1,6,N,N,6,WhatsApp Image,Scanned Copy,"{""perspective"":true,""shadow_gradient"":true,""handheld_blur"":true}",186920,train
PO00241,DEV/PO/2026-07/217,CUST0088,2026-07-26,PO00241__L1_classic_tabular__q5_fax_bitonal.png,png,L1_classic_tabular,Classic bordered tabular PO on plain letterhead,q5_fax_bitonal,"Fax/bitonal: 1-bit threshold, streaks, slipped rows",N,Y,200,2,1,Y,N,1,Scanned Copy,Scanned Copy,"{""bitonal_threshold"":182,""streaks"":true,""row_slip"":true}",28803,validation
PO00242,UTS/PO/2026-04/6793,CUST0068,2026-04-24,PO00242__L4_excel_grid__q1_clean_digital.pdf,pdf,L4_excel_grid,"Spreadsheet printed to PDF, dense grid, 12 columns",q1_clean_digital,Native digital PDF with a real text layer,Y,N,,1,3,N,N,3,Email Excel,Clean Digital,,2901,test
PO00243,OJA/PO/2026-06/6050,CUST0111,2026-06-09,PO00243__L2_exporter_letterhead__q2_print_scan.pdf,pdf,L2_exporter_letterhead,"Export-house indent, dark letterhead band, rate before qty",q2_print_scan,"Printed then scanned at 200 dpi, light skew and noise, image-only PDF",N,Y,200,1,4,N,N,4,Email PDF,Clean Digital,"{""skew_deg"":-0.33,""blur"":""light"",""noise"":""low""}",175587,train
PO00244,SAN/PO/2026-08/3567,CUST0085,2026-08-15,PO00244__L1_classic_tabular__q2_print_scan.pdf,pdf,L1_classic_tabular,Classic bordered tabular PO on plain letterhead,q2_print_scan,"Printed then scanned at 200 dpi, light skew and noise, image-only PDF",N,Y,200,2,2,Y,N,2,Email PDF,Clean Digital,"{""skew_deg"":-0.56,""blur"":""light"",""noise"":""low""}",306107,train
PO00245,MAY/PO/2026-04/8334,CUST0053,2026-04-29,PO00245__L1_classic_tabular__q1_clean_digital.pdf,pdf,L1_classic_tabular,Classic bordered tabular PO on plain letterhead,q1_clean_digital,Native digital PDF with a real text layer,Y,N,,1,3,N,N,3,Email PDF,Clean Digital,,3033,train
PO00246,MAN/PO/2026-07/1867,CUST0054,2026-07-16,PO00246__L1_classic_tabular__q4_phone_photo.jpg,jpg,L1_classic_tabular,Classic bordered tabular PO on plain letterhead,q4_phone_photo,"Phone photo: perspective warp, shadow gradient, handheld blur",N,Y,150,1,4,N,N,4,WhatsApp Image,Scanned Copy,"{""perspective"":true,""shadow_gradient"":true,""handheld_blur"":true}",170261,validation
PO00247,MEG/PO/2026-07/8505,CUST0122,2026-07-06,PO00247__L1_classic_tabular__q1_clean_digital.pdf,pdf,L1_classic_tabular,Classic bordered tabular PO on plain letterhead,q1_clean_digital,Native digital PDF with a real text layer,Y,N,,1,6,N,N,6,Email PDF,Clean Digital,,3560,test
PO00248,DEV/PO/2026-07/6109,CUST0096,2026-07-31,PO00248__L2_exporter_letterhead__q4_phone_photo.jpg,jpg,L2_exporter_letterhead,"Export-house indent, dark letterhead band, rate before qty",q4_phone_photo,"Phone photo: perspective warp, shadow gradient, handheld blur",N,Y,150,3,10,Y,Y,10,Email PDF,Poor Scan / Handwritten,"{""perspective"":true,""shadow_gradient"":true,""handheld_blur"":true}",483134,train
PO00249,SAA/PO/2026-07/5827,CUST0148,2026-07-10,PO00249__L4_excel_grid__q1_clean_digital.pdf,pdf,L4_excel_grid,"Spreadsheet printed to PDF, dense grid, 12 columns",q1_clean_digital,Native digital PDF with a real text layer,Y,N,,1,3,N,N,3,Email Excel,Clean Digital,,2950,train
PO00250,VRI/PO/2026-07/2853,CUST0098,2026-07-14,PO00250__L1_classic_tabular__q1_clean_digital.pdf,pdf,L1_classic_tabular,Classic bordered tabular PO on plain letterhead,q1_clean_digital,Native digital PDF with a real text layer,Y,N,,1,3,N,N,3,Email PDF,Clean Digital,,3090,train
PO00251,TAN/PO/2026-07/6093,CUST0072,2026-07-02,PO00251__L3_email_body__q4_phone_photo.jpg,jpg,L3_email_body,"Order typed into an email body, no table, no totals",q4_phone_photo,"Phone photo: perspective warp, shadow gradient, handheld blur",N,Y,150,1,12,N,N,12,Email PDF,Poor Scan / Handwritten,"{""perspective"":true,""shadow_gradient"":true,""handheld_blur"":true}",174598,validation
PO00252,DHR/PO/2026-05/5830,CUST0094,2026-05-30,PO00252__L6_erp_portal_print__q1_clean_digital.pdf,pdf,L6_erp_portal_print,"Machine-generated portal print-out, monospaced, barcode",q1_clean_digital,Native digital PDF with a real text layer,Y,N,,1,10,N,N,10,Portal Upload,Clean Digital,,3220,train
PO00253,URV/PO/2026-06/7401,CUST0063,2026-06-18,PO00253__L2_exporter_letterhead__q1_clean_digital.pdf,pdf,L2_exporter_letterhead,"Export-house indent, dark letterhead band, rate before qty",q1_clean_digital,Native digital PDF with a real text layer,Y,N,,1,2,N,N,2,Email PDF,Clean Digital,,2847,train
PO00254,BHA/PO/2026-06/434,CUST0108,2026-06-01,PO00254__L1_classic_tabular__q5_fax_bitonal.png,png,L1_classic_tabular,Classic bordered tabular PO on plain letterhead,q5_fax_bitonal,"Fax/bitonal: 1-bit threshold, streaks, slipped rows",N,Y,200,1,5,N,N,5,Scanned Copy,Scanned Copy,"{""bitonal_threshold"":178,""streaks"":true,""row_slip"":true}",36072,train
PO00255,SAM/PO/2026-08/8537,CUST0084,2026-08-19,PO00255__L4_excel_grid__q1_clean_digital.pdf,pdf,L4_excel_grid,"Spreadsheet printed to PDF, dense grid, 12 columns",q1_clean_digital,Native digital PDF with a real text layer,Y,N,,1,3,N,N,3,Email Excel,Clean Digital,,2893,test
PO00256,ADV/PO/2026-05/5951,CUST0127,2026-05-30,PO00256__L1_classic_tabular__q2_print_scan.pdf,pdf,L1_classic_tabular,Classic bordered tabular PO on plain letterhead,q2_print_scan,"Printed then scanned at 200 dpi, light skew and noise, image-only PDF",N,Y,200,1,3,N,N,3,Email PDF,Clean Digital,"{""skew_deg"":0.05,""blur"":""light"",""noise"":""low""}",143528,validation
PO00257,CHA/PO/2026-06/1823,CUST0060,2026-06-06,PO00257__L6_erp_portal_print__q1_clean_digital.pdf,pdf,L6_erp_portal_print,"Machine-generated portal print-out, monospaced, barcode",q1_clean_digital,Native digital PDF with a real text layer,Y,N,,1,3,N,N,3,Portal Upload,Clean Digital,,2840,train
PO00258,HAR/PO/2026-06/7663,CUST0083,2026-06-19,PO00258__L6_erp_portal_print__q1_clean_digital.pdf,pdf,L6_erp_portal_print,"Machine-generated portal print-out, monospaced, barcode",q1_clean_digital,Native digital PDF with a real text layer,Y,N,,1,4,N,N,4,Portal Upload,Clean Digital,,2993,validation
PO00259,NAK/PO/2026-05/1588,CUST0075,2026-05-21,PO00259__L1_classic_tabular__q1_clean_digital.pdf,pdf,L1_classic_tabular,Classic bordered tabular PO on plain letterhead,q1_clean_digital,Native digital PDF with a real text layer,Y,N,,1,6,N,N,6,Email PDF,Clean Digital,,3666,train
PO00260,TAN/PO/2026-04/2553,CUST0076,2026-04-16,PO00260__L2_exporter_letterhead__q1_clean_digital.pdf,pdf,L2_exporter_letterhead,"Export-house indent, dark letterhead band, rate before qty",q1_clean_digital,Native digital PDF with a real text layer,Y,N,,1,8,N,N,8,Email PDF,Clean Digital,,3556,train
PO00261,SAA/PO/2026-08/7697,CUST0121,2026-08-02,PO00261__L1_classic_tabular__q4_phone_photo.jpg,jpg,L1_classic_tabular,Classic bordered tabular PO on plain letterhead,q4_phone_photo,"Phone photo: perspective warp, shadow gradient, handheld blur",N,Y,150,1,2,N,N,2,Scanned Copy,Poor Scan / Handwritten,"{""perspective"":true,""shadow_gradient"":true,""handheld_blur"":true}",206291,test
PO00262,CHA/PO/2026-05/3367,CUST0060,2026-05-16,PO00262__L6_erp_portal_print__q1_clean_digital.pdf,pdf,L6_erp_portal_print,"Machine-generated portal print-out, monospaced, barcode",q1_clean_digital,Native digital PDF with a real text layer,Y,N,,1,3,N,N,3,Portal Upload,Clean Digital,,2803,test
PO00263,PAR/PO/2026-04/2570,CUST0116,2026-04-13,PO00263__L1_classic_tabular__q5_fax_bitonal.png,png,L1_classic_tabular,Classic bordered tabular PO on plain letterhead,q5_fax_bitonal,"Fax/bitonal: 1-bit threshold, streaks, slipped rows",N,Y,200,1,3,N,N,3,Scanned Copy,Scanned Copy,"{""bitonal_threshold"":158,""streaks"":true,""row_slip"":true}",31796,test
PO00264,CHH/PO/2026-07/3800,CUST0149,2026-07-22,PO00264__L6_erp_portal_print__q1_clean_digital.pdf,pdf,L6_erp_portal_print,"Machine-generated portal print-out, monospaced, barcode",q1_clean_digital,Native digital PDF with a real text layer,Y,N,,1,1,N,N,1,Portal Upload,Clean Digital,,2683,validation
PO00265,JAA/PO/2026-06/293,CUST0031,2026-06-15,PO00265__L6_erp_portal_print__q5_fax_bitonal.png,png,L6_erp_portal_print,"Machine-generated portal print-out, monospaced, barcode",q5_fax_bitonal,"Fax/bitonal: 1-bit threshold, streaks, slipped rows",N,Y,200,1,8,N,N,8,Email Excel,Poor Scan / Handwritten,"{""bitonal_threshold"":169,""streaks"":true,""row_slip"":true}",36435,test
PO00266,CHA/PO/2026-07/3082,CUST0060,2026-07-08,PO00266__L3_email_body__q3_poor_scan.pdf,pdf,L3_email_body,"Order typed into an email body, no table, no totals",q3_poor_scan,"Poor scan: heavy skew, blur, speckle, fold line, contrast loss",N,Y,150,1,8,N,N,8,Portal Upload,Poor Scan / Handwritten,"{""skew_deg"":-0.15,""blur"":""heavy"",""noise"":""high"",""contrast_loss"":true,""fold"":true}",123196,train
PO00267,SHR/PO/2026-07/4147,CUST0028,2026-07-20,PO00267__L4_excel_grid__q1_clean_digital.pdf,pdf,L4_excel_grid,"Spreadsheet printed to PDF, dense grid, 12 columns",q1_clean_digital,Native digital PDF with a real text layer,Y,N,,1,3,N,N,3,Email Excel,Clean Digital,,2900,train
PO00268,OJA/PO/2026-07/1711,CUST0018,2026-07-13,PO00268__L4_excel_grid__q2_print_scan.pdf,pdf,L4_excel_grid,"Spreadsheet printed to PDF, dense grid, 12 columns",q2_print_scan,"Printed then scanned at 200 dpi, light skew and noise, image-only PDF",N,Y,200,1,5,N,N,5,Scanned Copy,Scanned Copy,"{""skew_deg"":0.62,""blur"":""light"",""noise"":""low""}",134243,train
PO00269,KRI/PO/2026-07/7077,CUST0008,2026-07-02,PO00269__L4_excel_grid__q1_clean_digital.pdf,pdf,L4_excel_grid,"Spreadsheet printed to PDF, dense grid, 12 columns",q1_clean_digital,Native digital PDF with a real text layer,Y,N,,1,4,N,N,4,Email Excel,Clean Digital,,3118,train
PO00270,NAK/PO/2026-05/4608,CUST0105,2026-05-05,PO00270__L1_classic_tabular__q1_clean_digital.pdf,pdf,L1_classic_tabular,Classic bordered tabular PO on plain letterhead,q1_clean_digital,Native digital PDF with a real text layer,Y,N,,1,8,N,N,8,Email PDF,Clean Digital,,4019,train
PO00271,AAR/PO/2026-04/8140,CUST0078,2026-04-16,PO00271__L4_excel_grid__q1_clean_digital.pdf,pdf,L4_excel_grid,"Spreadsheet printed to PDF, dense grid, 12 columns",q1_clean_digital,Native digital PDF with a real text layer,Y,N,,1,7,N,N,7,Email Excel,Clean Digital,,3773,validation
PO00272,ZEN/PO/2026-05/5738,CUST0050,2026-05-12,PO00272__L2_exporter_letterhead__q3_poor_scan.pdf,pdf,L2_exporter_letterhead,"Export-house indent, dark letterhead band, rate before qty",q3_poor_scan,"Poor scan: heavy skew, blur, speckle, fold line, contrast loss",N,Y,150,1,3,N,N,3,Email PDF,Poor Scan / Handwritten,"{""skew_deg"":2.06,""blur"":""heavy"",""noise"":""high"",""contrast_loss"":true,""fold"":true}",113082,validation
PO00273,OOR/PO/2026-06/7009,CUST0069,2026-06-27,PO00273__L1_classic_tabular__q1_clean_digital.pdf,pdf,L1_classic_tabular,Classic bordered tabular PO on plain letterhead,q1_clean_digital,Native digital PDF with a real text layer,Y,N,,1,3,N,N,3,Email PDF,Clean Digital,,3061,train
PO00274,SAA/PO/2026-06/9605,CUST0044,2026-06-01,PO00274__L1_classic_tabular__q1_clean_digital.pdf,pdf,L1_classic_tabular,Classic bordered tabular PO on plain letterhead,q1_clean_digital,Native digital PDF with a real text layer,Y,N,,1,3,N,N,3,Email PDF,Clean Digital,,3039,validation
PO00275,NIM/PO/2026-07/4547,CUST0030,2026-07-19,PO00275__L1_classic_tabular__q1_clean_digital.pdf,pdf,L1_classic_tabular,Classic bordered tabular PO on plain letterhead,q1_clean_digital,Native digital PDF with a real text layer,Y,N,,1,8,N,N,8,Email PDF,Clean Digital,,3833,train
PO00276,VRI/PO/2026-06/115,CUST0070,2026-06-12,PO00276__L1_classic_tabular__q1_clean_digital.pdf,pdf,L1_classic_tabular,Classic bordered tabular PO on plain letterhead,q1_clean_digital,Native digital PDF with a real text layer,Y,N,,1,2,N,N,2,Email PDF,Clean Digital,,2875,train
PO00277,NIM/PO/2026-07/2824,CUST0030,2026-07-19,PO00277__L3_email_body__q1_clean_digital.pdf,pdf,L3_email_body,"Order typed into an email body, no table, no totals",q1_clean_digital,Native digital PDF with a real text layer,Y,N,,1,7,N,N,7,Email PDF,Clean Digital,,2671,train
PO00278,KES/PO/2026-04/3363,CUST0141,2026-04-17,PO00278__L2_exporter_letterhead__q1_clean_digital.pdf,pdf,L2_exporter_letterhead,"Export-house indent, dark letterhead band, rate before qty",q1_clean_digital,Native digital PDF with a real text layer,Y,N,,1,5,N,N,5,Email PDF,Clean Digital,,3268,train
PO00279,TEJ/PO/2026-08/2761,CUST0005,2026-08-12,PO00279__L6_erp_portal_print__q1_clean_digital.pdf,pdf,L6_erp_portal_print,"Machine-generated portal print-out, monospaced, barcode",q1_clean_digital,Native digital PDF with a real text layer,Y,N,,1,2,N,N,2,Email PDF,Clean Digital,,2881,train
PO00280,ZEN/PO/2026-04/7235,CUST0041,2026-04-08,PO00280__L4_excel_grid__q1_clean_digital.pdf,pdf,L4_excel_grid,"Spreadsheet printed to PDF, dense grid, 12 columns",q1_clean_digital,Native digital PDF with a real text layer,Y,N,,1,6,N,N,6,Email Excel,Clean Digital,,3600,train
PO00281,SAA/PO/2026-06/4189,CUST0044,2026-06-28,PO00281__L1_classic_tabular__q1_clean_digital.pdf,pdf,L1_classic_tabular,Classic bordered tabular PO on plain letterhead,q1_clean_digital,Native digital PDF with a real text layer,Y,N,,1,3,N,N,3,Email PDF,Clean Digital,,3011,validation
PO00282,NIM/PO/2026-07/4511,CUST0034,2026-07-20,PO00282__L3_email_body__q1_clean_digital.pdf,pdf,L3_email_body,"Order typed into an email body, no table, no totals",q1_clean_digital,Native digital PDF with a real text layer,Y,N,,1,4,N,N,4,Email PDF,Clean Digital,,2441,validation
PO00283,NIM/PO/2026-07/5978,CUST0030,2026-07-14,PO00283__L1_classic_tabular__q1_clean_digital.pdf,pdf,L1_classic_tabular,Classic bordered tabular PO on plain letterhead,q1_clean_digital,Native digital PDF with a real text layer,Y,N,,2,1,Y,N,1,Email PDF,Clean Digital,,4343,validation
PO00284,ANA/PO/2026-07/3983,CUST0100,2026-07-13,PO00284__L2_exporter_letterhead__q5_fax_bitonal.png,png,L2_exporter_letterhead,"Export-house indent, dark letterhead band, rate before qty",q5_fax_bitonal,"Fax/bitonal: 1-bit threshold, streaks, slipped rows",N,Y,200,1,6,N,N,6,Scanned Copy,Scanned Copy,"{""bitonal_threshold"":181,""streaks"":true,""row_slip"":true}",37539,train
PO00285,ZEN/PO/2026-06/8490,CUST0050,2026-06-19,PO00285__L1_classic_tabular__q1_clean_digital.pdf,pdf,L1_classic_tabular,Classic bordered tabular PO on plain letterhead,q1_clean_digital,Native digital PDF with a real text layer,Y,N,,1,1,N,N,1,Email PDF,Clean Digital,,2635,validation
PO00286,UTS/PO/2026-06/5597,CUST0136,2026-06-01,PO00286__L4_excel_grid__q4_phone_photo.jpg,jpg,L4_excel_grid,"Spreadsheet printed to PDF, dense grid, 12 columns",q4_phone_photo,"Phone photo: perspective warp, shadow gradient, handheld blur",N,Y,150,1,6,N,N,6,WhatsApp Image,Scanned Copy,"{""perspective"":true,""shadow_gradient"":true,""handheld_blur"":true}",147243,train
PO00287,VAI/PO/2026-07/6317,CUST0064,2026-07-30,PO00287__L2_exporter_letterhead__q1_clean_digital.pdf,pdf,L2_exporter_letterhead,"Export-house indent, dark letterhead band, rate before qty",q1_clean_digital,Native digital PDF with a real text layer,Y,N,,1,7,N,N,7,Email PDF,Clean Digital,,3457,train
PO00288,NAV/PO/2026-04/1467,CUST0033,2026-04-26,PO00288__L4_excel_grid__q1_clean_digital.pdf,pdf,L4_excel_grid,"Spreadsheet printed to PDF, dense grid, 12 columns",q1_clean_digital,Native digital PDF with a real text layer,Y,N,,1,7,N,N,7,Email Excel,Clean Digital,,3849,test
PO00289,MAN/PO/2026-04/3826,CUST0054,2026-04-04,PO00289__L6_erp_portal_print__q4_phone_photo.jpg,jpg,L6_erp_portal_print,"Machine-generated portal print-out, monospaced, barcode",q4_phone_photo,"Phone photo: perspective warp, shadow gradient, handheld blur",N,Y,150,1,5,N,N,5,WhatsApp Image,Scanned Copy,"{""perspective"":true,""shadow_gradient"":true,""handheld_blur"":true}",171211,validation
PO00290,BHO/PO/2026-06/5552,CUST0015,2026-06-13,PO00290__L1_classic_tabular__q3_poor_scan.pdf,pdf,L1_classic_tabular,Classic bordered tabular PO on plain letterhead,q3_poor_scan,"Poor scan: heavy skew, blur, speckle, fold line, contrast loss",N,Y,150,1,4,N,N,4,WhatsApp Image,Poor Scan / Handwritten,"{""skew_deg"":-2.16,""blur"":""heavy"",""noise"":""high"",""contrast_loss"":true,""fold"":true}",109972,train
PO00291,GIR/PO/2026-04/6025,CUST0090,2026-04-05,PO00291__L6_erp_portal_print__q1_clean_digital.pdf,pdf,L6_erp_portal_print,"Machine-generated portal print-out, monospaced, barcode",q1_clean_digital,Native digital PDF with a real text layer,Y,N,,1,11,N,N,11,Portal Upload,Clean Digital,,3383,validation
PO00292,SAN/PO/2026-06/4671,CUST0085,2026-06-05,PO00292__L1_classic_tabular__q1_clean_digital.pdf,pdf,L1_classic_tabular,Classic bordered tabular PO on plain letterhead,q1_clean_digital,Native digital PDF with a real text layer,Y,N,,1,4,N,N,4,Email PDF,Clean Digital,,3271,train
PO00293,BHA/PO/2026-05/4630,CUST0003,2026-05-27,PO00293__L1_classic_tabular__q4_phone_photo.jpg,jpg,L1_classic_tabular,Classic bordered tabular PO on plain letterhead,q4_phone_photo,"Phone photo: perspective warp, shadow gradient, handheld blur",N,Y,150,1,12,N,N,12,Email Excel,Poor Scan / Handwritten,"{""perspective"":true,""shadow_gradient"":true,""handheld_blur"":true}",237673,validation
PO00294,UTS/PO/2026-06/6336,CUST0040,2026-06-01,PO00294__L3_email_body__q1_clean_digital.pdf,pdf,L3_email_body,"Order typed into an email body, no table, no totals",q1_clean_digital,Native digital PDF with a real text layer,Y,N,,1,1,N,N,1,Email PDF,Clean Digital,,2180,validation
PO00295,UTS/PO/2026-06/8726,CUST0040,2026-06-02,PO00295__L3_email_body__q1_clean_digital.pdf,pdf,L3_email_body,"Order typed into an email body, no table, no totals",q1_clean_digital,Native digital PDF with a real text layer,Y,N,,1,1,N,N,1,Email PDF,Clean Digital,,2211,train
PO00296,ANA/PO/2026-04/1995,CUST0100,2026-04-15,PO00296__L1_classic_tabular__q2_print_scan.pdf,pdf,L1_classic_tabular,Classic bordered tabular PO on plain letterhead,q2_print_scan,"Printed then scanned at 200 dpi, light skew and noise, image-only PDF",N,Y,200,1,6,N,N,6,Scanned Copy,Scanned Copy,"{""skew_deg"":-0.5,""blur"":""light"",""noise"":""low""}",188402,train
PO00297,TAN/PO/2026-05/632,CUST0012,2026-05-12,PO00297__L6_erp_portal_print__q1_clean_digital.pdf,pdf,L6_erp_portal_print,"Machine-generated portal print-out, monospaced, barcode",q1_clean_digital,Native digital PDF with a real text layer,Y,N,,1,3,N,N,3,Email PDF,Clean Digital,,2849,train
PO00298,AAR/PO/2026-06/2376,CUST0078,2026-06-25,PO00298__L4_excel_grid__q1_clean_digital.pdf,pdf,L4_excel_grid,"Spreadsheet printed to PDF, dense grid, 12 columns",q1_clean_digital,Native digital PDF with a real text layer,Y,N,,1,1,N,N,1,Email Excel,Clean Digital,,2399,train
PO00299,JAA/PO/2026-05/6903,CUST0099,2026-05-05,PO00299__L5_handwritten_slip__q4_phone_photo.jpg,jpg,L5_handwritten_slip,"Handwritten order-book slip, ruled paper",q4_phone_photo,"Phone photo: perspective warp, shadow gradient, handheld blur",N,Y,150,1,2,N,N,2,WhatsApp Image,Scanned Copy,"{""perspective"":true,""shadow_gradient"":true,""handheld_blur"":true}",217094,train
PO00300,MEG/PO/2026-07/3933,CUST0089,2026-07-16,PO00300__L1_classic_tabular__q1_clean_digital.pdf,pdf,L1_classic_tabular,Classic bordered tabular PO on plain letterhead,q1_clean_digital,Native digital PDF with a real text layer,Y,N,,1,7,N,N,7,Email PDF,Clean Digital,,3603,train
PO00301,UTS/PO/2026-07/4062,CUST0040,2026-07-23,PO00301__L3_email_body__q2_print_scan.pdf,pdf,L3_email_body,"Order typed into an email body, no table, no totals",q2_print_scan,"Printed then scanned at 200 dpi, light skew and noise, image-only PDF",N,Y,200,1,2,N,N,2,Email PDF,Clean Digital,"{""skew_deg"":-0.02,""blur"":""light"",""noise"":""low""}",109286,train
PO00302,BHA/PO/2026-07/2265,CUST0108,2026-07-28,PO00302__L2_exporter_letterhead__q3_poor_scan.pdf,pdf,L2_exporter_letterhead,"Export-house indent, dark letterhead band, rate before qty",q3_poor_scan,"Poor scan: heavy skew, blur, speckle, fold line, contrast loss",N,Y,150,1,4,N,N,4,Scanned Copy,Scanned Copy,"{""skew_deg"":-1.39,""blur"":""heavy"",""noise"":""high"",""contrast_loss"":true,""fold"":true}",136992,validation
PO00303,KRI/PO/2026-06/3484,CUST0086,2026-06-28,PO00303__L1_classic_tabular__q3_poor_scan.pdf,pdf,L1_classic_tabular,Classic bordered tabular PO on plain letterhead,q3_poor_scan,"Poor scan: heavy skew, blur, speckle, fold line, contrast loss",N,Y,150,1,3,N,N,3,WhatsApp Image,Scanned Copy,"{""skew_deg"":1.15,""blur"":""heavy"",""noise"":""high"",""contrast_loss"":true,""fold"":true}",101582,validation
PO00304,URV/PO/2026-04/1226,CUST0029,2026-04-18,PO00304__L1_classic_tabular__q2_print_scan.pdf,pdf,L1_classic_tabular,Classic bordered tabular PO on plain letterhead,q2_print_scan,"Printed then scanned at 200 dpi, light skew and noise, image-only PDF",N,Y,200,1,1,N,N,1,Email PDF,Clean Digital,"{""skew_deg"":-0.14,""blur"":""light"",""noise"":""low""}",146841,test
PO00305,YAS/PO/2026-07/3368,CUST0138,2026-07-06,PO00305__L4_excel_grid__q1_clean_digital.pdf,pdf,L4_excel_grid,"Spreadsheet printed to PDF, dense grid, 12 columns",q1_clean_digital,Native digital PDF with a real text layer,Y,N,,1,3,N,N,3,Email Excel,Clean Digital,,2961,train
PO00306,MAN/PO/2026-08/6817,CUST0046,2026-08-06,PO00306__L3_email_body__q4_phone_photo.jpg,jpg,L3_email_body,"Order typed into an email body, no table, no totals",q4_phone_photo,"Phone photo: perspective warp, shadow gradient, handheld blur",N,Y,150,1,6,N,N,6,WhatsApp Image,Scanned Copy,"{""perspective"":true,""shadow_gradient"":true,""handheld_blur"":true}",200640,train
PO00307,GIR/PO/2026-06/1494,CUST0135,2026-06-07,PO00307__L4_excel_grid__q1_clean_digital.pdf,pdf,L4_excel_grid,"Spreadsheet printed to PDF, dense grid, 12 columns",q1_clean_digital,Native digital PDF with a real text layer,Y,N,,1,7,N,N,7,Email Excel,Clean Digital,,3831,train
PO00308,SAN/PO/2026-08/2148,CUST0093,2026-08-16,PO00308__L2_exporter_letterhead__q1_clean_digital.pdf,pdf,L2_exporter_letterhead,"Export-house indent, dark letterhead band, rate before qty",q1_clean_digital,Native digital PDF with a real text layer,Y,N,,1,5,N,N,5,Email PDF,Clean Digital,,3226,test
PO00309,SUR/PO/2026-07/5206,CUST0110,2026-07-31,PO00309__L3_email_body__q1_clean_digital.pdf,pdf,L3_email_body,"Order typed into an email body, no table, no totals",q1_clean_digital,Native digital PDF with a real text layer,Y,N,,1,5,N,N,5,Email PDF,Clean Digital,,2591,train
PO00310,GIR/PO/2026-06/3213,CUST0135,2026-06-21,PO00310__L4_excel_grid__q1_clean_digital.pdf,pdf,L4_excel_grid,"Spreadsheet printed to PDF, dense grid, 12 columns",q1_clean_digital,Native digital PDF with a real text layer,Y,N,,1,3,N,N,3,Email Excel,Clean Digital,,2864,train
PO00311,MAN/PO/2026-08/7497,CUST0046,2026-08-07,PO00311__L5_handwritten_slip__q4_phone_photo.jpg,jpg,L5_handwritten_slip,"Handwritten order-book slip, ruled paper",q4_phone_photo,"Phone photo: perspective warp, shadow gradient, handheld blur",N,Y,150,1,3,N,N,3,WhatsApp Image,Scanned Copy,"{""perspective"":true,""shadow_gradient"":true,""handheld_blur"":true}",144398,train
PO00312,BHO/PO/2026-06/1241,CUST0080,2026-06-14,PO00312__L1_classic_tabular__q5_fax_bitonal.png,png,L1_classic_tabular,Classic bordered tabular PO on plain letterhead,q5_fax_bitonal,"Fax/bitonal: 1-bit threshold, streaks, slipped rows",N,Y,200,1,5,N,N,5,Email PDF,Poor Scan / Handwritten,"{""bitonal_threshold"":160,""streaks"":true,""row_slip"":true}",36521,train
PO00313,NIR/PO/2026-07/5719,CUST0022,2026-07-01,PO00313__L4_excel_grid__q1_clean_digital.pdf,pdf,L4_excel_grid,"Spreadsheet printed to PDF, dense grid, 12 columns",q1_clean_digital,Native digital PDF with a real text layer,Y,N,,1,3,N,N,3,Email Excel,Clean Digital,,2878,train
PO00314,ADV/PO/2026-05/1666,CUST0129,2026-05-01,PO00314__L4_excel_grid__q1_clean_digital.pdf,pdf,L4_excel_grid,"Spreadsheet printed to PDF, dense grid, 12 columns",q1_clean_digital,Native digital PDF with a real text layer,Y,N,,1,8,N,N,8,Email Excel,Clean Digital,,3976,test
PO00315,ADV/PO/2026-05/4659,CUST0129,2026-05-05,PO00315__L4_excel_grid__q2_print_scan.pdf,pdf,L4_excel_grid,"Spreadsheet printed to PDF, dense grid, 12 columns",q2_print_scan,"Printed then scanned at 200 dpi, light skew and noise, image-only PDF",N,Y,200,1,2,N,N,2,Email Excel,Clean Digital,"{""skew_deg"":0.14,""blur"":""light"",""noise"":""low""}",92548,test
PO00316,UTS/PO/2026-07/8167,CUST0021,2026-07-13,PO00316__L4_excel_grid__q1_clean_digital.pdf,pdf,L4_excel_grid,"Spreadsheet printed to PDF, dense grid, 12 columns",q1_clean_digital,Native digital PDF with a real text layer,Y,N,,1,3,N,N,3,Email Excel,Clean Digital,,2953,test
PO00317,BHA/PO/2026-06/6004,CUST0108,2026-06-18,PO00317__L6_erp_portal_print__q3_poor_scan.pdf,pdf,L6_erp_portal_print,"Machine-generated portal print-out, monospaced, barcode",q3_poor_scan,"Poor scan: heavy skew, blur, speckle, fold line, contrast loss",N,Y,150,1,1,N,N,1,Scanned Copy,Scanned Copy,"{""skew_deg"":1.89,""blur"":""heavy"",""noise"":""high"",""contrast_loss"":true,""fold"":true}",100294,train
PO00318,MEG/PO/2026-06/8360,CUST0082,2026-06-29,PO00318__L6_erp_portal_print__q4_phone_photo.jpg,jpg,L6_erp_portal_print,"Machine-generated portal print-out, monospaced, barcode",q4_phone_photo,"Phone photo: perspective warp, shadow gradient, handheld blur",N,Y,150,1,6,N,N,6,WhatsApp Image,Scanned Copy,"{""perspective"":true,""shadow_gradient"":true,""handheld_blur"":true}",205092,test
PO00319,RAJ/PO/2026-05/5307,CUST0042,2026-05-08,PO00319__L5_handwritten_slip__q3_poor_scan.pdf,pdf,L5_handwritten_slip,"Handwritten order-book slip, ruled paper",q3_poor_scan,"Poor scan: heavy skew, blur, speckle, fold line, contrast loss",N,Y,150,1,4,N,N,4,Email Excel,Poor Scan / Handwritten,"{""skew_deg"":0.08,""blur"":""heavy"",""noise"":""high"",""contrast_loss"":true,""fold"":true}",158075,test
PO00320,KAN/PO/2026-06/1054,CUST0101,2026-06-13,PO00320__L6_erp_portal_print__q1_clean_digital.pdf,pdf,L6_erp_portal_print,"Machine-generated portal print-out, monospaced, barcode",q1_clean_digital,Native digital PDF with a real text layer,Y,N,,1,3,N,N,3,Email PDF,Clean Digital,,2856,train
PO00321,BHA/PO/2026-05/1556,CUST0003,2026-05-20,PO00321__L3_email_body__q3_poor_scan.pdf,pdf,L3_email_body,"Order typed into an email body, no table, no totals",q3_poor_scan,"Poor scan: heavy skew, blur, speckle, fold line, contrast loss",N,Y,150,1,1,N,N,1,Email Excel,Poor Scan / Handwritten,"{""skew_deg"":-1.21,""blur"":""heavy"",""noise"":""high"",""contrast_loss"":true,""fold"":true}",107351,train
PO00322,EKA/PO/2026-04/5821,CUST0146,2026-04-27,PO00322__L5_handwritten_slip__q3_poor_scan.pdf,pdf,L5_handwritten_slip,"Handwritten order-book slip, ruled paper",q3_poor_scan,"Poor scan: heavy skew, blur, speckle, fold line, contrast loss",N,Y,150,1,4,N,N,4,WhatsApp Image,Scanned Copy,"{""skew_deg"":1.64,""blur"":""heavy"",""noise"":""high"",""contrast_loss"":true,""fold"":true}",145630,train
PO00323,KAV/PO/2026-05/8378,CUST0107,2026-05-13,PO00323__L1_classic_tabular__q1_clean_digital.pdf,pdf,L1_classic_tabular,Classic bordered tabular PO on plain letterhead,q1_clean_digital,Native digital PDF with a real text layer,Y,N,,2,5,Y,N,5,Email PDF,Clean Digital,,5154,train
PO00324,AAR/PO/2026-04/948,CUST0078,2026-04-23,PO00324__L4_excel_grid__q1_clean_digital.pdf,pdf,L4_excel_grid,"Spreadsheet printed to PDF, dense grid, 12 columns",q1_clean_digital,Native digital PDF with a real text layer,Y,N,,1,7,N,N,7,Email Excel,Clean Digital,,3741,test
PO00325,MEG/PO/2026-06/4151,CUST0059,2026-06-06,PO00325__L2_exporter_letterhead__q1_clean_digital.pdf,pdf,L2_exporter_letterhead,"Export-house indent, dark letterhead band, rate before qty",q1_clean_digital,Native digital PDF with a real text layer,Y,N,,1,7,N,N,7,Email PDF,Clean Digital,,3427,train
PO00326,ESH/PO/2026-05/1865,CUST0001,2026-05-10,PO00326__L1_classic_tabular__q5_fax_bitonal.png,png,L1_classic_tabular,Classic bordered tabular PO on plain letterhead,q5_fax_bitonal,"Fax/bitonal: 1-bit threshold, streaks, slipped rows",N,Y,200,1,6,N,N,6,Email Excel,Poor Scan / Handwritten,"{""bitonal_threshold"":173,""streaks"":true,""row_slip"":true}",34888,train
PO00327,YAS/PO/2026-05/2813,CUST0124,2026-05-19,PO00327__L6_erp_portal_print__q1_clean_digital.pdf,pdf,L6_erp_portal_print,"Machine-generated portal print-out, monospaced, barcode",q1_clean_digital,Native digital PDF with a real text layer,Y,N,,1,6,N,N,6,Portal Upload,Clean Digital,,3089,train
PO00328,OJA/PO/2026-07/4251,CUST0131,2026-07-07,PO00328__L6_erp_portal_print__q1_clean_digital.pdf,pdf,L6_erp_portal_print,"Machine-generated portal print-out, monospaced, barcode",q1_clean_digital,Native digital PDF with a real text layer,Y,N,,1,6,N,N,6,Portal Upload,Clean Digital,,3173,train
PO00329,SAN/PO/2026-05/7210,CUST0095,2026-05-31,PO00329__L2_exporter_letterhead__q1_clean_digital.pdf,pdf,L2_exporter_letterhead,"Export-house indent, dark letterhead band, rate before qty",q1_clean_digital,Native digital PDF with a real text layer,Y,N,,1,1,N,N,1,Email PDF,Clean Digital,,2692,train
PO00330,OOR/PO/2026-05/9053,CUST0074,2026-05-08,PO00330__L1_classic_tabular__q3_poor_scan.pdf,pdf,L1_classic_tabular,Classic bordered tabular PO on plain letterhead,q3_poor_scan,"Poor scan: heavy skew, blur, speckle, fold line, contrast loss",N,Y,150,2,8,Y,N,8,Scanned Copy,Scanned Copy,"{""skew_deg"":0.32,""blur"":""heavy"",""noise"":""high"",""contrast_loss"":true,""fold"":true}",237504,train
PO00331,NIM/PO/2026-08/9715,CUST0030,2026-08-10,PO00331__L2_exporter_letterhead__q1_clean_digital.pdf,pdf,L2_exporter_letterhead,"Export-house indent, dark letterhead band, rate before qty",q1_clean_digital,Native digital PDF with a real text layer,Y,N,,1,7,N,N,7,Email PDF,Clean Digital,,3512,validation
PO00332,NIR/PO/2026-04/7654,CUST0117,2026-04-26,PO00332__L1_classic_tabular__q2_print_scan.pdf,pdf,L1_classic_tabular,Classic bordered tabular PO on plain letterhead,q2_print_scan,"Printed then scanned at 200 dpi, light skew and noise, image-only PDF",N,Y,200,1,10,N,N,10,Email PDF,Clean Digital,"{""skew_deg"":0.46,""blur"":""light"",""noise"":""low""}",214069,test
PO00333,NAK/PO/2026-04/6216,CUST0075,2026-04-13,PO00333__L3_email_body__q1_clean_digital.pdf,pdf,L3_email_body,"Order typed into an email body, no table, no totals",q1_clean_digital,Native digital PDF with a real text layer,Y,N,,1,5,N,N,5,Email PDF,Clean Digital,,2552,test
PO00334,URV/PO/2026-08/3989,CUST0102,2026-08-10,PO00334__L6_erp_portal_print__q1_clean_digital.pdf,pdf,L6_erp_portal_print,"Machine-generated portal print-out, monospaced, barcode",q1_clean_digital,Native digital PDF with a real text layer,Y,N,,1,3,N,N,3,Email PDF,Clean Digital,,2840,train
PO00335,MAN/PO/2026-07/7601,CUST0046,2026-07-24,PO00335__L5_handwritten_slip__q4_phone_photo.jpg,jpg,L5_handwritten_slip,"Handwritten order-book slip, ruled paper",q4_phone_photo,"Phone photo: perspective warp, shadow gradient, handheld blur",N,Y,150,1,6,N,N,6,WhatsApp Image,Scanned Copy,"{""perspective"":true,""shadow_gradient"":true,""handheld_blur"":true}",147228,test
PO00336,ADV/PO/2026-04/433,CUST0017,2026-04-21,PO00336__L1_classic_tabular__q3_poor_scan.pdf,pdf,L1_classic_tabular,Classic bordered tabular PO on plain letterhead,q3_poor_scan,"Poor scan: heavy skew, blur, speckle, fold line, contrast loss",N,Y,150,1,6,N,N,6,Email Excel,Poor Scan / Handwritten,"{""skew_deg"":-1.63,""blur"":""heavy"",""noise"":""high"",""contrast_loss"":true,""fold"":true}",170567,validation
PO00337,FAL/PO/2026-07/884,CUST0061,2026-07-07,PO00337__L6_erp_portal_print__q1_clean_digital.pdf,pdf,L6_erp_portal_print,"Machine-generated portal print-out, monospaced, barcode",q1_clean_digital,Native digital PDF with a real text layer,Y,N,,1,2,N,N,2,Portal Upload,Clean Digital,,2815,train
PO00338,PAR/PO/2026-06/3649,CUST0116,2026-06-28,PO00338__L3_email_body__q4_phone_photo.jpg,jpg,L3_email_body,"Order typed into an email body, no table, no totals",q4_phone_photo,"Phone photo: perspective warp, shadow gradient, handheld blur",N,Y,150,1,5,N,N,5,Scanned Copy,Poor Scan / Handwritten,"{""perspective"":true,""shadow_gradient"":true,""handheld_blur"":true}",152397,train
PO00339,TAN/PO/2026-07/7298,CUST0072,2026-07-11,PO00339__L2_exporter_letterhead__q1_clean_digital.pdf,pdf,L2_exporter_letterhead,"Export-house indent, dark letterhead band, rate before qty",q1_clean_digital,Native digital PDF with a real text layer,Y,N,,2,6,Y,N,6,Email PDF,Clean Digital,,5160,train
PO00340,RID/PO/2026-04/9979,CUST0045,2026-04-07,PO00340__L6_erp_portal_print__q1_clean_digital.pdf,pdf,L6_erp_portal_print,"Machine-generated portal print-out, monospaced, barcode",q1_clean_digital,Native digital PDF with a real text layer,Y,N,,1,3,N,N,3,Portal Upload,Clean Digital,,2850,train
PO00341,FAL/PO/2026-07/5974,CUST0061,2026-07-07,PO00341__L6_erp_portal_print__q1_clean_digital.pdf,pdf,L6_erp_portal_print,"Machine-generated portal print-out, monospaced, barcode",q1_clean_digital,Native digital PDF with a real text layer,Y,N,,1,3,N,N,3,Portal Upload,Clean Digital,,2864,train
PO00342,CHA/PO/2026-07/9876,CUST0137,2026-07-12,PO00342__L4_excel_grid__q2_print_scan.pdf,pdf,L4_excel_grid,"Spreadsheet printed to PDF, dense grid, 12 columns",q2_print_scan,"Printed then scanned at 200 dpi, light skew and noise, image-only PDF",N,Y,200,1,4,N,N,4,Scanned Copy,Scanned Copy,"{""skew_deg"":0.27,""blur"":""light"",""noise"":""low""}",117941,train
PO00343,OJA/PO/2026-05/143,CUST0131,2026-05-31,PO00343__L6_erp_portal_print__q1_clean_digital.pdf,pdf,L6_erp_portal_print,"Machine-generated portal print-out, monospaced, barcode",q1_clean_digital,Native digital PDF with a real text layer,Y,N,,1,5,N,N,5,Portal Upload,Clean Digital,,3035,train
PO00344,TAN/PO/2026-04/7266,CUST0072,2026-04-05,PO00344__L1_classic_tabular__q1_clean_digital.pdf,pdf,L1_classic_tabular,Classic bordered tabular PO on plain letterhead,q1_clean_digital,Native digital PDF with a real text layer,Y,N,,1,6,N,N,6,Email PDF,Clean Digital,,3548,test
PO00345,KAV/PO/2026-08/1552,CUST0107,2026-08-03,PO00345__L6_erp_portal_print__q3_poor_scan.pdf,pdf,L6_erp_portal_print,"Machine-generated portal print-out, monospaced, barcode",q3_poor_scan,"Poor scan: heavy skew, blur, speckle, fold line, contrast loss",N,Y,150,1,11,N,N,11,Email PDF,Poor Scan / Handwritten,"{""skew_deg"":-1.8,""blur"":""heavy"",""noise"":""high"",""contrast_loss"":true,""fold"":true}",119552,train
PO00346,NIR/PO/2026-04/6418,CUST0032,2026-04-29,PO00346__L1_classic_tabular__q1_clean_digital.pdf,pdf,L1_classic_tabular,Classic bordered tabular PO on plain letterhead,q1_clean_digital,Native digital PDF with a real text layer,Y,N,,2,2,Y,N,2,Email PDF,Clean Digital,,4607,train
PO00347,NAK/PO/2026-08/3055,CUST0020,2026-08-13,PO00347__L4_excel_grid__q1_clean_digital.pdf,pdf,L4_excel_grid,"Spreadsheet printed to PDF, dense grid, 12 columns",q1_clean_digital,Native digital PDF with a real text layer,Y,N,,1,3,N,N,3,Email Excel,Clean Digital,,2883,test
PO00348,DEV/PO/2026-05/8976,CUST0097,2026-05-05,PO00348__L3_email_body__q1_clean_digital.pdf,pdf,L3_email_body,"Order typed into an email body, no table, no totals",q1_clean_digital,Native digital PDF with a real text layer,Y,N,,1,4,N,N,4,Email PDF,Clean Digital,,2422,train
PO00349,MAN/PO/2026-07/3536,CUST0046,2026-07-20,PO00349__L1_classic_tabular__q4_phone_photo.jpg,jpg,L1_classic_tabular,Classic bordered tabular PO on plain letterhead,q4_phone_photo,"Phone photo: perspective warp, shadow gradient, handheld blur",N,Y,150,1,12,N,N,12,WhatsApp Image,Scanned Copy,"{""perspective"":true,""shadow_gradient"":true,""handheld_blur"":true}",147719,train
PO00350,VRI/PO/2026-04/4966,CUST0098,2026-04-17,PO00350__L1_classic_tabular__q1_clean_digital.pdf,pdf,L1_classic_tabular,Classic bordered tabular PO on plain letterhead,q1_clean_digital,Native digital PDF with a real text layer,Y,N,,1,6,N,N,6,Email PDF,Clean Digital,,3689,train
PO00351,NIM/PO/2026-04/522,CUST0034,2026-04-26,PO00351__L2_exporter_letterhead__q1_clean_digital.pdf,pdf,L2_exporter_letterhead,"Export-house indent, dark letterhead band, rate before qty",q1_clean_digital,Native digital PDF with a real text layer,Y,N,,1,2,N,N,2,Email PDF,Clean Digital,,2903,train
PO00352,NAK/PO/2026-04/1216,CUST0020,2026-04-29,PO00352__L4_excel_grid__q2_print_scan.pdf,pdf,L4_excel_grid,"Spreadsheet printed to PDF, dense grid, 12 columns",q2_print_scan,"Printed then scanned at 200 dpi, light skew and noise, image-only PDF",N,Y,200,1,3,N,N,3,Email Excel,Clean Digital,"{""skew_deg"":-0.07,""blur"":""light"",""noise"":""low""}",116260,train
PO00353,RAN/PO/2026-05/5145,CUST0058,2026-05-20,PO00353__L1_classic_tabular__q4_phone_photo.jpg,jpg,L1_classic_tabular,Classic bordered tabular PO on plain letterhead,q4_phone_photo,"Phone photo: perspective warp, shadow gradient, handheld blur",N,Y,150,1,5,N,N,5,WhatsApp Image,Scanned Copy,"{""perspective"":true,""shadow_gradient"":true,""handheld_blur"":true}",197674,train
PO00354,ADV/PO/2026-05/5636,CUST0017,2026-05-28,PO00354__L4_excel_grid__q2_print_scan.pdf,pdf,L4_excel_grid,"Spreadsheet printed to PDF, dense grid, 12 columns",q2_print_scan,"Printed then scanned at 200 dpi, light skew and noise, image-only PDF",N,Y,200,1,7,N,N,7,Email Excel,Clean Digital,"{""skew_deg"":0.11,""blur"":""light"",""noise"":""low""}",151368,train
PO00355,TAN/PO/2026-06/8466,CUST0012,2026-06-24,PO00355__L1_classic_tabular__q2_print_scan.pdf,pdf,L1_classic_tabular,Classic bordered tabular PO on plain letterhead,q2_print_scan,"Printed then scanned at 200 dpi, light skew and noise, image-only PDF",N,Y,200,2,4,Y,N,4,Email PDF,Clean Digital,"{""skew_deg"":0.59,""blur"":""light"",""noise"":""low""}",327489,train
PO00356,NIR/PO/2026-04/6280,CUST0117,2026-04-11,PO00356__L1_classic_tabular__q3_poor_scan.pdf,pdf,L1_classic_tabular,Classic bordered tabular PO on plain letterhead,q3_poor_scan,"Poor scan: heavy skew, blur, speckle, fold line, contrast loss",N,Y,150,1,10,N,N,10,Email PDF,Poor Scan / Handwritten,"{""skew_deg"":1.23,""blur"":""heavy"",""noise"":""high"",""contrast_loss"":true,""fold"":true}",149740,train
PO00357,VAS/PO/2026-05/6538,CUST0026,2026-05-23,PO00357__L3_email_body__q3_poor_scan.pdf,pdf,L3_email_body,"Order typed into an email body, no table, no totals",q3_poor_scan,"Poor scan: heavy skew, blur, speckle, fold line, contrast loss",N,Y,150,1,8,N,N,8,WhatsApp Image,Scanned Copy,"{""skew_deg"":1.28,""blur"":""heavy"",""noise"":""high"",""contrast_loss"":true,""fold"":true}",99130,train
PO00358,MEG/PO/2026-07/6699,CUST0122,2026-07-06,PO00358__L1_classic_tabular__q1_clean_digital.pdf,pdf,L1_classic_tabular,Classic bordered tabular PO on plain letterhead,q1_clean_digital,Native digital PDF with a real text layer,Y,N,,1,7,N,N,7,Email PDF,Clean Digital,,3650,validation
PO00359,TAN/PO/2026-05/3704,CUST0076,2026-05-28,PO00359__L1_classic_tabular__q1_clean_digital.pdf,pdf,L1_classic_tabular,Classic bordered tabular PO on plain letterhead,q1_clean_digital,Native digital PDF with a real text layer,Y,N,,1,5,N,N,5,Email PDF,Clean Digital,,3379,train
PO00360,MAN/PO/2026-05/6351,CUST0132,2026-05-07,PO00360__L6_erp_portal_print__q1_clean_digital.pdf,pdf,L6_erp_portal_print,"Machine-generated portal print-out, monospaced, barcode",q1_clean_digital,Native digital PDF with a real text layer,Y,N,,1,3,N,N,3,Portal Upload,Clean Digital,,2879,test
PO00361,FAL/PO/2026-07/7889,CUST0147,2026-07-07,PO00361__L1_classic_tabular__q1_clean_digital.pdf,pdf,L1_classic_tabular,Classic bordered tabular PO on plain letterhead,q1_clean_digital,Native digital PDF with a real text layer,Y,N,,2,6,Y,N,6,Email PDF,Clean Digital,,5265,train
PO00362,PRA/PO/2026-08/1552,CUST0055,2026-08-13,PO00362__L4_excel_grid__q1_clean_digital.pdf,pdf,L4_excel_grid,"Spreadsheet printed to PDF, dense grid, 12 columns",q1_clean_digital,Native digital PDF with a real text layer,Y,N,,1,5,N,N,5,Email Excel,Clean Digital,,3324,train
PO00363,NAK/PO/2026-06/1028,CUST0105,2026-06-19,PO00363__L6_erp_portal_print__q1_clean_digital.pdf,pdf,L6_erp_portal_print,"Machine-generated portal print-out, monospaced, barcode",q1_clean_digital,Native digital PDF with a real text layer,Y,N,,1,10,N,N,10,Email PDF,Clean Digital,,3391,validation
PO00364,NIR/PO/2026-07/1183,CUST0091,2026-07-14,PO00364__L2_exporter_letterhead__q1_clean_digital.pdf,pdf,L2_exporter_letterhead,"Export-house indent, dark letterhead band, rate before qty",q1_clean_digital,Native digital PDF with a real text layer,Y,N,,1,8,N,N,8,Email PDF,Clean Digital,,3602,train
PO00365,MEG/PO/2026-06/919,CUST0122,2026-06-27,PO00365__L2_exporter_letterhead__q1_clean_digital.pdf,pdf,L2_exporter_letterhead,"Export-house indent, dark letterhead band, rate before qty",q1_clean_digital,Native digital PDF with a real text layer,Y,N,,1,4,N,N,4,Email PDF,Clean Digital,,3090,train
PO00366,NIR/PO/2026-04/4460,CUST0002,2026-04-14,PO00366__L5_handwritten_slip__q4_phone_photo.jpg,jpg,L5_handwritten_slip,"Handwritten order-book slip, ruled paper",q4_phone_photo,"Phone photo: perspective warp, shadow gradient, handheld blur",N,Y,150,1,2,N,N,2,WhatsApp Image,Scanned Copy,"{""perspective"":true,""shadow_gradient"":true,""handheld_blur"":true}",227841,validation
PO00367,VRI/PO/2026-07/4787,CUST0098,2026-07-17,PO00367__L3_email_body__q1_clean_digital.pdf,pdf,L3_email_body,"Order typed into an email body, no table, no totals",q1_clean_digital,Native digital PDF with a real text layer,Y,N,,1,7,N,N,7,Email PDF,Clean Digital,,2747,train
PO00368,ADV/PO/2026-04/8355,CUST0092,2026-04-18,PO00368__L1_classic_tabular__q1_clean_digital.pdf,pdf,L1_classic_tabular,Classic bordered tabular PO on plain letterhead,q1_clean_digital,Native digital PDF with a real text layer,Y,N,,1,8,N,N,8,Email PDF,Clean Digital,,3774,train
PO00369,MEG/PO/2026-07/3682,CUST0059,2026-07-03,PO00369__L1_classic_tabular__q1_clean_digital.pdf,pdf,L1_classic_tabular,Classic bordered tabular PO on plain letterhead,q1_clean_digital,Native digital PDF with a real text layer,Y,N,,1,3,N,N,3,Email PDF,Clean Digital,,3118,validation
PO00370,KAV/PO/2026-04/5872,CUST0049,2026-04-15,PO00370__L6_erp_portal_print__q1_clean_digital.pdf,pdf,L6_erp_portal_print,"Machine-generated portal print-out, monospaced, barcode",q1_clean_digital,Native digital PDF with a real text layer,Y,N,,1,10,N,N,10,Portal Upload,Clean Digital,,3459,test
PO00371,NAV/PO/2026-08/8821,CUST0115,2026-08-10,PO00371__L1_classic_tabular__q4_phone_photo.jpg,jpg,L1_classic_tabular,Classic bordered tabular PO on plain letterhead,q4_phone_photo,"Phone photo: perspective warp, shadow gradient, handheld blur",N,Y,150,1,4,N,N,4,WhatsApp Image,Scanned Copy,"{""perspective"":true,""shadow_gradient"":true,""handheld_blur"":true}",192571,train
PO00372,NIM/PO/2026-07/3369,CUST0037,2026-07-10,PO00372__L2_exporter_letterhead__q1_clean_digital.pdf,pdf,L2_exporter_letterhead,"Export-house indent, dark letterhead band, rate before qty",q1_clean_digital,Native digital PDF with a real text layer,Y,N,,1,1,N,N,1,Email PDF,Clean Digital,,2708,train
PO00373,ZEN/PO/2026-06/774,CUST0050,2026-06-19,PO00373__L1_classic_tabular__q1_clean_digital.pdf,pdf,L1_classic_tabular,Classic bordered tabular PO on plain letterhead,q1_clean_digital,Native digital PDF with a real text layer,Y,N,,1,5,N,N,5,Email PDF,Clean Digital,,3460,validation
PO00374,ISH/PO/2026-07/3637,CUST0066,2026-07-02,PO00374__L6_erp_portal_print__q1_clean_digital.pdf,pdf,L6_erp_portal_print,"Machine-generated portal print-out, monospaced, barcode",q1_clean_digital,Native digital PDF with a real text layer,Y,N,,1,3,N,N,3,Portal Upload,Clean Digital,,2883,train
PO00375,CHA/PO/2026-06/8827,CUST0137,2026-06-08,PO00375__L1_classic_tabular__q2_print_scan.pdf,pdf,L1_classic_tabular,Classic bordered tabular PO on plain letterhead,q2_print_scan,"Printed then scanned at 200 dpi, light skew and noise, image-only PDF",N,Y,200,1,1,N,N,1,Scanned Copy,Scanned Copy,"{""skew_deg"":-0.17,""blur"":""light"",""noise"":""low""}",137124,test
PO00376,MAN/PO/2026-08/692,CUST0023,2026-08-05,PO00376__L6_erp_portal_print__q4_phone_photo.jpg,jpg,L6_erp_portal_print,"Machine-generated portal print-out, monospaced, barcode",q4_phone_photo,"Phone photo: perspective warp, shadow gradient, handheld blur",N,Y,150,1,4,N,N,4,WhatsApp Image,Scanned Copy,"{""perspective"":true,""shadow_gradient"":true,""handheld_blur"":true}",118433,train
PO00377,KAN/PO/2026-06/5607,CUST0101,2026-06-23,PO00377__L2_exporter_letterhead__q1_clean_digital.pdf,pdf,L2_exporter_letterhead,"Export-house indent, dark letterhead band, rate before qty",q1_clean_digital,Native digital PDF with a real text layer,Y,N,,1,4,N,N,4,Email PDF,Clean Digital,,3117,train
PO00378,SAM/PO/2026-04/7905,CUST0120,2026-04-03,PO00378__L2_exporter_letterhead__q2_print_scan.pdf,pdf,L2_exporter_letterhead,"Export-house indent, dark letterhead band, rate before qty",q2_print_scan,"Printed then scanned at 200 dpi, light skew and noise, image-only PDF",N,Y,200,1,6,N,N,6,Email PDF,Clean Digital,"{""skew_deg"":0.59,""blur"":""light"",""noise"":""low""}",176164,train
PO00379,ADV/PO/2026-06/4601,CUST0065,2026-06-27,PO00379__L3_email_body__q4_phone_photo.jpg,jpg,L3_email_body,"Order typed into an email body, no table, no totals",q4_phone_photo,"Phone photo: perspective warp, shadow gradient, handheld blur",N,Y,150,1,1,N,N,1,WhatsApp Image,Scanned Copy,"{""perspective"":true,""shadow_gradient"":true,""handheld_blur"":true}",100602,train
PO00380,BHA/PO/2026-04/8324,CUST0035,2026-04-27,PO00380__L2_exporter_letterhead__q1_clean_digital.pdf,pdf,L2_exporter_letterhead,"Export-house indent, dark letterhead band, rate before qty",q1_clean_digital,Native digital PDF with a real text layer,Y,N,,1,1,N,N,1,Email PDF,Clean Digital,,2705,train
PO00381,TAN/PO/2026-06/6991,CUST0012,2026-06-18,PO00381__L6_erp_portal_print__q2_print_scan.pdf,pdf,L6_erp_portal_print,"Machine-generated portal print-out, monospaced, barcode",q2_print_scan,"Printed then scanned at 200 dpi, light skew and noise, image-only PDF",N,Y,200,1,8,N,N,8,Email PDF,Clean Digital,"{""skew_deg"":0.66,""blur"":""light"",""noise"":""low""}",159027,train
PO00382,YUV/PO/2026-05/3331,CUST0079,2026-05-15,PO00382__L4_excel_grid__q1_clean_digital.pdf,pdf,L4_excel_grid,"Spreadsheet printed to PDF, dense grid, 12 columns",q1_clean_digital,Native digital PDF with a real text layer,Y,N,,1,10,N,N,10,Email Excel,Clean Digital,,4541,train
PO00383,NIR/PO/2026-05/5637,CUST0114,2026-05-30,PO00383__L6_erp_portal_print__q1_clean_digital.pdf,pdf,L6_erp_portal_print,"Machine-generated portal print-out, monospaced, barcode",q1_clean_digital,Native digital PDF with a real text layer,Y,N,,1,5,N,N,5,Portal Upload,Clean Digital,,2981,train
PO00384,SAT/PO/2026-06/1515,CUST0009,2026-06-05,PO00384__L1_classic_tabular__q4_phone_photo.jpg,jpg,L1_classic_tabular,Classic bordered tabular PO on plain letterhead,q4_phone_photo,"Phone photo: perspective warp, shadow gradient, handheld blur",N,Y,150,1,4,N,N,4,WhatsApp Image,Scanned Copy,"{""perspective"":true,""shadow_gradient"":true,""handheld_blur"":true}",151494,train
PO00385,NIR/PO/2026-05/4816,CUST0032,2026-05-29,PO00385__L2_exporter_letterhead__q2_print_scan.pdf,pdf,L2_exporter_letterhead,"Export-house indent, dark letterhead band, rate before qty",q2_print_scan,"Printed then scanned at 200 dpi, light skew and noise, image-only PDF",N,Y,200,1,3,N,N,3,Email PDF,Clean Digital,"{""skew_deg"":-0.63,""blur"":""light"",""noise"":""low""}",148420,train
PO00386,YAS/PO/2026-07/1472,CUST0016,2026-07-16,PO00386__L4_excel_grid__q4_phone_photo.jpg,jpg,L4_excel_grid,"Spreadsheet printed to PDF, dense grid, 12 columns",q4_phone_photo,"Phone photo: perspective warp, shadow gradient, handheld blur",N,Y,150,1,2,N,N,2,WhatsApp Image,Scanned Copy,"{""perspective"":true,""shadow_gradient"":true,""handheld_blur"":true}",157961,train
PO00387,NIR/PO/2026-06/6732,CUST0002,2026-06-18,PO00387__L3_email_body__q4_phone_photo.jpg,jpg,L3_email_body,"Order typed into an email body, no table, no totals",q4_phone_photo,"Phone photo: perspective warp, shadow gradient, handheld blur",N,Y,150,1,4,N,N,4,WhatsApp Image,Scanned Copy,"{""perspective"":true,""shadow_gradient"":true,""handheld_blur"":true}",183607,train
PO00388,SAN/PO/2026-07/8465,CUST0085,2026-07-24,PO00388__L2_exporter_letterhead__q1_clean_digital.pdf,pdf,L2_exporter_letterhead,"Export-house indent, dark letterhead band, rate before qty",q1_clean_digital,Native digital PDF with a real text layer,Y,N,,1,8,N,N,8,Email PDF,Clean Digital,,3703,test
PO00389,DEV/PO/2026-07/732,CUST0088,2026-07-23,PO00389__L2_exporter_letterhead__q2_print_scan.pdf,pdf,L2_exporter_letterhead,"Export-house indent, dark letterhead band, rate before qty",q2_print_scan,"Printed then scanned at 200 dpi, light skew and noise, image-only PDF",N,Y,200,1,2,N,N,2,Scanned Copy,Scanned Copy,"{""skew_deg"":0.33,""blur"":""light"",""noise"":""low""}",170728,train
PO00390,BHO/PO/2026-06/8405,CUST0015,2026-06-02,PO00390__L4_excel_grid__q4_phone_photo.jpg,jpg,L4_excel_grid,"Spreadsheet printed to PDF, dense grid, 12 columns",q4_phone_photo,"Phone photo: perspective warp, shadow gradient, handheld blur",N,Y,150,1,2,N,N,2,WhatsApp Image,Scanned Copy,"{""perspective"":true,""shadow_gradient"":true,""handheld_blur"":true}",103722,train
PO00391,VRI/PO/2026-04/5079,CUST0070,2026-04-10,PO00391__L1_classic_tabular__q1_clean_digital.pdf,pdf,L1_classic_tabular,Classic bordered tabular PO on plain letterhead,q1_clean_digital,Native digital PDF with a real text layer,Y,N,,1,5,N,N,5,Email PDF,Clean Digital,,3335,test
PO00392,ADV/PO/2026-07/5797,CUST0065,2026-07-20,PO00392__L1_classic_tabular__q4_phone_photo.jpg,jpg,L1_classic_tabular,Classic bordered tabular PO on plain letterhead,q4_phone_photo,"Phone photo: perspective warp, shadow gradient, handheld blur",N,Y,150,1,5,N,N,5,WhatsApp Image,Scanned Copy,"{""perspective"":true,""shadow_gradient"":true,""handheld_blur"":true}",202529,train
PO00393,YUV/PO/2026-07/944,CUST0006,2026-07-02,PO00393__L6_erp_portal_print__q3_poor_scan.pdf,pdf,L6_erp_portal_print,"Machine-generated portal print-out, monospaced, barcode",q3_poor_scan,"Poor scan: heavy skew, blur, speckle, fold line, contrast loss",N,Y,150,1,12,N,N,12,Email Excel,Poor Scan / Handwritten,"{""skew_deg"":-1.65,""blur"":""heavy"",""noise"":""high"",""contrast_loss"":true,""fold"":true}",123083,train
PO00394,KAV/PO/2026-08/1931,CUST0118,2026-08-16,PO00394__L6_erp_portal_print__q1_clean_digital.pdf,pdf,L6_erp_portal_print,"Machine-generated portal print-out, monospaced, barcode",q1_clean_digital,Native digital PDF with a real text layer,Y,N,,1,2,N,N,2,Email PDF,Clean Digital,,2784,train
PO00395,NAV/PO/2026-05/1369,CUST0115,2026-05-13,PO00395__L3_email_body__q4_phone_photo.jpg,jpg,L3_email_body,"Order typed into an email body, no table, no totals",q4_phone_photo,"Phone photo: perspective warp, shadow gradient, handheld blur",N,Y,150,1,12,N,N,12,WhatsApp Image,Scanned Copy,"{""perspective"":true,""shadow_gradient"":true,""handheld_blur"":true}",218133,test
PO00396,JAA/PO/2026-05/3944,CUST0099,2026-05-07,PO00396__L5_handwritten_slip__q4_phone_photo.jpg,jpg,L5_handwritten_slip,"Handwritten order-book slip, ruled paper",q4_phone_photo,"Phone photo: perspective warp, shadow gradient, handheld blur",N,Y,150,1,6,N,N,6,WhatsApp Image,Scanned Copy,"{""perspective"":true,""shadow_gradient"":true,""handheld_blur"":true}",147258,train
PO00397,NAK/PO/2026-07/2536,CUST0075,2026-07-21,PO00397__L1_classic_tabular__q1_clean_digital.pdf,pdf,L1_classic_tabular,Classic bordered tabular PO on plain letterhead,q1_clean_digital,Native digital PDF with a real text layer,Y,N,,1,2,N,N,2,Email PDF,Clean Digital,,2891,validation
PO00398,ADV/PO/2026-07/5752,CUST0127,2026-07-04,PO00398__L3_email_body__q1_clean_digital.pdf,pdf,L3_email_body,"Order typed into an email body, no table, no totals",q1_clean_digital,Native digital PDF with a real text layer,Y,N,,1,10,N,N,10,Email PDF,Clean Digital,,2855,test
PO00399,VAS/PO/2026-07/4681,CUST0128,2026-07-21,PO00399__L2_exporter_letterhead__q1_clean_digital.pdf,pdf,L2_exporter_letterhead,"Export-house indent, dark letterhead band, rate before qty",q1_clean_digital,Native digital PDF with a real text layer,Y,N,,1,3,N,N,3,Email PDF,Clean Digital,,3012,train
PO00400,JAA/PO/2026-06/4391,CUST0099,2026-06-12,PO00400__L3_email_body__q4_phone_photo.jpg,jpg,L3_email_body,"Order typed into an email body, no table, no totals",q4_phone_photo,"Phone photo: perspective warp, shadow gradient, handheld blur",N,Y,150,1,7,N,N,7,WhatsApp Image,Scanned Copy,"{""perspective"":true,""shadow_gradient"":true,""handheld_blur"":true}",124876,train
PO00401,SUR/PO/2026-05/2032,CUST0133,2026-05-25,PO00401__L4_excel_grid__q2_print_scan.pdf,pdf,L4_excel_grid,"Spreadsheet printed to PDF, dense grid, 12 columns",q2_print_scan,"Printed then scanned at 200 dpi, light skew and noise, image-only PDF",N,Y,200,1,4,N,N,4,Email Excel,Clean Digital,"{""skew_deg"":0.62,""blur"":""light"",""noise"":""low""}",132058,validation
PO00402,UTS/PO/2026-07/161,CUST0040,2026-07-16,PO00402__L2_exporter_letterhead__q1_clean_digital.pdf,pdf,L2_exporter_letterhead,"Export-house indent, dark letterhead band, rate before qty",q1_clean_digital,Native digital PDF with a real text layer,Y,N,,2,12,N,Y,12,Email PDF,Clean Digital,,5098,train
PO00403,UTS/PO/2026-05/2335,CUST0021,2026-05-09,PO00403__L4_excel_grid__q2_print_scan.pdf,pdf,L4_excel_grid,"Spreadsheet printed to PDF, dense grid, 12 columns",q2_print_scan,"Printed then scanned at 200 dpi, light skew and noise, image-only PDF",N,Y,200,1,8,N,N,8,Email Excel,Clean Digital,"{""skew_deg"":-0.64,""blur"":""light"",""noise"":""low""}",167836,validation
PO00404,TAN/PO/2026-04/5580,CUST0012,2026-04-28,PO00404__L1_classic_tabular__q2_print_scan.pdf,pdf,L1_classic_tabular,Classic bordered tabular PO on plain letterhead,q2_print_scan,"Printed then scanned at 200 dpi, light skew and noise, image-only PDF",N,Y,200,1,4,N,N,4,Email PDF,Clean Digital,"{""skew_deg"":-0.53,""blur"":""light"",""noise"":""low""}",164502,test
PO00405,SHR/PO/2026-08/3944,CUST0028,2026-08-09,PO00405__L4_excel_grid__q1_clean_digital.pdf,pdf,L4_excel_grid,"Spreadsheet printed to PDF, dense grid, 12 columns",q1_clean_digital,Native digital PDF with a real text layer,Y,N,,1,4,N,N,4,Email Excel,Clean Digital,,3111,train
PO00406,OJA/PO/2026-06/9789,CUST0131,2026-06-17,PO00406__L3_email_body__q3_poor_scan.pdf,pdf,L3_email_body,"Order typed into an email body, no table, no totals",q3_poor_scan,"Poor scan: heavy skew, blur, speckle, fold line, contrast loss",N,Y,150,1,8,N,N,8,Portal Upload,Poor Scan / Handwritten,"{""skew_deg"":-1.02,""blur"":""heavy"",""noise"":""high"",""contrast_loss"":true,""fold"":true}",120608,validation
PO00407,TEJ/PO/2026-05/2386,CUST0005,2026-05-21,PO00407__L3_email_body__q1_clean_digital.pdf,pdf,L3_email_body,"Order typed into an email body, no table, no totals",q1_clean_digital,Native digital PDF with a real text layer,Y,N,,1,2,N,N,2,Email PDF,Clean Digital,,2270,train
PO00408,MAN/PO/2026-04/1725,CUST0046,2026-04-20,PO00408__L5_handwritten_slip__q4_phone_photo.jpg,jpg,L5_handwritten_slip,"Handwritten order-book slip, ruled paper",q4_phone_photo,"Phone photo: perspective warp, shadow gradient, handheld blur",N,Y,150,1,1,N,N,1,WhatsApp Image,Scanned Copy,"{""perspective"":true,""shadow_gradient"":true,""handheld_blur"":true}",189779,train
PO00409,NIM/PO/2026-08/6616,CUST0034,2026-08-19,PO00409__L2_exporter_letterhead__q1_clean_digital.pdf,pdf,L2_exporter_letterhead,"Export-house indent, dark letterhead band, rate before qty",q1_clean_digital,Native digital PDF with a real text layer,Y,N,,1,5,N,N,5,Email PDF,Clean Digital,,3217,train
PO00410,VAI/PO/2026-06/9035,CUST0007,2026-06-22,PO00410__L3_email_body__q2_print_scan.pdf,pdf,L3_email_body,"Order typed into an email body, no table, no totals",q2_print_scan,"Printed then scanned at 200 dpi, light skew and noise, image-only PDF",N,Y,200,1,6,N,N,6,Email PDF,Clean Digital,"{""skew_deg"":0.04,""blur"":""light"",""noise"":""low""}",132033,validation
PO00411,MAN/PO/2026-05/5589,CUST0103,2026-05-10,PO00411__L1_classic_tabular__q3_poor_scan.pdf,pdf,L1_classic_tabular,Classic bordered tabular PO on plain letterhead,q3_poor_scan,"Poor scan: heavy skew, blur, speckle, fold line, contrast loss",N,Y,150,1,7,N,N,7,WhatsApp Image,Scanned Copy,"{""skew_deg"":1.58,""blur"":""heavy"",""noise"":""high"",""contrast_loss"":true,""fold"":true}",100435,train
PO00412,UTS/PO/2026-06/7877,CUST0021,2026-06-02,PO00412__L4_excel_grid__q1_clean_digital.pdf,pdf,L4_excel_grid,"Spreadsheet printed to PDF, dense grid, 12 columns",q1_clean_digital,Native digital PDF with a real text layer,Y,N,,1,2,N,N,2,Email Excel,Clean Digital,,2658,test
PO00413,MAN/PO/2026-07/3491,CUST0054,2026-07-23,PO00413__L5_handwritten_slip__q3_poor_scan.pdf,pdf,L5_handwritten_slip,"Handwritten order-book slip, ruled paper",q3_poor_scan,"Poor scan: heavy skew, blur, speckle, fold line, contrast loss",N,Y,150,1,4,N,N,4,WhatsApp Image,Scanned Copy,"{""skew_deg"":1.34,""blur"":""heavy"",""noise"":""high"",""contrast_loss"":true,""fold"":true}",174272,test
PO00414,URV/PO/2026-04/6388,CUST0029,2026-04-04,PO00414__L6_erp_portal_print__q1_clean_digital.pdf,pdf,L6_erp_portal_print,"Machine-generated portal print-out, monospaced, barcode",q1_clean_digital,Native digital PDF with a real text layer,Y,N,,1,6,N,N,6,Email PDF,Clean Digital,,3050,test
PO00415,OJA/PO/2026-07/7176,CUST0018,2026-07-04,PO00415__L2_exporter_letterhead__q3_poor_scan.pdf,pdf,L2_exporter_letterhead,"Export-house indent, dark letterhead band, rate before qty",q3_poor_scan,"Poor scan: heavy skew, blur, speckle, fold line, contrast loss",N,Y,150,1,8,N,N,8,Scanned Copy,Poor Scan / Handwritten,"{""skew_deg"":-2.26,""blur"":""heavy"",""noise"":""high"",""contrast_loss"":true,""fold"":true}",161699,test
PO00416,ADV/PO/2026-07/126,CUST0129,2026-07-18,PO00416__L4_excel_grid__q1_clean_digital.pdf,pdf,L4_excel_grid,"Spreadsheet printed to PDF, dense grid, 12 columns",q1_clean_digital,Native digital PDF with a real text layer,Y,N,,1,10,N,N,10,Email Excel,Clean Digital,,4461,train
PO00417,MEG/PO/2026-04/4440,CUST0122,2026-04-10,PO00417__L6_erp_portal_print__q2_print_scan.pdf,pdf,L6_erp_portal_print,"Machine-generated portal print-out, monospaced, barcode",q2_print_scan,"Printed then scanned at 200 dpi, light skew and noise, image-only PDF",N,Y,200,1,3,N,N,3,Email PDF,Clean Digital,"{""skew_deg"":-0.21,""blur"":""light"",""noise"":""low""}",145422,train
PO00418,URV/PO/2026-07/5664,CUST0063,2026-07-08,PO00418__L2_exporter_letterhead__q1_clean_digital.pdf,pdf,L2_exporter_letterhead,"Export-house indent, dark letterhead band, rate before qty",q1_clean_digital,Native digital PDF with a real text layer,Y,N,,1,3,N,N,3,Email PDF,Clean Digital,,2930,test
PO00419,AMR/PO/2026-04/1149,CUST0130,2026-04-29,PO00419__L3_email_body__q3_poor_scan.pdf,pdf,L3_email_body,"Order typed into an email body, no table, no totals",q3_poor_scan,"Poor scan: heavy skew, blur, speckle, fold line, contrast loss",N,Y,150,1,10,N,N,10,Email PDF,Poor Scan / Handwritten,"{""skew_deg"":0.69,""blur"":""heavy"",""noise"":""high"",""contrast_loss"":true,""fold"":true}",109672,validation
PO00420,ANA/PO/2026-05/1212,CUST0100,2026-05-23,PO00420__L1_classic_tabular__q5_fax_bitonal.png,png,L1_classic_tabular,Classic bordered tabular PO on plain letterhead,q5_fax_bitonal,"Fax/bitonal: 1-bit threshold, streaks, slipped rows",N,Y,200,1,5,N,N,5,Scanned Copy,Scanned Copy,"{""bitonal_threshold"":173,""streaks"":true,""row_slip"":true}",36861,validation
PO00421,AAS/PO/2026-07/2436,CUST0067,2026-07-15,PO00421__L6_erp_portal_print__q1_clean_digital.pdf,pdf,L6_erp_portal_print,"Machine-generated portal print-out, monospaced, barcode",q1_clean_digital,Native digital PDF with a real text layer,Y,N,,1,1,N,N,1,Email PDF,Clean Digital,,2701,test
PO00422,KRI/PO/2026-06/4781,CUST0086,2026-06-03,PO00422__L5_handwritten_slip__q4_phone_photo.jpg,jpg,L5_handwritten_slip,"Handwritten order-book slip, ruled paper",q4_phone_photo,"Phone photo: perspective warp, shadow gradient, handheld blur",N,Y,150,1,4,N,N,4,WhatsApp Image,Scanned Copy,"{""perspective"":true,""shadow_gradient"":true,""handheld_blur"":true}",122427,train
PO00423,MAN/PO/2026-06/6314,CUST0132,2026-06-01,PO00423__L6_erp_portal_print__q1_clean_digital.pdf,pdf,L6_erp_portal_print,"Machine-generated portal print-out, monospaced, barcode",q1_clean_digital,Native digital PDF with a real text layer,Y,N,,1,8,N,N,8,Portal Upload,Clean Digital,,3266,train
PO00424,RAJ/PO/2026-06/6230,CUST0042,2026-06-05,PO00424__L4_excel_grid__q1_clean_digital.pdf,pdf,L4_excel_grid,"Spreadsheet printed to PDF, dense grid, 12 columns",q1_clean_digital,Native digital PDF with a real text layer,Y,N,,1,5,N,N,5,Email Excel,Clean Digital,,3445,train
PO00425,TEJ/PO/2026-05/7474,CUST0005,2026-05-02,PO00425__L3_email_body__q1_clean_digital.pdf,pdf,L3_email_body,"Order typed into an email body, no table, no totals",q1_clean_digital,Native digital PDF with a real text layer,Y,N,,1,6,N,N,6,Email PDF,Clean Digital,,2571,train
PO00426,OOR/PO/2026-05/3533,CUST0074,2026-05-08,PO00426__L2_exporter_letterhead__q2_print_scan.pdf,pdf,L2_exporter_letterhead,"Export-house indent, dark letterhead band, rate before qty",q2_print_scan,"Printed then scanned at 200 dpi, light skew and noise, image-only PDF",N,Y,200,1,2,N,N,2,Scanned Copy,Scanned Copy,"{""skew_deg"":-0.65,""blur"":""light"",""noise"":""low""}",153747,test
PO00427,ISH/PO/2026-04/7769,CUST0126,2026-04-10,PO00427__L1_classic_tabular__q3_poor_scan.pdf,pdf,L1_classic_tabular,Classic bordered tabular PO on plain letterhead,q3_poor_scan,"Poor scan: heavy skew, blur, speckle, fold line, contrast loss",N,Y,150,1,11,N,N,11,Email PDF,Poor Scan / Handwritten,"{""skew_deg"":-1.32,""blur"":""heavy"",""noise"":""high"",""contrast_loss"":true,""fold"":true}",151762,validation
PO00428,YUV/PO/2026-07/2307,CUST0006,2026-07-02,PO00428__L4_excel_grid__q1_clean_digital.pdf,pdf,L4_excel_grid,"Spreadsheet printed to PDF, dense grid, 12 columns",q1_clean_digital,Native digital PDF with a real text layer,Y,N,,1,6,N,N,6,Email Excel,Clean Digital,,3683,test
PO00429,LAK/PO/2026-04/9965,CUST0052,2026-04-15,PO00429__L5_handwritten_slip__q4_phone_photo.jpg,jpg,L5_handwritten_slip,"Handwritten order-book slip, ruled paper",q4_phone_photo,"Phone photo: perspective warp, shadow gradient, handheld blur",N,Y,150,1,4,N,N,4,WhatsApp Image,Poor Scan / Handwritten,"{""perspective"":true,""shadow_gradient"":true,""handheld_blur"":true}",181317,train
PO00430,SUR/PO/2026-08/5206,CUST0110,2026-08-12,PO00430__L3_email_body__q2_print_scan.pdf,pdf,L3_email_body,"Order typed into an email body, no table, no totals",q2_print_scan,"Printed then scanned at 200 dpi, light skew and noise, image-only PDF",N,Y,200,1,5,N,N,5,Email PDF,Clean Digital,"{""skew_deg"":0.52,""blur"":""light"",""noise"":""low""}",148662,test
PO00431,YAS/PO/2026-04/2492,CUST0010,2026-04-19,PO00431__L2_exporter_letterhead__q1_clean_digital.pdf,pdf,L2_exporter_letterhead,"Export-house indent, dark letterhead band, rate before qty",q1_clean_digital,Native digital PDF with a real text layer,Y,N,,1,5,N,N,5,Email PDF,Clean Digital,,3230,train
PO00432,NIR/PO/2026-07/4447,CUST0117,2026-07-10,PO00432__L2_exporter_letterhead__q1_clean_digital.pdf,pdf,L2_exporter_letterhead,"Export-house indent, dark letterhead band, rate before qty",q1_clean_digital,Native digital PDF with a real text layer,Y,N,,1,3,N,N,3,Email PDF,Clean Digital,,3003,test
PO00433,BHO/PO/2026-08/2775,CUST0015,2026-08-11,PO00433__L6_erp_portal_print__q4_phone_photo.jpg,jpg,L6_erp_portal_print,"Machine-generated portal print-out, monospaced, barcode",q4_phone_photo,"Phone photo: perspective warp, shadow gradient, handheld blur",N,Y,150,1,3,N,N,3,WhatsApp Image,Scanned Copy,"{""perspective"":true,""shadow_gradient"":true,""handheld_blur"":true}",153663,test
PO00434,NAV/PO/2026-08/3791,CUST0033,2026-08-17,PO00434__L4_excel_grid__q2_print_scan.pdf,pdf,L4_excel_grid,"Spreadsheet printed to PDF, dense grid, 12 columns",q2_print_scan,"Printed then scanned at 200 dpi, light skew and noise, image-only PDF",N,Y,200,1,6,N,N,6,Email Excel,Clean Digital,"{""skew_deg"":-0.11,""blur"":""light"",""noise"":""low""}",139125,train
PO00435,UTS/PO/2026-06/4665,CUST0021,2026-06-15,PO00435__L4_excel_grid__q1_clean_digital.pdf,pdf,L4_excel_grid,"Spreadsheet printed to PDF, dense grid, 12 columns",q1_clean_digital,Native digital PDF with a real text layer,Y,N,,1,4,N,N,4,Email Excel,Clean Digital,,3088,train
PO00436,YAS/PO/2026-07/4163,CUST0036,2026-07-20,PO00436__L1_classic_tabular__q4_phone_photo.jpg,jpg,L1_classic_tabular,Classic bordered tabular PO on plain letterhead,q4_phone_photo,"Phone photo: perspective warp, shadow gradient, handheld blur",N,Y,150,1,5,N,N,5,WhatsApp Image,Scanned Copy,"{""perspective"":true,""shadow_gradient"":true,""handheld_blur"":true}",157260,train
PO00437,NIR/PO/2026-07/3910,CUST0091,2026-07-13,PO00437__L6_erp_portal_print__q1_clean_digital.pdf,pdf,L6_erp_portal_print,"Machine-generated portal print-out, monospaced, barcode",q1_clean_digital,Native digital PDF with a real text layer,Y,N,,1,4,N,N,4,Email PDF,Clean Digital,,2996,test
PO00438,VRI/PO/2026-07/134,CUST0098,2026-07-23,PO00438__L1_classic_tabular__q1_clean_digital.pdf,pdf,L1_classic_tabular,Classic bordered tabular PO on plain letterhead,q1_clean_digital,Native digital PDF with a real text layer,Y,N,,1,8,N,N,8,Email PDF,Clean Digital,,3938,train
PO00439,NAK/PO/2026-07/7297,CUST0075,2026-07-17,PO00439__L2_exporter_letterhead__q2_print_scan.pdf,pdf,L2_exporter_letterhead,"Export-house indent, dark letterhead band, rate before qty",q2_print_scan,"Printed then scanned at 200 dpi, light skew and noise, image-only PDF",N,Y,200,1,4,N,N,4,Email PDF,Clean Digital,"{""skew_deg"":-0.11,""blur"":""light"",""noise"":""low""}",139526,validation
PO00440,KES/PO/2026-06/9398,CUST0141,2026-06-18,PO00440__L1_classic_tabular__q1_clean_digital.pdf,pdf,L1_classic_tabular,Classic bordered tabular PO on plain letterhead,q1_clean_digital,Native digital PDF with a real text layer,Y,N,,1,10,N,N,10,Email PDF,Clean Digital,,4253,validation
PO00441,ZEN/PO/2026-08/8340,CUST0041,2026-08-02,PO00441__L4_excel_grid__q1_clean_digital.pdf,pdf,L4_excel_grid,"Spreadsheet printed to PDF, dense grid, 12 columns",q1_clean_digital,Native digital PDF with a real text layer,Y,N,,1,4,N,N,4,Email Excel,Clean Digital,,3155,train
PO00442,HAR/PO/2026-05/1988,CUST0109,2026-05-25,PO00442__L1_classic_tabular__q4_phone_photo.jpg,jpg,L1_classic_tabular,Classic bordered tabular PO on plain letterhead,q4_phone_photo,"Phone photo: perspective warp, shadow gradient, handheld blur",N,Y,150,1,3,N,N,3,WhatsApp Image,Scanned Copy,"{""perspective"":true,""shadow_gradient"":true,""handheld_blur"":true}",130515,train
PO00443,KRI/PO/2026-04/4416,CUST0086,2026-04-28,PO00443__L1_classic_tabular__q4_phone_photo.jpg,jpg,L1_classic_tabular,Classic bordered tabular PO on plain letterhead,q4_phone_photo,"Phone photo: perspective warp, shadow gradient, handheld blur",N,Y,150,1,5,N,N,5,WhatsApp Image,Scanned Copy,"{""perspective"":true,""shadow_gradient"":true,""handheld_blur"":true}",180232,train
PO00444,ADV/PO/2026-07/3760,CUST0129,2026-07-02,PO00444__L4_excel_grid__q1_clean_digital.pdf,pdf,L4_excel_grid,"Spreadsheet printed to PDF, dense grid, 12 columns",q1_clean_digital,Native digital PDF with a real text layer,Y,N,,1,1,N,N,1,Email Excel,Clean Digital,,2416,train
PO00445,YAS/PO/2026-06/5185,CUST0124,2026-06-26,PO00445__L6_erp_portal_print__q1_clean_digital.pdf,pdf,L6_erp_portal_print,"Machine-generated portal print-out, monospaced, barcode",q1_clean_digital,Native digital PDF with a real text layer,Y,N,,1,2,N,N,2,Portal Upload,Clean Digital,,2776,train
PO00446,SHR/PO/2026-06/8542,CUST0028,2026-06-24,PO00446__L4_excel_grid__q1_clean_digital.pdf,pdf,L4_excel_grid,"Spreadsheet printed to PDF, dense grid, 12 columns",q1_clean_digital,Native digital PDF with a real text layer,Y,N,,1,4,N,N,4,Email Excel,Clean Digital,,3131,validation
PO00447,NIM/PO/2026-04/6628,CUST0037,2026-04-11,PO00447__L2_exporter_letterhead__q1_clean_digital.pdf,pdf,L2_exporter_letterhead,"Export-house indent, dark letterhead band, rate before qty",q1_clean_digital,Native digital PDF with a real text layer,Y,N,,1,3,N,N,3,Email PDF,Clean Digital,,2971,train
PO00448,DEV/PO/2026-04/4427,CUST0019,2026-04-12,PO00448__L6_erp_portal_print__q1_clean_digital.pdf,pdf,L6_erp_portal_print,"Machine-generated portal print-out, monospaced, barcode",q1_clean_digital,Native digital PDF with a real text layer,Y,N,,1,1,N,N,1,Email PDF,Clean Digital,,2658,validation
PO00449,ESH/PO/2026-08/5921,CUST0001,2026-08-12,PO00449__L5_handwritten_slip__q4_phone_photo.jpg,jpg,L5_handwritten_slip,"Handwritten order-book slip, ruled paper",q4_phone_photo,"Phone photo: perspective warp, shadow gradient, handheld blur",N,Y,150,1,5,N,N,5,Email Excel,Poor Scan / Handwritten,"{""perspective"":true,""shadow_gradient"":true,""handheld_blur"":true}",199134,train
PO00450,CHH/PO/2026-04/9688,CUST0149,2026-04-03,PO00450__L6_erp_portal_print__q1_clean_digital.pdf,pdf,L6_erp_portal_print,"Machine-generated portal print-out, monospaced, barcode",q1_clean_digital,Native digital PDF with a real text layer,Y,N,,1,7,N,N,7,Portal Upload,Clean Digital,,3121,test
PO00451,NAV/PO/2026-04/4613,CUST0115,2026-04-05,PO00451__L1_classic_tabular__q3_poor_scan.pdf,pdf,L1_classic_tabular,Classic bordered tabular PO on plain letterhead,q3_poor_scan,"Poor scan: heavy skew, blur, speckle, fold line, contrast loss",N,Y,150,1,2,N,N,2,WhatsApp Image,Scanned Copy,"{""skew_deg"":1.63,""blur"":""heavy"",""noise"":""high"",""contrast_loss"":true,""fold"":true}",112856,train
PO00452,ANA/PO/2026-06/7091,CUST0100,2026-06-12,PO00452__L1_classic_tabular__q2_print_scan.pdf,pdf,L1_classic_tabular,Classic bordered tabular PO on plain letterhead,q2_print_scan,"Printed then scanned at 200 dpi, light skew and noise, image-only PDF",N,Y,200,1,12,N,N,12,Scanned Copy,Scanned Copy,"{""skew_deg"":0.43,""blur"":""light"",""noise"":""low""}",218256,train
PO00453,AMR/PO/2026-07/2951,CUST0130,2026-07-20,PO00453__L1_classic_tabular__q2_print_scan.pdf,pdf,L1_classic_tabular,Classic bordered tabular PO on plain letterhead,q2_print_scan,"Printed then scanned at 200 dpi, light skew and noise, image-only PDF",N,Y,200,1,3,N,N,3,Email PDF,Clean Digital,"{""skew_deg"":-0.1,""blur"":""light"",""noise"":""low""}",131948,train
PO00454,ANA/PO/2026-06/3912,CUST0100,2026-06-04,PO00454__L1_classic_tabular__q3_poor_scan.pdf,pdf,L1_classic_tabular,Classic bordered tabular PO on plain letterhead,q3_poor_scan,"Poor scan: heavy skew, blur, speckle, fold line, contrast loss",N,Y,150,1,3,N,N,3,Scanned Copy,Scanned Copy,"{""skew_deg"":1.33,""blur"":""heavy"",""noise"":""high"",""contrast_loss"":true,""fold"":true}",108775,test
PO00455,PRA/PO/2026-04/4091,CUST0055,2026-04-15,PO00455__L4_excel_grid__q1_clean_digital.pdf,pdf,L4_excel_grid,"Spreadsheet printed to PDF, dense grid, 12 columns",q1_clean_digital,Native digital PDF with a real text layer,Y,N,,1,5,N,N,5,Email Excel,Clean Digital,,3384,train
PO00456,MAN/PO/2026-08/9379,CUST0103,2026-08-18,PO00456__L6_erp_portal_print__q3_poor_scan.pdf,pdf,L6_erp_portal_print,"Machine-generated portal print-out, monospaced, barcode",q3_poor_scan,"Poor scan: heavy skew, blur, speckle, fold line, contrast loss",N,Y,150,1,5,N,N,5,WhatsApp Image,Scanned Copy,"{""skew_deg"":1.72,""blur"":""heavy"",""noise"":""high"",""contrast_loss"":true,""fold"":true}",96257,train
PO00457,KAN/PO/2026-05/3700,CUST0101,2026-05-22,PO00457__L2_exporter_letterhead__q1_clean_digital.pdf,pdf,L2_exporter_letterhead,"Export-house indent, dark letterhead band, rate before qty",q1_clean_digital,Native digital PDF with a real text layer,Y,N,,2,12,N,Y,12,Email PDF,Clean Digital,,5204,train
PO00458,TEJ/PO/2026-04/8042,CUST0005,2026-04-27,PO00458__L2_exporter_letterhead__q1_clean_digital.pdf,pdf,L2_exporter_letterhead,"Export-house indent, dark letterhead band, rate before qty",q1_clean_digital,Native digital PDF with a real text layer,Y,N,,2,12,N,Y,12,Email PDF,Clean Digital,,5127,train
PO00459,ZEN/PO/2026-04/6781,CUST0050,2026-04-27,PO00459__L1_classic_tabular__q1_clean_digital.pdf,pdf,L1_classic_tabular,Classic bordered tabular PO on plain letterhead,q1_clean_digital,Native digital PDF with a real text layer,Y,N,,2,2,Y,N,2,Email PDF,Clean Digital,,4596,train
PO00460,AMR/PO/2026-04/877,CUST0130,2026-04-16,PO00460__L1_classic_tabular__q1_clean_digital.pdf,pdf,L1_classic_tabular,Classic bordered tabular PO on plain letterhead,q1_clean_digital,Native digital PDF with a real text layer,Y,N,,1,5,N,N,5,Email PDF,Clean Digital,,3420,train
PO00461,NIM/PO/2026-04/7122,CUST0030,2026-04-05,PO00461__L1_classic_tabular__q1_clean_digital.pdf,pdf,L1_classic_tabular,Classic bordered tabular PO on plain letterhead,q1_clean_digital,Native digital PDF with a real text layer,Y,N,,1,5,N,N,5,Email PDF,Clean Digital,,3361,test
PO00462,ISH/PO/2026-05/3899,CUST0066,2026-05-09,PO00462__L6_erp_portal_print__q1_clean_digital.pdf,pdf,L6_erp_portal_print,"Machine-generated portal print-out, monospaced, barcode",q1_clean_digital,Native digital PDF with a real text layer,Y,N,,1,1,N,N,1,Portal Upload,Clean Digital,,2708,validation
PO00463,NIR/PO/2026-05/7904,CUST0002,2026-05-06,PO00463__L1_classic_tabular__q4_phone_photo.jpg,jpg,L1_classic_tabular,Classic bordered tabular PO on plain letterhead,q4_phone_photo,"Phone photo: perspective warp, shadow gradient, handheld blur",N,Y,150,1,4,N,N,4,WhatsApp Image,Scanned Copy,"{""perspective"":true,""shadow_gradient"":true,""handheld_blur"":true}",172841,train
PO00464,NIR/PO/2026-06/7518,CUST0002,2026-06-07,PO00464__L4_excel_grid__q4_phone_photo.jpg,jpg,L4_excel_grid,"Spreadsheet printed to PDF, dense grid, 12 columns",q4_phone_photo,"Phone photo: perspective warp, shadow gradient, handheld blur",N,Y,150,1,1,N,N,1,WhatsApp Image,Scanned Copy,"{""perspective"":true,""shadow_gradient"":true,""handheld_blur"":true}",65755,train
PO00465,BHA/PO/2026-06/9473,CUST0011,2026-06-01,PO00465__L6_erp_portal_print__q1_clean_digital.pdf,pdf,L6_erp_portal_print,"Machine-generated portal print-out, monospaced, barcode",q1_clean_digital,Native digital PDF with a real text layer,Y,N,,1,3,N,N,3,Email PDF,Clean Digital,,2893,train
PO00466,RAN/PO/2026-06/1284,CUST0062,2026-06-18,PO00466__L6_erp_portal_print__q1_clean_digital.pdf,pdf,L6_erp_portal_print,"Machine-generated portal print-out, monospaced, barcode",q1_clean_digital,Native digital PDF with a real text layer,Y,N,,1,12,N,N,12,Email PDF,Clean Digital,,3534,test
PO00467,ZEN/PO/2026-05/7501,CUST0050,2026-05-17,PO00467__L3_email_body__q1_clean_digital.pdf,pdf,L3_email_body,"Order typed into an email body, no table, no totals",q1_clean_digital,Native digital PDF with a real text layer,Y,N,,1,8,N,N,8,Email PDF,Clean Digital,,2718,train
PO00468,MAY/PO/2026-07/2373,CUST0053,2026-07-05,PO00468__L1_classic_tabular__q2_print_scan.pdf,pdf,L1_classic_tabular,Classic bordered tabular PO on plain letterhead,q2_print_scan,"Printed then scanned at 200 dpi, light skew and noise, image-only PDF",N,Y,200,1,6,N,N,6,Email PDF,Clean Digital,"{""skew_deg"":0.58,""blur"":""light"",""noise"":""low""}",176144,train
PO00469,NIR/PO/2026-08/3340,CUST0091,2026-08-01,PO00469__L2_exporter_letterhead__q1_clean_digital.pdf,pdf,L2_exporter_letterhead,"Export-house indent, dark letterhead band, rate before qty",q1_clean_digital,Native digital PDF with a real text layer,Y,N,,1,10,N,N,10,Email PDF,Clean Digital,,3956,train
PO00470,SAM/PO/2026-06/3822,CUST0084,2026-06-27,PO00470__L4_excel_grid__q1_clean_digital.pdf,pdf,L4_excel_grid,"Spreadsheet printed to PDF, dense grid, 12 columns",q1_clean_digital,Native digital PDF with a real text layer,Y,N,,1,3,N,N,3,Email Excel,Clean Digital,,2835,train
PO00471,BHA/PO/2026-05/3512,CUST0003,2026-05-24,PO00471__L4_excel_grid__q1_clean_digital.pdf,pdf,L4_excel_grid,"Spreadsheet printed to PDF, dense grid, 12 columns",q1_clean_digital,Native digital PDF with a real text layer,Y,N,,1,1,N,N,1,Email Excel,Clean Digital,,2403,train
PO00472,NAV/PO/2026-07/3275,CUST0115,2026-07-10,PO00472__L3_email_body__q3_poor_scan.pdf,pdf,L3_email_body,"Order typed into an email body, no table, no totals",q3_poor_scan,"Poor scan: heavy skew, blur, speckle, fold line, contrast loss",N,Y,150,1,1,N,N,1,WhatsApp Image,Scanned Copy,"{""skew_deg"":2.29,""blur"":""heavy"",""noise"":""high"",""contrast_loss"":true,""fold"":true}",114431,validation
PO00473,OJA/PO/2026-08/7271,CUST0131,2026-08-16,PO00473__L5_handwritten_slip__q4_phone_photo.jpg,jpg,L5_handwritten_slip,"Handwritten order-book slip, ruled paper",q4_phone_photo,"Phone photo: perspective warp, shadow gradient, handheld blur",N,Y,150,1,3,N,N,3,Portal Upload,Poor Scan / Handwritten,"{""perspective"":true,""shadow_gradient"":true,""handheld_blur"":true}",109583,train
PO00474,NAK/PO/2026-07/4457,CUST0075,2026-07-16,PO00474__L1_classic_tabular__q1_clean_digital.pdf,pdf,L1_classic_tabular,Classic bordered tabular PO on plain letterhead,q1_clean_digital,Native digital PDF with a real text layer,Y,N,,1,2,N,N,2,Email PDF,Clean Digital,,2840,train
PO00475,PAR/PO/2026-04/4043,CUST0116,2026-04-30,PO00475__L6_erp_portal_print__q5_fax_bitonal.png,png,L6_erp_portal_print,"Machine-generated portal print-out, monospaced, barcode",q5_fax_bitonal,"Fax/bitonal: 1-bit threshold, streaks, slipped rows",N,Y,200,1,6,N,N,6,Scanned Copy,Scanned Copy,"{""bitonal_threshold"":171,""streaks"":true,""row_slip"":true}",33516,train
PO00476,MAN/PO/2026-07/8984,CUST0046,2026-07-19,PO00476__L4_excel_grid__q3_poor_scan.pdf,pdf,L4_excel_grid,"Spreadsheet printed to PDF, dense grid, 12 columns",q3_poor_scan,"Poor scan: heavy skew, blur, speckle, fold line, contrast loss",N,Y,150,1,7,N,N,7,WhatsApp Image,Poor Scan / Handwritten,"{""skew_deg"":-0.77,""blur"":""heavy"",""noise"":""high"",""contrast_loss"":true,""fold"":true}",107725,train
PO00477,DEV/PO/2026-05/4656,CUST0088,2026-05-30,PO00477__L5_handwritten_slip__q2_print_scan.pdf,pdf,L5_handwritten_slip,"Handwritten order-book slip, ruled paper",q2_print_scan,"Printed then scanned at 200 dpi, light skew and noise, image-only PDF",N,Y,200,1,4,N,N,4,Scanned Copy,Poor Scan / Handwritten,"{""skew_deg"":-0.05,""blur"":""light"",""noise"":""low""}",106381,train
PO00478,VAS/PO/2026-07/4156,CUST0128,2026-07-08,PO00478__L3_email_body__q1_clean_digital.pdf,pdf,L3_email_body,"Order typed into an email body, no table, no totals",q1_clean_digital,Native digital PDF with a real text layer,Y,N,,1,2,N,N,2,Email PDF,Clean Digital,,2290,test
PO00479,BHA/PO/2026-08/7042,CUST0108,2026-08-17,PO00479__L1_classic_tabular__q2_print_scan.pdf,pdf,L1_classic_tabular,Classic bordered tabular PO on plain letterhead,q2_print_scan,"Printed then scanned at 200 dpi, light skew and noise, image-only PDF",N,Y,200,1,4,N,N,4,Scanned Copy,Scanned Copy,"{""skew_deg"":-0.58,""blur"":""light"",""noise"":""low""}",160943,train
PO00480,TEJ/PO/2026-04/4866,CUST0005,2026-04-28,PO00480__L1_classic_tabular__q1_clean_digital.pdf,pdf,L1_classic_tabular,Classic bordered tabular PO on plain letterhead,q1_clean_digital,Native digital PDF with a real text layer,Y,N,,1,3,N,N,3,Email PDF,Clean Digital,,2989,test
PO00481,DEV/PO/2026-06/1477,CUST0088,2026-06-14,PO00481__L1_classic_tabular__q2_print_scan.pdf,pdf,L1_classic_tabular,Classic bordered tabular PO on plain letterhead,q2_print_scan,"Printed then scanned at 200 dpi, light skew and noise, image-only PDF",N,Y,200,1,7,N,N,7,Scanned Copy,Scanned Copy,"{""skew_deg"":-0.67,""blur"":""light"",""noise"":""low""}",173277,validation
PO00482,DEV/PO/2026-05/3494,CUST0097,2026-05-19,PO00482__L1_classic_tabular__q1_clean_digital.pdf,pdf,L1_classic_tabular,Classic bordered tabular PO on plain letterhead,q1_clean_digital,Native digital PDF with a real text layer,Y,N,,1,6,N,N,6,Email PDF,Clean Digital,,3566,test
PO00483,CHA/PO/2026-06/8093,CUST0137,2026-06-11,PO00483__L5_handwritten_slip__q3_poor_scan.pdf,pdf,L5_handwritten_slip,"Handwritten order-book slip, ruled paper",q3_poor_scan,"Poor scan: heavy skew, blur, speckle, fold line, contrast loss",N,Y,150,1,3,N,N,3,Scanned Copy,Poor Scan / Handwritten,"{""skew_deg"":1.56,""blur"":""heavy"",""noise"":""high"",""contrast_loss"":true,""fold"":true}",96966,train
PO00484,RAN/PO/2026-07/3530,CUST0058,2026-07-13,PO00484__L3_email_body__q4_phone_photo.jpg,jpg,L3_email_body,"Order typed into an email body, no table, no totals",q4_phone_photo,"Phone photo: perspective warp, shadow gradient, handheld blur",N,Y,150,1,5,N,N,5,WhatsApp Image,Scanned Copy,"{""perspective"":true,""shadow_gradient"":true,""handheld_blur"":true}",120896,train
PO00485,SAT/PO/2026-05/6278,CUST0009,2026-05-21,PO00485__L4_excel_grid__q3_poor_scan.pdf,pdf,L4_excel_grid,"Spreadsheet printed to PDF, dense grid, 12 columns",q3_poor_scan,"Poor scan: heavy skew, blur, speckle, fold line, contrast loss",N,Y,150,1,6,N,N,6,WhatsApp Image,Scanned Copy,"{""skew_deg"":-0.37,""blur"":""heavy"",""noise"":""high"",""contrast_loss"":true,""fold"":true}",96489,test
PO00486,URV/PO/2026-08/9374,CUST0102,2026-08-04,PO00486__L1_classic_tabular__q2_print_scan.pdf,pdf,L1_classic_tabular,Classic bordered tabular PO on plain letterhead,q2_print_scan,"Printed then scanned at 200 dpi, light skew and noise, image-only PDF",N,Y,200,2,1,Y,N,1,Email PDF,Clean Digital,"{""skew_deg"":-0.01,""blur"":""light"",""noise"":""low""}",342175,train
PO00487,ANA/PO/2026-06/3634,CUST0056,2026-06-29,PO00487__L4_excel_grid__q1_clean_digital.pdf,pdf,L4_excel_grid,"Spreadsheet printed to PDF, dense grid, 12 columns",q1_clean_digital,Native digital PDF with a real text layer,Y,N,,1,5,N,N,5,Email Excel,Clean Digital,,3436,validation
PO00488,RID/PO/2026-08/9025,CUST0045,2026-08-03,PO00488__L6_erp_portal_print__q1_clean_digital.pdf,pdf,L6_erp_portal_print,"Machine-generated portal print-out, monospaced, barcode",q1_clean_digital,Native digital PDF with a real text layer,Y,N,,1,1,N,N,1,Portal Upload,Clean Digital,,2713,train
PO00489,SHR/PO/2026-04/1991,CUST0028,2026-04-02,PO00489__L4_excel_grid__q1_clean_digital.pdf,pdf,L4_excel_grid,"Spreadsheet printed to PDF, dense grid, 12 columns",q1_clean_digital,Native digital PDF with a real text layer,Y,N,,1,4,N,N,4,Email Excel,Clean Digital,,3095,validation
PO00490,ADV/PO/2026-05/411,CUST0017,2026-05-09,PO00490__L4_excel_grid__q1_clean_digital.pdf,pdf,L4_excel_grid,"Spreadsheet printed to PDF, dense grid, 12 columns",q1_clean_digital,Native digital PDF with a real text layer,Y,N,,1,2,N,N,2,Email Excel,Clean Digital,,2725,test
PO00491,OJA/PO/2026-04/204,CUST0112,2026-04-02,PO00491__L4_excel_grid__q1_clean_digital.pdf,pdf,L4_excel_grid,"Spreadsheet printed to PDF, dense grid, 12 columns",q1_clean_digital,Native digital PDF with a real text layer,Y,N,,1,8,N,N,8,Email Excel,Clean Digital,,3964,validation
PO00492,SAA/PO/2026-06/5683,CUST0044,2026-06-27,PO00492__L3_email_body__q1_clean_digital.pdf,pdf,L3_email_body,"Order typed into an email body, no table, no totals",q1_clean_digital,Native digital PDF with a real text layer,Y,N,,1,4,N,N,4,Email PDF,Clean Digital,,2454,train
PO00493,VAS/PO/2026-05/5740,CUST0128,2026-05-21,PO00493__L1_classic_tabular__q1_clean_digital.pdf,pdf,L1_classic_tabular,Classic bordered tabular PO on plain letterhead,q1_clean_digital,Native digital PDF with a real text layer,Y,N,,1,7,N,N,7,Email PDF,Clean Digital,,3734,test
PO00494,MEG/PO/2026-06/5899,CUST0089,2026-06-05,PO00494__L1_classic_tabular__q1_clean_digital.pdf,pdf,L1_classic_tabular,Classic bordered tabular PO on plain letterhead,q1_clean_digital,Native digital PDF with a real text layer,Y,N,,1,3,N,N,3,Email PDF,Clean Digital,,2966,validation
PO00495,VRI/PO/2026-05/9034,CUST0098,2026-05-21,PO00495__L1_classic_tabular__q5_fax_bitonal.png,png,L1_classic_tabular,Classic bordered tabular PO on plain letterhead,q5_fax_bitonal,"Fax/bitonal: 1-bit threshold, streaks, slipped rows",N,Y,200,1,6,N,N,6,Email PDF,Poor Scan / Handwritten,"{""bitonal_threshold"":181,""streaks"":true,""row_slip"":true}",39603,train
PO00496,YAS/PO/2026-06/8055,CUST0036,2026-06-15,PO00496__L6_erp_portal_print__q4_phone_photo.jpg,jpg,L6_erp_portal_print,"Machine-generated portal print-out, monospaced, barcode",q4_phone_photo,"Phone photo: perspective warp, shadow gradient, handheld blur",N,Y,150,1,2,N,N,2,WhatsApp Image,Scanned Copy,"{""perspective"":true,""shadow_gradient"":true,""handheld_blur"":true}",153366,train
PO00497,MEG/PO/2026-05/3556,CUST0059,2026-05-31,PO00497__L1_classic_tabular__q1_clean_digital.pdf,pdf,L1_classic_tabular,Classic bordered tabular PO on plain letterhead,q1_clean_digital,Native digital PDF with a real text layer,Y,N,,1,3,N,N,3,Email PDF,Clean Digital,,3136,train
PO00498,PRI/PO/2026-08/5312,CUST0051,2026-08-09,PO00498__L4_excel_grid__q1_clean_digital.pdf,pdf,L4_excel_grid,"Spreadsheet printed to PDF, dense grid, 12 columns",q1_clean_digital,Native digital PDF with a real text layer,Y,N,,1,9,N,N,9,Email Excel,Clean Digital,,4246,train
PO00499,SAA/PO/2026-05/5199,CUST0044,2026-05-08,PO00499__L3_email_body__q1_clean_digital.pdf,pdf,L3_email_body,"Order typed into an email body, no table, no totals",q1_clean_digital,Native digital PDF with a real text layer,Y,N,,1,3,N,N,3,Email PDF,Clean Digital,,2379,train
PO00500,ADV/PO/2026-05/7002,CUST0065,2026-05-06,PO00500__L1_classic_tabular__q3_poor_scan.pdf,pdf,L1_classic_tabular,Classic bordered tabular PO on plain letterhead,q3_poor_scan,"Poor scan: heavy skew, blur, speckle, fold line, contrast loss",N,Y,150,1,12,N,N,12,WhatsApp Image,Poor Scan / Handwritten,"{""skew_deg"":1.45,""blur"":""heavy"",""noise"":""high"",""contrast_loss"":true,""fold"":true}",174664,train
PO00501,VRI/PO/2026-05/7355,CUST0098,2026-05-14,PO00501__L3_email_body__q3_poor_scan.pdf,pdf,L3_email_body,"Order typed into an email body, no table, no totals",q3_poor_scan,"Poor scan: heavy skew, blur, speckle, fold line, contrast loss",N,Y,150,1,8,N,N,8,Email PDF,Poor Scan / Handwritten,"{""skew_deg"":-1.49,""blur"":""heavy"",""noise"":""high"",""contrast_loss"":true,""fold"":true}",154276,train
PO00502,DEV/PO/2026-04/1942,CUST0019,2026-04-15,PO00502__L1_classic_tabular__q1_clean_digital.pdf,pdf,L1_classic_tabular,Classic bordered tabular PO on plain letterhead,q1_clean_digital,Native digital PDF with a real text layer,Y,N,,1,4,N,N,4,Email PDF,Clean Digital,,3198,train
PO00503,RID/PO/2026-08/3052,CUST0045,2026-08-12,PO00503__L6_erp_portal_print__q1_clean_digital.pdf,pdf,L6_erp_portal_print,"Machine-generated portal print-out, monospaced, barcode",q1_clean_digital,Native digital PDF with a real text layer,Y,N,,1,5,N,N,5,Portal Upload,Clean Digital,,2991,validation
PO00504,NIM/PO/2026-06/2777,CUST0037,2026-06-06,PO00504__L2_exporter_letterhead__q1_clean_digital.pdf,pdf,L2_exporter_letterhead,"Export-house indent, dark letterhead band, rate before qty",q1_clean_digital,Native digital PDF with a real text layer,Y,N,,1,4,N,N,4,Email PDF,Clean Digital,,3121,test
PO00505,YAS/PO/2026-07/6096,CUST0138,2026-07-16,PO00505__L4_excel_grid__q1_clean_digital.pdf,pdf,L4_excel_grid,"Spreadsheet printed to PDF, dense grid, 12 columns",q1_clean_digital,Native digital PDF with a real text layer,Y,N,,1,8,N,N,8,Email Excel,Clean Digital,,4068,train
PO00506,TEJ/PO/2026-05/8101,CUST0005,2026-05-19,PO00506__L3_email_body__q1_clean_digital.pdf,pdf,L3_email_body,"Order typed into an email body, no table, no totals",q1_clean_digital,Native digital PDF with a real text layer,Y,N,,1,7,N,N,7,Email PDF,Clean Digital,,2572,train
PO00507,PRA/PO/2026-04/8410,CUST0038,2026-04-04,PO00507__L2_exporter_letterhead__q1_clean_digital.pdf,pdf,L2_exporter_letterhead,"Export-house indent, dark letterhead band, rate before qty",q1_clean_digital,Native digital PDF with a real text layer,Y,N,,2,2,Y,N,2,Email PDF,Clean Digital,,4570,train
PO00508,RAN/PO/2026-04/5800,CUST0058,2026-04-08,PO00508__L1_classic_tabular__q3_poor_scan.pdf,pdf,L1_classic_tabular,Classic bordered tabular PO on plain letterhead,q3_poor_scan,"Poor scan: heavy skew, blur, speckle, fold line, contrast loss",N,Y,150,2,12,N,Y,12,WhatsApp Image,Poor Scan / Handwritten,"{""skew_deg"":0.7,""blur"":""heavy"",""noise"":""high"",""contrast_loss"":true,""fold"":true}",287788,test
PO00509,FAL/PO/2026-06/2572,CUST0061,2026-06-25,PO00509__L1_classic_tabular__q3_poor_scan.pdf,pdf,L1_classic_tabular,Classic bordered tabular PO on plain letterhead,q3_poor_scan,"Poor scan: heavy skew, blur, speckle, fold line, contrast loss",N,Y,150,1,3,N,N,3,Portal Upload,Poor Scan / Handwritten,"{""skew_deg"":-0.19,""blur"":""heavy"",""noise"":""high"",""contrast_loss"":true,""fold"":true}",107540,train
PO00510,OJA/PO/2026-07/2880,CUST0131,2026-07-24,PO00510__L6_erp_portal_print__q1_clean_digital.pdf,pdf,L6_erp_portal_print,"Machine-generated portal print-out, monospaced, barcode",q1_clean_digital,Native digital PDF with a real text layer,Y,N,,1,10,N,N,10,Portal Upload,Clean Digital,,3436,train
PO00511,GIR/PO/2026-07/2102,CUST0090,2026-07-17,PO00511__L6_erp_portal_print__q1_clean_digital.pdf,pdf,L6_erp_portal_print,"Machine-generated portal print-out, monospaced, barcode",q1_clean_digital,Native digital PDF with a real text layer,Y,N,,1,6,N,N,6,Portal Upload,Clean Digital,,3063,train
PO00512,DEV/PO/2026-05/9701,CUST0096,2026-05-30,PO00512__L1_classic_tabular__q1_clean_digital.pdf,pdf,L1_classic_tabular,Classic bordered tabular PO on plain letterhead,q1_clean_digital,Native digital PDF with a real text layer,Y,N,,1,2,N,N,2,Email PDF,Clean Digital,,2868,train
PO00513,MAN/PO/2026-05/811,CUST0103,2026-05-14,PO00513__L5_handwritten_slip__q4_phone_photo.jpg,jpg,L5_handwritten_slip,"Handwritten order-book slip, ruled paper",q4_phone_photo,"Phone photo: perspective warp, shadow gradient, handheld blur",N,Y,150,1,2,N,N,2,WhatsApp Image,Scanned Copy,"{""perspective"":true,""shadow_gradient"":true,""handheld_blur"":true}",105991,test
PO00514,AMR/PO/2026-05/8764,CUST0130,2026-05-24,PO00514__L2_exporter_letterhead__q1_clean_digital.pdf,pdf,L2_exporter_letterhead,"Export-house indent, dark letterhead band, rate before qty",q1_clean_digital,Native digital PDF with a real text layer,Y,N,,1,1,N,N,1,Email PDF,Clean Digital,,2705,train
PO00515,KRI/PO/2026-08/6540,CUST0008,2026-08-14,PO00515__L4_excel_grid__q1_clean_digital.pdf,pdf,L4_excel_grid,"Spreadsheet printed to PDF, dense grid, 12 columns",q1_clean_digital,Native digital PDF with a real text layer,Y,N,,1,10,N,N,10,Email Excel,Clean Digital,,4528,train
PO00516,MAY/PO/2026-05/2143,CUST0053,2026-05-23,PO00516__L1_classic_tabular__q1_clean_digital.pdf,pdf,L1_classic_tabular,Classic bordered tabular PO on plain letterhead,q1_clean_digital,Native digital PDF with a real text layer,Y,N,,1,4,N,N,4,Email PDF,Clean Digital,,3238,test
PO00517,NIR/PO/2026-05/1888,CUST0002,2026-05-04,PO00517__L3_email_body__q4_phone_photo.jpg,jpg,L3_email_body,"Order typed into an email body, no table, no totals",q4_phone_photo,"Phone photo: perspective warp, shadow gradient, handheld blur",N,Y,150,1,5,N,N,5,WhatsApp Image,Scanned Copy,"{""perspective"":true,""shadow_gradient"":true,""handheld_blur"":true}",123429,test
PO00518,DHR/PO/2026-06/1455,CUST0094,2026-06-30,PO00518__L6_erp_portal_print__q1_clean_digital.pdf,pdf,L6_erp_portal_print,"Machine-generated portal print-out, monospaced, barcode",q1_clean_digital,Native digital PDF with a real text layer,Y,N,,1,1,N,N,1,Portal Upload,Clean Digital,,2674,test
PO00519,DHR/PO/2026-08/4624,CUST0094,2026-08-16,PO00519__L1_classic_tabular__q4_phone_photo.jpg,jpg,L1_classic_tabular,Classic bordered tabular PO on plain letterhead,q4_phone_photo,"Phone photo: perspective warp, shadow gradient, handheld blur",N,Y,150,1,10,N,N,10,Portal Upload,Poor Scan / Handwritten,"{""perspective"":true,""shadow_gradient"":true,""handheld_blur"":true}",232873,train
PO00520,NIR/PO/2026-07/6440,CUST0091,2026-07-17,PO00520__L3_email_body__q1_clean_digital.pdf,pdf,L3_email_body,"Order typed into an email body, no table, no totals",q1_clean_digital,Native digital PDF with a real text layer,Y,N,,1,5,N,N,5,Email PDF,Clean Digital,,2504,test
PO00521,PRI/PO/2026-07/4571,CUST0051,2026-07-18,PO00521__L4_excel_grid__q1_clean_digital.pdf,pdf,L4_excel_grid,"Spreadsheet printed to PDF, dense grid, 12 columns",q1_clean_digital,Native digital PDF with a real text layer,Y,N,,1,3,N,N,3,Email Excel,Clean Digital,,2939,train
PO00522,ISH/PO/2026-05/250,CUST0066,2026-05-11,PO00522__L6_erp_portal_print__q1_clean_digital.pdf,pdf,L6_erp_portal_print,"Machine-generated portal print-out, monospaced, barcode",q1_clean_digital,Native digital PDF with a real text layer,Y,N,,1,5,N,N,5,Portal Upload,Clean Digital,,3000,train
PO00523,OOR/PO/2026-04/9928,CUST0119,2026-04-23,PO00523__L4_excel_grid__q2_print_scan.pdf,pdf,L4_excel_grid,"Spreadsheet printed to PDF, dense grid, 12 columns",q2_print_scan,"Printed then scanned at 200 dpi, light skew and noise, image-only PDF",N,Y,200,1,5,N,N,5,Scanned Copy,Scanned Copy,"{""skew_deg"":0.2,""blur"":""light"",""noise"":""low""}",142605,train
PO00524,CHA/PO/2026-07/550,CUST0004,2026-07-17,PO00524__L4_excel_grid__q1_clean_digital.pdf,pdf,L4_excel_grid,"Spreadsheet printed to PDF, dense grid, 12 columns",q1_clean_digital,Native digital PDF with a real text layer,Y,N,,1,7,N,N,7,Email Excel,Clean Digital,,3841,train
PO00525,NIR/PO/2026-08/3608,CUST0114,2026-08-02,PO00525__L6_erp_portal_print__q1_clean_digital.pdf,pdf,L6_erp_portal_print,"Machine-generated portal print-out, monospaced, barcode",q1_clean_digital,Native digital PDF with a real text layer,Y,N,,1,10,N,N,10,Portal Upload,Clean Digital,,3349,test
PO00526,NIR/PO/2026-08/2847,CUST0002,2026-08-04,PO00526__L4_excel_grid__q4_phone_photo.jpg,jpg,L4_excel_grid,"Spreadsheet printed to PDF, dense grid, 12 columns",q4_phone_photo,"Phone photo: perspective warp, shadow gradient, handheld blur",N,Y,150,1,6,N,N,6,WhatsApp Image,Scanned Copy,"{""perspective"":true,""shadow_gradient"":true,""handheld_blur"":true}",188380,train
PO00527,MAN/PO/2026-04/5920,CUST0023,2026-04-19,PO00527__L5_handwritten_slip__q4_phone_photo.jpg,jpg,L5_handwritten_slip,"Handwritten order-book slip, ruled paper",q4_phone_photo,"Phone photo: perspective warp, shadow gradient, handheld blur",N,Y,150,1,3,N,N,3,WhatsApp Image,Scanned Copy,"{""perspective"":true,""shadow_gradient"":true,""handheld_blur"":true}",133309,train
PO00528,NAK/PO/2026-05/7825,CUST0075,2026-05-29,PO00528__L3_email_body__q1_clean_digital.pdf,pdf,L3_email_body,"Order typed into an email body, no table, no totals",q1_clean_digital,Native digital PDF with a real text layer,Y,N,,1,12,N,N,12,Email PDF,Clean Digital,,3011,train
PO00529,GIR/PO/2026-05/2163,CUST0090,2026-05-03,PO00529__L6_erp_portal_print__q1_clean_digital.pdf,pdf,L6_erp_portal_print,"Machine-generated portal print-out, monospaced, barcode",q1_clean_digital,Native digital PDF with a real text layer,Y,N,,1,10,N,N,10,Portal Upload,Clean Digital,,3400,train
PO00530,YAS/PO/2026-07/1004,CUST0124,2026-07-21,PO00530__L6_erp_portal_print__q1_clean_digital.pdf,pdf,L6_erp_portal_print,"Machine-generated portal print-out, monospaced, barcode",q1_clean_digital,Native digital PDF with a real text layer,Y,N,,1,3,N,N,3,Portal Upload,Clean Digital,,2833,train
PO00531,VAI/PO/2026-08/4585,CUST0081,2026-08-13,PO00531__L1_classic_tabular__q1_clean_digital.pdf,pdf,L1_classic_tabular,Classic bordered tabular PO on plain letterhead,q1_clean_digital,Native digital PDF with a real text layer,Y,N,,1,10,N,N,10,Email PDF,Clean Digital,,4341,train
PO00532,SAA/PO/2026-07/2435,CUST0121,2026-07-12,PO00532__L5_handwritten_slip__q3_poor_scan.pdf,pdf,L5_handwritten_slip,"Handwritten order-book slip, ruled paper",q3_poor_scan,"Poor scan: heavy skew, blur, speckle, fold line, contrast loss",N,Y,150,1,1,N,N,1,Scanned Copy,Scanned Copy,"{""skew_deg"":1.61,""blur"":""heavy"",""noise"":""high"",""contrast_loss"":true,""fold"":true}",194412,validation
PO00533,BHO/PO/2026-07/6948,CUST0143,2026-07-27,PO00533__L4_excel_grid__q1_clean_digital.pdf,pdf,L4_excel_grid,"Spreadsheet printed to PDF, dense grid, 12 columns",q1_clean_digital,Native digital PDF with a real text layer,Y,N,,1,3,N,N,3,Email Excel,Clean Digital,,2895,train
PO00534,PAR/PO/2026-06/8659,CUST0027,2026-06-08,PO00534__L6_erp_portal_print__q1_clean_digital.pdf,pdf,L6_erp_portal_print,"Machine-generated portal print-out, monospaced, barcode",q1_clean_digital,Native digital PDF with a real text layer,Y,N,,1,1,N,N,1,Portal Upload,Clean Digital,,2739,validation
PO00535,MAN/PO/2026-08/1505,CUST0054,2026-08-16,PO00535__L5_handwritten_slip__q4_phone_photo.jpg,jpg,L5_handwritten_slip,"Handwritten order-book slip, ruled paper",q4_phone_photo,"Phone photo: perspective warp, shadow gradient, handheld blur",N,Y,150,1,6,N,N,6,WhatsApp Image,Scanned Copy,"{""perspective"":true,""shadow_gradient"":true,""handheld_blur"":true}",153285,train
PO00536,BHO/PO/2026-07/3754,CUST0080,2026-07-16,PO00536__L3_email_body__q1_clean_digital.pdf,pdf,L3_email_body,"Order typed into an email body, no table, no totals",q1_clean_digital,Native digital PDF with a real text layer,Y,N,,1,3,N,N,3,Email PDF,Clean Digital,,2384,train
PO00537,KAV/PO/2026-07/1799,CUST0049,2026-07-23,PO00537__L6_erp_portal_print__q1_clean_digital.pdf,pdf,L6_erp_portal_print,"Machine-generated portal print-out, monospaced, barcode",q1_clean_digital,Native digital PDF with a real text layer,Y,N,,1,6,N,N,6,Portal Upload,Clean Digital,,3155,test
PO00538,MIH/PO/2026-04/4863,CUST0048,2026-04-29,PO00538__L1_classic_tabular__q4_phone_photo.jpg,jpg,L1_classic_tabular,Classic bordered tabular PO on plain letterhead,q4_phone_photo,"Phone photo: perspective warp, shadow gradient, handheld blur",N,Y,150,1,10,N,N,10,WhatsApp Image,Scanned Copy,"{""perspective"":true,""shadow_gradient"":true,""handheld_blur"":true}",187302,train
PO00539,RID/PO/2026-07/9820,CUST0045,2026-07-07,PO00539__L3_email_body__q3_poor_scan.pdf,pdf,L3_email_body,"Order typed into an email body, no table, no totals",q3_poor_scan,"Poor scan: heavy skew, blur, speckle, fold line, contrast loss",N,Y,150,1,7,N,N,7,Portal Upload,Poor Scan / Handwritten,"{""skew_deg"":-0.41,""blur"":""heavy"",""noise"":""high"",""contrast_loss"":true,""fold"":true}",112798,train
PO00540,OOR/PO/2026-05/7694,CUST0069,2026-05-07,PO00540__L2_exporter_letterhead__q1_clean_digital.pdf,pdf,L2_exporter_letterhead,"Export-house indent, dark letterhead band, rate before qty",q1_clean_digital,Native digital PDF with a real text layer,Y,N,,1,7,N,N,7,Email PDF,Clean Digital,,3485,train
PO00541,BHA/PO/2026-07/1479,CUST0108,2026-07-13,PO00541__L2_exporter_letterhead__q3_poor_scan.pdf,pdf,L2_exporter_letterhead,"Export-house indent, dark letterhead band, rate before qty",q3_poor_scan,"Poor scan: heavy skew, blur, speckle, fold line, contrast loss",N,Y,150,1,6,N,N,6,Scanned Copy,Scanned Copy,"{""skew_deg"":-2.34,""blur"":""heavy"",""noise"":""high"",""contrast_loss"":true,""fold"":true}",102826,validation
PO00542,NIM/PO/2026-07/9312,CUST0034,2026-07-21,PO00542__L3_email_body__q2_print_scan.pdf,pdf,L3_email_body,"Order typed into an email body, no table, no totals",q2_print_scan,"Printed then scanned at 200 dpi, light skew and noise, image-only PDF",N,Y,200,1,3,N,N,3,Email PDF,Clean Digital,"{""skew_deg"":-0.45,""blur"":""light"",""noise"":""low""}",112829,train
PO00543,KAV/PO/2026-07/5584,CUST0014,2026-07-04,PO00543__L2_exporter_letterhead__q1_clean_digital.pdf,pdf,L2_exporter_letterhead,"Export-house indent, dark letterhead band, rate before qty",q1_clean_digital,Native digital PDF with a real text layer,Y,N,,1,8,N,N,8,Email PDF,Clean Digital,,3610,train
PO00544,DEV/PO/2026-04/2653,CUST0077,2026-04-26,PO00544__L1_classic_tabular__q2_print_scan.pdf,pdf,L1_classic_tabular,Classic bordered tabular PO on plain letterhead,q2_print_scan,"Printed then scanned at 200 dpi, light skew and noise, image-only PDF",N,Y,200,1,7,N,N,7,Email PDF,Clean Digital,"{""skew_deg"":0.14,""blur"":""light"",""noise"":""low""}",191721,validation
PO00545,MEG/PO/2026-06/8290,CUST0082,2026-06-18,PO00545__L5_handwritten_slip__q4_phone_photo.jpg,jpg,L5_handwritten_slip,"Handwritten order-book slip, ruled paper",q4_phone_photo,"Phone photo: perspective warp, shadow gradient, handheld blur",N,Y,150,1,4,N,N,4,WhatsApp Image,Scanned Copy,"{""perspective"":true,""shadow_gradient"":true,""handheld_blur"":true}",132683,test
PO00546,UTS/PO/2026-04/6735,CUST0040,2026-04-15,PO00546__L3_email_body__q1_clean_digital.pdf,pdf,L3_email_body,"Order typed into an email body, no table, no totals",q1_clean_digital,Native digital PDF with a real text layer,Y,N,,1,1,N,N,1,Email PDF,Clean Digital,,2217,train
PO00547,KRI/PO/2026-04/8937,CUST0008,2026-04-21,PO00547__L4_excel_grid__q2_print_scan.pdf,pdf,L4_excel_grid,"Spreadsheet printed to PDF, dense grid, 12 columns",q2_print_scan,"Printed then scanned at 200 dpi, light skew and noise, image-only PDF",N,Y,200,1,2,N,N,2,Email Excel,Clean Digital,"{""skew_deg"":0.37,""blur"":""light"",""noise"":""low""}",108890,validation
PO00548,ZAR/PO/2026-06/729,CUST0047,2026-06-12,PO00548__L1_classic_tabular__q1_clean_digital.pdf,pdf,L1_classic_tabular,Classic bordered tabular PO on plain letterhead,q1_clean_digital,Native digital PDF with a real text layer,Y,N,,1,2,N,N,2,Email PDF,Clean Digital,,2874,train
PO00549,ZEN/PO/2026-07/7281,CUST0041,2026-07-04,PO00549__L4_excel_grid__q1_clean_digital.pdf,pdf,L4_excel_grid,"Spreadsheet printed to PDF, dense grid, 12 columns",q1_clean_digital,Native digital PDF with a real text layer,Y,N,,1,8,N,N,8,Email Excel,Clean Digital,,3961,validation
PO00550,DEV/PO/2026-06/1180,CUST0088,2026-06-24,PO00550__L2_exporter_letterhead__q3_poor_scan.pdf,pdf,L2_exporter_letterhead,"Export-house indent, dark letterhead band, rate before qty",q3_poor_scan,"Poor scan: heavy skew, blur, speckle, fold line, contrast loss",N,Y,150,1,2,N,N,2,Scanned Copy,Scanned Copy,"{""skew_deg"":0.27,""blur"":""heavy"",""noise"":""high"",""contrast_loss"":true,""fold"":true}",147347,train
PO00551,JAA/PO/2026-04/4492,CUST0099,2026-04-25,PO00551__L1_classic_tabular__q4_phone_photo.jpg,jpg,L1_classic_tabular,Classic bordered tabular PO on plain letterhead,q4_phone_photo,"Phone photo: perspective warp, shadow gradient, handheld blur",N,Y,150,1,6,N,N,6,WhatsApp Image,Scanned Copy,"{""perspective"":true,""shadow_gradient"":true,""handheld_blur"":true}",139549,validation
PO00552,BHA/PO/2026-07/2051,CUST0035,2026-07-20,PO00552__L1_classic_tabular__q3_poor_scan.pdf,pdf,L1_classic_tabular,Classic bordered tabular PO on plain letterhead,q3_poor_scan,"Poor scan: heavy skew, blur, speckle, fold line, contrast loss",N,Y,150,1,5,N,N,5,Email PDF,Poor Scan / Handwritten,"{""skew_deg"":-0.4,""blur"":""heavy"",""noise"":""high"",""contrast_loss"":true,""fold"":true}",126506,train
PO00553,OJA/PO/2026-04/189,CUST0111,2026-04-24,PO00553__L1_classic_tabular__q1_clean_digital.pdf,pdf,L1_classic_tabular,Classic bordered tabular PO on plain letterhead,q1_clean_digital,Native digital PDF with a real text layer,Y,N,,1,5,N,N,5,Email PDF,Clean Digital,,3585,test
PO00554,OJA/PO/2026-06/2521,CUST0111,2026-06-06,PO00554__L1_classic_tabular__q1_clean_digital.pdf,pdf,L1_classic_tabular,Classic bordered tabular PO on plain letterhead,q1_clean_digital,Native digital PDF with a real text layer,Y,N,,1,6,N,N,6,Email PDF,Clean Digital,,3638,validation
PO00555,SAN/PO/2026-05/2076,CUST0095,2026-05-26,PO00555__L2_exporter_letterhead__q1_clean_digital.pdf,pdf,L2_exporter_letterhead,"Export-house indent, dark letterhead band, rate before qty",q1_clean_digital,Native digital PDF with a real text layer,Y,N,,2,8,Y,N,8,Email PDF,Clean Digital,,5354,validation
PO00556,NIM/PO/2026-07/345,CUST0037,2026-07-28,PO00556__L3_email_body__q1_clean_digital.pdf,pdf,L3_email_body,"Order typed into an email body, no table, no totals",q1_clean_digital,Native digital PDF with a real text layer,Y,N,,1,10,N,N,10,Email PDF,Clean Digital,,2961,validation
PO00557,PRA/PO/2026-07/8066,CUST0038,2026-07-26,PO00557__L1_classic_tabular__q1_clean_digital.pdf,pdf,L1_classic_tabular,Classic bordered tabular PO on plain letterhead,q1_clean_digital,Native digital PDF with a real text layer,Y,N,,1,10,N,N,10,Email PDF,Clean Digital,,4116,train
PO00558,SAN/PO/2026-07/1655,CUST0039,2026-07-19,PO00558__L5_handwritten_slip__q4_phone_photo.jpg,jpg,L5_handwritten_slip,"Handwritten order-book slip, ruled paper",q4_phone_photo,"Phone photo: perspective warp, shadow gradient, handheld blur",N,Y,150,1,1,N,N,1,WhatsApp Image,Scanned Copy,"{""perspective"":true,""shadow_gradient"":true,""handheld_blur"":true}",124346,train
PO00559,UTS/PO/2026-07/9268,CUST0040,2026-07-15,PO00559__L1_classic_tabular__q1_clean_digital.pdf,pdf,L1_classic_tabular,Classic bordered tabular PO on plain letterhead,q1_clean_digital,Native digital PDF with a real text layer,Y,N,,1,4,N,N,4,Email PDF,Clean Digital,,3083,train
PO00560,FAL/PO/2026-07/2322,CUST0061,2026-07-22,PO00560__L6_erp_portal_print__q1_clean_digital.pdf,pdf,L6_erp_portal_print,"Machine-generated portal print-out, monospaced, barcode",q1_clean_digital,Native digital PDF with a real text layer,Y,N,,1,5,N,N,5,Portal Upload,Clean Digital,,3078,train
PO00561,OJA/PO/2026-07/7590,CUST0112,2026-07-20,PO00561__L4_excel_grid__q1_clean_digital.pdf,pdf,L4_excel_grid,"Spreadsheet printed to PDF, dense grid, 12 columns",q1_clean_digital,Native digital PDF with a real text layer,Y,N,,1,3,N,N,3,Email Excel,Clean Digital,,2966,train
PO00562,PAR/PO/2026-08/826,CUST0116,2026-08-19,PO00562__L2_exporter_letterhead__q2_print_scan.pdf,pdf,L2_exporter_letterhead,"Export-house indent, dark letterhead band, rate before qty",q2_print_scan,"Printed then scanned at 200 dpi, light skew and noise, image-only PDF",N,Y,200,1,7,N,N,7,Scanned Copy,Scanned Copy,"{""skew_deg"":-0.27,""blur"":""light"",""noise"":""low""}",168489,test
PO00563,SUR/PO/2026-07/3218,CUST0133,2026-07-13,PO00563__L4_excel_grid__q1_clean_digital.pdf,pdf,L4_excel_grid,"Spreadsheet printed to PDF, dense grid, 12 columns",q1_clean_digital,Native digital PDF with a real text layer,Y,N,,1,4,N,N,4,Email Excel,Clean Digital,,3168,train
PO00564,SUR/PO/2026-07/6504,CUST0013,2026-07-22,PO00564__L1_classic_tabular__q3_poor_scan.pdf,pdf,L1_classic_tabular,Classic bordered tabular PO on plain letterhead,q3_poor_scan,"Poor scan: heavy skew, blur, speckle, fold line, contrast loss",N,Y,150,1,5,N,N,5,WhatsApp Image,Scanned Copy,"{""skew_deg"":1.13,""blur"":""heavy"",""noise"":""high"",""contrast_loss"":true,""fold"":true}",109081,train
PO00565,BHA/PO/2026-08/9238,CUST0108,2026-08-12,PO00565__L6_erp_portal_print__q2_print_scan.pdf,pdf,L6_erp_portal_print,"Machine-generated portal print-out, monospaced, barcode",q2_print_scan,"Printed then scanned at 200 dpi, light skew and noise, image-only PDF",N,Y,200,1,10,N,N,10,Scanned Copy,Scanned Copy,"{""skew_deg"":-0.44,""blur"":""light"",""noise"":""low""}",157795,validation
PO00566,NAK/PO/2026-05/569,CUST0020,2026-05-16,PO00566__L1_classic_tabular__q4_phone_photo.jpg,jpg,L1_classic_tabular,Classic bordered tabular PO on plain letterhead,q4_phone_photo,"Phone photo: perspective warp, shadow gradient, handheld blur",N,Y,150,1,10,N,N,10,Email Excel,Poor Scan / Handwritten,"{""perspective"":true,""shadow_gradient"":true,""handheld_blur"":true}",154794,train
PO00567,AAR/PO/2026-05/5384,CUST0078,2026-05-02,PO00567__L4_excel_grid__q1_clean_digital.pdf,pdf,L4_excel_grid,"Spreadsheet printed to PDF, dense grid, 12 columns",q1_clean_digital,Native digital PDF with a real text layer,Y,N,,1,5,N,N,5,Email Excel,Clean Digital,,3381,validation
PO00568,ESH/PO/2026-06/3807,CUST0001,2026-06-13,PO00568__L4_excel_grid__q1_clean_digital.pdf,pdf,L4_excel_grid,"Spreadsheet printed to PDF, dense grid, 12 columns",q1_clean_digital,Native digital PDF with a real text layer,Y,N,,1,7,N,N,7,Email Excel,Clean Digital,,3853,train
PO00569,DEV/PO/2026-04/3552,CUST0104,2026-04-09,PO00569__L4_excel_grid__q5_fax_bitonal.png,png,L4_excel_grid,"Spreadsheet printed to PDF, dense grid, 12 columns",q5_fax_bitonal,"Fax/bitonal: 1-bit threshold, streaks, slipped rows",N,Y,200,1,10,N,N,10,Email PDF,Poor Scan / Handwritten,"{""bitonal_threshold"":156,""streaks"":true,""row_slip"":true}",38399,test
PO00570,MAN/PO/2026-06/595,CUST0046,2026-06-08,PO00570__L4_excel_grid__q4_phone_photo.jpg,jpg,L4_excel_grid,"Spreadsheet printed to PDF, dense grid, 12 columns",q4_phone_photo,"Phone photo: perspective warp, shadow gradient, handheld blur",N,Y,150,1,10,N,N,10,WhatsApp Image,Scanned Copy,"{""perspective"":true,""shadow_gradient"":true,""handheld_blur"":true}",146981,train
PO00571,NIM/PO/2026-04/6010,CUST0087,2026-04-18,PO00571__L2_exporter_letterhead__q4_phone_photo.jpg,jpg,L2_exporter_letterhead,"Export-house indent, dark letterhead band, rate before qty",q4_phone_photo,"Phone photo: perspective warp, shadow gradient, handheld blur",N,Y,150,1,2,N,N,2,Scanned Copy,Poor Scan / Handwritten,"{""perspective"":true,""shadow_gradient"":true,""handheld_blur"":true}",144374,test
PO00572,KAN/PO/2026-06/1372,CUST0101,2026-06-06,PO00572__L1_classic_tabular__q1_clean_digital.pdf,pdf,L1_classic_tabular,Classic bordered tabular PO on plain letterhead,q1_clean_digital,Native digital PDF with a real text layer,Y,N,,1,7,N,N,7,Email PDF,Clean Digital,,3655,test
PO00573,ZEN/PO/2026-07/9551,CUST0041,2026-07-06,PO00573__L4_excel_grid__q1_clean_digital.pdf,pdf,L4_excel_grid,"Spreadsheet printed to PDF, dense grid, 12 columns",q1_clean_digital,Native digital PDF with a real text layer,Y,N,,1,10,N,N,10,Email Excel,Clean Digital,,4444,train
PO00574,YAS/PO/2026-06/2102,CUST0138,2026-06-12,PO00574__L4_excel_grid__q1_clean_digital.pdf,pdf,L4_excel_grid,"Spreadsheet printed to PDF, dense grid, 12 columns",q1_clean_digital,Native digital PDF with a real text layer,Y,N,,1,2,N,N,2,Email Excel,Clean Digital,,2660,validation
PO00575,RUC/PO/2026-08/4468,CUST0073,2026-08-03,PO00575__L4_excel_grid__q1_clean_digital.pdf,pdf,L4_excel_grid,"Spreadsheet printed to PDF, dense grid, 12 columns",q1_clean_digital,Native digital PDF with a real text layer,Y,N,,1,2,N,N,2,Email Excel,Clean Digital,,2675,validation
PO00576,DEV/PO/2026-05/9764,CUST0097,2026-05-14,PO00576__L2_exporter_letterhead__q1_clean_digital.pdf,pdf,L2_exporter_letterhead,"Export-house indent, dark letterhead band, rate before qty",q1_clean_digital,Native digital PDF with a real text layer,Y,N,,1,8,N,N,8,Email PDF,Clean Digital,,3513,validation
PO00577,BHA/PO/2026-04/8883,CUST0011,2026-04-11,PO00577__L4_excel_grid__q3_poor_scan.pdf,pdf,L4_excel_grid,"Spreadsheet printed to PDF, dense grid, 12 columns",q3_poor_scan,"Poor scan: heavy skew, blur, speckle, fold line, contrast loss",N,Y,150,1,9,N,N,9,Email PDF,Poor Scan / Handwritten,"{""skew_deg"":1.01,""blur"":""heavy"",""noise"":""high"",""contrast_loss"":true,""fold"":true}",147755,train
PO00578,UTS/PO/2026-05/6513,CUST0021,2026-05-23,PO00578__L4_excel_grid__q1_clean_digital.pdf,pdf,L4_excel_grid,"Spreadsheet printed to PDF, dense grid, 12 columns",q1_clean_digital,Native digital PDF with a real text layer,Y,N,,1,3,N,N,3,Email Excel,Clean Digital,,2943,test
PO00579,DEV/PO/2026-08/1145,CUST0088,2026-08-06,PO00579__L1_classic_tabular__q2_print_scan.pdf,pdf,L1_classic_tabular,Classic bordered tabular PO on plain letterhead,q2_print_scan,"Printed then scanned at 200 dpi, light skew and noise, image-only PDF",N,Y,200,1,1,N,N,1,Scanned Copy,Scanned Copy,"{""skew_deg"":-0.65,""blur"":""light"",""noise"":""low""}",140705,train
PO00580,URV/PO/2026-05/4243,CUST0029,2026-05-06,PO00580__L3_email_body__q1_clean_digital.pdf,pdf,L3_email_body,"Order typed into an email body, no table, no totals",q1_clean_digital,Native digital PDF with a real text layer,Y,N,,1,2,N,N,2,Email PDF,Clean Digital,,2274,train
PO00581,NIM/PO/2026-07/7979,CUST0030,2026-07-07,PO00581__L2_exporter_letterhead__q2_print_scan.pdf,pdf,L2_exporter_letterhead,"Export-house indent, dark letterhead band, rate before qty",q2_print_scan,"Printed then scanned at 200 dpi, light skew and noise, image-only PDF",N,Y,200,1,7,N,N,7,Email PDF,Clean Digital,"{""skew_deg"":-0.49,""blur"":""light"",""noise"":""low""}",186368,train
PO00582,TAN/PO/2026-08/7412,CUST0076,2026-08-16,PO00582__L3_email_body__q1_clean_digital.pdf,pdf,L3_email_body,"Order typed into an email body, no table, no totals",q1_clean_digital,Native digital PDF with a real text layer,Y,N,,1,4,N,N,4,Email PDF,Clean Digital,,2431,test
PO00583,RAJ/PO/2026-05/7573,CUST0042,2026-05-01,PO00583__L5_handwritten_slip__q4_phone_photo.jpg,jpg,L5_handwritten_slip,"Handwritten order-book slip, ruled paper",q4_phone_photo,"Phone photo: perspective warp, shadow gradient, handheld blur",N,Y,150,1,5,N,N,5,Email Excel,Poor Scan / Handwritten,"{""perspective"":true,""shadow_gradient"":true,""handheld_blur"":true}",137902,train
PO00584,ISH/PO/2026-07/9267,CUST0126,2026-07-21,PO00584__L1_classic_tabular__q1_clean_digital.pdf,pdf,L1_classic_tabular,Classic bordered tabular PO on plain letterhead,q1_clean_digital,Native digital PDF with a real text layer,Y,N,,1,4,N,N,4,Email PDF,Clean Digital,,3178,validation
PO00585,ISH/PO/2026-08/2750,CUST0126,2026-08-04,PO00585__L2_exporter_letterhead__q3_poor_scan.pdf,pdf,L2_exporter_letterhead,"Export-house indent, dark letterhead band, rate before qty",q3_poor_scan,"Poor scan: heavy skew, blur, speckle, fold line, contrast loss",N,Y,150,1,5,N,N,5,Email PDF,Poor Scan / Handwritten,"{""skew_deg"":-1.74,""blur"":""heavy"",""noise"":""high"",""contrast_loss"":true,""fold"":true}",141385,train
PO00586,LAK/PO/2026-06/4099,CUST0052,2026-06-15,PO00586__L1_classic_tabular__q4_phone_photo.jpg,jpg,L1_classic_tabular,Classic bordered tabular PO on plain letterhead,q4_phone_photo,"Phone photo: perspective warp, shadow gradient, handheld blur",N,Y,150,1,10,N,N,10,WhatsApp Image,Scanned Copy,"{""perspective"":true,""shadow_gradient"":true,""handheld_blur"":true}",116429,validation
PO00587,UTS/PO/2026-07/4811,CUST0021,2026-07-25,PO00587__L4_excel_grid__q1_clean_digital.pdf,pdf,L4_excel_grid,"Spreadsheet printed to PDF, dense grid, 12 columns",q1_clean_digital,Native digital PDF with a real text layer,Y,N,,1,7,N,N,7,Email Excel,Clean Digital,,3886,test
PO00588,ADV/PO/2026-08/4267,CUST0092,2026-08-02,PO00588__L1_classic_tabular__q1_clean_digital.pdf,pdf,L1_classic_tabular,Classic bordered tabular PO on plain letterhead,q1_clean_digital,Native digital PDF with a real text layer,Y,N,,1,1,N,N,1,Email PDF,Clean Digital,,2624,train
PO00589,KAV/PO/2026-06/4156,CUST0049,2026-06-06,PO00589__L6_erp_portal_print__q1_clean_digital.pdf,pdf,L6_erp_portal_print,"Machine-generated portal print-out, monospaced, barcode",q1_clean_digital,Native digital PDF with a real text layer,Y,N,,1,1,N,N,1,Portal Upload,Clean Digital,,2736,validation
PO00590,ANA/PO/2026-04/7136,CUST0150,2026-04-23,PO00590__L5_handwritten_slip__q3_poor_scan.pdf,pdf,L5_handwritten_slip,"Handwritten order-book slip, ruled paper",q3_poor_scan,"Poor scan: heavy skew, blur, speckle, fold line, contrast loss",N,Y,150,1,6,N,N,6,WhatsApp Image,Scanned Copy,"{""skew_deg"":1.3,""blur"":""heavy"",""noise"":""high"",""contrast_loss"":true,""fold"":true}",179506,train
PO00591,SAN/PO/2026-05/3298,CUST0085,2026-05-15,PO00591__L1_classic_tabular__q2_print_scan.pdf,pdf,L1_classic_tabular,Classic bordered tabular PO on plain letterhead,q2_print_scan,"Printed then scanned at 200 dpi, light skew and noise, image-only PDF",N,Y,200,1,3,N,N,3,Email PDF,Clean Digital,"{""skew_deg"":-0.67,""blur"":""light"",""noise"":""low""}",156592,validation
PO00592,MAY/PO/2026-07/4317,CUST0053,2026-07-10,PO00592__L1_classic_tabular__q1_clean_digital.pdf,pdf,L1_classic_tabular,Classic bordered tabular PO on plain letterhead,q1_clean_digital,Native digital PDF with a real text layer,Y,N,,1,7,N,N,7,Email PDF,Clean Digital,,3651,train
PO00593,UTS/PO/2026-06/3284,CUST0134,2026-06-08,PO00593__L1_classic_tabular__q1_clean_digital.pdf,pdf,L1_classic_tabular,Classic bordered tabular PO on plain letterhead,q1_clean_digital,Native digital PDF with a real text layer,Y,N,,1,9,N,N,9,Email PDF,Clean Digital,,3985,validation
PO00594,NIR/PO/2026-04/5112,CUST0091,2026-04-08,PO00594__L1_classic_tabular__q1_clean_digital.pdf,pdf,L1_classic_tabular,Classic bordered tabular PO on plain letterhead,q1_clean_digital,Native digital PDF with a real text layer,Y,N,,1,2,N,N,2,Email PDF,Clean Digital,,2838,train
PO00595,PRA/PO/2026-05/5256,CUST0055,2026-05-21,PO00595__L4_excel_grid__q1_clean_digital.pdf,pdf,L4_excel_grid,"Spreadsheet printed to PDF, dense grid, 12 columns",q1_clean_digital,Native digital PDF with a real text layer,Y,N,,1,5,N,N,5,Email Excel,Clean Digital,,3433,train
PO00596,NAK/PO/2026-05/3344,CUST0075,2026-05-02,PO00596__L2_exporter_letterhead__q1_clean_digital.pdf,pdf,L2_exporter_letterhead,"Export-house indent, dark letterhead band, rate before qty",q1_clean_digital,Native digital PDF with a real text layer,Y,N,,1,4,N,N,4,Email PDF,Clean Digital,,3106,train
PO00597,KRI/PO/2026-07/4490,CUST0008,2026-07-26,PO00597__L4_excel_grid__q1_clean_digital.pdf,pdf,L4_excel_grid,"Spreadsheet printed to PDF, dense grid, 12 columns",q1_clean_digital,Native digital PDF with a real text layer,Y,N,,1,4,N,N,4,Email Excel,Clean Digital,,3201,test
PO00598,ADV/PO/2026-05/8174,CUST0065,2026-05-09,PO00598__L1_classic_tabular__q3_poor_scan.pdf,pdf,L1_classic_tabular,Classic bordered tabular PO on plain letterhead,q3_poor_scan,"Poor scan: heavy skew, blur, speckle, fold line, contrast loss",N,Y,150,1,5,N,N,5,WhatsApp Image,Scanned Copy,"{""skew_deg"":2.17,""blur"":""heavy"",""noise"":""high"",""contrast_loss"":true,""fold"":true}",93548,train
PO00599,CHA/PO/2026-05/8461,CUST0060,2026-05-13,PO00599__L6_erp_portal_print__q1_clean_digital.pdf,pdf,L6_erp_portal_print,"Machine-generated portal print-out, monospaced, barcode",q1_clean_digital,Native digital PDF with a real text layer,Y,N,,1,12,N,N,12,Portal Upload,Clean Digital,,3586,train
PO00600,NIR/PO/2026-08/3270,CUST0114,2026-08-04,PO00600__L6_erp_portal_print__q1_clean_digital.pdf,pdf,L6_erp_portal_print,"Machine-generated portal print-out, monospaced, barcode",q1_clean_digital,Native digital PDF with a real text layer,Y,N,,1,2,N,N,2,Portal Upload,Clean Digital,,2766,test
PO00601,SAN/PO/2026-05/9679,CUST0085,2026-05-09,PO00601__L1_classic_tabular__q1_clean_digital.pdf,pdf,L1_classic_tabular,Classic bordered tabular PO on plain letterhead,q1_clean_digital,Native digital PDF with a real text layer,Y,N,,1,3,N,N,3,Email PDF,Clean Digital,,2998,test
PO00602,MEG/PO/2026-04/6521,CUST0059,2026-04-27,PO00602__L1_classic_tabular__q2_print_scan.pdf,pdf,L1_classic_tabular,Classic bordered tabular PO on plain letterhead,q2_print_scan,"Printed then scanned at 200 dpi, light skew and noise, image-only PDF",N,Y,200,1,3,N,N,3,Email PDF,Clean Digital,"{""skew_deg"":-0.37,""blur"":""light"",""noise"":""low""}",190637,train
PO00603,KAV/PO/2026-07/7193,CUST0107,2026-07-04,PO00603__L3_email_body__q1_clean_digital.pdf,pdf,L3_email_body,"Order typed into an email body, no table, no totals",q1_clean_digital,Native digital PDF with a real text layer,Y,N,,1,6,N,N,6,Email PDF,Clean Digital,,2647,train
PO00604,MAN/PO/2026-04/4711,CUST0023,2026-04-09,PO00604__L3_email_body__q4_phone_photo.jpg,jpg,L3_email_body,"Order typed into an email body, no table, no totals",q4_phone_photo,"Phone photo: perspective warp, shadow gradient, handheld blur",N,Y,150,1,1,N,N,1,WhatsApp Image,Scanned Copy,"{""perspective"":true,""shadow_gradient"":true,""handheld_blur"":true}",177788,train
PO00605,SAA/PO/2026-04/4290,CUST0121,2026-04-27,PO00605__L1_classic_tabular__q2_print_scan.pdf,pdf,L1_classic_tabular,Classic bordered tabular PO on plain letterhead,q2_print_scan,"Printed then scanned at 200 dpi, light skew and noise, image-only PDF",N,Y,200,1,5,N,N,5,Scanned Copy,Scanned Copy,"{""skew_deg"":-0.68,""blur"":""light"",""noise"":""low""}",168491,train
PO00606,PRA/PO/2026-04/4892,CUST0071,2026-04-03,PO00606__L1_classic_tabular__q3_poor_scan.pdf,pdf,L1_classic_tabular,Classic bordered tabular PO on plain letterhead,q3_poor_scan,"Poor scan: heavy skew, blur, speckle, fold line, contrast loss",N,Y,150,1,7,N,N,7,WhatsApp Image,Poor Scan / Handwritten,"{""skew_deg"":2.33,""blur"":""heavy"",""noise"":""high"",""contrast_loss"":true,""fold"":true}",88597,train
PO00607,ZEN/PO/2026-04/921,CUST0050,2026-04-25,PO00607__L5_handwritten_slip__q3_poor_scan.pdf,pdf,L5_handwritten_slip,"Handwritten order-book slip, ruled paper",q3_poor_scan,"Poor scan: heavy skew, blur, speckle, fold line, contrast loss",N,Y,150,1,3,N,N,3,Email PDF,Poor Scan / Handwritten,"{""skew_deg"":1.36,""blur"":""heavy"",""noise"":""high"",""contrast_loss"":true,""fold"":true}",162396,validation
PO00608,ADV/PO/2026-06/7604,CUST0017,2026-06-07,PO00608__L4_excel_grid__q1_clean_digital.pdf,pdf,L4_excel_grid,"Spreadsheet printed to PDF, dense grid, 12 columns",q1_clean_digital,Native digital PDF with a real text layer,Y,N,,1,9,N,N,9,Email Excel,Clean Digital,,4261,train
PO00609,MIH/PO/2026-06/2020,CUST0048,2026-06-06,PO00609__L1_classic_tabular__q4_phone_photo.jpg,jpg,L1_classic_tabular,Classic bordered tabular PO on plain letterhead,q4_phone_photo,"Phone photo: perspective warp, shadow gradient, handheld blur",N,Y,150,1,12,N,N,12,WhatsApp Image,Poor Scan / Handwritten,"{""perspective"":true,""shadow_gradient"":true,""handheld_blur"":true}",201921,train
PO00610,KRI/PO/2026-04/8532,CUST0086,2026-04-20,PO00610__L6_erp_portal_print__q4_phone_photo.jpg,jpg,L6_erp_portal_print,"Machine-generated portal print-out, monospaced, barcode",q4_phone_photo,"Phone photo: perspective warp, shadow gradient, handheld blur",N,Y,150,1,1,N,N,1,WhatsApp Image,Scanned Copy,"{""perspective"":true,""shadow_gradient"":true,""handheld_blur"":true}",196977,train
PO00611,SAN/PO/2026-04/6460,CUST0085,2026-04-03,PO00611__L1_classic_tabular__q2_print_scan.pdf,pdf,L1_classic_tabular,Classic bordered tabular PO on plain letterhead,q2_print_scan,"Printed then scanned at 200 dpi, light skew and noise, image-only PDF",N,Y,200,1,2,N,N,2,Email PDF,Clean Digital,"{""skew_deg"":0.04,""blur"":""light"",""noise"":""low""}",138060,train
PO00612,MAN/PO/2026-08/2248,CUST0103,2026-08-06,PO00612__L1_classic_tabular__q4_phone_photo.jpg,jpg,L1_classic_tabular,Classic bordered tabular PO on plain letterhead,q4_phone_photo,"Phone photo: perspective warp, shadow gradient, handheld blur",N,Y,150,1,7,N,N,7,WhatsApp Image,Scanned Copy,"{""perspective"":true,""shadow_gradient"":true,""handheld_blur"":true}",180063,test
PO00613,BHO/PO/2026-08/8987,CUST0015,2026-08-07,PO00613__L1_classic_tabular__q4_phone_photo.jpg,jpg,L1_classic_tabular,Classic bordered tabular PO on plain letterhead,q4_phone_photo,"Phone photo: perspective warp, shadow gradient, handheld blur",N,Y,150,2,3,Y,N,3,WhatsApp Image,Scanned Copy,"{""perspective"":true,""shadow_gradient"":true,""handheld_blur"":true}",359039,train
PO00614,DEV/PO/2026-05/8472,CUST0019,2026-05-30,PO00614__L3_email_body__q5_fax_bitonal.png,png,L3_email_body,"Order typed into an email body, no table, no totals",q5_fax_bitonal,"Fax/bitonal: 1-bit threshold, streaks, slipped rows",N,Y,200,1,10,N,N,10,Email PDF,Poor Scan / Handwritten,"{""bitonal_threshold"":161,""streaks"":true,""row_slip"":true}",39199,test
PO00615,LAK/PO/2026-08/810,CUST0052,2026-08-07,PO00615__L5_handwritten_slip__q4_phone_photo.jpg,jpg,L5_handwritten_slip,"Handwritten order-book slip, ruled paper",q4_phone_photo,"Phone photo: perspective warp, shadow gradient, handheld blur",N,Y,150,1,3,N,N,3,WhatsApp Image,Scanned Copy,"{""perspective"":true,""shadow_gradient"":true,""handheld_blur"":true}",134059,train
PO00616,MAN/PO/2026-05/4372,CUST0132,2026-05-15,PO00616__L1_classic_tabular__q3_poor_scan.pdf,pdf,L1_classic_tabular,Classic bordered tabular PO on plain letterhead,q3_poor_scan,"Poor scan: heavy skew, blur, speckle, fold line, contrast loss",N,Y,150,1,10,N,N,10,Portal Upload,Poor Scan / Handwritten,"{""skew_deg"":-0.65,""blur"":""heavy"",""noise"":""high"",""contrast_loss"":true,""fold"":true}",187738,train
PO00617,MEG/PO/2026-04/4653,CUST0082,2026-04-24,PO00617__L6_erp_portal_print__q4_phone_photo.jpg,jpg,L6_erp_portal_print,"Machine-generated portal print-out, monospaced, barcode",q4_phone_photo,"Phone photo: perspective warp, shadow gradient, handheld blur",N,Y,150,1,6,N,N,6,WhatsApp Image,Scanned Copy,"{""perspective"":true,""shadow_gradient"":true,""handheld_blur"":true}",160845,train
PO00618,URV/PO/2026-04/3285,CUST0063,2026-04-22,PO00618__L1_classic_tabular__q1_clean_digital.pdf,pdf,L1_classic_tabular,Classic bordered tabular PO on plain letterhead,q1_clean_digital,Native digital PDF with a real text layer,Y,N,,1,4,N,N,4,Email PDF,Clean Digital,,3120,train
PO00619,BHA/PO/2026-07/9390,CUST0035,2026-07-30,PO00619__L1_classic_tabular__q1_clean_digital.pdf,pdf,L1_classic_tabular,Classic bordered tabular PO on plain letterhead,q1_clean_digital,Native digital PDF with a real text layer,Y,N,,1,8,N,N,8,Email PDF,Clean Digital,,4003,train
PO00620,SAA/PO/2026-06/1759,CUST0121,2026-06-09,PO00620__L1_classic_tabular__q2_print_scan.pdf,pdf,L1_classic_tabular,Classic bordered tabular PO on plain letterhead,q2_print_scan,"Printed then scanned at 200 dpi, light skew and noise, image-only PDF",N,Y,200,2,3,Y,N,3,Scanned Copy,Scanned Copy,"{""skew_deg"":-0.68,""blur"":""light"",""noise"":""low""}",285327,validation
PO00621,ADV/PO/2026-08/3128,CUST0127,2026-08-10,PO00621__L3_email_body__q1_clean_digital.pdf,pdf,L3_email_body,"Order typed into an email body, no table, no totals",q1_clean_digital,Native digital PDF with a real text layer,Y,N,,1,5,N,N,5,Email PDF,Clean Digital,,2548,train
PO00622,MIH/PO/2026-07/4945,CUST0048,2026-07-24,PO00622__L3_email_body__q3_poor_scan.pdf,pdf,L3_email_body,"Order typed into an email body, no table, no totals",q3_poor_scan,"Poor scan: heavy skew, blur, speckle, fold line, contrast loss",N,Y,150,1,8,N,N,8,WhatsApp Image,Poor Scan / Handwritten,"{""skew_deg"":0.52,""blur"":""heavy"",""noise"":""high"",""contrast_loss"":true,""fold"":true}",161654,validation
PO00623,HAR/PO/2026-07/7081,CUST0109,2026-07-17,PO00623__L4_excel_grid__q4_phone_photo.jpg,jpg,L4_excel_grid,"Spreadsheet printed to PDF, dense grid, 12 columns",q4_phone_photo,"Phone photo: perspective warp, shadow gradient, handheld blur",N,Y,150,1,2,N,N,2,WhatsApp Image,Scanned Copy,"{""perspective"":true,""shadow_gradient"":true,""handheld_blur"":true}",158977,train
PO00624,BHA/PO/2026-08/4266,CUST0108,2026-08-06,PO00624__L1_classic_tabular__q2_print_scan.pdf,pdf,L1_classic_tabular,Classic bordered tabular PO on plain letterhead,q2_print_scan,"Printed then scanned at 200 dpi, light skew and noise, image-only PDF",N,Y,200,1,4,N,N,4,Scanned Copy,Scanned Copy,"{""skew_deg"":-0.15,""blur"":""light"",""noise"":""low""}",163226,train
PO00625,OJA/PO/2026-06/9383,CUST0131,2026-06-07,PO00625__L6_erp_portal_print__q1_clean_digital.pdf,pdf,L6_erp_portal_print,"Machine-generated portal print-out, monospaced, barcode",q1_clean_digital,Native digital PDF with a real text layer,Y,N,,1,7,N,N,7,Portal Upload,Clean Digital,,3128,train
PO00626,NIM/PO/2026-07/8564,CUST0030,2026-07-30,PO00626__L1_classic_tabular__q1_clean_digital.pdf,pdf,L1_classic_tabular,Classic bordered tabular PO on plain letterhead,q1_clean_digital,Native digital PDF with a real text layer,Y,N,,1,2,N,N,2,Email PDF,Clean Digital,,2889,train
PO00627,PAR/PO/2026-04/5732,CUST0116,2026-04-26,PO00627__L4_excel_grid__q2_print_scan.pdf,pdf,L4_excel_grid,"Spreadsheet printed to PDF, dense grid, 12 columns",q2_print_scan,"Printed then scanned at 200 dpi, light skew and noise, image-only PDF",N,Y,200,1,10,N,N,10,Scanned Copy,Scanned Copy,"{""skew_deg"":0.49,""blur"":""light"",""noise"":""low""}",169892,train
PO00628,DEV/PO/2026-05/4325,CUST0096,2026-05-23,PO00628__L2_exporter_letterhead__q1_clean_digital.pdf,pdf,L2_exporter_letterhead,"Export-house indent, dark letterhead band, rate before qty",q1_clean_digital,Native digital PDF with a real text layer,Y,N,,2,5,Y,N,5,Email PDF,Clean Digital,,4955,train
PO00629,OOR/PO/2026-08/8943,CUST0069,2026-08-06,PO00629__L1_classic_tabular__q1_clean_digital.pdf,pdf,L1_classic_tabular,Classic bordered tabular PO on plain letterhead,q1_clean_digital,Native digital PDF with a real text layer,Y,N,,1,7,N,N,7,Email PDF,Clean Digital,,3715,train
PO00630,OJA/PO/2026-06/450,CUST0131,2026-06-26,PO00630__L6_erp_portal_print__q1_clean_digital.pdf,pdf,L6_erp_portal_print,"Machine-generated portal print-out, monospaced, barcode",q1_clean_digital,Native digital PDF with a real text layer,Y,N,,1,10,N,N,10,Portal Upload,Clean Digital,,3443,test
PO00631,DEV/PO/2026-07/6858,CUST0096,2026-07-10,PO00631__L1_classic_tabular__q1_clean_digital.pdf,pdf,L1_classic_tabular,Classic bordered tabular PO on plain letterhead,q1_clean_digital,Native digital PDF with a real text layer,Y,N,,1,5,N,N,5,Email PDF,Clean Digital,,3404,train
PO00632,OJA/PO/2026-04/5635,CUST0018,2026-04-03,PO00632__L2_exporter_letterhead__q3_poor_scan.pdf,pdf,L2_exporter_letterhead,"Export-house indent, dark letterhead band, rate before qty",q3_poor_scan,"Poor scan: heavy skew, blur, speckle, fold line, contrast loss",N,Y,150,1,9,N,N,9,Scanned Copy,Scanned Copy,"{""skew_deg"":0.36,""blur"":""heavy"",""noise"":""high"",""contrast_loss"":true,""fold"":true}",109645,validation
PO00633,MAY/PO/2026-06/579,CUST0053,2026-06-18,PO00633__L2_exporter_letterhead__q1_clean_digital.pdf,pdf,L2_exporter_letterhead,"Export-house indent, dark letterhead band, rate before qty",q1_clean_digital,Native digital PDF with a real text layer,Y,N,,2,10,N,Y,10,Email PDF,Clean Digital,,4935,test
PO00634,LAK/PO/2026-05/2821,CUST0052,2026-05-19,PO00634__L1_classic_tabular__q4_phone_photo.jpg,jpg,L1_classic_tabular,Classic bordered tabular PO on plain letterhead,q4_phone_photo,"Phone photo: perspective warp, shadow gradient, handheld blur",N,Y,150,2,8,Y,N,8,WhatsApp Image,Scanned Copy,"{""perspective"":true,""shadow_gradient"":true,""handheld_blur"":true}",316687,test
PO00635,MIH/PO/2026-05/1270,CUST0048,2026-05-28,PO00635__L1_classic_tabular__q3_poor_scan.pdf,pdf,L1_classic_tabular,Classic bordered tabular PO on plain letterhead,q3_poor_scan,"Poor scan: heavy skew, blur, speckle, fold line, contrast loss",N,Y,150,2,5,Y,N,5,WhatsApp Image,Scanned Copy,"{""skew_deg"":1.64,""blur"":""heavy"",""noise"":""high"",""contrast_loss"":true,""fold"":true}",187675,train
PO00636,MEG/PO/2026-05/6056,CUST0082,2026-05-16,PO00636__L1_classic_tabular__q4_phone_photo.jpg,jpg,L1_classic_tabular,Classic bordered tabular PO on plain letterhead,q4_phone_photo,"Phone photo: perspective warp, shadow gradient, handheld blur",N,Y,150,2,6,Y,N,6,WhatsApp Image,Scanned Copy,"{""perspective"":true,""shadow_gradient"":true,""handheld_blur"":true}",292640,train
PO00637,KAN/PO/2026-07/3842,CUST0101,2026-07-21,PO00637__L3_email_body__q1_clean_digital.pdf,pdf,L3_email_body,"Order typed into an email body, no table, no totals",q1_clean_digital,Native digital PDF with a real text layer,Y,N,,1,10,N,N,10,Email PDF,Clean Digital,,2811,train
PO00638,KAV/PO/2026-06/6285,CUST0014,2026-06-01,PO00638__L2_exporter_letterhead__q1_clean_digital.pdf,pdf,L2_exporter_letterhead,"Export-house indent, dark letterhead band, rate before qty",q1_clean_digital,Native digital PDF with a real text layer,Y,N,,1,3,N,N,3,Email PDF,Clean Digital,,2945,test
PO00639,NIR/PO/2026-06/1360,CUST0091,2026-06-18,PO00639__L2_exporter_letterhead__q1_clean_digital.pdf,pdf,L2_exporter_letterhead,"Export-house indent, dark letterhead band, rate before qty",q1_clean_digital,Native digital PDF with a real text layer,Y,N,,1,4,N,N,4,Email PDF,Clean Digital,,3107,train
PO00640,MAN/PO/2026-04/2789,CUST0132,2026-04-12,PO00640__L6_erp_portal_print__q1_clean_digital.pdf,pdf,L6_erp_portal_print,"Machine-generated portal print-out, monospaced, barcode",q1_clean_digital,Native digital PDF with a real text layer,Y,N,,1,3,N,N,3,Portal Upload,Clean Digital,,2840,train
PO00641,MAN/PO/2026-04/5204,CUST0046,2026-04-12,PO00641__L4_excel_grid__q4_phone_photo.jpg,jpg,L4_excel_grid,"Spreadsheet printed to PDF, dense grid, 12 columns",q4_phone_photo,"Phone photo: perspective warp, shadow gradient, handheld blur",N,Y,150,1,9,N,N,9,WhatsApp Image,Scanned Copy,"{""perspective"":true,""shadow_gradient"":true,""handheld_blur"":true}",129755,train
PO00642,SUR/PO/2026-07/2067,CUST0133,2026-07-18,PO00642__L4_excel_grid__q1_clean_digital.pdf,pdf,L4_excel_grid,"Spreadsheet printed to PDF, dense grid, 12 columns",q1_clean_digital,Native digital PDF with a real text layer,Y,N,,1,2,N,N,2,Email Excel,Clean Digital,,2700,train
PO00643,VAI/PO/2026-07/5834,CUST0007,2026-07-03,PO00643__L1_classic_tabular__q1_clean_digital.pdf,pdf,L1_classic_tabular,Classic bordered tabular PO on plain letterhead,q1_clean_digital,Native digital PDF with a real text layer,Y,N,,1,2,N,N,2,Email PDF,Clean Digital,,2873,validation
PO00644,PAR/PO/2026-05/9439,CUST0027,2026-05-23,PO00644__L6_erp_portal_print__q3_poor_scan.pdf,pdf,L6_erp_portal_print,"Machine-generated portal print-out, monospaced, barcode",q3_poor_scan,"Poor scan: heavy skew, blur, speckle, fold line, contrast loss",N,Y,150,1,7,N,N,7,Portal Upload,Poor Scan / Handwritten,"{""skew_deg"":0.47,""blur"":""heavy"",""noise"":""high"",""contrast_loss"":true,""fold"":true}",164442,validation
PO00645,NIR/PO/2026-05/6727,CUST0002,2026-05-02,PO00645__L4_excel_grid__q4_phone_photo.jpg,jpg,L4_excel_grid,"Spreadsheet printed to PDF, dense grid, 12 columns",q4_phone_photo,"Phone photo: perspective warp, shadow gradient, handheld blur",N,Y,150,1,8,N,N,8,WhatsApp Image,Scanned Copy,"{""perspective"":true,""shadow_gradient"":true,""handheld_blur"":true}",158768,train
PO00646,SAN/PO/2026-06/2535,CUST0039,2026-06-05,PO00646__L5_handwritten_slip__q4_phone_photo.jpg,jpg,L5_handwritten_slip,"Handwritten order-book slip, ruled paper",q4_phone_photo,"Phone photo: perspective warp, shadow gradient, handheld blur",N,Y,150,1,5,N,N,5,WhatsApp Image,Scanned Copy,"{""perspective"":true,""shadow_gradient"":true,""handheld_blur"":true}",154763,train
PO00647,UTS/PO/2026-06/3685,CUST0068,2026-06-30,PO00647__L4_excel_grid__q1_clean_digital.pdf,pdf,L4_excel_grid,"Spreadsheet printed to PDF, dense grid, 12 columns",q1_clean_digital,Native digital PDF with a real text layer,Y,N,,1,1,N,N,1,Email Excel,Clean Digital,,2433,train
PO00648,UTS/PO/2026-06/8536,CUST0134,2026-06-23,PO00648__L6_erp_portal_print__q1_clean_digital.pdf,pdf,L6_erp_portal_print,"Machine-generated portal print-out, monospaced, barcode",q1_clean_digital,Native digital PDF with a real text layer,Y,N,,1,1,N,N,1,Email PDF,Clean Digital,,2700,train
PO00649,NIR/PO/2026-06/2360,CUST0022,2026-06-25,PO00649__L4_excel_grid__q1_clean_digital.pdf,pdf,L4_excel_grid,"Spreadsheet printed to PDF, dense grid, 12 columns",q1_clean_digital,Native digital PDF with a real text layer,Y,N,,1,4,N,N,4,Email Excel,Clean Digital,,3101,train
PO00650,ANA/PO/2026-07/9584,CUST0150,2026-07-04,PO00650__L3_email_body__q4_phone_photo.jpg,jpg,L3_email_body,"Order typed into an email body, no table, no totals",q4_phone_photo,"Phone photo: perspective warp, shadow gradient, handheld blur",N,Y,150,1,5,N,N,5,WhatsApp Image,Scanned Copy,"{""perspective"":true,""shadow_gradient"":true,""handheld_blur"":true}",170300,train
PO00651,NAK/PO/2026-07/2851,CUST0105,2026-07-16,PO00651__L1_classic_tabular__q1_clean_digital.pdf,pdf,L1_classic_tabular,Classic bordered tabular PO on plain letterhead,q1_clean_digital,Native digital PDF with a real text layer,Y,N,,1,8,N,N,8,Email PDF,Clean Digital,,3893,validation
PO00652,VAS/PO/2026-06/2386,CUST0026,2026-06-28,PO00652__L4_excel_grid__q4_phone_photo.jpg,jpg,L4_excel_grid,"Spreadsheet printed to PDF, dense grid, 12 columns",q4_phone_photo,"Phone photo: perspective warp, shadow gradient, handheld blur",N,Y,150,1,7,N,N,7,WhatsApp Image,Scanned Copy,"{""perspective"":true,""shadow_gradient"":true,""handheld_blur"":true}",116790,test
PO00653,SAN/PO/2026-07/5916,CUST0039,2026-07-12,PO00653__L4_excel_grid__q4_phone_photo.jpg,jpg,L4_excel_grid,"Spreadsheet printed to PDF, dense grid, 12 columns",q4_phone_photo,"Phone photo: perspective warp, shadow gradient, handheld blur",N,Y,150,1,1,N,N,1,WhatsApp Image,Scanned Copy,"{""perspective"":true,""shadow_gradient"":true,""handheld_blur"":true}",113039,test
PO00654,NIM/PO/2026-07/3973,CUST0142,2026-07-16,PO00654__L4_excel_grid__q1_clean_digital.pdf,pdf,L4_excel_grid,"Spreadsheet printed to PDF, dense grid, 12 columns",q1_clean_digital,Native digital PDF with a real text layer,Y,N,,1,4,N,N,4,Email Excel,Clean Digital,,3171,train
PO00655,SAM/PO/2026-05/493,CUST0084,2026-05-29,PO00655__L4_excel_grid__q1_clean_digital.pdf,pdf,L4_excel_grid,"Spreadsheet printed to PDF, dense grid, 12 columns",q1_clean_digital,Native digital PDF with a real text layer,Y,N,,1,3,N,N,3,Email Excel,Clean Digital,,2845,train
PO00656,ADV/PO/2026-06/5488,CUST0017,2026-06-29,PO00656__L4_excel_grid__q1_clean_digital.pdf,pdf,L4_excel_grid,"Spreadsheet printed to PDF, dense grid, 12 columns",q1_clean_digital,Native digital PDF with a real text layer,Y,N,,1,5,N,N,5,Email Excel,Clean Digital,,3430,test
PO00657,TAN/PO/2026-05/2368,CUST0012,2026-05-07,PO00657__L1_classic_tabular__q1_clean_digital.pdf,pdf,L1_classic_tabular,Classic bordered tabular PO on plain letterhead,q1_clean_digital,Native digital PDF with a real text layer,Y,N,,1,3,N,N,3,Email PDF,Clean Digital,,3060,test
PO00658,YAS/PO/2026-07/8904,CUST0124,2026-07-29,PO00658__L1_classic_tabular__q3_poor_scan.pdf,pdf,L1_classic_tabular,Classic bordered tabular PO on plain letterhead,q3_poor_scan,"Poor scan: heavy skew, blur, speckle, fold line, contrast loss",N,Y,150,1,7,N,N,7,Portal Upload,Poor Scan / Handwritten,"{""skew_deg"":-1.36,""blur"":""heavy"",""noise"":""high"",""contrast_loss"":true,""fold"":true}",116069,validation
PO00659,ISH/PO/2026-06/4504,CUST0066,2026-06-24,PO00659__L6_erp_portal_print__q1_clean_digital.pdf,pdf,L6_erp_portal_print,"Machine-generated portal print-out, monospaced, barcode",q1_clean_digital,Native digital PDF with a real text layer,Y,N,,1,6,N,N,6,Portal Upload,Clean Digital,,3136,train
PO00660,SAM/PO/2026-07/4471,CUST0120,2026-07-25,PO00660__L2_exporter_letterhead__q1_clean_digital.pdf,pdf,L2_exporter_letterhead,"Export-house indent, dark letterhead band, rate before qty",q1_clean_digital,Native digital PDF with a real text layer,Y,N,,1,5,N,N,5,Email PDF,Clean Digital,,3245,validation
PO00661,GIR/PO/2026-07/2532,CUST0135,2026-07-22,PO00661__L4_excel_grid__q2_print_scan.pdf,pdf,L4_excel_grid,"Spreadsheet printed to PDF, dense grid, 12 columns",q2_print_scan,"Printed then scanned at 200 dpi, light skew and noise, image-only PDF",N,Y,200,1,2,N,N,2,Email Excel,Clean Digital,"{""skew_deg"":-0.6,""blur"":""light"",""noise"":""low""}",105363,train
PO00662,BHA/PO/2026-04/6574,CUST0123,2026-04-06,PO00662__L4_excel_grid__q1_clean_digital.pdf,pdf,L4_excel_grid,"Spreadsheet printed to PDF, dense grid, 12 columns",q1_clean_digital,Native digital PDF with a real text layer,Y,N,,1,10,N,N,10,Email Excel,Clean Digital,,4588,validation
PO00663,UTS/PO/2026-05/6694,CUST0136,2026-05-06,PO00663__L5_handwritten_slip__q4_phone_photo.jpg,jpg,L5_handwritten_slip,"Handwritten order-book slip, ruled paper",q4_phone_photo,"Phone photo: perspective warp, shadow gradient, handheld blur",N,Y,150,1,3,N,N,3,WhatsApp Image,Poor Scan / Handwritten,"{""perspective"":true,""shadow_gradient"":true,""handheld_blur"":true}",227528,test
PO00664,UTS/PO/2026-06/6086,CUST0068,2026-06-05,PO00664__L1_classic_tabular__q3_poor_scan.pdf,pdf,L1_classic_tabular,Classic bordered tabular PO on plain letterhead,q3_poor_scan,"Poor scan: heavy skew, blur, speckle, fold line, contrast loss",N,Y,150,1,7,N,N,7,Email Excel,Poor Scan / Handwritten,"{""skew_deg"":-1.54,""blur"":""heavy"",""noise"":""high"",""contrast_loss"":true,""fold"":true}",143828,train
PO00665,DEV/PO/2026-05/1776,CUST0104,2026-05-15,PO00665__L6_erp_portal_print__q1_clean_digital.pdf,pdf,L6_erp_portal_print,"Machine-generated portal print-out, monospaced, barcode",q1_clean_digital,Native digital PDF with a real text layer,Y,N,,1,4,N,N,4,Email PDF,Clean Digital,,2824,train
PO00666,NIM/PO/2026-06/8473,CUST0030,2026-06-30,PO00666__L2_exporter_letterhead__q1_clean_digital.pdf,pdf,L2_exporter_letterhead,"Export-house indent, dark letterhead band, rate before qty",q1_clean_digital,Native digital PDF with a real text layer,Y,N,,2,4,Y,N,4,Email PDF,Clean Digital,,4784,validation
PO00667,OOR/PO/2026-05/7383,CUST0119,2026-05-09,PO00667__L1_classic_tabular__q4_phone_photo.jpg,jpg,L1_classic_tabular,Classic bordered tabular PO on plain letterhead,q4_phone_photo,"Phone photo: perspective warp, shadow gradient, handheld blur",N,Y,150,1,8,N,N,8,Scanned Copy,Poor Scan / Handwritten,"{""perspective"":true,""shadow_gradient"":true,""handheld_blur"":true}",151320,train
PO00668,SAT/PO/2026-07/3183,CUST0113,2026-07-24,PO00668__L4_excel_grid__q1_clean_digital.pdf,pdf,L4_excel_grid,"Spreadsheet printed to PDF, dense grid, 12 columns",q1_clean_digital,Native digital PDF with a real text layer,Y,N,,1,6,N,N,6,Email Excel,Clean Digital,,3566,train
PO00669,LAK/PO/2026-06/5639,CUST0052,2026-06-14,PO00669__L1_classic_tabular__q4_phone_photo.jpg,jpg,L1_classic_tabular,Classic bordered tabular PO on plain letterhead,q4_phone_photo,"Phone photo: perspective warp, shadow gradient, handheld blur",N,Y,150,2,7,Y,N,7,WhatsApp Image,Scanned Copy,"{""perspective"":true,""shadow_gradient"":true,""handheld_blur"":true}",339545,train
PO00670,SUR/PO/2026-04/8404,CUST0013,2026-04-27,PO00670__L3_email_body__q4_phone_photo.jpg,jpg,L3_email_body,"Order typed into an email body, no table, no totals",q4_phone_photo,"Phone photo: perspective warp, shadow gradient, handheld blur",N,Y,150,1,10,N,N,10,WhatsApp Image,Scanned Copy,"{""perspective"":true,""shadow_gradient"":true,""handheld_blur"":true}",212400,train
PO00671,SAA/PO/2026-05/7702,CUST0121,2026-05-19,PO00671__L2_exporter_letterhead__q2_print_scan.pdf,pdf,L2_exporter_letterhead,"Export-house indent, dark letterhead band, rate before qty",q2_print_scan,"Printed then scanned at 200 dpi, light skew and noise, image-only PDF",N,Y,200,1,4,N,N,4,Scanned Copy,Scanned Copy,"{""skew_deg"":-0.29,""blur"":""light"",""noise"":""low""}",126595,train
PO00672,VRI/PO/2026-05/1546,CUST0098,2026-05-22,PO00672__L1_classic_tabular__q1_clean_digital.pdf,pdf,L1_classic_tabular,Classic bordered tabular PO on plain letterhead,q1_clean_digital,Native digital PDF with a real text layer,Y,N,,1,5,N,N,5,Email PDF,Clean Digital,,3538,validation
PO00673,TEJ/PO/2026-04/510,CUST0005,2026-04-01,PO00673__L1_classic_tabular__q1_clean_digital.pdf,pdf,L1_classic_tabular,Classic bordered tabular PO on plain letterhead,q1_clean_digital,Native digital PDF with a real text layer,Y,N,,1,8,N,N,8,Email PDF,Clean Digital,,3921,train
PO00674,MAN/PO/2026-04/4760,CUST0054,2026-04-09,PO00674__L5_handwritten_slip__q3_poor_scan.pdf,pdf,L5_handwritten_slip,"Handwritten order-book slip, ruled paper",q3_poor_scan,"Poor scan: heavy skew, blur, speckle, fold line, contrast loss",N,Y,150,1,5,N,N,5,WhatsApp Image,Poor Scan / Handwritten,"{""skew_deg"":2.39,""blur"":""heavy"",""noise"":""high"",""contrast_loss"":true,""fold"":true}",158297,test
PO00675,NIM/PO/2026-05/2985,CUST0030,2026-05-08,PO00675__L1_classic_tabular__q1_clean_digital.pdf,pdf,L1_classic_tabular,Classic bordered tabular PO on plain letterhead,q1_clean_digital,Native digital PDF with a real text layer,Y,N,,1,3,N,N,3,Email PDF,Clean Digital,,3068,train
PO00676,NIM/PO/2026-06/5170,CUST0034,2026-06-27,PO00676__L1_classic_tabular__q1_clean_digital.pdf,pdf,L1_classic_tabular,Classic bordered tabular PO on plain letterhead,q1_clean_digital,Native digital PDF with a real text layer,Y,N,,1,10,N,N,10,Email PDF,Clean Digital,,4205,train
PO00677,AMR/PO/2026-07/7514,CUST0130,2026-07-14,PO00677__L1_classic_tabular__q1_clean_digital.pdf,pdf,L1_classic_tabular,Classic bordered tabular PO on plain letterhead,q1_clean_digital,Native digital PDF with a real text layer,Y,N,,1,3,N,N,3,Email PDF,Clean Digital,,3028,train
PO00678,NIM/PO/2026-04/196,CUST0037,2026-04-25,PO00678__L1_classic_tabular__q1_clean_digital.pdf,pdf,L1_classic_tabular,Classic bordered tabular PO on plain letterhead,q1_clean_digital,Native digital PDF with a real text layer,Y,N,,1,7,N,N,7,Email PDF,Clean Digital,,3924,train
PO00679,PRA/PO/2026-07/2470,CUST0038,2026-07-21,PO00679__L1_classic_tabular__q1_clean_digital.pdf,pdf,L1_classic_tabular,Classic bordered tabular PO on plain letterhead,q1_clean_digital,Native digital PDF with a real text layer,Y,N,,1,2,N,N,2,Email PDF,Clean Digital,,2818,validation
PO00680,AAS/PO/2026-06/8324,CUST0067,2026-06-16,PO00680__L2_exporter_letterhead__q1_clean_digital.pdf,pdf,L2_exporter_letterhead,"Export-house indent, dark letterhead band, rate before qty",q1_clean_digital,Native digital PDF with a real text layer,Y,N,,1,3,N,N,3,Email PDF,Clean Digital,,2926,train
PO00681,BHO/PO/2026-05/1390,CUST0080,2026-05-13,PO00681__L2_exporter_letterhead__q1_clean_digital.pdf,pdf,L2_exporter_letterhead,"Export-house indent, dark letterhead band, rate before qty",q1_clean_digital,Native digital PDF with a real text layer,Y,N,,1,4,N,N,4,Email PDF,Clean Digital,,3137,test
PO00682,VAS/PO/2026-04/1372,CUST0026,2026-04-23,PO00682__L5_handwritten_slip__q3_poor_scan.pdf,pdf,L5_handwritten_slip,"Handwritten order-book slip, ruled paper",q3_poor_scan,"Poor scan: heavy skew, blur, speckle, fold line, contrast loss",N,Y,150,1,5,N,N,5,WhatsApp Image,Scanned Copy,"{""skew_deg"":-1.71,""blur"":""heavy"",""noise"":""high"",""contrast_loss"":true,""fold"":true}",96907,validation
PO00683,SAT/PO/2026-04/675,CUST0009,2026-04-04,PO00683__L1_classic_tabular__q4_phone_photo.jpg,jpg,L1_classic_tabular,Classic bordered tabular PO on plain letterhead,q4_phone_photo,"Phone photo: perspective warp, shadow gradient, handheld blur",N,Y,150,2,2,Y,N,2,WhatsApp Image,Scanned Copy,"{""perspective"":true,""shadow_gradient"":true,""handheld_blur"":true}",246416,train
PO00684,OJA/PO/2026-08/9935,CUST0111,2026-08-13,PO00684__L3_email_body__q1_clean_digital.pdf,pdf,L3_email_body,"Order typed into an email body, no table, no totals",q1_clean_digital,Native digital PDF with a real text layer,Y,N,,1,10,N,N,10,Email PDF,Clean Digital,,2932,train
PO00685,AMR/PO/2026-04/1187,CUST0043,2026-04-07,PO00685__L2_exporter_letterhead__q1_clean_digital.pdf,pdf,L2_exporter_letterhead,"Export-house indent, dark letterhead band, rate before qty",q1_clean_digital,Native digital PDF with a real text layer,Y,N,,1,4,N,N,4,Email PDF,Clean Digital,,3061,train
PO00686,PRA/PO/2026-08/9275,CUST0071,2026-08-18,PO00686__L4_excel_grid__q4_phone_photo.jpg,jpg,L4_excel_grid,"Spreadsheet printed to PDF, dense grid, 12 columns",q4_phone_photo,"Phone photo: perspective warp, shadow gradient, handheld blur",N,Y,150,1,6,N,N,6,WhatsApp Image,Scanned Copy,"{""perspective"":true,""shadow_gradient"":true,""handheld_blur"":true}",107761,validation
PO00687,KRI/PO/2026-07/1505,CUST0008,2026-07-16,PO00687__L6_erp_portal_print__q3_poor_scan.pdf,pdf,L6_erp_portal_print,"Machine-generated portal print-out, monospaced, barcode",q3_poor_scan,"Poor scan: heavy skew, blur, speckle, fold line, contrast loss",N,Y,150,1,7,N,N,7,Email Excel,Poor Scan / Handwritten,"{""skew_deg"":0.23,""blur"":""heavy"",""noise"":""high"",""contrast_loss"":true,""fold"":true}",71978,validation
PO00688,YUV/PO/2026-04/9503,CUST0079,2026-04-22,PO00688__L4_excel_grid__q1_clean_digital.pdf,pdf,L4_excel_grid,"Spreadsheet printed to PDF, dense grid, 12 columns",q1_clean_digital,Native digital PDF with a real text layer,Y,N,,1,2,N,N,2,Email Excel,Clean Digital,,2703,train
PO00689,TEJ/PO/2026-07/2735,CUST0005,2026-07-25,PO00689__L1_classic_tabular__q1_clean_digital.pdf,pdf,L1_classic_tabular,Classic bordered tabular PO on plain letterhead,q1_clean_digital,Native digital PDF with a real text layer,Y,N,,1,7,N,N,7,Email PDF,Clean Digital,,3693,train
PO00690,HAR/PO/2026-07/3490,CUST0083,2026-07-14,PO00690__L6_erp_portal_print__q1_clean_digital.pdf,pdf,L6_erp_portal_print,"Machine-generated portal print-out, monospaced, barcode",q1_clean_digital,Native digital PDF with a real text layer,Y,N,,1,10,N,N,10,Portal Upload,Clean Digital,,3554,test
PO00691,VAI/PO/2026-05/4442,CUST0064,2026-05-10,PO00691__L3_email_body__q2_print_scan.pdf,pdf,L3_email_body,"Order typed into an email body, no table, no totals",q2_print_scan,"Printed then scanned at 200 dpi, light skew and noise, image-only PDF",N,Y,200,1,3,N,N,3,Email PDF,Clean Digital,"{""skew_deg"":-0.01,""blur"":""light"",""noise"":""low""}",111531,train
PO00692,UTS/PO/2026-04/1236,CUST0021,2026-04-01,PO00692__L2_exporter_letterhead__q3_poor_scan.pdf,pdf,L2_exporter_letterhead,"Export-house indent, dark letterhead band, rate before qty",q3_poor_scan,"Poor scan: heavy skew, blur, speckle, fold line, contrast loss",N,Y,150,1,3,N,N,3,Email Excel,Poor Scan / Handwritten,"{""skew_deg"":2.25,""blur"":""heavy"",""noise"":""high"",""contrast_loss"":true,""fold"":true}",145578,train
PO00693,SAA/PO/2026-06/8827,CUST0121,2026-06-08,PO00693__L2_exporter_letterhead__q2_print_scan.pdf,pdf,L2_exporter_letterhead,"Export-house indent, dark letterhead band, rate before qty",q2_print_scan,"Printed then scanned at 200 dpi, light skew and noise, image-only PDF",N,Y,200,1,5,N,N,5,Scanned Copy,Scanned Copy,"{""skew_deg"":0.49,""blur"":""light"",""noise"":""low""}",132637,train
PO00694,SUR/PO/2026-07/4511,CUST0013,2026-07-08,PO00694__L1_classic_tabular__q4_phone_photo.jpg,jpg,L1_classic_tabular,Classic bordered tabular PO on plain letterhead,q4_phone_photo,"Phone photo: perspective warp, shadow gradient, handheld blur",N,Y,150,1,10,N,N,10,WhatsApp Image,Scanned Copy,"{""perspective"":true,""shadow_gradient"":true,""handheld_blur"":true}",165610,test
PO00695,PRA/PO/2026-04/2026,CUST0038,2026-04-21,PO00695__L1_classic_tabular__q1_clean_digital.pdf,pdf,L1_classic_tabular,Classic bordered tabular PO on plain letterhead,q1_clean_digital,Native digital PDF with a real text layer,Y,N,,1,10,N,N,10,Email PDF,Clean Digital,,4184,train
PO00696,ADV/PO/2026-07/7177,CUST0092,2026-07-10,PO00696__L1_classic_tabular__q1_clean_digital.pdf,pdf,L1_classic_tabular,Classic bordered tabular PO on plain letterhead,q1_clean_digital,Native digital PDF with a real text layer,Y,N,,1,8,N,N,8,Email PDF,Clean Digital,,3728,train
PO00697,UTS/PO/2026-07/6254,CUST0021,2026-07-28,PO00697__L4_excel_grid__q1_clean_digital.pdf,pdf,L4_excel_grid,"Spreadsheet printed to PDF, dense grid, 12 columns",q1_clean_digital,Native digital PDF with a real text layer,Y,N,,1,3,N,N,3,Email Excel,Clean Digital,,2883,train
PO00698,ISH/PO/2026-07/5902,CUST0066,2026-07-15,PO00698__L1_classic_tabular__q5_fax_bitonal.png,png,L1_classic_tabular,Classic bordered tabular PO on plain letterhead,q5_fax_bitonal,"Fax/bitonal: 1-bit threshold, streaks, slipped rows",N,Y,200,1,5,N,N,5,Portal Upload,Poor Scan / Handwritten,"{""bitonal_threshold"":176,""streaks"":true,""row_slip"":true}",37438,validation
PO00699,YAS/PO/2026-04/7867,CUST0124,2026-04-07,PO00699__L6_erp_portal_print__q1_clean_digital.pdf,pdf,L6_erp_portal_print,"Machine-generated portal print-out, monospaced, barcode",q1_clean_digital,Native digital PDF with a real text layer,Y,N,,1,3,N,N,3,Portal Upload,Clean Digital,,2846,validation
PO00700,URV/PO/2026-07/3194,CUST0063,2026-07-03,PO00700__L2_exporter_letterhead__q1_clean_digital.pdf,pdf,L2_exporter_letterhead,"Export-house indent, dark letterhead band, rate before qty",q1_clean_digital,Native digital PDF with a real text layer,Y,N,,1,3,N,N,3,Email PDF,Clean Digital,,2966,validation
PO00701,NIM/PO/2026-05/6172,CUST0037,2026-05-16,PO00701__L3_email_body__q1_clean_digital.pdf,pdf,L3_email_body,"Order typed into an email body, no table, no totals",q1_clean_digital,Native digital PDF with a real text layer,Y,N,,1,2,N,N,2,Email PDF,Clean Digital,,2329,train
PO00702,NIR/PO/2026-08/8606,CUST0032,2026-08-08,PO00702__L1_classic_tabular__q1_clean_digital.pdf,pdf,L1_classic_tabular,Classic bordered tabular PO on plain letterhead,q1_clean_digital,Native digital PDF with a real text layer,Y,N,,1,1,N,N,1,Email PDF,Clean Digital,,2674,train
PO00703,OJA/PO/2026-06/2706,CUST0131,2026-06-08,PO00703__L6_erp_portal_print__q1_clean_digital.pdf,pdf,L6_erp_portal_print,"Machine-generated portal print-out, monospaced, barcode",q1_clean_digital,Native digital PDF with a real text layer,Y,N,,1,3,N,N,3,Portal Upload,Clean Digital,,2938,train
PO00704,CHA/PO/2026-06/1377,CUST0004,2026-06-22,PO00704__L1_classic_tabular__q3_poor_scan.pdf,pdf,L1_classic_tabular,Classic bordered tabular PO on plain letterhead,q3_poor_scan,"Poor scan: heavy skew, blur, speckle, fold line, contrast loss",N,Y,150,1,6,N,N,6,Email Excel,Poor Scan / Handwritten,"{""skew_deg"":-0.42,""blur"":""heavy"",""noise"":""high"",""contrast_loss"":true,""fold"":true}",180403,train
PO00705,CHA/PO/2026-05/1125,CUST0004,2026-05-29,PO00705__L4_excel_grid__q1_clean_digital.pdf,pdf,L4_excel_grid,"Spreadsheet printed to PDF, dense grid, 12 columns",q1_clean_digital,Native digital PDF with a real text layer,Y,N,,1,3,N,N,3,Email Excel,Clean Digital,,2976,train
PO00706,SAN/PO/2026-06/4211,CUST0085,2026-06-26,PO00706__L1_classic_tabular__q2_print_scan.pdf,pdf,L1_classic_tabular,Classic bordered tabular PO on plain letterhead,q2_print_scan,"Printed then scanned at 200 dpi, light skew and noise, image-only PDF",N,Y,200,1,6,N,N,6,Email PDF,Clean Digital,"{""skew_deg"":-0.08,""blur"":""light"",""noise"":""low""}",185345,train
PO00707,GIR/PO/2026-08/1866,CUST0090,2026-08-20,PO00707__L6_erp_portal_print__q1_clean_digital.pdf,pdf,L6_erp_portal_print,"Machine-generated portal print-out, monospaced, barcode",q1_clean_digital,Native digital PDF with a real text layer,Y,N,,1,5,N,N,5,Portal Upload,Clean Digital,,2939,validation
PO00708,AAS/PO/2026-04/9634,CUST0067,2026-04-08,PO00708__L5_handwritten_slip__q4_phone_photo.jpg,jpg,L5_handwritten_slip,"Handwritten order-book slip, ruled paper",q4_phone_photo,"Phone photo: perspective warp, shadow gradient, handheld blur",N,Y,150,1,5,N,N,5,Email PDF,Poor Scan / Handwritten,"{""perspective"":true,""shadow_gradient"":true,""handheld_blur"":true}",197093,test
PO00709,VAS/PO/2026-06/6678,CUST0128,2026-06-20,PO00709__L3_email_body__q1_clean_digital.pdf,pdf,L3_email_body,"Order typed into an email body, no table, no totals",q1_clean_digital,Native digital PDF with a real text layer,Y,N,,1,2,N,N,2,Email PDF,Clean Digital,,2356,test
PO00710,SAA/PO/2026-06/7613,CUST0044,2026-06-27,PO00710__L2_exporter_letterhead__q2_print_scan.pdf,pdf,L2_exporter_letterhead,"Export-house indent, dark letterhead band, rate before qty",q2_print_scan,"Printed then scanned at 200 dpi, light skew and noise, image-only PDF",N,Y,200,1,7,N,N,7,Email PDF,Clean Digital,"{""skew_deg"":0.02,""blur"":""light"",""noise"":""low""}",198457,test
PO00711,MAN/PO/2026-04/3602,CUST0023,2026-04-02,PO00711__L6_erp_portal_print__q3_poor_scan.pdf,pdf,L6_erp_portal_print,"Machine-generated portal print-out, monospaced, barcode",q3_poor_scan,"Poor scan: heavy skew, blur, speckle, fold line, contrast loss",N,Y,150,1,10,N,N,10,WhatsApp Image,Scanned Copy,"{""skew_deg"":-2.07,""blur"":""heavy"",""noise"":""high"",""contrast_loss"":true,""fold"":true}",132601,train
PO00712,CHA/PO/2026-05/5969,CUST0004,2026-05-31,PO00712__L4_excel_grid__q2_print_scan.pdf,pdf,L4_excel_grid,"Spreadsheet printed to PDF, dense grid, 12 columns",q2_print_scan,"Printed then scanned at 200 dpi, light skew and noise, image-only PDF",N,Y,200,1,2,N,N,2,Email Excel,Clean Digital,"{""skew_deg"":-0.57,""blur"":""light"",""noise"":""low""}",94749,train
PO00713,PRA/PO/2026-04/5297,CUST0038,2026-04-06,PO00713__L1_classic_tabular__q3_poor_scan.pdf,pdf,L1_classic_tabular,Classic bordered tabular PO on plain letterhead,q3_poor_scan,"Poor scan: heavy skew, blur, speckle, fold line, contrast loss",N,Y,150,1,7,N,N,7,Email PDF,Poor Scan / Handwritten,"{""skew_deg"":1.82,""blur"":""heavy"",""noise"":""high"",""contrast_loss"":true,""fold"":true}",224491,train
PO00714,OOR/PO/2026-05/4817,CUST0074,2026-05-26,PO00714__L1_classic_tabular__q2_print_scan.pdf,pdf,L1_classic_tabular,Classic bordered tabular PO on plain letterhead,q2_print_scan,"Printed then scanned at 200 dpi, light skew and noise, image-only PDF",N,Y,200,1,8,N,N,8,Scanned Copy,Scanned Copy,"{""skew_deg"":0.57,""blur"":""light"",""noise"":""low""}",194448,test
PO00715,KAV/PO/2026-05/9531,CUST0014,2026-05-04,PO00715__L6_erp_portal_print__q3_poor_scan.pdf,pdf,L6_erp_portal_print,"Machine-generated portal print-out, monospaced, barcode",q3_poor_scan,"Poor scan: heavy skew, blur, speckle, fold line, contrast loss",N,Y,150,1,4,N,N,4,Email PDF,Poor Scan / Handwritten,"{""skew_deg"":2.22,""blur"":""heavy"",""noise"":""high"",""contrast_loss"":true,""fold"":true}",129960,train
PO00716,YAS/PO/2026-05/9275,CUST0036,2026-05-06,PO00716__L1_classic_tabular__q4_phone_photo.jpg,jpg,L1_classic_tabular,Classic bordered tabular PO on plain letterhead,q4_phone_photo,"Phone photo: perspective warp, shadow gradient, handheld blur",N,Y,150,2,7,Y,N,7,WhatsApp Image,Poor Scan / Handwritten,"{""perspective"":true,""shadow_gradient"":true,""handheld_blur"":true}",317078,test
PO00717,KAV/PO/2026-06/4078,CUST0049,2026-06-26,PO00717__L6_erp_portal_print__q1_clean_digital.pdf,pdf,L6_erp_portal_print,"Machine-generated portal print-out, monospaced, barcode",q1_clean_digital,Native digital PDF with a real text layer,Y,N,,1,5,N,N,5,Portal Upload,Clean Digital,,3046,train
PO00718,PRI/PO/2026-07/6027,CUST0051,2026-07-10,PO00718__L4_excel_grid__q1_clean_digital.pdf,pdf,L4_excel_grid,"Spreadsheet printed to PDF, dense grid, 12 columns",q1_clean_digital,Native digital PDF with a real text layer,Y,N,,1,4,N,N,4,Email Excel,Clean Digital,,3150,test
PO00719,TEJ/PO/2026-05/6707,CUST0005,2026-05-05,PO00719__L1_classic_tabular__q1_clean_digital.pdf,pdf,L1_classic_tabular,Classic bordered tabular PO on plain letterhead,q1_clean_digital,Native digital PDF with a real text layer,Y,N,,1,2,N,N,2,Email PDF,Clean Digital,,2886,validation
PO00720,OOR/PO/2026-07/5466,CUST0069,2026-07-09,PO00720__L1_classic_tabular__q2_print_scan.pdf,pdf,L1_classic_tabular,Classic bordered tabular PO on plain letterhead,q2_print_scan,"Printed then scanned at 200 dpi, light skew and noise, image-only PDF",N,Y,200,1,12,N,N,12,Email PDF,Clean Digital,"{""skew_deg"":-0.7,""blur"":""light"",""noise"":""low""}",226885,train
PO00721,AAS/PO/2026-05/5835,CUST0057,2026-05-27,PO00721__L1_classic_tabular__q1_clean_digital.pdf,pdf,L1_classic_tabular,Classic bordered tabular PO on plain letterhead,q1_clean_digital,Native digital PDF with a real text layer,Y,N,,1,1,N,N,1,Email PDF,Clean Digital,,2675,train
PO00722,GIR/PO/2026-07/812,CUST0090,2026-07-09,PO00722__L6_erp_portal_print__q1_clean_digital.pdf,pdf,L6_erp_portal_print,"Machine-generated portal print-out, monospaced, barcode",q1_clean_digital,Native digital PDF with a real text layer,Y,N,,1,9,N,N,9,Portal Upload,Clean Digital,,3484,train
PO00723,ZAR/PO/2026-05/4726,CUST0106,2026-05-13,PO00723__L5_handwritten_slip__q4_phone_photo.jpg,jpg,L5_handwritten_slip,"Handwritten order-book slip, ruled paper",q4_phone_photo,"Phone photo: perspective warp, shadow gradient, handheld blur",N,Y,150,1,3,N,N,3,Email Excel,Poor Scan / Handwritten,"{""perspective"":true,""shadow_gradient"":true,""handheld_blur"":true}",148471,train
PO00724,SUR/PO/2026-04/8804,CUST0013,2026-04-08,PO00724__L5_handwritten_slip__q4_phone_photo.jpg,jpg,L5_handwritten_slip,"Handwritten order-book slip, ruled paper",q4_phone_photo,"Phone photo: perspective warp, shadow gradient, handheld blur",N,Y,150,1,4,N,N,4,WhatsApp Image,Poor Scan / Handwritten,"{""perspective"":true,""shadow_gradient"":true,""handheld_blur"":true}",103121,test
PO00725,NIM/PO/2026-04/2174,CUST0037,2026-04-22,PO00725__L1_classic_tabular__q3_poor_scan.pdf,pdf,L1_classic_tabular,Classic bordered tabular PO on plain letterhead,q3_poor_scan,"Poor scan: heavy skew, blur, speckle, fold line, contrast loss",N,Y,150,1,10,N,N,10,Email PDF,Poor Scan / Handwritten,"{""skew_deg"":1.13,""blur"":""heavy"",""noise"":""high"",""contrast_loss"":true,""fold"":true}",107473,test
PO00726,MEG/PO/2026-07/6263,CUST0122,2026-07-10,PO00726__L1_classic_tabular__q1_clean_digital.pdf,pdf,L1_classic_tabular,Classic bordered tabular PO on plain letterhead,q1_clean_digital,Native digital PDF with a real text layer,Y,N,,2,7,Y,N,7,Email PDF,Clean Digital,,5434,train
PO00727,YAS/PO/2026-08/8540,CUST0036,2026-08-01,PO00727__L1_classic_tabular__q4_phone_photo.jpg,jpg,L1_classic_tabular,Classic bordered tabular PO on plain letterhead,q4_phone_photo,"Phone photo: perspective warp, shadow gradient, handheld blur",N,Y,150,1,8,N,N,8,WhatsApp Image,Scanned Copy,"{""perspective"":true,""shadow_gradient"":true,""handheld_blur"":true}",163510,train
PO00728,DEV/PO/2026-06/1806,CUST0077,2026-06-03,PO00728__L2_exporter_letterhead__q1_clean_digital.pdf,pdf,L2_exporter_letterhead,"Export-house indent, dark letterhead band, rate before qty",q1_clean_digital,Native digital PDF with a real text layer,Y,N,,2,5,Y,N,5,Email PDF,Clean Digital,,5017,train
PO00729,DEV/PO/2026-04/2231,CUST0088,2026-04-12,PO00729__L1_classic_tabular__q2_print_scan.pdf,pdf,L1_classic_tabular,Classic bordered tabular PO on plain letterhead,q2_print_scan,"Printed then scanned at 200 dpi, light skew and noise, image-only PDF",N,Y,200,1,10,N,N,10,Scanned Copy,Scanned Copy,"{""skew_deg"":0.51,""blur"":""light"",""noise"":""low""}",195136,train
PO00730,SUR/PO/2026-07/2689,CUST0133,2026-07-20,PO00730__L4_excel_grid__q1_clean_digital.pdf,pdf,L4_excel_grid,"Spreadsheet printed to PDF, dense grid, 12 columns",q1_clean_digital,Native digital PDF with a real text layer,Y,N,,1,3,N,N,3,Email Excel,Clean Digital,,2895,test
PO00731,SUR/PO/2026-04/1548,CUST0133,2026-04-30,PO00731__L4_excel_grid__q2_print_scan.pdf,pdf,L4_excel_grid,"Spreadsheet printed to PDF, dense grid, 12 columns",q2_print_scan,"Printed then scanned at 200 dpi, light skew and noise, image-only PDF",N,Y,200,1,4,N,N,4,Email Excel,Clean Digital,"{""skew_deg"":0.06,""blur"":""light"",""noise"":""low""}",134075,test
PO00732,CHA/PO/2026-08/7890,CUST0060,2026-08-05,PO00732__L6_erp_portal_print__q1_clean_digital.pdf,pdf,L6_erp_portal_print,"Machine-generated portal print-out, monospaced, barcode",q1_clean_digital,Native digital PDF with a real text layer,Y,N,,1,4,N,N,4,Portal Upload,Clean Digital,,2959,test
PO00733,SAN/PO/2026-06/4440,CUST0085,2026-06-11,PO00733__L3_email_body__q1_clean_digital.pdf,pdf,L3_email_body,"Order typed into an email body, no table, no totals",q1_clean_digital,Native digital PDF with a real text layer,Y,N,,1,3,N,N,3,Email PDF,Clean Digital,,2369,validation
PO00734,TEJ/PO/2026-08/5153,CUST0005,2026-08-20,PO00734__L1_classic_tabular__q1_clean_digital.pdf,pdf,L1_classic_tabular,Classic bordered tabular PO on plain letterhead,q1_clean_digital,Native digital PDF with a real text layer,Y,N,,1,4,N,N,4,Email PDF,Clean Digital,,3183,train
PO00735,OJA/PO/2026-05/2843,CUST0018,2026-05-12,PO00735__L1_classic_tabular__q3_poor_scan.pdf,pdf,L1_classic_tabular,Classic bordered tabular PO on plain letterhead,q3_poor_scan,"Poor scan: heavy skew, blur, speckle, fold line, contrast loss",N,Y,150,1,7,N,N,7,Scanned Copy,Scanned Copy,"{""skew_deg"":2.15,""blur"":""heavy"",""noise"":""high"",""contrast_loss"":true,""fold"":true}",149806,train
PO00736,ADV/PO/2026-07/3081,CUST0065,2026-07-26,PO00736__L6_erp_portal_print__q4_phone_photo.jpg,jpg,L6_erp_portal_print,"Machine-generated portal print-out, monospaced, barcode",q4_phone_photo,"Phone photo: perspective warp, shadow gradient, handheld blur",N,Y,150,1,3,N,N,3,WhatsApp Image,Scanned Copy,"{""perspective"":true,""shadow_gradient"":true,""handheld_blur"":true}",171953,train
PO00737,NIR/PO/2026-04/1979,CUST0022,2026-04-02,PO00737__L4_excel_grid__q1_clean_digital.pdf,pdf,L4_excel_grid,"Spreadsheet printed to PDF, dense grid, 12 columns",q1_clean_digital,Native digital PDF with a real text layer,Y,N,,1,3,N,N,3,Email Excel,Clean Digital,,2878,train
PO00738,DEV/PO/2026-05/3895,CUST0104,2026-05-22,PO00738__L1_classic_tabular__q1_clean_digital.pdf,pdf,L1_classic_tabular,Classic bordered tabular PO on plain letterhead,q1_clean_digital,Native digital PDF with a real text layer,Y,N,,2,2,Y,N,2,Email PDF,Clean Digital,,4532,train
PO00739,TEJ/PO/2026-06/5531,CUST0005,2026-06-30,PO00739__L1_classic_tabular__q1_clean_digital.pdf,pdf,L1_classic_tabular,Classic bordered tabular PO on plain letterhead,q1_clean_digital,Native digital PDF with a real text layer,Y,N,,1,9,N,N,9,Email PDF,Clean Digital,,4024,train
PO00740,OJA/PO/2026-06/6117,CUST0131,2026-06-21,PO00740__L6_erp_portal_print__q1_clean_digital.pdf,pdf,L6_erp_portal_print,"Machine-generated portal print-out, monospaced, barcode",q1_clean_digital,Native digital PDF with a real text layer,Y,N,,1,7,N,N,7,Portal Upload,Clean Digital,,3280,test
PO00741,YAS/PO/2026-04/7042,CUST0010,2026-04-14,PO00741__L2_exporter_letterhead__q1_clean_digital.pdf,pdf,L2_exporter_letterhead,"Export-house indent, dark letterhead band, rate before qty",q1_clean_digital,Native digital PDF with a real text layer,Y,N,,2,1,Y,N,1,Email PDF,Clean Digital,,4434,train
PO00742,ADV/PO/2026-07/4273,CUST0092,2026-07-22,PO00742__L2_exporter_letterhead__q1_clean_digital.pdf,pdf,L2_exporter_letterhead,"Export-house indent, dark letterhead band, rate before qty",q1_clean_digital,Native digital PDF with a real text layer,Y,N,,1,2,N,N,2,Email PDF,Clean Digital,,2833,train
PO00743,AMR/PO/2026-06/7891,CUST0130,2026-06-10,PO00743__L3_email_body__q1_clean_digital.pdf,pdf,L3_email_body,"Order typed into an email body, no table, no totals",q1_clean_digital,Native digital PDF with a real text layer,Y,N,,1,3,N,N,3,Email PDF,Clean Digital,,2390,train
PO00744,BHA/PO/2026-04/2891,CUST0123,2026-04-16,PO00744__L4_excel_grid__q1_clean_digital.pdf,pdf,L4_excel_grid,"Spreadsheet printed to PDF, dense grid, 12 columns",q1_clean_digital,Native digital PDF with a real text layer,Y,N,,1,4,N,N,4,Email Excel,Clean Digital,,3148,train
PO00745,KRI/PO/2026-05/9529,CUST0008,2026-05-02,PO00745__L4_excel_grid__q1_clean_digital.pdf,pdf,L4_excel_grid,"Spreadsheet printed to PDF, dense grid, 12 columns",q1_clean_digital,Native digital PDF with a real text layer,Y,N,,1,1,N,N,1,Email Excel,Clean Digital,,2443,validation
PO00746,MEG/PO/2026-04/8688,CUST0125,2026-04-10,PO00746__L2_exporter_letterhead__q3_poor_scan.pdf,pdf,L2_exporter_letterhead,"Export-house indent, dark letterhead band, rate before qty",q3_poor_scan,"Poor scan: heavy skew, blur, speckle, fold line, contrast loss",N,Y,150,1,2,N,N,2,Scanned Copy,Scanned Copy,"{""skew_deg"":0.78,""blur"":""heavy"",""noise"":""high"",""contrast_loss"":true,""fold"":true}",129577,train
PO00747,MEG/PO/2026-04/6272,CUST0125,2026-04-14,PO00747__L5_handwritten_slip__q3_poor_scan.pdf,pdf,L5_handwritten_slip,"Handwritten order-book slip, ruled paper",q3_poor_scan,"Poor scan: heavy skew, blur, speckle, fold line, contrast loss",N,Y,150,1,4,N,N,4,Scanned Copy,Scanned Copy,"{""skew_deg"":-0.55,""blur"":""heavy"",""noise"":""high"",""contrast_loss"":true,""fold"":true}",161507,train
PO00748,MEG/PO/2026-05/9696,CUST0089,2026-05-25,PO00748__L5_handwritten_slip__q2_print_scan.pdf,pdf,L5_handwritten_slip,"Handwritten order-book slip, ruled paper",q2_print_scan,"Printed then scanned at 200 dpi, light skew and noise, image-only PDF",N,Y,200,1,3,N,N,3,Email PDF,Poor Scan / Handwritten,"{""skew_deg"":0.12,""blur"":""light"",""noise"":""low""}",95995,validation
PO00749,VAI/PO/2026-06/8402,CUST0007,2026-06-24,PO00749__L5_handwritten_slip__q3_poor_scan.pdf,pdf,L5_handwritten_slip,"Handwritten order-book slip, ruled paper",q3_poor_scan,"Poor scan: heavy skew, blur, speckle, fold line, contrast loss",N,Y,150,1,5,N,N,5,Email PDF,Poor Scan / Handwritten,"{""skew_deg"":0.58,""blur"":""heavy"",""noise"":""high"",""contrast_loss"":true,""fold"":true}",191103,validation
PO00750,NIM/PO/2026-07/1753,CUST0034,2026-07-28,PO00750__L1_classic_tabular__q2_print_scan.pdf,pdf,L1_classic_tabular,Classic bordered tabular PO on plain letterhead,q2_print_scan,"Printed then scanned at 200 dpi, light skew and noise, image-only PDF",N,Y,200,1,5,N,N,5,Email PDF,Clean Digital,"{""skew_deg"":0.58,""blur"":""light"",""noise"":""low""}",167164,train
PO00751,KAV/PO/2026-06/5378,CUST0014,2026-06-10,PO00751__L2_exporter_letterhead__q1_clean_digital.pdf,pdf,L2_exporter_letterhead,"Export-house indent, dark letterhead band, rate before qty",q1_clean_digital,Native digital PDF with a real text layer,Y,N,,1,12,N,N,12,Email PDF,Clean Digital,,4158,train
PO00752,UTS/PO/2026-06/8919,CUST0136,2026-06-24,PO00752__L5_handwritten_slip__q3_poor_scan.pdf,pdf,L5_handwritten_slip,"Handwritten order-book slip, ruled paper",q3_poor_scan,"Poor scan: heavy skew, blur, speckle, fold line, contrast loss",N,Y,150,1,6,N,N,6,WhatsApp Image,Scanned Copy,"{""skew_deg"":0.57,""blur"":""heavy"",""noise"":""high"",""contrast_loss"":true,""fold"":true}",157063,train
PO00753,SAT/PO/2026-06/1808,CUST0113,2026-06-05,PO00753__L4_excel_grid__q1_clean_digital.pdf,pdf,L4_excel_grid,"Spreadsheet printed to PDF, dense grid, 12 columns",q1_clean_digital,Native digital PDF with a real text layer,Y,N,,1,2,N,N,2,Email Excel,Clean Digital,,2691,validation
PO00754,SUR/PO/2026-06/5134,CUST0110,2026-06-03,PO00754__L3_email_body__q3_poor_scan.pdf,pdf,L3_email_body,"Order typed into an email body, no table, no totals",q3_poor_scan,"Poor scan: heavy skew, blur, speckle, fold line, contrast loss",N,Y,150,1,4,N,N,4,Email PDF,Poor Scan / Handwritten,"{""skew_deg"":-1.86,""blur"":""heavy"",""noise"":""high"",""contrast_loss"":true,""fold"":true}",135153,validation
PO00755,SAM/PO/2026-07/1107,CUST0120,2026-07-01,PO00755__L3_email_body__q1_clean_digital.pdf,pdf,L3_email_body,"Order typed into an email body, no table, no totals",q1_clean_digital,Native digital PDF with a real text layer,Y,N,,1,5,N,N,5,Email PDF,Clean Digital,,2501,test
PO00756,DEV/PO/2026-07/8633,CUST0096,2026-07-25,PO00756__L2_exporter_letterhead__q1_clean_digital.pdf,pdf,L2_exporter_letterhead,"Export-house indent, dark letterhead band, rate before qty",q1_clean_digital,Native digital PDF with a real text layer,Y,N,,2,6,Y,N,6,Email PDF,Clean Digital,,5107,test
PO00757,SAN/PO/2026-08/1003,CUST0095,2026-08-11,PO00757__L1_classic_tabular__q1_clean_digital.pdf,pdf,L1_classic_tabular,Classic bordered tabular PO on plain letterhead,q1_clean_digital,Native digital PDF with a real text layer,Y,N,,1,5,N,N,5,Email PDF,Clean Digital,,3403,validation
PO00758,VRI/PO/2026-07/2957,CUST0098,2026-07-02,PO00758__L2_exporter_letterhead__q1_clean_digital.pdf,pdf,L2_exporter_letterhead,"Export-house indent, dark letterhead band, rate before qty",q1_clean_digital,Native digital PDF with a real text layer,Y,N,,1,3,N,N,3,Email PDF,Clean Digital,,3023,test
PO00759,YAS/PO/2026-04/8895,CUST0016,2026-04-08,PO00759__L6_erp_portal_print__q4_phone_photo.jpg,jpg,L6_erp_portal_print,"Machine-generated portal print-out, monospaced, barcode",q4_phone_photo,"Phone photo: perspective warp, shadow gradient, handheld blur",N,Y,150,1,7,N,N,7,WhatsApp Image,Scanned Copy,"{""perspective"":true,""shadow_gradient"":true,""handheld_blur"":true}",188417,train
PO00760,ISH/PO/2026-05/7887,CUST0066,2026-05-22,PO00760__L1_classic_tabular__q3_poor_scan.pdf,pdf,L1_classic_tabular,Classic bordered tabular PO on plain letterhead,q3_poor_scan,"Poor scan: heavy skew, blur, speckle, fold line, contrast loss",N,Y,150,1,7,N,N,7,Portal Upload,Poor Scan / Handwritten,"{""skew_deg"":0.43,""blur"":""heavy"",""noise"":""high"",""contrast_loss"":true,""fold"":true}",102786,validation
PO00761,ANA/PO/2026-08/2915,CUST0150,2026-08-13,PO00761__L3_email_body__q4_phone_photo.jpg,jpg,L3_email_body,"Order typed into an email body, no table, no totals",q4_phone_photo,"Phone photo: perspective warp, shadow gradient, handheld blur",N,Y,150,1,5,N,N,5,WhatsApp Image,Scanned Copy,"{""perspective"":true,""shadow_gradient"":true,""handheld_blur"":true}",96074,test
PO00762,MEG/PO/2026-06/3540,CUST0125,2026-06-07,PO00762__L2_exporter_letterhead__q3_poor_scan.pdf,pdf,L2_exporter_letterhead,"Export-house indent, dark letterhead band, rate before qty",q3_poor_scan,"Poor scan: heavy skew, blur, speckle, fold line, contrast loss",N,Y,150,1,3,N,N,3,Scanned Copy,Scanned Copy,"{""skew_deg"":1.37,""blur"":""heavy"",""noise"":""high"",""contrast_loss"":true,""fold"":true}",118484,test
PO00763,CHA/PO/2026-08/293,CUST0060,2026-08-09,PO00763__L6_erp_portal_print__q1_clean_digital.pdf,pdf,L6_erp_portal_print,"Machine-generated portal print-out, monospaced, barcode",q1_clean_digital,Native digital PDF with a real text layer,Y,N,,1,4,N,N,4,Portal Upload,Clean Digital,,2904,validation
PO00764,JAA/PO/2026-06/4479,CUST0099,2026-06-19,PO00764__L1_classic_tabular__q4_phone_photo.jpg,jpg,L1_classic_tabular,Classic bordered tabular PO on plain letterhead,q4_phone_photo,"Phone photo: perspective warp, shadow gradient, handheld blur",N,Y,150,1,6,N,N,6,WhatsApp Image,Scanned Copy,"{""perspective"":true,""shadow_gradient"":true,""handheld_blur"":true}",134106,train
PO00765,AAS/PO/2026-05/2706,CUST0057,2026-05-17,PO00765__L6_erp_portal_print__q5_fax_bitonal.png,png,L6_erp_portal_print,"Machine-generated portal print-out, monospaced, barcode",q5_fax_bitonal,"Fax/bitonal: 1-bit threshold, streaks, slipped rows",N,Y,200,1,12,N,N,12,Email PDF,Poor Scan / Handwritten,"{""bitonal_threshold"":166,""streaks"":true,""row_slip"":true}",41767,train
PO00766,NAK/PO/2026-04/5593,CUST0075,2026-04-07,PO00766__L2_exporter_letterhead__q1_clean_digital.pdf,pdf,L2_exporter_letterhead,"Export-house indent, dark letterhead band, rate before qty",q1_clean_digital,Native digital PDF with a real text layer,Y,N,,2,3,Y,N,3,Email PDF,Clean Digital,,4672,validation
PO00767,OJA/PO/2026-06/7384,CUST0131,2026-06-02,PO00767__L6_erp_portal_print__q1_clean_digital.pdf,pdf,L6_erp_portal_print,"Machine-generated portal print-out, monospaced, barcode",q1_clean_digital,Native digital PDF with a real text layer,Y,N,,1,4,N,N,4,Portal Upload,Clean Digital,,2999,train
PO00768,ANA/PO/2026-06/2606,CUST0100,2026-06-08,PO00768__L6_erp_portal_print__q3_poor_scan.pdf,pdf,L6_erp_portal_print,"Machine-generated portal print-out, monospaced, barcode",q3_poor_scan,"Poor scan: heavy skew, blur, speckle, fold line, contrast loss",N,Y,150,1,3,N,N,3,Scanned Copy,Scanned Copy,"{""skew_deg"":0.06,""blur"":""heavy"",""noise"":""high"",""contrast_loss"":true,""fold"":true}",93725,test
PO00769,ISH/PO/2026-05/2184,CUST0126,2026-05-16,PO00769__L1_classic_tabular__q1_clean_digital.pdf,pdf,L1_classic_tabular,Classic bordered tabular PO on plain letterhead,q1_clean_digital,Native digital PDF with a real text layer,Y,N,,1,3,N,N,3,Email PDF,Clean Digital,,3030,validation
PO00770,NIR/PO/2026-05/6878,CUST0117,2026-05-21,PO00770__L3_email_body__q3_poor_scan.pdf,pdf,L3_email_body,"Order typed into an email body, no table, no totals",q3_poor_scan,"Poor scan: heavy skew, blur, speckle, fold line, contrast loss",N,Y,150,1,12,N,N,12,Email PDF,Poor Scan / Handwritten,"{""skew_deg"":-2.07,""blur"":""heavy"",""noise"":""high"",""contrast_loss"":true,""fold"":true}",155727,train
PO00771,SAM/PO/2026-08/3621,CUST0084,2026-08-19,PO00771__L4_excel_grid__q1_clean_digital.pdf,pdf,L4_excel_grid,"Spreadsheet printed to PDF, dense grid, 12 columns",q1_clean_digital,Native digital PDF with a real text layer,Y,N,,1,6,N,N,6,Email Excel,Clean Digital,,3445,train
PO00772,UTS/PO/2026-04/7803,CUST0068,2026-04-22,PO00772__L4_excel_grid__q1_clean_digital.pdf,pdf,L4_excel_grid,"Spreadsheet printed to PDF, dense grid, 12 columns",q1_clean_digital,Native digital PDF with a real text layer,Y,N,,1,12,N,N,12,Email Excel,Clean Digital,,4866,train
PO00773,SUR/PO/2026-08/2805,CUST0110,2026-08-12,PO00773__L2_exporter_letterhead__q2_print_scan.pdf,pdf,L2_exporter_letterhead,"Export-house indent, dark letterhead band, rate before qty",q2_print_scan,"Printed then scanned at 200 dpi, light skew and noise, image-only PDF",N,Y,200,1,1,N,N,1,Email PDF,Clean Digital,"{""skew_deg"":0.47,""blur"":""light"",""noise"":""low""}",119839,test
PO00774,SAA/PO/2026-05/6475,CUST0148,2026-05-27,PO00774__L4_excel_grid__q1_clean_digital.pdf,pdf,L4_excel_grid,"Spreadsheet printed to PDF, dense grid, 12 columns",q1_clean_digital,Native digital PDF with a real text layer,Y,N,,1,3,N,N,3,Email Excel,Clean Digital,,2890,test
PO00775,URV/PO/2026-06/601,CUST0102,2026-06-19,PO00775__L1_classic_tabular__q1_clean_digital.pdf,pdf,L1_classic_tabular,Classic bordered tabular PO on plain letterhead,q1_clean_digital,Native digital PDF with a real text layer,Y,N,,1,2,N,N,2,Email PDF,Clean Digital,,2910,test
PO00776,ESH/PO/2026-04/2748,CUST0001,2026-04-06,PO00776__L4_excel_grid__q1_clean_digital.pdf,pdf,L4_excel_grid,"Spreadsheet printed to PDF, dense grid, 12 columns",q1_clean_digital,Native digital PDF with a real text layer,Y,N,,1,8,N,N,8,Email Excel,Clean Digital,,4080,train
PO00777,HAR/PO/2026-06/2267,CUST0083,2026-06-11,PO00777__L6_erp_portal_print__q1_clean_digital.pdf,pdf,L6_erp_portal_print,"Machine-generated portal print-out, monospaced, barcode",q1_clean_digital,Native digital PDF with a real text layer,Y,N,,1,5,N,N,5,Portal Upload,Clean Digital,,3068,train
PO00778,BHO/PO/2026-05/7589,CUST0080,2026-05-05,PO00778__L5_handwritten_slip__q3_poor_scan.pdf,pdf,L5_handwritten_slip,"Handwritten order-book slip, ruled paper",q3_poor_scan,"Poor scan: heavy skew, blur, speckle, fold line, contrast loss",N,Y,150,1,6,N,N,6,Email PDF,Poor Scan / Handwritten,"{""skew_deg"":1.94,""blur"":""heavy"",""noise"":""high"",""contrast_loss"":true,""fold"":true}",192163,train
PO00779,VAS/PO/2026-06/5952,CUST0026,2026-06-10,PO00779__L5_handwritten_slip__q3_poor_scan.pdf,pdf,L5_handwritten_slip,"Handwritten order-book slip, ruled paper",q3_poor_scan,"Poor scan: heavy skew, blur, speckle, fold line, contrast loss",N,Y,150,1,2,N,N,2,WhatsApp Image,Scanned Copy,"{""skew_deg"":1.46,""blur"":""heavy"",""noise"":""high"",""contrast_loss"":true,""fold"":true}",138840,train
PO00780,SAA/PO/2026-08/1227,CUST0044,2026-08-20,PO00780__L1_classic_tabular__q2_print_scan.pdf,pdf,L1_classic_tabular,Classic bordered tabular PO on plain letterhead,q2_print_scan,"Printed then scanned at 200 dpi, light skew and noise, image-only PDF",N,Y,200,1,3,N,N,3,Email PDF,Clean Digital,"{""skew_deg"":0.41,""blur"":""light"",""noise"":""low""}",139999,train
PO00781,ESH/PO/2026-04/1787,CUST0001,2026-04-02,PO00781__L4_excel_grid__q2_print_scan.pdf,pdf,L4_excel_grid,"Spreadsheet printed to PDF, dense grid, 12 columns",q2_print_scan,"Printed then scanned at 200 dpi, light skew and noise, image-only PDF",N,Y,200,1,6,N,N,6,Email Excel,Clean Digital,"{""skew_deg"":0.45,""blur"":""light"",""noise"":""low""}",182545,train
PO00782,KRI/PO/2026-05/4157,CUST0008,2026-05-17,PO00782__L4_excel_grid__q1_clean_digital.pdf,pdf,L4_excel_grid,"Spreadsheet printed to PDF, dense grid, 12 columns",q1_clean_digital,Native digital PDF with a real text layer,Y,N,,1,4,N,N,4,Email Excel,Clean Digital,,3118,test
PO00783,NAK/PO/2026-05/1044,CUST0020,2026-05-24,PO00783__L4_excel_grid__q1_clean_digital.pdf,pdf,L4_excel_grid,"Spreadsheet printed to PDF, dense grid, 12 columns",q1_clean_digital,Native digital PDF with a real text layer,Y,N,,1,4,N,N,4,Email Excel,Clean Digital,,3155,validation
PO00784,NAV/PO/2026-06/3397,CUST0033,2026-06-20,PO00784__L4_excel_grid__q1_clean_digital.pdf,pdf,L4_excel_grid,"Spreadsheet printed to PDF, dense grid, 12 columns",q1_clean_digital,Native digital PDF with a real text layer,Y,N,,1,3,N,N,3,Email Excel,Clean Digital,,2871,train
PO00785,ISH/PO/2026-08/7092,CUST0066,2026-08-03,PO00785__L6_erp_portal_print__q1_clean_digital.pdf,pdf,L6_erp_portal_print,"Machine-generated portal print-out, monospaced, barcode",q1_clean_digital,Native digital PDF with a real text layer,Y,N,,1,6,N,N,6,Portal Upload,Clean Digital,,3109,test
PO00786,DEV/PO/2026-06/6413,CUST0097,2026-06-20,PO00786__L6_erp_portal_print__q1_clean_digital.pdf,pdf,L6_erp_portal_print,"Machine-generated portal print-out, monospaced, barcode",q1_clean_digital,Native digital PDF with a real text layer,Y,N,,1,7,N,N,7,Email PDF,Clean Digital,,3096,train
PO00787,SHR/PO/2026-04/7424,CUST0028,2026-04-03,PO00787__L4_excel_grid__q1_clean_digital.pdf,pdf,L4_excel_grid,"Spreadsheet printed to PDF, dense grid, 12 columns",q1_clean_digital,Native digital PDF with a real text layer,Y,N,,1,7,N,N,7,Email Excel,Clean Digital,,3749,train
PO00788,URV/PO/2026-07/8393,CUST0102,2026-07-08,PO00788__L2_exporter_letterhead__q1_clean_digital.pdf,pdf,L2_exporter_letterhead,"Export-house indent, dark letterhead band, rate before qty",q1_clean_digital,Native digital PDF with a real text layer,Y,N,,1,1,N,N,1,Email PDF,Clean Digital,,2677,train
PO00789,MAN/PO/2026-05/526,CUST0132,2026-05-19,PO00789__L6_erp_portal_print__q1_clean_digital.pdf,pdf,L6_erp_portal_print,"Machine-generated portal print-out, monospaced, barcode",q1_clean_digital,Native digital PDF with a real text layer,Y,N,,1,4,N,N,4,Portal Upload,Clean Digital,,2956,train
PO00790,AMR/PO/2026-07/4264,CUST0130,2026-07-03,PO00790__L6_erp_portal_print__q1_clean_digital.pdf,pdf,L6_erp_portal_print,"Machine-generated portal print-out, monospaced, barcode",q1_clean_digital,Native digital PDF with a real text layer,Y,N,,1,6,N,N,6,Email PDF,Clean Digital,,3133,train
PO00791,YAS/PO/2026-07/9250,CUST0036,2026-07-03,PO00791__L5_handwritten_slip__q4_phone_photo.jpg,jpg,L5_handwritten_slip,"Handwritten order-book slip, ruled paper",q4_phone_photo,"Phone photo: perspective warp, shadow gradient, handheld blur",N,Y,150,1,4,N,N,4,WhatsApp Image,Scanned Copy,"{""perspective"":true,""shadow_gradient"":true,""handheld_blur"":true}",186306,train
PO00792,HAR/PO/2026-06/3410,CUST0083,2026-06-12,PO00792__L6_erp_portal_print__q1_clean_digital.pdf,pdf,L6_erp_portal_print,"Machine-generated portal print-out, monospaced, barcode",q1_clean_digital,Native digital PDF with a real text layer,Y,N,,1,11,N,N,11,Portal Upload,Clean Digital,,3591,test
PO00793,ADV/PO/2026-08/408,CUST0065,2026-08-08,PO00793__L3_email_body__q4_phone_photo.jpg,jpg,L3_email_body,"Order typed into an email body, no table, no totals",q4_phone_photo,"Phone photo: perspective warp, shadow gradient, handheld blur",N,Y,150,1,6,N,N,6,WhatsApp Image,Scanned Copy,"{""perspective"":true,""shadow_gradient"":true,""handheld_blur"":true}",115695,train
PO00794,NIR/PO/2026-05/3273,CUST0022,2026-05-25,PO00794__L4_excel_grid__q1_clean_digital.pdf,pdf,L4_excel_grid,"Spreadsheet printed to PDF, dense grid, 12 columns",q1_clean_digital,Native digital PDF with a real text layer,Y,N,,1,4,N,N,4,Email Excel,Clean Digital,,3169,train
PO00795,MEG/PO/2026-04/670,CUST0089,2026-04-19,PO00795__L3_email_body__q1_clean_digital.pdf,pdf,L3_email_body,"Order typed into an email body, no table, no totals",q1_clean_digital,Native digital PDF with a real text layer,Y,N,,1,3,N,N,3,Email PDF,Clean Digital,,2351,train
PO00796,SHR/PO/2026-05/6439,CUST0028,2026-05-29,PO00796__L4_excel_grid__q1_clean_digital.pdf,pdf,L4_excel_grid,"Spreadsheet printed to PDF, dense grid, 12 columns",q1_clean_digital,Native digital PDF with a real text layer,Y,N,,1,3,N,N,3,Email Excel,Clean Digital,,2885,train
PO00797,ADV/PO/2026-08/4559,CUST0092,2026-08-02,PO00797__L6_erp_portal_print__q1_clean_digital.pdf,pdf,L6_erp_portal_print,"Machine-generated portal print-out, monospaced, barcode",q1_clean_digital,Native digital PDF with a real text layer,Y,N,,1,1,N,N,1,Email PDF,Clean Digital,,2674,validation
PO00798,ANA/PO/2026-04/1797,CUST0056,2026-04-23,PO00798__L5_handwritten_slip__q3_poor_scan.pdf,pdf,L5_handwritten_slip,"Handwritten order-book slip, ruled paper",q3_poor_scan,"Poor scan: heavy skew, blur, speckle, fold line, contrast loss",N,Y,150,1,5,N,N,5,Email Excel,Poor Scan / Handwritten,"{""skew_deg"":2.19,""blur"":""heavy"",""noise"":""high"",""contrast_loss"":true,""fold"":true}",115782,validation
PO00799,AMR/PO/2026-07/609,CUST0043,2026-07-29,PO00799__L1_classic_tabular__q2_print_scan.pdf,pdf,L1_classic_tabular,Classic bordered tabular PO on plain letterhead,q2_print_scan,"Printed then scanned at 200 dpi, light skew and noise, image-only PDF",N,Y,200,1,10,N,N,10,Email PDF,Clean Digital,"{""skew_deg"":0.16,""blur"":""light"",""noise"":""low""}",174605,validation
PO00800,DEV/PO/2026-07/2395,CUST0088,2026-07-07,PO00800__L1_classic_tabular__q3_poor_scan.pdf,pdf,L1_classic_tabular,Classic bordered tabular PO on plain letterhead,q3_poor_scan,"Poor scan: heavy skew, blur, speckle, fold line, contrast loss",N,Y,150,1,4,N,N,4,Scanned Copy,Scanned Copy,"{""skew_deg"":1.15,""blur"":""heavy"",""noise"":""high"",""contrast_loss"":true,""fold"":true}",102753,train
PO00801,ANA/PO/2026-05/7810,CUST0150,2026-05-31,PO00801__L1_classic_tabular__q4_phone_photo.jpg,jpg,L1_classic_tabular,Classic bordered tabular PO on plain letterhead,q4_phone_photo,"Phone photo: perspective warp, shadow gradient, handheld blur",N,Y,150,1,10,N,N,10,WhatsApp Image,Scanned Copy,"{""perspective"":true,""shadow_gradient"":true,""handheld_blur"":true}",153997,test
PO00802,PRA/PO/2026-08/405,CUST0038,2026-08-20,PO00802__L2_exporter_letterhead__q1_clean_digital.pdf,pdf,L2_exporter_letterhead,"Export-house indent, dark letterhead band, rate before qty",q1_clean_digital,Native digital PDF with a real text layer,Y,N,,1,3,N,N,3,Email PDF,Clean Digital,,2883,train
PO00803,OOR/PO/2026-06/7926,CUST0069,2026-06-14,PO00803__L1_classic_tabular__q2_print_scan.pdf,pdf,L1_classic_tabular,Classic bordered tabular PO on plain letterhead,q2_print_scan,"Printed then scanned at 200 dpi, light skew and noise, image-only PDF",N,Y,200,1,5,N,N,5,Email PDF,Clean Digital,"{""skew_deg"":-0.52,""blur"":""light"",""noise"":""low""}",168450,train
PO00804,NIR/PO/2026-06/3148,CUST0117,2026-06-11,PO00804__L1_classic_tabular__q1_clean_digital.pdf,pdf,L1_classic_tabular,Classic bordered tabular PO on plain letterhead,q1_clean_digital,Native digital PDF with a real text layer,Y,N,,1,5,N,N,5,Email PDF,Clean Digital,,3574,train
PO00805,ADV/PO/2026-04/4914,CUST0065,2026-04-10,PO00805__L1_classic_tabular__q4_phone_photo.jpg,jpg,L1_classic_tabular,Classic bordered tabular PO on plain letterhead,q4_phone_photo,"Phone photo: perspective warp, shadow gradient, handheld blur",N,Y,150,1,6,N,N,6,WhatsApp Image,Scanned Copy,"{""perspective"":true,""shadow_gradient"":true,""handheld_blur"":true}",169513,train
PO00806,RAJ/PO/2026-08/2910,CUST0042,2026-08-10,PO00806__L4_excel_grid__q1_clean_digital.pdf,pdf,L4_excel_grid,"Spreadsheet printed to PDF, dense grid, 12 columns",q1_clean_digital,Native digital PDF with a real text layer,Y,N,,1,8,N,N,8,Email Excel,Clean Digital,,3948,test
PO00807,ADV/PO/2026-07/6710,CUST0127,2026-07-13,PO00807__L1_classic_tabular__q1_clean_digital.pdf,pdf,L1_classic_tabular,Classic bordered tabular PO on plain letterhead,q1_clean_digital,Native digital PDF with a real text layer,Y,N,,1,1,N,N,1,Email PDF,Clean Digital,,2656,test
PO00808,UTS/PO/2026-05/2378,CUST0021,2026-05-21,PO00808__L4_excel_grid__q1_clean_digital.pdf,pdf,L4_excel_grid,"Spreadsheet printed to PDF, dense grid, 12 columns",q1_clean_digital,Native digital PDF with a real text layer,Y,N,,1,1,N,N,1,Email Excel,Clean Digital,,2418,train
PO00809,VAI/PO/2026-05/5870,CUST0081,2026-05-29,PO00809__L1_classic_tabular__q2_print_scan.pdf,pdf,L1_classic_tabular,Classic bordered tabular PO on plain letterhead,q2_print_scan,"Printed then scanned at 200 dpi, light skew and noise, image-only PDF",N,Y,200,1,7,N,N,7,Email PDF,Clean Digital,"{""skew_deg"":-0.2,""blur"":""light"",""noise"":""low""}",181988,validation
PO00810,CHA/PO/2026-05/8145,CUST0137,2026-05-08,PO00810__L4_excel_grid__q3_poor_scan.pdf,pdf,L4_excel_grid,"Spreadsheet printed to PDF, dense grid, 12 columns",q3_poor_scan,"Poor scan: heavy skew, blur, speckle, fold line, contrast loss",N,Y,150,1,4,N,N,4,Scanned Copy,Scanned Copy,"{""skew_deg"":-0.77,""blur"":""heavy"",""noise"":""high"",""contrast_loss"":true,""fold"":true}",152940,train
PO00811,UTS/PO/2026-06/2231,CUST0040,2026-06-23,PO00811__L1_classic_tabular__q2_print_scan.pdf,pdf,L1_classic_tabular,Classic bordered tabular PO on plain letterhead,q2_print_scan,"Printed then scanned at 200 dpi, light skew and noise, image-only PDF",N,Y,200,1,2,N,N,2,Email PDF,Clean Digital,"{""skew_deg"":0.28,""blur"":""light"",""noise"":""low""}",122992,train
PO00812,TAN/PO/2026-08/3956,CUST0012,2026-08-04,PO00812__L3_email_body__q2_print_scan.pdf,pdf,L3_email_body,"Order typed into an email body, no table, no totals",q2_print_scan,"Printed then scanned at 200 dpi, light skew and noise, image-only PDF",N,Y,200,1,10,N,N,10,Email PDF,Clean Digital,"{""skew_deg"":0.41,""blur"":""light"",""noise"":""low""}",166738,test
PO00813,NIR/PO/2026-05/5295,CUST0032,2026-05-21,PO00813__L3_email_body__q1_clean_digital.pdf,pdf,L3_email_body,"Order typed into an email body, no table, no totals",q1_clean_digital,Native digital PDF with a real text layer,Y,N,,1,1,N,N,1,Email PDF,Clean Digital,,2216,train
PO00814,YAS/PO/2026-07/6250,CUST0010,2026-07-27,PO00814__L1_classic_tabular__q2_print_scan.pdf,pdf,L1_classic_tabular,Classic bordered tabular PO on plain letterhead,q2_print_scan,"Printed then scanned at 200 dpi, light skew and noise, image-only PDF",N,Y,200,1,4,N,N,4,Email PDF,Clean Digital,"{""skew_deg"":0.09,""blur"":""light"",""noise"":""low""}",154188,test
PO00815,SAN/PO/2026-06/1916,CUST0039,2026-06-10,PO00815__L1_classic_tabular__q4_phone_photo.jpg,jpg,L1_classic_tabular,Classic bordered tabular PO on plain letterhead,q4_phone_photo,"Phone photo: perspective warp, shadow gradient, handheld blur",N,Y,150,1,2,N,N,2,WhatsApp Image,Scanned Copy,"{""perspective"":true,""shadow_gradient"":true,""handheld_blur"":true}",151990,test
PO00816,RAJ/PO/2026-05/1691,CUST0042,2026-05-06,PO00816__L4_excel_grid__q1_clean_digital.pdf,pdf,L4_excel_grid,"Spreadsheet printed to PDF, dense grid, 12 columns",q1_clean_digital,Native digital PDF with a real text layer,Y,N,,1,10,N,N,10,Email Excel,Clean Digital,,4413,train
PO00817,TAN/PO/2026-06/6828,CUST0076,2026-06-16,PO00817__L6_erp_portal_print__q3_poor_scan.pdf,pdf,L6_erp_portal_print,"Machine-generated portal print-out, monospaced, barcode",q3_poor_scan,"Poor scan: heavy skew, blur, speckle, fold line, contrast loss",N,Y,150,1,12,N,N,12,Email PDF,Poor Scan / Handwritten,"{""skew_deg"":1.06,""blur"":""heavy"",""noise"":""high"",""contrast_loss"":true,""fold"":true}",158643,train
PO00818,ADV/PO/2026-06/5304,CUST0129,2026-06-09,PO00818__L4_excel_grid__q1_clean_digital.pdf,pdf,L4_excel_grid,"Spreadsheet printed to PDF, dense grid, 12 columns",q1_clean_digital,Native digital PDF with a real text layer,Y,N,,1,2,N,N,2,Email Excel,Clean Digital,,2658,train
PO00819,NIR/PO/2026-07/1826,CUST0114,2026-07-19,PO00819__L6_erp_portal_print__q1_clean_digital.pdf,pdf,L6_erp_portal_print,"Machine-generated portal print-out, monospaced, barcode",q1_clean_digital,Native digital PDF with a real text layer,Y,N,,1,5,N,N,5,Portal Upload,Clean Digital,,3011,train
PO00820,PRA/PO/2026-08/284,CUST0038,2026-08-11,PO00820__L3_email_body__q2_print_scan.pdf,pdf,L3_email_body,"Order typed into an email body, no table, no totals",q2_print_scan,"Printed then scanned at 200 dpi, light skew and noise, image-only PDF",N,Y,200,1,7,N,N,7,Email PDF,Clean Digital,"{""skew_deg"":0.27,""blur"":""light"",""noise"":""low""}",185657,train
PO00821,ANA/PO/2026-06/2877,CUST0100,2026-06-26,PO00821__L1_classic_tabular__q3_poor_scan.pdf,pdf,L1_classic_tabular,Classic bordered tabular PO on plain letterhead,q3_poor_scan,"Poor scan: heavy skew, blur, speckle, fold line, contrast loss",N,Y,150,1,6,N,N,6,Scanned Copy,Scanned Copy,"{""skew_deg"":1.49,""blur"":""heavy"",""noise"":""high"",""contrast_loss"":true,""fold"":true}",118495,validation
PO00822,SAM/PO/2026-07/1994,CUST0120,2026-07-25,PO00822__L2_exporter_letterhead__q1_clean_digital.pdf,pdf,L2_exporter_letterhead,"Export-house indent, dark letterhead band, rate before qty",q1_clean_digital,Native digital PDF with a real text layer,Y,N,,1,5,N,N,5,Email PDF,Clean Digital,,3257,train
PO00823,KAV/PO/2026-08/3510,CUST0107,2026-08-14,PO00823__L1_classic_tabular__q1_clean_digital.pdf,pdf,L1_classic_tabular,Classic bordered tabular PO on plain letterhead,q1_clean_digital,Native digital PDF with a real text layer,Y,N,,1,5,N,N,5,Email PDF,Clean Digital,,3331,train
PO00824,BHO/PO/2026-06/8409,CUST0080,2026-06-16,PO00824__L1_classic_tabular__q1_clean_digital.pdf,pdf,L1_classic_tabular,Classic bordered tabular PO on plain letterhead,q1_clean_digital,Native digital PDF with a real text layer,Y,N,,1,8,N,N,8,Email PDF,Clean Digital,,3808,validation
PO00825,OJA/PO/2026-04/2570,CUST0112,2026-04-21,PO00825__L4_excel_grid__q1_clean_digital.pdf,pdf,L4_excel_grid,"Spreadsheet printed to PDF, dense grid, 12 columns",q1_clean_digital,Native digital PDF with a real text layer,Y,N,,1,1,N,N,1,Email Excel,Clean Digital,,2434,test
PO00826,DEV/PO/2026-06/3588,CUST0097,2026-06-19,PO00826__L2_exporter_letterhead__q1_clean_digital.pdf,pdf,L2_exporter_letterhead,"Export-house indent, dark letterhead band, rate before qty",q1_clean_digital,Native digital PDF with a real text layer,Y,N,,1,3,N,N,3,Email PDF,Clean Digital,,2938,train
PO00827,MAN/PO/2026-07/5887,CUST0046,2026-07-10,PO00827__L1_classic_tabular__q4_phone_photo.jpg,jpg,L1_classic_tabular,Classic bordered tabular PO on plain letterhead,q4_phone_photo,"Phone photo: perspective warp, shadow gradient, handheld blur",N,Y,150,1,1,N,N,1,WhatsApp Image,Scanned Copy,"{""perspective"":true,""shadow_gradient"":true,""handheld_blur"":true}",210792,validation
PO00828,MAY/PO/2026-07/9998,CUST0053,2026-07-29,PO00828__L2_exporter_letterhead__q1_clean_digital.pdf,pdf,L2_exporter_letterhead,"Export-house indent, dark letterhead band, rate before qty",q1_clean_digital,Native digital PDF with a real text layer,Y,N,,1,1,N,N,1,Email PDF,Clean Digital,,2708,validation
PO00829,SAT/PO/2026-04/1431,CUST0113,2026-04-24,PO00829__L4_excel_grid__q1_clean_digital.pdf,pdf,L4_excel_grid,"Spreadsheet printed to PDF, dense grid, 12 columns",q1_clean_digital,Native digital PDF with a real text layer,Y,N,,1,1,N,N,1,Email Excel,Clean Digital,,2388,train
PO00830,NAK/PO/2026-04/2126,CUST0020,2026-04-04,PO00830__L4_excel_grid__q1_clean_digital.pdf,pdf,L4_excel_grid,"Spreadsheet printed to PDF, dense grid, 12 columns",q1_clean_digital,Native digital PDF with a real text layer,Y,N,,1,7,N,N,7,Email Excel,Clean Digital,,3864,validation
PO00831,MEG/PO/2026-04/2571,CUST0089,2026-04-29,PO00831__L1_classic_tabular__q1_clean_digital.pdf,pdf,L1_classic_tabular,Classic bordered tabular PO on plain letterhead,q1_clean_digital,Native digital PDF with a real text layer,Y,N,,1,3,N,N,3,Email PDF,Clean Digital,,2989,train
PO00832,AMR/PO/2026-07/8231,CUST0130,2026-07-24,PO00832__L2_exporter_letterhead__q2_print_scan.pdf,pdf,L2_exporter_letterhead,"Export-house indent, dark letterhead band, rate before qty",q2_print_scan,"Printed then scanned at 200 dpi, light skew and noise, image-only PDF",N,Y,200,1,3,N,N,3,Email PDF,Clean Digital,"{""skew_deg"":-0.42,""blur"":""light"",""noise"":""low""}",143083,train
PO00833,KAV/PO/2026-08/3877,CUST0049,2026-08-08,PO00833__L6_erp_portal_print__q1_clean_digital.pdf,pdf,L6_erp_portal_print,"Machine-generated portal print-out, monospaced, barcode",q1_clean_digital,Native digital PDF with a real text layer,Y,N,,1,3,N,N,3,Portal Upload,Clean Digital,,2871,train
PO00834,OOR/PO/2026-04/1413,CUST0069,2026-04-29,PO00834__L1_classic_tabular__q1_clean_digital.pdf,pdf,L1_classic_tabular,Classic bordered tabular PO on plain letterhead,q1_clean_digital,Native digital PDF with a real text layer,Y,N,,1,5,N,N,5,Email PDF,Clean Digital,,3425,train
PO00835,PRA/PO/2026-07/1104,CUST0038,2026-07-21,PO00835__L2_exporter_letterhead__q1_clean_digital.pdf,pdf,L2_exporter_letterhead,"Export-house indent, dark letterhead band, rate before qty",q1_clean_digital,Native digital PDF with a real text layer,Y,N,,1,3,N,N,3,Email PDF,Clean Digital,,2991,train
PO00836,YAS/PO/2026-04/9669,CUST0036,2026-04-16,PO00836__L3_email_body__q4_phone_photo.jpg,jpg,L3_email_body,"Order typed into an email body, no table, no totals",q4_phone_photo,"Phone photo: perspective warp, shadow gradient, handheld blur",N,Y,150,1,6,N,N,6,WhatsApp Image,Scanned Copy,"{""perspective"":true,""shadow_gradient"":true,""handheld_blur"":true}",187570,train
PO00837,MAN/PO/2026-08/4071,CUST0023,2026-08-06,PO00837__L6_erp_portal_print__q4_phone_photo.jpg,jpg,L6_erp_portal_print,"Machine-generated portal print-out, monospaced, barcode",q4_phone_photo,"Phone photo: perspective warp, shadow gradient, handheld blur",N,Y,150,1,2,N,N,2,WhatsApp Image,Scanned Copy,"{""perspective"":true,""shadow_gradient"":true,""handheld_blur"":true}",195285,train
PO00838,CHA/PO/2026-07/431,CUST0137,2026-07-30,PO00838__L4_excel_grid__q3_poor_scan.pdf,pdf,L4_excel_grid,"Spreadsheet printed to PDF, dense grid, 12 columns",q3_poor_scan,"Poor scan: heavy skew, blur, speckle, fold line, contrast loss",N,Y,150,1,4,N,N,4,Scanned Copy,Poor Scan / Handwritten,"{""skew_deg"":-0.61,""blur"":""heavy"",""noise"":""high"",""contrast_loss"":true,""fold"":true}",124835,train
PO00839,ANA/PO/2026-05/4880,CUST0056,2026-05-25,PO00839__L5_handwritten_slip__q4_phone_photo.jpg,jpg,L5_handwritten_slip,"Handwritten order-book slip, ruled paper",q4_phone_photo,"Phone photo: perspective warp, shadow gradient, handheld blur",N,Y,150,1,3,N,N,3,Email Excel,Poor Scan / Handwritten,"{""perspective"":true,""shadow_gradient"":true,""handheld_blur"":true}",113451,test
PO00840,VAS/PO/2026-06/7922,CUST0128,2026-06-16,PO00840__L1_classic_tabular__q2_print_scan.pdf,pdf,L1_classic_tabular,Classic bordered tabular PO on plain letterhead,q2_print_scan,"Printed then scanned at 200 dpi, light skew and noise, image-only PDF",N,Y,200,1,4,N,N,4,Email PDF,Clean Digital,"{""skew_deg"":0.31,""blur"":""light"",""noise"":""low""}",159624,train
PO00841,UTS/PO/2026-08/2187,CUST0134,2026-08-06,PO00841__L1_classic_tabular__q1_clean_digital.pdf,pdf,L1_classic_tabular,Classic bordered tabular PO on plain letterhead,q1_clean_digital,Native digital PDF with a real text layer,Y,N,,1,6,N,N,6,Email PDF,Clean Digital,,3609,train
PO00842,KAV/PO/2026-07/7780,CUST0014,2026-07-10,PO00842__L3_email_body__q1_clean_digital.pdf,pdf,L3_email_body,"Order typed into an email body, no table, no totals",q1_clean_digital,Native digital PDF with a real text layer,Y,N,,1,6,N,N,6,Email PDF,Clean Digital,,2512,validation
PO00843,BHA/PO/2026-08/3826,CUST0123,2026-08-07,PO00843__L4_excel_grid__q1_clean_digital.pdf,pdf,L4_excel_grid,"Spreadsheet printed to PDF, dense grid, 12 columns",q1_clean_digital,Native digital PDF with a real text layer,Y,N,,1,5,N,N,5,Email Excel,Clean Digital,,3464,train
PO00844,CHA/PO/2026-08/5649,CUST0060,2026-08-04,PO00844__L6_erp_portal_print__q1_clean_digital.pdf,pdf,L6_erp_portal_print,"Machine-generated portal print-out, monospaced, barcode",q1_clean_digital,Native digital PDF with a real text layer,Y,N,,1,12,N,N,12,Portal Upload,Clean Digital,,3603,validation
PO00845,AAR/PO/2026-04/445,CUST0078,2026-04-30,PO00845__L4_excel_grid__q1_clean_digital.pdf,pdf,L4_excel_grid,"Spreadsheet printed to PDF, dense grid, 12 columns",q1_clean_digital,Native digital PDF with a real text layer,Y,N,,1,4,N,N,4,Email Excel,Clean Digital,,3160,train
PO00846,BHO/PO/2026-04/4721,CUST0143,2026-04-26,PO00846__L4_excel_grid__q1_clean_digital.pdf,pdf,L4_excel_grid,"Spreadsheet printed to PDF, dense grid, 12 columns",q1_clean_digital,Native digital PDF with a real text layer,Y,N,,1,4,N,N,4,Email Excel,Clean Digital,,3181,train
PO00847,OJA/PO/2026-07/7522,CUST0111,2026-07-11,PO00847__L3_email_body__q1_clean_digital.pdf,pdf,L3_email_body,"Order typed into an email body, no table, no totals",q1_clean_digital,Native digital PDF with a real text layer,Y,N,,1,3,N,N,3,Email PDF,Clean Digital,,2437,train
PO00848,KRI/PO/2026-04/3179,CUST0008,2026-04-24,PO00848__L4_excel_grid__q1_clean_digital.pdf,pdf,L4_excel_grid,"Spreadsheet printed to PDF, dense grid, 12 columns",q1_clean_digital,Native digital PDF with a real text layer,Y,N,,1,8,N,N,8,Email Excel,Clean Digital,,4040,train
PO00849,RUC/PO/2026-04/3584,CUST0025,2026-04-15,PO00849__L1_classic_tabular__q4_phone_photo.jpg,jpg,L1_classic_tabular,Classic bordered tabular PO on plain letterhead,q4_phone_photo,"Phone photo: perspective warp, shadow gradient, handheld blur",N,Y,150,1,10,N,N,10,Email PDF,Poor Scan / Handwritten,"{""perspective"":true,""shadow_gradient"":true,""handheld_blur"":true}",223745,train
PO00850,UTS/PO/2026-06/4566,CUST0068,2026-06-02,PO00850__L4_excel_grid__q1_clean_digital.pdf,pdf,L4_excel_grid,"Spreadsheet printed to PDF, dense grid, 12 columns",q1_clean_digital,Native digital PDF with a real text layer,Y,N,,1,3,N,N,3,Email Excel,Clean Digital,,2865,test
PO00851,KAV/PO/2026-04/5501,CUST0118,2026-04-23,PO00851__L1_classic_tabular__q1_clean_digital.pdf,pdf,L1_classic_tabular,Classic bordered tabular PO on plain letterhead,q1_clean_digital,Native digital PDF with a real text layer,Y,N,,1,5,N,N,5,Email PDF,Clean Digital,,3423,validation
PO00852,YAS/PO/2026-06/5472,CUST0036,2026-06-07,PO00852__L5_handwritten_slip__q4_phone_photo.jpg,jpg,L5_handwritten_slip,"Handwritten order-book slip, ruled paper",q4_phone_photo,"Phone photo: perspective warp, shadow gradient, handheld blur",N,Y,150,1,4,N,N,4,WhatsApp Image,Scanned Copy,"{""perspective"":true,""shadow_gradient"":true,""handheld_blur"":true}",217539,train
PO00853,MEG/PO/2026-04/5114,CUST0125,2026-04-05,PO00853__L2_exporter_letterhead__q2_print_scan.pdf,pdf,L2_exporter_letterhead,"Export-house indent, dark letterhead band, rate before qty",q2_print_scan,"Printed then scanned at 200 dpi, light skew and noise, image-only PDF",N,Y,200,2,3,Y,N,3,Scanned Copy,Scanned Copy,"{""skew_deg"":0.65,""blur"":""light"",""noise"":""low""}",352398,test
PO00854,TAN/PO/2026-06/9752,CUST0076,2026-06-21,PO00854__L1_classic_tabular__q1_clean_digital.pdf,pdf,L1_classic_tabular,Classic bordered tabular PO on plain letterhead,q1_clean_digital,Native digital PDF with a real text layer,Y,N,,1,7,N,N,7,Email PDF,Clean Digital,,3665,test
PO00855,DEV/PO/2026-05/2307,CUST0096,2026-05-22,PO00855__L1_classic_tabular__q1_clean_digital.pdf,pdf,L1_classic_tabular,Classic bordered tabular PO on plain letterhead,q1_clean_digital,Native digital PDF with a real text layer,Y,N,,1,5,N,N,5,Email PDF,Clean Digital,,3433,train
PO00856,SUR/PO/2026-04/5458,CUST0013,2026-04-03,PO00856__L5_handwritten_slip__q4_phone_photo.jpg,jpg,L5_handwritten_slip,"Handwritten order-book slip, ruled paper",q4_phone_photo,"Phone photo: perspective warp, shadow gradient, handheld blur",N,Y,150,1,5,N,N,5,WhatsApp Image,Scanned Copy,"{""perspective"":true,""shadow_gradient"":true,""handheld_blur"":true}",198814,train
PO00857,OJA/PO/2026-07/5625,CUST0112,2026-07-24,PO00857__L5_handwritten_slip__q4_phone_photo.jpg,jpg,L5_handwritten_slip,"Handwritten order-book slip, ruled paper",q4_phone_photo,"Phone photo: perspective warp, shadow gradient, handheld blur",N,Y,150,1,3,N,N,3,Email Excel,Poor Scan / Handwritten,"{""perspective"":true,""shadow_gradient"":true,""handheld_blur"":true}",228289,validation
PO00858,ESH/PO/2026-05/2295,CUST0001,2026-05-14,PO00858__L4_excel_grid__q1_clean_digital.pdf,pdf,L4_excel_grid,"Spreadsheet printed to PDF, dense grid, 12 columns",q1_clean_digital,Native digital PDF with a real text layer,Y,N,,1,7,N,N,7,Email Excel,Clean Digital,,3813,train
PO00859,SUR/PO/2026-07/3654,CUST0133,2026-07-11,PO00859__L4_excel_grid__q2_print_scan.pdf,pdf,L4_excel_grid,"Spreadsheet printed to PDF, dense grid, 12 columns",q2_print_scan,"Printed then scanned at 200 dpi, light skew and noise, image-only PDF",N,Y,200,1,7,N,N,7,Email Excel,Clean Digital,"{""skew_deg"":0.43,""blur"":""light"",""noise"":""low""}",144425,test
PO00860,RUC/PO/2026-06/3935,CUST0025,2026-06-18,PO00860__L1_classic_tabular__q1_clean_digital.pdf,pdf,L1_classic_tabular,Classic bordered tabular PO on plain letterhead,q1_clean_digital,Native digital PDF with a real text layer,Y,N,,2,7,Y,N,7,Email PDF,Clean Digital,,5444,validation
PO00861,NAK/PO/2026-04/4226,CUST0075,2026-04-22,PO00861__L6_erp_portal_print__q1_clean_digital.pdf,pdf,L6_erp_portal_print,"Machine-generated portal print-out, monospaced, barcode",q1_clean_digital,Native digital PDF with a real text layer,Y,N,,1,1,N,N,1,Email PDF,Clean Digital,,2669,train
PO00862,URV/PO/2026-06/5916,CUST0029,2026-06-26,PO00862__L1_classic_tabular__q1_clean_digital.pdf,pdf,L1_classic_tabular,Classic bordered tabular PO on plain letterhead,q1_clean_digital,Native digital PDF with a real text layer,Y,N,,2,1,Y,N,1,Email PDF,Clean Digital,,4380,test
PO00863,KES/PO/2026-06/5296,CUST0141,2026-06-01,PO00863__L1_classic_tabular__q1_clean_digital.pdf,pdf,L1_classic_tabular,Classic bordered tabular PO on plain letterhead,q1_clean_digital,Native digital PDF with a real text layer,Y,N,,1,5,N,N,5,Email PDF,Clean Digital,,3354,train
PO00864,MEG/PO/2026-04/8516,CUST0082,2026-04-05,PO00864__L4_excel_grid__q4_phone_photo.jpg,jpg,L4_excel_grid,"Spreadsheet printed to PDF, dense grid, 12 columns",q4_phone_photo,"Phone photo: perspective warp, shadow gradient, handheld blur",N,Y,150,1,2,N,N,2,WhatsApp Image,Scanned Copy,"{""perspective"":true,""shadow_gradient"":true,""handheld_blur"":true}",120576,train
PO00865,RID/PO/2026-05/5860,CUST0045,2026-05-09,PO00865__L6_erp_portal_print__q1_clean_digital.pdf,pdf,L6_erp_portal_print,"Machine-generated portal print-out, monospaced, barcode",q1_clean_digital,Native digital PDF with a real text layer,Y,N,,1,7,N,N,7,Portal Upload,Clean Digital,,3159,test
PO00866,HAR/PO/2026-06/2133,CUST0109,2026-06-03,PO00866__L3_email_body__q4_phone_photo.jpg,jpg,L3_email_body,"Order typed into an email body, no table, no totals",q4_phone_photo,"Phone photo: perspective warp, shadow gradient, handheld blur",N,Y,150,1,7,N,N,7,WhatsApp Image,Scanned Copy,"{""perspective"":true,""shadow_gradient"":true,""handheld_blur"":true}",173217,train
PO00867,HAR/PO/2026-05/6066,CUST0083,2026-05-01,PO00867__L6_erp_portal_print__q1_clean_digital.pdf,pdf,L6_erp_portal_print,"Machine-generated portal print-out, monospaced, barcode",q1_clean_digital,Native digital PDF with a real text layer,Y,N,,1,6,N,N,6,Portal Upload,Clean Digital,,3218,train
PO00868,RAN/PO/2026-07/1783,CUST0062,2026-07-16,PO00868__L1_classic_tabular__q1_clean_digital.pdf,pdf,L1_classic_tabular,Classic bordered tabular PO on plain letterhead,q1_clean_digital,Native digital PDF with a real text layer,Y,N,,2,8,Y,N,8,Email PDF,Clean Digital,,5755,validation
PO00869,ESH/PO/2026-07/8301,CUST0001,2026-07-16,PO00869__L3_email_body__q3_poor_scan.pdf,pdf,L3_email_body,"Order typed into an email body, no table, no totals",q3_poor_scan,"Poor scan: heavy skew, blur, speckle, fold line, contrast loss",N,Y,150,1,12,N,N,12,Email Excel,Poor Scan / Handwritten,"{""skew_deg"":1.59,""blur"":""heavy"",""noise"":""high"",""contrast_loss"":true,""fold"":true}",87083,train
PO00870,PAR/PO/2026-06/761,CUST0116,2026-06-08,PO00870__L2_exporter_letterhead__q5_fax_bitonal.png,png,L2_exporter_letterhead,"Export-house indent, dark letterhead band, rate before qty",q5_fax_bitonal,"Fax/bitonal: 1-bit threshold, streaks, slipped rows",N,Y,200,1,5,N,N,5,Scanned Copy,Scanned Copy,"{""bitonal_threshold"":153,""streaks"":true,""row_slip"":true}",34262,test
PO00871,RUC/PO/2026-07/4726,CUST0073,2026-07-21,PO00871__L4_excel_grid__q1_clean_digital.pdf,pdf,L4_excel_grid,"Spreadsheet printed to PDF, dense grid, 12 columns",q1_clean_digital,Native digital PDF with a real text layer,Y,N,,1,4,N,N,4,Email Excel,Clean Digital,,3125,validation
PO00872,JAA/PO/2026-07/6370,CUST0031,2026-07-08,PO00872__L4_excel_grid__q1_clean_digital.pdf,pdf,L4_excel_grid,"Spreadsheet printed to PDF, dense grid, 12 columns",q1_clean_digital,Native digital PDF with a real text layer,Y,N,,1,7,N,N,7,Email Excel,Clean Digital,,3834,validation
PO00873,UTS/PO/2026-07/9609,CUST0040,2026-07-28,PO00873__L1_classic_tabular__q1_clean_digital.pdf,pdf,L1_classic_tabular,Classic bordered tabular PO on plain letterhead,q1_clean_digital,Native digital PDF with a real text layer,Y,N,,2,5,Y,N,5,Email PDF,Clean Digital,,4988,train
PO00874,SAM/PO/2026-06/6327,CUST0084,2026-06-23,PO00874__L4_excel_grid__q2_print_scan.pdf,pdf,L4_excel_grid,"Spreadsheet printed to PDF, dense grid, 12 columns",q2_print_scan,"Printed then scanned at 200 dpi, light skew and noise, image-only PDF",N,Y,200,1,2,N,N,2,Email Excel,Clean Digital,"{""skew_deg"":-0.09,""blur"":""light"",""noise"":""low""}",107990,validation
PO00875,SAA/PO/2026-04/7781,CUST0145,2026-04-11,PO00875__L4_excel_grid__q1_clean_digital.pdf,pdf,L4_excel_grid,"Spreadsheet printed to PDF, dense grid, 12 columns",q1_clean_digital,Native digital PDF with a real text layer,Y,N,,1,1,N,N,1,Email Excel,Clean Digital,,2378,test
PO00876,NIR/PO/2026-05/9651,CUST0091,2026-05-16,PO00876__L2_exporter_letterhead__q1_clean_digital.pdf,pdf,L2_exporter_letterhead,"Export-house indent, dark letterhead band, rate before qty",q1_clean_digital,Native digital PDF with a real text layer,Y,N,,2,5,Y,N,5,Email PDF,Clean Digital,,4981,train
PO00877,SAA/PO/2026-05/7147,CUST0145,2026-05-07,PO00877__L4_excel_grid__q1_clean_digital.pdf,pdf,L4_excel_grid,"Spreadsheet printed to PDF, dense grid, 12 columns",q1_clean_digital,Native digital PDF with a real text layer,Y,N,,1,8,N,N,8,Email Excel,Clean Digital,,4063,validation
PO00878,KAV/PO/2026-06/1779,CUST0049,2026-06-18,PO00878__L6_erp_portal_print__q1_clean_digital.pdf,pdf,L6_erp_portal_print,"Machine-generated portal print-out, monospaced, barcode",q1_clean_digital,Native digital PDF with a real text layer,Y,N,,1,10,N,N,10,Portal Upload,Clean Digital,,3416,validation
PO00879,KAV/PO/2026-05/156,CUST0107,2026-05-13,PO00879__L2_exporter_letterhead__q2_print_scan.pdf,pdf,L2_exporter_letterhead,"Export-house indent, dark letterhead band, rate before qty",q2_print_scan,"Printed then scanned at 200 dpi, light skew and noise, image-only PDF",N,Y,200,1,3,N,N,3,Email PDF,Clean Digital,"{""skew_deg"":-0.12,""blur"":""light"",""noise"":""low""}",134853,train
PO00880,MEG/PO/2026-04/6655,CUST0122,2026-04-08,PO00880__L5_handwritten_slip__q4_phone_photo.jpg,jpg,L5_handwritten_slip,"Handwritten order-book slip, ruled paper",q4_phone_photo,"Phone photo: perspective warp, shadow gradient, handheld blur",N,Y,150,1,2,N,N,2,Email PDF,Poor Scan / Handwritten,"{""perspective"":true,""shadow_gradient"":true,""handheld_blur"":true}",122099,train
PO00881,NIM/PO/2026-06/1045,CUST0030,2026-06-17,PO00881__L1_classic_tabular__q1_clean_digital.pdf,pdf,L1_classic_tabular,Classic bordered tabular PO on plain letterhead,q1_clean_digital,Native digital PDF with a real text layer,Y,N,,1,10,N,N,10,Email PDF,Clean Digital,,4231,validation
PO00882,MAN/PO/2026-07/5452,CUST0046,2026-07-11,PO00882__L4_excel_grid__q4_phone_photo.jpg,jpg,L4_excel_grid,"Spreadsheet printed to PDF, dense grid, 12 columns",q4_phone_photo,"Phone photo: perspective warp, shadow gradient, handheld blur",N,Y,150,1,12,N,N,12,WhatsApp Image,Scanned Copy,"{""perspective"":true,""shadow_gradient"":true,""handheld_blur"":true}",123011,test
PO00883,NAK/PO/2026-04/6039,CUST0020,2026-04-20,PO00883__L4_excel_grid__q1_clean_digital.pdf,pdf,L4_excel_grid,"Spreadsheet printed to PDF, dense grid, 12 columns",q1_clean_digital,Native digital PDF with a real text layer,Y,N,,1,2,N,N,2,Email Excel,Clean Digital,,2649,validation
PO00884,ISH/PO/2026-07/9221,CUST0126,2026-07-28,PO00884__L3_email_body__q1_clean_digital.pdf,pdf,L3_email_body,"Order typed into an email body, no table, no totals",q1_clean_digital,Native digital PDF with a real text layer,Y,N,,1,7,N,N,7,Email PDF,Clean Digital,,2637,train
PO00885,ADV/PO/2026-04/8405,CUST0129,2026-04-19,PO00885__L4_excel_grid__q1_clean_digital.pdf,pdf,L4_excel_grid,"Spreadsheet printed to PDF, dense grid, 12 columns",q1_clean_digital,Native digital PDF with a real text layer,Y,N,,1,6,N,N,6,Email Excel,Clean Digital,,3543,validation
PO00886,RAJ/PO/2026-06/1931,CUST0042,2026-06-25,PO00886__L5_handwritten_slip__q3_poor_scan.pdf,pdf,L5_handwritten_slip,"Handwritten order-book slip, ruled paper",q3_poor_scan,"Poor scan: heavy skew, blur, speckle, fold line, contrast loss",N,Y,150,1,3,N,N,3,Email Excel,Poor Scan / Handwritten,"{""skew_deg"":0.53,""blur"":""heavy"",""noise"":""high"",""contrast_loss"":true,""fold"":true}",167228,validation
PO00887,UTS/PO/2026-05/9951,CUST0021,2026-05-11,PO00887__L4_excel_grid__q2_print_scan.pdf,pdf,L4_excel_grid,"Spreadsheet printed to PDF, dense grid, 12 columns",q2_print_scan,"Printed then scanned at 200 dpi, light skew and noise, image-only PDF",N,Y,200,1,2,N,N,2,Email Excel,Clean Digital,"{""skew_deg"":0.05,""blur"":""light"",""noise"":""low""}",100641,train
PO00888,RAN/PO/2026-06/8260,CUST0062,2026-06-22,PO00888__L2_exporter_letterhead__q1_clean_digital.pdf,pdf,L2_exporter_letterhead,"Export-house indent, dark letterhead band, rate before qty",q1_clean_digital,Native digital PDF with a real text layer,Y,N,,1,5,N,N,5,Email PDF,Clean Digital,,3238,validation
PO00889,NAK/PO/2026-04/9770,CUST0020,2026-04-28,PO00889__L4_excel_grid__q1_clean_digital.pdf,pdf,L4_excel_grid,"Spreadsheet printed to PDF, dense grid, 12 columns",q1_clean_digital,Native digital PDF with a real text layer,Y,N,,1,3,N,N,3,Email Excel,Clean Digital,,2895,train
PO00890,PRI/PO/2026-05/4128,CUST0051,2026-05-22,PO00890__L4_excel_grid__q1_clean_digital.pdf,pdf,L4_excel_grid,"Spreadsheet printed to PDF, dense grid, 12 columns",q1_clean_digital,Native digital PDF with a real text layer,Y,N,,1,3,N,N,3,Email Excel,Clean Digital,,2920,test
PO00891,MEG/PO/2026-05/7897,CUST0089,2026-05-26,PO00891__L2_exporter_letterhead__q1_clean_digital.pdf,pdf,L2_exporter_letterhead,"Export-house indent, dark letterhead band, rate before qty",q1_clean_digital,Native digital PDF with a real text layer,Y,N,,1,3,N,N,3,Email PDF,Clean Digital,,2915,train
PO00892,HAR/PO/2026-07/4483,CUST0109,2026-07-05,PO00892__L5_handwritten_slip__q4_phone_photo.jpg,jpg,L5_handwritten_slip,"Handwritten order-book slip, ruled paper",q4_phone_photo,"Phone photo: perspective warp, shadow gradient, handheld blur",N,Y,150,1,6,N,N,6,WhatsApp Image,Poor Scan / Handwritten,"{""perspective"":true,""shadow_gradient"":true,""handheld_blur"":true}",147657,train
PO00893,YAS/PO/2026-05/7306,CUST0010,2026-05-28,PO00893__L1_classic_tabular__q1_clean_digital.pdf,pdf,L1_classic_tabular,Classic bordered tabular PO on plain letterhead,q1_clean_digital,Native digital PDF with a real text layer,Y,N,,1,2,N,N,2,Email PDF,Clean Digital,,2813,train
PO00894,SAN/PO/2026-06/9844,CUST0039,2026-06-05,PO00894__L5_handwritten_slip__q3_poor_scan.pdf,pdf,L5_handwritten_slip,"Handwritten order-book slip, ruled paper",q3_poor_scan,"Poor scan: heavy skew, blur, speckle, fold line, contrast loss",N,Y,150,1,3,N,N,3,WhatsApp Image,Scanned Copy,"{""skew_deg"":0.2,""blur"":""heavy"",""noise"":""high"",""contrast_loss"":true,""fold"":true}",180982,train
PO00895,PRA/PO/2026-07/9228,CUST0071,2026-07-04,PO00895__L1_classic_tabular__q4_phone_photo.jpg,jpg,L1_classic_tabular,Classic bordered tabular PO on plain letterhead,q4_phone_photo,"Phone photo: perspective warp, shadow gradient, handheld blur",N,Y,150,2,8,Y,N,8,WhatsApp Image,Scanned Copy,"{""perspective"":true,""shadow_gradient"":true,""handheld_blur"":true}",303064,train
PO00896,MEG/PO/2026-07/5739,CUST0089,2026-07-22,PO00896__L1_classic_tabular__q1_clean_digital.pdf,pdf,L1_classic_tabular,Classic bordered tabular PO on plain letterhead,q1_clean_digital,Native digital PDF with a real text layer,Y,N,,1,10,N,N,10,Email PDF,Clean Digital,,4139,train
PO00897,ANA/PO/2026-07/5910,CUST0150,2026-07-22,PO00897__L5_handwritten_slip__q4_phone_photo.jpg,jpg,L5_handwritten_slip,"Handwritten order-book slip, ruled paper",q4_phone_photo,"Phone photo: perspective warp, shadow gradient, handheld blur",N,Y,150,1,5,N,N,5,WhatsApp Image,Scanned Copy,"{""perspective"":true,""shadow_gradient"":true,""handheld_blur"":true}",147147,test
PO00898,LAK/PO/2026-04/1889,CUST0052,2026-04-12,PO00898__L3_email_body__q4_phone_photo.jpg,jpg,L3_email_body,"Order typed into an email body, no table, no totals",q4_phone_photo,"Phone photo: perspective warp, shadow gradient, handheld blur",N,Y,150,1,7,N,N,7,WhatsApp Image,Scanned Copy,"{""perspective"":true,""shadow_gradient"":true,""handheld_blur"":true}",154437,train
PO00899,GIR/PO/2026-04/5887,CUST0135,2026-04-02,PO00899__L4_excel_grid__q1_clean_digital.pdf,pdf,L4_excel_grid,"Spreadsheet printed to PDF, dense grid, 12 columns",q1_clean_digital,Native digital PDF with a real text layer,Y,N,,1,5,N,N,5,Email Excel,Clean Digital,,3375,validation
PO00900,ADV/PO/2026-07/8561,CUST0129,2026-07-03,PO00900__L4_excel_grid__q1_clean_digital.pdf,pdf,L4_excel_grid,"Spreadsheet printed to PDF, dense grid, 12 columns",q1_clean_digital,Native digital PDF with a real text layer,Y,N,,1,2,N,N,2,Email Excel,Clean Digital,,2705,train
PO00901,SAA/PO/2026-04/297,CUST0121,2026-04-17,PO00901__L6_erp_portal_print__q2_print_scan.pdf,pdf,L6_erp_portal_print,"Machine-generated portal print-out, monospaced, barcode",q2_print_scan,"Printed then scanned at 200 dpi, light skew and noise, image-only PDF",N,Y,200,1,5,N,N,5,Scanned Copy,Scanned Copy,"{""skew_deg"":0.7,""blur"":""light"",""noise"":""low""}",143828,train
PO00902,DEV/PO/2026-07/8169,CUST0104,2026-07-14,PO00902__L1_classic_tabular__q1_clean_digital.pdf,pdf,L1_classic_tabular,Classic bordered tabular PO on plain letterhead,q1_clean_digital,Native digital PDF with a real text layer,Y,N,,1,5,N,N,5,Email PDF,Clean Digital,,3424,train
PO00903,ISH/PO/2026-05/4741,CUST0126,2026-05-25,PO00903__L6_erp_portal_print__q2_print_scan.pdf,pdf,L6_erp_portal_print,"Machine-generated portal print-out, monospaced, barcode",q2_print_scan,"Printed then scanned at 200 dpi, light skew and noise, image-only PDF",N,Y,200,1,2,N,N,2,Email PDF,Clean Digital,"{""skew_deg"":-0.68,""blur"":""light"",""noise"":""low""}",146911,train
PO00904,GIR/PO/2026-04/9449,CUST0090,2026-04-17,PO00904__L1_classic_tabular__q4_phone_photo.jpg,jpg,L1_classic_tabular,Classic bordered tabular PO on plain letterhead,q4_phone_photo,"Phone photo: perspective warp, shadow gradient, handheld blur",N,Y,150,2,8,Y,N,8,Portal Upload,Poor Scan / Handwritten,"{""perspective"":true,""shadow_gradient"":true,""handheld_blur"":true}",393792,train
PO00905,DEV/PO/2026-08/8182,CUST0096,2026-08-16,PO00905__L6_erp_portal_print__q1_clean_digital.pdf,pdf,L6_erp_portal_print,"Machine-generated portal print-out, monospaced, barcode",q1_clean_digital,Native digital PDF with a real text layer,Y,N,,1,4,N,N,4,Email PDF,Clean Digital,,2934,validation
PO00906,KRI/PO/2026-05/6165,CUST0086,2026-05-30,PO00906__L6_erp_portal_print__q4_phone_photo.jpg,jpg,L6_erp_portal_print,"Machine-generated portal print-out, monospaced, barcode",q4_phone_photo,"Phone photo: perspective warp, shadow gradient, handheld blur",N,Y,150,1,2,N,N,2,WhatsApp Image,Scanned Copy,"{""perspective"":true,""shadow_gradient"":true,""handheld_blur"":true}",162519,test
PO00907,KAV/PO/2026-06/1923,CUST0049,2026-06-01,PO00907__L6_erp_portal_print__q1_clean_digital.pdf,pdf,L6_erp_portal_print,"Machine-generated portal print-out, monospaced, barcode",q1_clean_digital,Native digital PDF with a real text layer,Y,N,,1,6,N,N,6,Portal Upload,Clean Digital,,3148,train
PO00908,TAN/PO/2026-08/6887,CUST0012,2026-08-20,PO00908__L3_email_body__q1_clean_digital.pdf,pdf,L3_email_body,"Order typed into an email body, no table, no totals",q1_clean_digital,Native digital PDF with a real text layer,Y,N,,1,7,N,N,7,Email PDF,Clean Digital,,2718,train
PO00909,DEV/PO/2026-06/1711,CUST0096,2026-06-11,PO00909__L1_classic_tabular__q2_print_scan.pdf,pdf,L1_classic_tabular,Classic bordered tabular PO on plain letterhead,q2_print_scan,"Printed then scanned at 200 dpi, light skew and noise, image-only PDF",N,Y,200,1,5,N,N,5,Email PDF,Clean Digital,"{""skew_deg"":-0.56,""blur"":""light"",""noise"":""low""}",159082,train
PO00910,SAN/PO/2026-05/8170,CUST0095,2026-05-07,PO00910__L3_email_body__q1_clean_digital.pdf,pdf,L3_email_body,"Order typed into an email body, no table, no totals",q1_clean_digital,Native digital PDF with a real text layer,Y,N,,1,5,N,N,5,Email PDF,Clean Digital,,2489,test
PO00911,NIR/PO/2026-04/486,CUST0114,2026-04-03,PO00911__L6_erp_portal_print__q1_clean_digital.pdf,pdf,L6_erp_portal_print,"Machine-generated portal print-out, monospaced, barcode",q1_clean_digital,Native digital PDF with a real text layer,Y,N,,1,4,N,N,4,Portal Upload,Clean Digital,,2825,train
PO00912,MEG/PO/2026-04/3517,CUST0122,2026-04-22,PO00912__L1_classic_tabular__q1_clean_digital.pdf,pdf,L1_classic_tabular,Classic bordered tabular PO on plain letterhead,q1_clean_digital,Native digital PDF with a real text layer,Y,N,,1,3,N,N,3,Email PDF,Clean Digital,,3046,train
PO00913,VAI/PO/2026-07/9248,CUST0081,2026-07-01,PO00913__L1_classic_tabular__q1_clean_digital.pdf,pdf,L1_classic_tabular,Classic bordered tabular PO on plain letterhead,q1_clean_digital,Native digital PDF with a real text layer,Y,N,,1,2,N,N,2,Email PDF,Clean Digital,,2808,train
PO00914,SAM/PO/2026-08/7973,CUST0120,2026-08-15,PO00914__L2_exporter_letterhead__q1_clean_digital.pdf,pdf,L2_exporter_letterhead,"Export-house indent, dark letterhead band, rate before qty",q1_clean_digital,Native digital PDF with a real text layer,Y,N,,1,1,N,N,1,Email PDF,Clean Digital,,2620,train
PO00915,UTS/PO/2026-06/1727,CUST0134,2026-06-29,PO00915__L1_classic_tabular__q3_poor_scan.pdf,pdf,L1_classic_tabular,Classic bordered tabular PO on plain letterhead,q3_poor_scan,"Poor scan: heavy skew, blur, speckle, fold line, contrast loss",N,Y,150,1,8,N,N,8,Email PDF,Poor Scan / Handwritten,"{""skew_deg"":-2.28,""blur"":""heavy"",""noise"":""high"",""contrast_loss"":true,""fold"":true}",165824,test
PO00916,NAV/PO/2026-05/1806,CUST0115,2026-05-17,PO00916__L6_erp_portal_print__q4_phone_photo.jpg,jpg,L6_erp_portal_print,"Machine-generated portal print-out, monospaced, barcode",q4_phone_photo,"Phone photo: perspective warp, shadow gradient, handheld blur",N,Y,150,1,2,N,N,2,WhatsApp Image,Scanned Copy,"{""perspective"":true,""shadow_gradient"":true,""handheld_blur"":true}",136464,validation
PO00917,MEG/PO/2026-04/6902,CUST0122,2026-04-21,PO00917__L2_exporter_letterhead__q1_clean_digital.pdf,pdf,L2_exporter_letterhead,"Export-house indent, dark letterhead band, rate before qty",q1_clean_digital,Native digital PDF with a real text layer,Y,N,,1,4,N,N,4,Email PDF,Clean Digital,,3118,test
PO00918,ISH/PO/2026-06/2981,CUST0126,2026-06-21,PO00918__L3_email_body__q5_fax_bitonal.png,png,L3_email_body,"Order typed into an email body, no table, no totals",q5_fax_bitonal,"Fax/bitonal: 1-bit threshold, streaks, slipped rows",N,Y,200,1,10,N,N,10,Email PDF,Poor Scan / Handwritten,"{""bitonal_threshold"":176,""streaks"":true,""row_slip"":true}",40526,validation
PO00919,HAR/PO/2026-07/1068,CUST0109,2026-07-04,PO00919__L4_excel_grid__q4_phone_photo.jpg,jpg,L4_excel_grid,"Spreadsheet printed to PDF, dense grid, 12 columns",q4_phone_photo,"Phone photo: perspective warp, shadow gradient, handheld blur",N,Y,150,1,3,N,N,3,WhatsApp Image,Scanned Copy,"{""perspective"":true,""shadow_gradient"":true,""handheld_blur"":true}",107091,train
PO00920,TEJ/PO/2026-08/4923,CUST0005,2026-08-19,PO00920__L1_classic_tabular__q1_clean_digital.pdf,pdf,L1_classic_tabular,Classic bordered tabular PO on plain letterhead,q1_clean_digital,Native digital PDF with a real text layer,Y,N,,2,8,Y,N,8,Email PDF,Clean Digital,,5484,train
PO00921,AMR/PO/2026-04/9411,CUST0130,2026-04-16,PO00921__L1_classic_tabular__q2_print_scan.pdf,pdf,L1_classic_tabular,Classic bordered tabular PO on plain letterhead,q2_print_scan,"Printed then scanned at 200 dpi, light skew and noise, image-only PDF",N,Y,200,1,2,N,N,2,Email PDF,Clean Digital,"{""skew_deg"":0.08,""blur"":""light"",""noise"":""low""}",150692,train
PO00922,MAY/PO/2026-07/324,CUST0053,2026-07-04,PO00922__L1_classic_tabular__q3_poor_scan.pdf,pdf,L1_classic_tabular,Classic bordered tabular PO on plain letterhead,q3_poor_scan,"Poor scan: heavy skew, blur, speckle, fold line, contrast loss",N,Y,150,1,7,N,N,7,Email PDF,Poor Scan / Handwritten,"{""skew_deg"":-0.19,""blur"":""heavy"",""noise"":""high"",""contrast_loss"":true,""fold"":true}",157813,train
PO00923,DEV/PO/2026-06/1239,CUST0104,2026-06-09,PO00923__L1_classic_tabular__q2_print_scan.pdf,pdf,L1_classic_tabular,Classic bordered tabular PO on plain letterhead,q2_print_scan,"Printed then scanned at 200 dpi, light skew and noise, image-only PDF",N,Y,200,1,8,N,N,8,Email PDF,Clean Digital,"{""skew_deg"":-0.16,""blur"":""light"",""noise"":""low""}",229885,validation
PO00924,SAM/PO/2026-07/4571,CUST0120,2026-07-23,PO00924__L1_classic_tabular__q2_print_scan.pdf,pdf,L1_classic_tabular,Classic bordered tabular PO on plain letterhead,q2_print_scan,"Printed then scanned at 200 dpi, light skew and noise, image-only PDF",N,Y,200,1,2,N,N,2,Email PDF,Clean Digital,"{""skew_deg"":-0.19,""blur"":""light"",""noise"":""low""}",137431,validation
PO00925,PAR/PO/2026-06/3017,CUST0027,2026-06-21,PO00925__L1_classic_tabular__q3_poor_scan.pdf,pdf,L1_classic_tabular,Classic bordered tabular PO on plain letterhead,q3_poor_scan,"Poor scan: heavy skew, blur, speckle, fold line, contrast loss",N,Y,150,1,6,N,N,6,Portal Upload,Poor Scan / Handwritten,"{""skew_deg"":0.85,""blur"":""heavy"",""noise"":""high"",""contrast_loss"":true,""fold"":true}",107560,train
PO00926,MAN/PO/2026-06/5066,CUST0103,2026-06-27,PO00926__L5_handwritten_slip__q4_phone_photo.jpg,jpg,L5_handwritten_slip,"Handwritten order-book slip, ruled paper",q4_phone_photo,"Phone photo: perspective warp, shadow gradient, handheld blur",N,Y,150,1,3,N,N,3,WhatsApp Image,Scanned Copy,"{""perspective"":true,""shadow_gradient"":true,""handheld_blur"":true}",113598,train
PO00927,MEG/PO/2026-07/1692,CUST0122,2026-07-09,PO00927__L1_classic_tabular__q1_clean_digital.pdf,pdf,L1_classic_tabular,Classic bordered tabular PO on plain letterhead,q1_clean_digital,Native digital PDF with a real text layer,Y,N,,1,7,N,N,7,Email PDF,Clean Digital,,3739,validation
PO00928,NAK/PO/2026-06/4553,CUST0105,2026-06-02,PO00928__L2_exporter_letterhead__q1_clean_digital.pdf,pdf,L2_exporter_letterhead,"Export-house indent, dark letterhead band, rate before qty",q1_clean_digital,Native digital PDF with a real text layer,Y,N,,1,6,N,N,6,Email PDF,Clean Digital,,3421,train
PO00929,RID/PO/2026-07/4734,CUST0045,2026-07-14,PO00929__L4_excel_grid__q3_poor_scan.pdf,pdf,L4_excel_grid,"Spreadsheet printed to PDF, dense grid, 12 columns",q3_poor_scan,"Poor scan: heavy skew, blur, speckle, fold line, contrast loss",N,Y,150,1,8,N,N,8,Portal Upload,Poor Scan / Handwritten,"{""skew_deg"":-0.03,""blur"":""heavy"",""noise"":""high"",""contrast_loss"":true,""fold"":true}",145357,train
PO00930,URV/PO/2026-05/5123,CUST0102,2026-05-27,PO00930__L3_email_body__q1_clean_digital.pdf,pdf,L3_email_body,"Order typed into an email body, no table, no totals",q1_clean_digital,Native digital PDF with a real text layer,Y,N,,1,4,N,N,4,Email PDF,Clean Digital,,2380,train
PO00931,TAN/PO/2026-05/4165,CUST0072,2026-05-03,PO00931__L2_exporter_letterhead__q1_clean_digital.pdf,pdf,L2_exporter_letterhead,"Export-house indent, dark letterhead band, rate before qty",q1_clean_digital,Native digital PDF with a real text layer,Y,N,,1,4,N,N,4,Email PDF,Clean Digital,,3111,train
PO00932,NAK/PO/2026-07/4230,CUST0075,2026-07-06,PO00932__L1_classic_tabular__q1_clean_digital.pdf,pdf,L1_classic_tabular,Classic bordered tabular PO on plain letterhead,q1_clean_digital,Native digital PDF with a real text layer,Y,N,,1,3,N,N,3,Email PDF,Clean Digital,,3044,train
PO00933,PAR/PO/2026-04/1059,CUST0027,2026-04-22,PO00933__L6_erp_portal_print__q1_clean_digital.pdf,pdf,L6_erp_portal_print,"Machine-generated portal print-out, monospaced, barcode",q1_clean_digital,Native digital PDF with a real text layer,Y,N,,1,8,N,N,8,Portal Upload,Clean Digital,,3196,test
PO00934,NIM/PO/2026-05/5023,CUST0034,2026-05-25,PO00934__L1_classic_tabular__q1_clean_digital.pdf,pdf,L1_classic_tabular,Classic bordered tabular PO on plain letterhead,q1_clean_digital,Native digital PDF with a real text layer,Y,N,,1,2,N,N,2,Email PDF,Clean Digital,,2861,validation
PO00935,DEV/PO/2026-06/5690,CUST0019,2026-06-04,PO00935__L2_exporter_letterhead__q1_clean_digital.pdf,pdf,L2_exporter_letterhead,"Export-house indent, dark letterhead band, rate before qty",q1_clean_digital,Native digital PDF with a real text layer,Y,N,,2,4,Y,N,4,Email PDF,Clean Digital,,4819,train
PO00936,RAN/PO/2026-05/2885,CUST0062,2026-05-28,PO00936__L1_classic_tabular__q1_clean_digital.pdf,pdf,L1_classic_tabular,Classic bordered tabular PO on plain letterhead,q1_clean_digital,Native digital PDF with a real text layer,Y,N,,1,7,N,N,7,Email PDF,Clean Digital,,3725,validation
PO00937,OJA/PO/2026-08/5129,CUST0018,2026-08-14,PO00937__L6_erp_portal_print__q2_print_scan.pdf,pdf,L6_erp_portal_print,"Machine-generated portal print-out, monospaced, barcode",q2_print_scan,"Printed then scanned at 200 dpi, light skew and noise, image-only PDF",N,Y,200,1,9,N,N,9,Scanned Copy,Scanned Copy,"{""skew_deg"":0.59,""blur"":""light"",""noise"":""low""}",170851,train
PO00938,NIM/PO/2026-06/7850,CUST0030,2026-06-09,PO00938__L3_email_body__q1_clean_digital.pdf,pdf,L3_email_body,"Order typed into an email body, no table, no totals",q1_clean_digital,Native digital PDF with a real text layer,Y,N,,1,6,N,N,6,Email PDF,Clean Digital,,2588,train
PO00939,MAN/PO/2026-04/3210,CUST0023,2026-04-24,PO00939__L5_handwritten_slip__q3_poor_scan.pdf,pdf,L5_handwritten_slip,"Handwritten order-book slip, ruled paper",q3_poor_scan,"Poor scan: heavy skew, blur, speckle, fold line, contrast loss",N,Y,150,1,4,N,N,4,WhatsApp Image,Poor Scan / Handwritten,"{""skew_deg"":-0.93,""blur"":""heavy"",""noise"":""high"",""contrast_loss"":true,""fold"":true}",165660,test
PO00940,SAN/PO/2026-07/3971,CUST0039,2026-07-04,PO00940__L6_erp_portal_print__q4_phone_photo.jpg,jpg,L6_erp_portal_print,"Machine-generated portal print-out, monospaced, barcode",q4_phone_photo,"Phone photo: perspective warp, shadow gradient, handheld blur",N,Y,150,1,4,N,N,4,WhatsApp Image,Scanned Copy,"{""perspective"":true,""shadow_gradient"":true,""handheld_blur"":true}",138105,train
PO00941,YAS/PO/2026-07/8693,CUST0124,2026-07-28,PO00941__L6_erp_portal_print__q1_clean_digital.pdf,pdf,L6_erp_portal_print,"Machine-generated portal print-out, monospaced, barcode",q1_clean_digital,Native digital PDF with a real text layer,Y,N,,1,3,N,N,3,Portal Upload,Clean Digital,,2848,train
PO00942,GIR/PO/2026-07/4769,CUST0135,2026-07-31,PO00942__L6_erp_portal_print__q5_fax_bitonal.png,png,L6_erp_portal_print,"Machine-generated portal print-out, monospaced, barcode",q5_fax_bitonal,"Fax/bitonal: 1-bit threshold, streaks, slipped rows",N,Y,200,1,12,N,N,12,Email Excel,Poor Scan / Handwritten,"{""bitonal_threshold"":153,""streaks"":true,""row_slip"":true}",40120,train
PO00943,AAS/PO/2026-04/8336,CUST0057,2026-04-23,PO00943__L1_classic_tabular__q1_clean_digital.pdf,pdf,L1_classic_tabular,Classic bordered tabular PO on plain letterhead,q1_clean_digital,Native digital PDF with a real text layer,Y,N,,2,7,Y,N,7,Email PDF,Clean Digital,,5600,train
PO00944,DEV/PO/2026-05/3813,CUST0104,2026-05-29,PO00944__L2_exporter_letterhead__q1_clean_digital.pdf,pdf,L2_exporter_letterhead,"Export-house indent, dark letterhead band, rate before qty",q1_clean_digital,Native digital PDF with a real text layer,Y,N,,1,4,N,N,4,Email PDF,Clean Digital,,3257,test
PO00945,YAS/PO/2026-04/9599,CUST0124,2026-04-29,PO00945__L6_erp_portal_print__q1_clean_digital.pdf,pdf,L6_erp_portal_print,"Machine-generated portal print-out, monospaced, barcode",q1_clean_digital,Native digital PDF with a real text layer,Y,N,,1,3,N,N,3,Portal Upload,Clean Digital,,2815,train
PO00946,TAN/PO/2026-06/861,CUST0076,2026-06-01,PO00946__L3_email_body__q1_clean_digital.pdf,pdf,L3_email_body,"Order typed into an email body, no table, no totals",q1_clean_digital,Native digital PDF with a real text layer,Y,N,,1,8,N,N,8,Email PDF,Clean Digital,,2852,train
PO00947,PRA/PO/2026-06/9059,CUST0071,2026-06-11,PO00947__L4_excel_grid__q4_phone_photo.jpg,jpg,L4_excel_grid,"Spreadsheet printed to PDF, dense grid, 12 columns",q4_phone_photo,"Phone photo: perspective warp, shadow gradient, handheld blur",N,Y,150,1,1,N,N,1,WhatsApp Image,Scanned Copy,"{""perspective"":true,""shadow_gradient"":true,""handheld_blur"":true}",82965,train
PO00948,OOR/PO/2026-08/5699,CUST0069,2026-08-05,PO00948__L6_erp_portal_print__q1_clean_digital.pdf,pdf,L6_erp_portal_print,"Machine-generated portal print-out, monospaced, barcode",q1_clean_digital,Native digital PDF with a real text layer,Y,N,,1,8,N,N,8,Email PDF,Clean Digital,,3248,train
PO00949,PRI/PO/2026-06/6096,CUST0051,2026-06-25,PO00949__L1_classic_tabular__q3_poor_scan.pdf,pdf,L1_classic_tabular,Classic bordered tabular PO on plain letterhead,q3_poor_scan,"Poor scan: heavy skew, blur, speckle, fold line, contrast loss",N,Y,150,1,3,N,N,3,Email Excel,Poor Scan / Handwritten,"{""skew_deg"":1.42,""blur"":""heavy"",""noise"":""high"",""contrast_loss"":true,""fold"":true}",163445,train
PO00950,JAA/PO/2026-06/8074,CUST0099,2026-06-17,PO00950__L3_email_body__q3_poor_scan.pdf,pdf,L3_email_body,"Order typed into an email body, no table, no totals",q3_poor_scan,"Poor scan: heavy skew, blur, speckle, fold line, contrast loss",N,Y,150,1,8,N,N,8,WhatsApp Image,Scanned Copy,"{""skew_deg"":-1.4,""blur"":""heavy"",""noise"":""high"",""contrast_loss"":true,""fold"":true}",100716,validation
PO00951,YAS/PO/2026-07/5121,CUST0010,2026-07-10,PO00951__L1_classic_tabular__q1_clean_digital.pdf,pdf,L1_classic_tabular,Classic bordered tabular PO on plain letterhead,q1_clean_digital,Native digital PDF with a real text layer,Y,N,,1,4,N,N,4,Email PDF,Clean Digital,,3205,train
PO00952,KRI/PO/2026-04/6813,CUST0008,2026-04-03,PO00952__L3_email_body__q3_poor_scan.pdf,pdf,L3_email_body,"Order typed into an email body, no table, no totals",q3_poor_scan,"Poor scan: heavy skew, blur, speckle, fold line, contrast loss",N,Y,150,1,1,N,N,1,Email Excel,Poor Scan / Handwritten,"{""skew_deg"":1.55,""blur"":""heavy"",""noise"":""high"",""contrast_loss"":true,""fold"":true}",86298,validation
PO00953,KAV/PO/2026-05/6886,CUST0014,2026-05-03,PO00953__L3_email_body__q1_clean_digital.pdf,pdf,L3_email_body,"Order typed into an email body, no table, no totals",q1_clean_digital,Native digital PDF with a real text layer,Y,N,,1,6,N,N,6,Email PDF,Clean Digital,,2621,train
PO00954,YUV/PO/2026-05/6776,CUST0006,2026-05-27,PO00954__L4_excel_grid__q1_clean_digital.pdf,pdf,L4_excel_grid,"Spreadsheet printed to PDF, dense grid, 12 columns",q1_clean_digital,Native digital PDF with a real text layer,Y,N,,1,6,N,N,6,Email Excel,Clean Digital,,3598,train
PO00955,NAK/PO/2026-06/1887,CUST0105,2026-06-23,PO00955__L3_email_body__q1_clean_digital.pdf,pdf,L3_email_body,"Order typed into an email body, no table, no totals",q1_clean_digital,Native digital PDF with a real text layer,Y,N,,1,8,N,N,8,Email PDF,Clean Digital,,2648,test
PO00956,SUR/PO/2026-08/8283,CUST0133,2026-08-20,PO00956__L4_excel_grid__q1_clean_digital.pdf,pdf,L4_excel_grid,"Spreadsheet printed to PDF, dense grid, 12 columns",q1_clean_digital,Native digital PDF with a real text layer,Y,N,,1,3,N,N,3,Email Excel,Clean Digital,,2913,validation
PO00957,SAN/PO/2026-06/8680,CUST0095,2026-06-02,PO00957__L2_exporter_letterhead__q1_clean_digital.pdf,pdf,L2_exporter_letterhead,"Export-house indent, dark letterhead band, rate before qty",q1_clean_digital,Native digital PDF with a real text layer,Y,N,,2,8,Y,N,8,Email PDF,Clean Digital,,5327,train
PO00958,DEV/PO/2026-04/2228,CUST0104,2026-04-19,PO00958__L1_classic_tabular__q1_clean_digital.pdf,pdf,L1_classic_tabular,Classic bordered tabular PO on plain letterhead,q1_clean_digital,Native digital PDF with a real text layer,Y,N,,1,5,N,N,5,Email PDF,Clean Digital,,3250,validation
PO00959,DHR/PO/2026-08/5743,CUST0094,2026-08-04,PO00959__L1_classic_tabular__q5_fax_bitonal.png,png,L1_classic_tabular,Classic bordered tabular PO on plain letterhead,q5_fax_bitonal,"Fax/bitonal: 1-bit threshold, streaks, slipped rows",N,Y,200,1,4,N,N,4,Portal Upload,Poor Scan / Handwritten,"{""bitonal_threshold"":165,""streaks"":true,""row_slip"":true}",32409,validation
PO00960,BHO/PO/2026-08/8036,CUST0015,2026-08-12,PO00960__L1_classic_tabular__q3_poor_scan.pdf,pdf,L1_classic_tabular,Classic bordered tabular PO on plain letterhead,q3_poor_scan,"Poor scan: heavy skew, blur, speckle, fold line, contrast loss",N,Y,150,1,10,N,N,10,WhatsApp Image,Scanned Copy,"{""skew_deg"":-0.7,""blur"":""heavy"",""noise"":""high"",""contrast_loss"":true,""fold"":true}",160308,test
PO00961,HAR/PO/2026-04/6055,CUST0109,2026-04-25,PO00961__L1_classic_tabular__q3_poor_scan.pdf,pdf,L1_classic_tabular,Classic bordered tabular PO on plain letterhead,q3_poor_scan,"Poor scan: heavy skew, blur, speckle, fold line, contrast loss",N,Y,150,1,10,N,N,10,WhatsApp Image,Scanned Copy,"{""skew_deg"":-1.15,""blur"":""heavy"",""noise"":""high"",""contrast_loss"":true,""fold"":true}",164776,train
PO00962,NIR/PO/2026-07/8936,CUST0002,2026-07-18,PO00962__L1_classic_tabular__q4_phone_photo.jpg,jpg,L1_classic_tabular,Classic bordered tabular PO on plain letterhead,q4_phone_photo,"Phone photo: perspective warp, shadow gradient, handheld blur",N,Y,150,1,8,N,N,8,WhatsApp Image,Scanned Copy,"{""perspective"":true,""shadow_gradient"":true,""handheld_blur"":true}",155815,train
PO00963,ZAR/PO/2026-06/9530,CUST0047,2026-06-02,PO00963__L1_classic_tabular__q1_clean_digital.pdf,pdf,L1_classic_tabular,Classic bordered tabular PO on plain letterhead,q1_clean_digital,Native digital PDF with a real text layer,Y,N,,1,4,N,N,4,Email PDF,Clean Digital,,3155,test
PO00964,YAS/PO/2026-06/2152,CUST0010,2026-06-02,PO00964__L5_handwritten_slip__q4_phone_photo.jpg,jpg,L5_handwritten_slip,"Handwritten order-book slip, ruled paper",q4_phone_photo,"Phone photo: perspective warp, shadow gradient, handheld blur",N,Y,150,1,3,N,N,3,Email PDF,Poor Scan / Handwritten,"{""perspective"":true,""shadow_gradient"":true,""handheld_blur"":true}",222652,train
PO00965,KAV/PO/2026-05/3871,CUST0014,2026-05-06,PO00965__L1_classic_tabular__q1_clean_digital.pdf,pdf,L1_classic_tabular,Classic bordered tabular PO on plain letterhead,q1_clean_digital,Native digital PDF with a real text layer,Y,N,,1,2,N,N,2,Email PDF,Clean Digital,,2874,train
PO00966,MEG/PO/2026-06/3089,CUST0059,2026-06-12,PO00966__L2_exporter_letterhead__q2_print_scan.pdf,pdf,L2_exporter_letterhead,"Export-house indent, dark letterhead band, rate before qty",q2_print_scan,"Printed then scanned at 200 dpi, light skew and noise, image-only PDF",N,Y,200,1,2,N,N,2,Email PDF,Clean Digital,"{""skew_deg"":0.22,""blur"":""light"",""noise"":""low""}",105750,train
PO00967,SAA/PO/2026-05/1321,CUST0121,2026-05-26,PO00967__L1_classic_tabular__q3_poor_scan.pdf,pdf,L1_classic_tabular,Classic bordered tabular PO on plain letterhead,q3_poor_scan,"Poor scan: heavy skew, blur, speckle, fold line, contrast loss",N,Y,150,2,4,Y,N,4,Scanned Copy,Scanned Copy,"{""skew_deg"":-1.99,""blur"":""heavy"",""noise"":""high"",""contrast_loss"":true,""fold"":true}",299089,train
PO00968,AAS/PO/2026-08/2403,CUST0067,2026-08-16,PO00968__L1_classic_tabular__q4_phone_photo.jpg,jpg,L1_classic_tabular,Classic bordered tabular PO on plain letterhead,q4_phone_photo,"Phone photo: perspective warp, shadow gradient, handheld blur",N,Y,150,1,7,N,N,7,Email PDF,Poor Scan / Handwritten,"{""perspective"":true,""shadow_gradient"":true,""handheld_blur"":true}",156690,train
PO00969,SUR/PO/2026-05/8606,CUST0013,2026-05-30,PO00969__L4_excel_grid__q4_phone_photo.jpg,jpg,L4_excel_grid,"Spreadsheet printed to PDF, dense grid, 12 columns",q4_phone_photo,"Phone photo: perspective warp, shadow gradient, handheld blur",N,Y,150,1,11,N,N,11,WhatsApp Image,Scanned Copy,"{""perspective"":true,""shadow_gradient"":true,""handheld_blur"":true}",179316,train
PO00970,ZAR/PO/2026-06/6192,CUST0047,2026-06-07,PO00970__L6_erp_portal_print__q2_print_scan.pdf,pdf,L6_erp_portal_print,"Machine-generated portal print-out, monospaced, barcode",q2_print_scan,"Printed then scanned at 200 dpi, light skew and noise, image-only PDF",N,Y,200,1,6,N,N,6,Email PDF,Clean Digital,"{""skew_deg"":-0.37,""blur"":""light"",""noise"":""low""}",144733,train
PO00971,PRI/PO/2026-06/325,CUST0139,2026-06-11,PO00971__L1_classic_tabular__q2_print_scan.pdf,pdf,L1_classic_tabular,Classic bordered tabular PO on plain letterhead,q2_print_scan,"Printed then scanned at 200 dpi, light skew and noise, image-only PDF",N,Y,200,1,4,N,N,4,Email PDF,Clean Digital,"{""skew_deg"":0.68,""blur"":""light"",""noise"":""low""}",145421,validation
PO00972,SUR/PO/2026-08/1484,CUST0013,2026-08-16,PO00972__L3_email_body__q4_phone_photo.jpg,jpg,L3_email_body,"Order typed into an email body, no table, no totals",q4_phone_photo,"Phone photo: perspective warp, shadow gradient, handheld blur",N,Y,150,1,2,N,N,2,WhatsApp Image,Scanned Copy,"{""perspective"":true,""shadow_gradient"":true,""handheld_blur"":true}",121510,test
PO00973,SAM/PO/2026-04/5238,CUST0120,2026-04-25,PO00973__L1_classic_tabular__q1_clean_digital.pdf,pdf,L1_classic_tabular,Classic bordered tabular PO on plain letterhead,q1_clean_digital,Native digital PDF with a real text layer,Y,N,,1,4,N,N,4,Email PDF,Clean Digital,,3186,test
PO00974,SAA/PO/2026-06/6753,CUST0044,2026-06-13,PO00974__L6_erp_portal_print__q1_clean_digital.pdf,pdf,L6_erp_portal_print,"Machine-generated portal print-out, monospaced, barcode",q1_clean_digital,Native digital PDF with a real text layer,Y,N,,1,1,N,N,1,Email PDF,Clean Digital,,2696,train
PO00975,ADV/PO/2026-08/8252,CUST0092,2026-08-05,PO00975__L1_classic_tabular__q3_poor_scan.pdf,pdf,L1_classic_tabular,Classic bordered tabular PO on plain letterhead,q3_poor_scan,"Poor scan: heavy skew, blur, speckle, fold line, contrast loss",N,Y,150,1,10,N,N,10,Email PDF,Poor Scan / Handwritten,"{""skew_deg"":-0.71,""blur"":""heavy"",""noise"":""high"",""contrast_loss"":true,""fold"":true}",127198,test
PO00976,RID/PO/2026-05/1888,CUST0045,2026-05-04,PO00976__L6_erp_portal_print__q1_clean_digital.pdf,pdf,L6_erp_portal_print,"Machine-generated portal print-out, monospaced, barcode",q1_clean_digital,Native digital PDF with a real text layer,Y,N,,1,7,N,N,7,Portal Upload,Clean Digital,,3226,train
PO00977,URV/PO/2026-04/6335,CUST0063,2026-04-16,PO00977__L6_erp_portal_print__q1_clean_digital.pdf,pdf,L6_erp_portal_print,"Machine-generated portal print-out, monospaced, barcode",q1_clean_digital,Native digital PDF with a real text layer,Y,N,,1,4,N,N,4,Email PDF,Clean Digital,,2923,train
PO00978,JAA/PO/2026-05/4339,CUST0099,2026-05-14,PO00978__L1_classic_tabular__q4_phone_photo.jpg,jpg,L1_classic_tabular,Classic bordered tabular PO on plain letterhead,q4_phone_photo,"Phone photo: perspective warp, shadow gradient, handheld blur",N,Y,150,1,6,N,N,6,WhatsApp Image,Scanned Copy,"{""perspective"":true,""shadow_gradient"":true,""handheld_blur"":true}",135702,test
PO00979,AAR/PO/2026-07/6728,CUST0078,2026-07-22,PO00979__L5_handwritten_slip__q3_poor_scan.pdf,pdf,L5_handwritten_slip,"Handwritten order-book slip, ruled paper",q3_poor_scan,"Poor scan: heavy skew, blur, speckle, fold line, contrast loss",N,Y,150,1,6,N,N,6,Email Excel,Poor Scan / Handwritten,"{""skew_deg"":1.49,""blur"":""heavy"",""noise"":""high"",""contrast_loss"":true,""fold"":true}",165641,train
PO00980,BHO/PO/2026-08/1220,CUST0143,2026-08-12,PO00980__L4_excel_grid__q1_clean_digital.pdf,pdf,L4_excel_grid,"Spreadsheet printed to PDF, dense grid, 12 columns",q1_clean_digital,Native digital PDF with a real text layer,Y,N,,1,7,N,N,7,Email Excel,Clean Digital,,3799,test
PO00981,YUV/PO/2026-08/6460,CUST0079,2026-08-09,PO00981__L1_classic_tabular__q4_phone_photo.jpg,jpg,L1_classic_tabular,Classic bordered tabular PO on plain letterhead,q4_phone_photo,"Phone photo: perspective warp, shadow gradient, handheld blur",N,Y,150,3,12,Y,Y,12,Email Excel,Poor Scan / Handwritten,"{""perspective"":true,""shadow_gradient"":true,""handheld_blur"":true}",544909,train
PO00982,YAS/PO/2026-06/104,CUST0036,2026-06-10,PO00982__L3_email_body__q4_phone_photo.jpg,jpg,L3_email_body,"Order typed into an email body, no table, no totals",q4_phone_photo,"Phone photo: perspective warp, shadow gradient, handheld blur",N,Y,150,1,3,N,N,3,WhatsApp Image,Scanned Copy,"{""perspective"":true,""shadow_gradient"":true,""handheld_blur"":true}",168927,train
PO00983,PRI/PO/2026-04/4441,CUST0051,2026-04-28,PO00983__L4_excel_grid__q1_clean_digital.pdf,pdf,L4_excel_grid,"Spreadsheet printed to PDF, dense grid, 12 columns",q1_clean_digital,Native digital PDF with a real text layer,Y,N,,1,7,N,N,7,Email Excel,Clean Digital,,3669,train
PO00984,LAK/PO/2026-04/1054,CUST0052,2026-04-10,PO00984__L4_excel_grid__q3_poor_scan.pdf,pdf,L4_excel_grid,"Spreadsheet printed to PDF, dense grid, 12 columns",q3_poor_scan,"Poor scan: heavy skew, blur, speckle, fold line, contrast loss",N,Y,150,1,6,N,N,6,WhatsApp Image,Scanned Copy,"{""skew_deg"":0.14,""blur"":""heavy"",""noise"":""high"",""contrast_loss"":true,""fold"":true}",155521,train
PO00985,YAS/PO/2026-08/2495,CUST0016,2026-08-01,PO00985__L3_email_body__q4_phone_photo.jpg,jpg,L3_email_body,"Order typed into an email body, no table, no totals",q4_phone_photo,"Phone photo: perspective warp, shadow gradient, handheld blur",N,Y,150,1,2,N,N,2,WhatsApp Image,Scanned Copy,"{""perspective"":true,""shadow_gradient"":true,""handheld_blur"":true}",137951,train
PO00986,ISH/PO/2026-08/5426,CUST0066,2026-08-02,PO00986__L6_erp_portal_print__q1_clean_digital.pdf,pdf,L6_erp_portal_print,"Machine-generated portal print-out, monospaced, barcode",q1_clean_digital,Native digital PDF with a real text layer,Y,N,,1,3,N,N,3,Portal Upload,Clean Digital,,2910,test
PO00987,DHR/PO/2026-05/4222,CUST0094,2026-05-17,PO00987__L6_erp_portal_print__q1_clean_digital.pdf,pdf,L6_erp_portal_print,"Machine-generated portal print-out, monospaced, barcode",q1_clean_digital,Native digital PDF with a real text layer,Y,N,,1,3,N,N,3,Portal Upload,Clean Digital,,2808,test
PO00988,DEV/PO/2026-07/6294,CUST0096,2026-07-23,PO00988__L6_erp_portal_print__q1_clean_digital.pdf,pdf,L6_erp_portal_print,"Machine-generated portal print-out, monospaced, barcode",q1_clean_digital,Native digital PDF with a real text layer,Y,N,,1,9,N,N,9,Email PDF,Clean Digital,,3269,train
PO00989,AMR/PO/2026-04/5648,CUST0130,2026-04-19,PO00989__L1_classic_tabular__q1_clean_digital.pdf,pdf,L1_classic_tabular,Classic bordered tabular PO on plain letterhead,q1_clean_digital,Native digital PDF with a real text layer,Y,N,,1,5,N,N,5,Email PDF,Clean Digital,,3421,train
PO00990,SAM/PO/2026-06/5696,CUST0084,2026-06-28,PO00990__L4_excel_grid__q1_clean_digital.pdf,pdf,L4_excel_grid,"Spreadsheet printed to PDF, dense grid, 12 columns",q1_clean_digital,Native digital PDF with a real text layer,Y,N,,1,3,N,N,3,Email Excel,Clean Digital,,2826,train
PO00991,SHR/PO/2026-07/8403,CUST0028,2026-07-30,PO00991__L4_excel_grid__q1_clean_digital.pdf,pdf,L4_excel_grid,"Spreadsheet printed to PDF, dense grid, 12 columns",q1_clean_digital,Native digital PDF with a real text layer,Y,N,,1,3,N,N,3,Email Excel,Clean Digital,,2893,train
PO00992,PAR/PO/2026-05/3459,CUST0116,2026-05-06,PO00992__L1_classic_tabular__q3_poor_scan.pdf,pdf,L1_classic_tabular,Classic bordered tabular PO on plain letterhead,q3_poor_scan,"Poor scan: heavy skew, blur, speckle, fold line, contrast loss",N,Y,150,1,6,N,N,6,Scanned Copy,Scanned Copy,"{""skew_deg"":1.32,""blur"":""heavy"",""noise"":""high"",""contrast_loss"":true,""fold"":true}",112294,train
PO00993,UTS/PO/2026-05/4180,CUST0021,2026-05-18,PO00993__L4_excel_grid__q1_clean_digital.pdf,pdf,L4_excel_grid,"Spreadsheet printed to PDF, dense grid, 12 columns",q1_clean_digital,Native digital PDF with a real text layer,Y,N,,1,2,N,N,2,Email Excel,Clean Digital,,2675,train
PO00994,VRI/PO/2026-06/4549,CUST0070,2026-06-02,PO00994__L1_classic_tabular__q1_clean_digital.pdf,pdf,L1_classic_tabular,Classic bordered tabular PO on plain letterhead,q1_clean_digital,Native digital PDF with a real text layer,Y,N,,1,3,N,N,3,Email PDF,Clean Digital,,3081,train
PO00995,RUC/PO/2026-05/1407,CUST0025,2026-05-23,PO00995__L1_classic_tabular__q1_clean_digital.pdf,pdf,L1_classic_tabular,Classic bordered tabular PO on plain letterhead,q1_clean_digital,Native digital PDF with a real text layer,Y,N,,2,5,Y,N,5,Email PDF,Clean Digital,,5144,test
PO00996,SAT/PO/2026-04/9201,CUST0009,2026-04-07,PO00996__L6_erp_portal_print__q4_phone_photo.jpg,jpg,L6_erp_portal_print,"Machine-generated portal print-out, monospaced, barcode",q4_phone_photo,"Phone photo: perspective warp, shadow gradient, handheld blur",N,Y,150,1,2,N,N,2,WhatsApp Image,Scanned Copy,"{""perspective"":true,""shadow_gradient"":true,""handheld_blur"":true}",100167,train
PO00997,AMR/PO/2026-07/6389,CUST0130,2026-07-23,PO00997__L1_classic_tabular__q1_clean_digital.pdf,pdf,L1_classic_tabular,Classic bordered tabular PO on plain letterhead,q1_clean_digital,Native digital PDF with a real text layer,Y,N,,1,3,N,N,3,Email PDF,Clean Digital,,3031,train
PO00998,URV/PO/2026-05/8556,CUST0102,2026-05-11,PO00998__L1_classic_tabular__q1_clean_digital.pdf,pdf,L1_classic_tabular,Classic bordered tabular PO on plain letterhead,q1_clean_digital,Native digital PDF with a real text layer,Y,N,,1,2,N,N,2,Email PDF,Clean Digital,,2846,train
PO00999,AMR/PO/2026-08/229,CUST0043,2026-08-16,PO00999__L3_email_body__q2_print_scan.pdf,pdf,L3_email_body,"Order typed into an email body, no table, no totals",q2_print_scan,"Printed then scanned at 200 dpi, light skew and noise, image-only PDF",N,Y,200,1,2,N,N,2,Email PDF,Clean Digital,"{""skew_deg"":0.64,""blur"":""light"",""noise"":""low""}",114748,test
PO01000,UTS/PO/2026-04/2673,CUST0136,2026-04-23,PO01000__L3_email_body__q4_phone_photo.jpg,jpg,L3_email_body,"Order typed into an email body, no table, no totals",q4_phone_photo,"Phone photo: perspective warp, shadow gradient, handheld blur",N,Y,150,1,4,N,N,4,WhatsApp Image,Scanned Copy,"{""perspective"":true,""shadow_gradient"":true,""handheld_blur"":true}",171726,validation
