po_line_id,po_id,line_no,customer_item_description,customer_item_code,colour_text,gsm_text,width_text,quantity_text,uom_text,unit_price_text,line_remarks,requested_delivery_date,scenario_type,difficulty_level
POL000001,PO00001,1,60'  155gsm  60/40 poly cotton knit  melange jersey,,,155,,50,Kg,Rs. 314.38,,2026-07-10,multiple_possible_sku_matches,hard
POL000002,PO00001,2,"100% Cotton Knit, 1x1 Rib, 220GSM, Haldi",,Mustard,220,,200 approx,KGS,Rs. 337.77,,2026-07-15,no_historical_price,medium
POL000003,PO00001,3,"100% CN KNNIT live 220 GSM 1x1 Rib 72""",MEG-7382,Okive,220,,50,KGS,357.46,,2026-07-10,spelling_errors_and_abbreviations,medium
POL000004,PO00001,4,100% cotton knit/72'/olive/220 gm/1x1 rib,MEG-8949,Olive,220,,80,kgs,Rs. 369.38,,2026-07-15,small_acceptable_price_variation,easy
POL000005,PO00001,5,100% Cotton  Twill  295 gm  58 inches  Bottle Green,,Dark Green,295,,2500,MTR,Rs. 234.68,,2026-07-15,minor_naming_variation,easy
POL000006,PO00001,6,195GSM/60 INCH/95/5 COTTON LYCRA KNIT/FIROZI/WAFFLE,MEG-2710,Silver Grey,195,,150,Kilo,400.8,,2026-07-10,incorrect_colour_or_gsm,hard
POL000007,PO00001,7,"interlock knit, 195GSM, Turquoise",MEG-2735,,,,500,KG,398.35,,2026-07-10,customer_specific_product_code,medium
POL000008,PO00001,8,98/2 Cotton Lycra Denim Rigid 415 GSM 63 inch Grey Melange,,Grey Melange,415,63,150,M,301.38,,2026-07-15,clean_exact_match,easy
POL000009,PO00001,9,95/5 Cotton Lycra Knit  Waffle  195 gm  60'  Firozi,,Charcoal,195,,80,kgs,INR 400.46,,2026-06-30,incorrect_colour_or_gsm,hard
POL000010,PO00001,10,"100% CNT/Twilp/GSM 295/58""/DDark Green",,Bottle Green,295,,200,MTRS,Rs. 235.44,,2026-06-30,spelling_errors_and_abbreviations,medium
POL000011,PO00002,1,98/2 Cotton Lycra/Drill/235gsm/60'/Coffee,,Coffee Brown,235,,500,Meters,136.12,Rate as per last PO,2026-06-02,wrong_price_outside_tolerance,exception
POL000012,PO00002,2,310gsm  poly cotton denim  rigid  haldi,,Mustard,310,,300,KG,218.69/mtr,,2026-06-17,wrong_unit_of_measure,exception
POL000013,PO00002,3,"100% COTTON KNIT, SINGLE JERSEY, 155GSM, 72 INCH, ROYAL BLUE",,Royal Blue,155,,100,kgs,323.28 per unit,,2026-06-17,partial_catalogue_match,medium
POL000014,PO00002,4,60/40 Cotton Poly Dobby 130 GSM 44 inch Ecru,,Ecru,130,44,200,Mtr,Rs. 101.30,,2026-07-02,clean_exact_match,easy
POL000015,PO00003,1,100% Cotton Terry Hand Towel 385GSM Teal,,Teal,385,,300,NOS,202.62,,2026-08-06,partial_catalogue_match,medium
POL000016,PO00003,2,55/45 Poly Wool Twill Suiting 275gsm 58 inches Wine,KAV-2334,Wine,275,,200,mtr,Rs. 268.80,,2026-08-06,minor_naming_variation,easy
POL000017,PO00003,3,"58', 105 g/m2, Offwhite, eayno Slub, 95/5 VIS Lycra",,Off White,105,,200,mts,87.10,,2026-08-26,spelling_errors_and_abbreviations,medium
POL000018,PO00004,1,Beige  250 gm  58 inch  80/20 Poly Viscose  Suiting,,Beige,250,,~800,mtr,222.46,Width to be 63 inch as per last supply,2026-06-23,conflicting_information_in_po,hard
POL000019,PO00004,2,100% LIN Handloo Finish 220 g/m2 58 incehs Off-White,ISH-4626,Off White,220,,500,MTRS,INR 433.07,,2026-06-23,spelling_errors_and_abbreviations,medium
POL000020,PO00004,3,100% Linen Handloom Finish 220 GSM 58 inch Off White,,Off White,220,58,400,mtr,433.82,,2026-07-13,clean_exact_match,easy
POL000021,PO00004,4,80/20 PV - Suiting - 250gsm - 58 inch - Beife,,Biege,250,,500,mtr,Rs. 222.71,,2026-07-08,spelling_errors_and_abbreviations,medium
POL000022,PO00004,5,80/20 Poly Cotton Poplin 145 GSM 58 inch Mint,,Mint,145,58,1000,Mtr,102.41,,2026-06-23,clean_exact_match,easy
POL000023,PO00004,6,blended shirting cloth - 58in,,,,,600,MTR,102.24,,2026-07-13,ambiguous_product_match,hard
POL000024,PO00005,1,as per our code VAI-9487,VAI-9487,,,,150,MTRS,259.57/mtr,,2026-04-26,customer_specific_product_code,medium
POL000025,PO00005,2,GSM 305  fleece cloth  Cream,VAI-6902,,,,250,Kg,Rs. 338.81,,2026-05-16,customer_specific_product_code,medium
POL000026,PO00006,1,Haldi - loopknit fabric - 375 GSM,NIR-4465,,,,300,KGS,404.28,,2026-05-14,customer_specific_product_code,medium
POL000027,PO00006,2,NIR-7393 same as last time,NIR-7393,,,,400,MTR,270.79,,2026-04-29,customer_specific_product_code,medium
POL000028,PO00006,3,item NIR-5181,NIR-5181,,,,2000,MTR,269.87,,2026-05-04,customer_specific_product_code,medium
POL000029,PO00006,4,100% Linen - Handloom Finish - 115GSM - 58' - Mint,NIR-2740,Mint,115,,600,Meters,271.4,,2026-05-04,minor_naming_variation,easy
POL000030,PO00007,1,Musturd  210GSM  90 inch  50/50 Poly Cotton  Percale,,Musturd,210,,"1,500",MTR,248.30,,2026-09-30,minor_naming_variation,easy
POL000031,PO00007,2,"Canvas - 350GSM - 63"" - Coffee - 65/35 Poly Cotton",,Coffee,350,,400,M,Rs. 205.38,,2026-08-31,minor_naming_variation,easy
POL000032,PO00007,3,65/35  Po1y C0ffon - Canvas - GSM 350 - 63 inch - C0ffee,,Coffee Brown,300,,800,Mtr,205.21,,2026-09-05,poor_quality_document,hard
POL000033,PO00007,4,50/50 poly CTN percale 210gs mw-90 musutrd,,Mustard,210,,150,Mtr,248.86,,2026-09-15,spelling_errors_and_abbreviations,medium
POL000034,PO00007,5,"50/50 Poly Cotton, Percale, 210 GSM, 90"", Mustard",,Peach,210,,"1,000",MTR,248.3,,2026-08-26,incorrect_colour_or_gsm,hard
POL000035,PO00007,6,"canvas cloth, 350 gsm, coffee brown",PRA-6284,,,,800,Meters,204.42,,2026-09-05,customer_specific_product_code,medium
POL000036,PO00008,1,Poly  Chenille  GSM 350  58 inches  Black,,Black,350,,1000,Mtr,294.28,,2026-06-02,minor_naming_variation,easy
POL000037,PO00008,2,210 gm percale w-90 mustard 50/50 poly cotton,,Mustard,210,,1500,MTRS,Rs. 248.89,,2026-06-17,minor_naming_variation,easy
POL000038,PO00008,3,"65/35 Poly Cotton, Canvas, 350gsm, 63in, Brown Coffee",,Brown Coffee,350,,500,mtr,205.87,,2026-06-17,minor_naming_variation,easy
POL000039,PO00008,4,"Han dToewl, 385gsm, Silver, 100% CTN Trry",,Silvee Grey,385,,~300,PCS,181.10,,2026-06-17,spelling_errors_and_abbreviations,medium
POL000040,PO00008,5,100% Polyester Chenille 350 GSM 58 inch Black,,Black,350,58,1500,Meters,296.12 per unit,,2026-07-02,clean_exact_match,easy
POL000041,PO00008,6,"BABY PINK, 465GSM, DUCK CANVAS, 100% COTTON",,Baby Pink,465,,400,Mtr,228.68 per unit,,2026-05-28,no_historical_price,medium
POL000042,PO00008,7,"65/35 Poly Cotton, Canvas, 350gsm, 63in, Coffee Brown",,Coffee Brown,350,,600,Meters,214.86,,2026-06-07,small_acceptable_price_variation,easy
POL000043,PO00008,8,fabric,,,,,600,Meters,,,2026-06-12,malformed_incomplete_order,exception
POL000044,PO00008,9,as discussed,,,,,100,pieces,181.04,,2026-06-02,malformed_incomplete_order,exception
POL000045,PO00008,10,50/50 Poly Cotton Sheeting 210 gm 90 inches Charcoal,,Off White,210,,1500,mtr,249.5,,2026-05-28,incorrect_colour_or_gsm,hard
POL000046,PO00009,1,Poly Cotton Denim Rigid 310 GSM 63 inch Maroon,,Maroon,310,63,800 approx,M,208.0,,2026-07-18,clean_exact_match,easy
POL000047,PO00009,2,100% Cotton Knit 2x2 Rib 280 GSM 72 inch Olive,,Olive,280,72,80,KG,454.54,,2026-07-18,clean_exact_match,easy
POL000048,PO00009,3,as per our code NIM-6070,NIM-6070,,,,300,Kilo,371.63,,2026-07-13,customer_specific_product_code,medium
POL000049,PO00009,4,100% CTN KNIT - Waffle - 240 GMMS - 60in - Olive,,Olive,240,,300,Kg,376.43,,2026-07-13,spelling_errors_and_abbreviations,medium
POL000050,PO00009,5,100% Cotton Knit Waffle 240 GSM 60 inch Olive,,Olive,240,60,50,Kilo,373.83,,2026-07-18,clean_exact_match,easy
POL000051,PO00009,6,interlock knit 230GSM Coffee Brown,NIM-4447,,,,300,Kilo,373.90,,2026-07-18,customer_specific_product_code,medium
POL000052,PO00009,7,GSM 240  OLIVE  RIB FABRIC,NIM-4205,,,,50,kgs,376.53,,2026-07-08,customer_specific_product_code,medium
POL000053,PO00010,1,Handloom Finish 58in 55/45 Linen Cotton GSM 195 Rust,,Rust,195,,2500,Meters,428.24,,2026-05-25,minor_naming_variation,easy
POL000054,PO00010,2,Wine  Crepe  70GSM  100% Polyester  44',,Wine,70,,150,mtr,Rs. 39.87,Rate confirmed on call,2026-06-14,wrong_price_outside_tolerance,exception
POL000055,PO00010,3,55/45 Linen Cotton Plain 215 GSM 58 inch Black,,Black,215,58,200 approx,MTRS,469.83,,2026-05-25,clean_exact_match,easy
POL000056,PO00010,4,100% Polyester Crepe 70 GSM 44 inch Wine,VRI-2277,Wine,70,44,600 approx,Mtr,52.73,,2026-05-25,clean_exact_match,easy
POL000057,PO00010,5,"100% PLY, BLACCKOUT ABSE, 160 G/M2, W-54, RUST",,Rus,160,,800,MTR,137.91,,2026-06-14,spelling_errors_and_abbreviations,medium
POL000058,PO00010,6,"Lining Twill, 70 g/m2, 100% Polyester, Grey Melange",,Grey Melange,70,,"2,500",YDS,46.41,,2026-06-09,wrong_unit_of_measure,exception
POL000059,PO00010,7,Crepe Wine 70gsm 100% Polyester 44',,Wine,70,,~1000,mtr,52.32,Note: rate agreed for 95 GSM quality,2026-06-09,conflicting_information_in_po,hard
POL000060,PO00011,1,item ANA-9768,ANA-9768,,,,2000,mts,127.0,,2026-05-22,customer_specific_product_code,medium
POL000061,PO00011,2,"100% CTN KNIT 72"" Olive 2x2 Rib 280SGM",ANA-5567,Olibe,280,,50,kgs,Rs. 473.54,,2026-06-26,spelling_errors_and_abbreviations,medium
POL000062,PO00011,3,"Waffle, Peach, 95/5 Cotton Lycra Knit, 195gsm",,Peach,195,,80,KGS,368.43,,2026-06-26,expired_historical_price,medium
POL000063,PO00011,4,98/2 COTTON LYCRA DENIM/LIGHTWEIGHT/320GSM/58 INCH/WINE,ANA-7799,Wine,320,,200,Mtr,240.84,,2026-06-11,incorrect_colour_or_gsm,hard
POL000064,PO00011,5,sj knit  gsm 160  sea green,ANA-9029,,,,50,Kilo,271.21,,2026-06-01,customer_specific_product_code,medium
POL000065,PO00011,6,100% Cotton Denim 370GSM 63' Rigid Lavender,,Lavender,370,,1000,MTR,231.2,,2026-06-26,minor_naming_variation,easy
POL000066,PO00011,7,ANA-9207 same as last time,ANA-9207,,,,~800,mtr,189.26,,2026-06-11,customer_specific_product_code,medium
POL000067,PO00011,8,rib fabric 280 GSM Wine,ANA-8500,,,,100,Kg,Rs. 478.69,,2026-06-11,customer_specific_product_code,medium
POL000068,PO00012,1,100% Combed Cotton Dobby 150 GSM 58 inch Mustard,,Mustard,150,58,150,Mtr,125.21/mtr,,2026-04-11,clean_exact_match,easy
POL000069,PO00012,2,100% Lyocell Twill 165 GSM 58 inch Royal Blue,NAK-9893,Royal Blue,165,58,500,Mtr,242.58 per unit,,2026-04-16,clean_exact_match,easy
POL000070,PO00012,3,Chino 210 GSM 98/2 CTN pyca W-58 CHARCL,,Charcial,210,,~200,mts,161.10,,2026-04-11,spelling_errors_and_abbreviations,medium
POL000071,PO00012,4,100% Linen Handloom Finish 220 GSM 58 inch Beige,,Beige,220,58,400,mtr,Rs. 408.38,,2026-04-26,clean_exact_match,easy
POL000072,PO00012,5,"60/40 cotton poly - voile - gsm 130 - 44"" - greige rfd",,Greige RFD,130,,800,Meters,85.08,,2026-04-16,small_acceptable_price_variation,easy
POL000073,PO00012,6,shirting fabric,,,,,200,Mtr,82.80,,2026-05-16,ambiguous_product_match,hard
POL000074,PO00013,1,"camel, chino, 97/3 CTN spndex, 320 gsm, 58""",,Cammel,320,,500 approx,MTR,256.67,,2026-06-22,spelling_errors_and_abbreviations,medium
POL000075,PO00013,2,100% Cotton  Canvas Bottom  58'  225GSM,,,225,,~150,Mtr,INR 178.97,,2026-06-22,multiple_possible_sku_matches,hard
POL000076,PO00013,3,"100% CTN KNIT, MEL JERSEY, GS 160, 60 INCHES, SEA GEREN",,Se aGreen,160,,~100,kgs,329.1,,2026-06-07,spelling_errors_and_abbreviations,medium
POL000077,PO00013,4,100% Polyester Fleece Brushed 305 GSM 72 inch Royal Blue,,Royal Blue,305,72,200,KGS,332.05,,2026-05-28,clean_exact_match,easy
POL000078,PO00013,5,MINT - JERSEY KNIT FABRIC - 160 GM,NIM-6662,,,,150,KGS,336.81,,2026-06-07,customer_specific_product_code,medium
POL000079,PO00014,1,100% Polyester  Crepe  105 GSM  58 inch  Beige,,Beige,105,,1500,MTRS,72.88,,2026-06-23,small_acceptable_price_variation,easy
POL000080,PO00014,2,Melange Grey Handloom Finish 115 GSM 58' 100% Linen,,Grey Melange,115,,400,Mtr,268.99,,2026-06-08,minor_naming_variation,easy
POL000081,PO00014,3,100% Linen Handloom Finish 115 GSM 58 inch Grey Melange,,Grey Melange,115,58,600,mts,268.69,,2026-06-03,clean_exact_match,easy
POL000082,PO00014,4,100% Linen Handloom Finish 115 GSM 58 inch Mint,,Mint,115,58,1200 approx,MTRS,252.9,,2026-06-13,clean_exact_match,easy
POL000083,PO00014,5,"100% Polyester, 105 gm, Beige, Crepe, 58""",,Beige,105,,~1500,mts,Rs. 72.93,,2026-06-03,small_acceptable_price_variation,easy
POL000084,PO00014,6,100% Linen Handloom Finish 115 GSM 58 inch Grey Melange,,Grey Melange,115,58,600,MTR,270.78,,2026-06-13,clean_exact_match,easy
POL000085,PO00015,1,58' shirting fabric,,,,,1000,mtr,Rs. 91.67,,2026-06-21,ambiguous_product_match,hard
POL000086,PO00015,2,100% Cotton Denim Lightweight 310 GSM 58 inch Camel,,Camel,310,58,1000,mts,INR 197.30,,2026-07-16,clean_exact_match,easy
POL000087,PO00015,3,100% CTN KNTI/sngle JSY/160gsm/w-60/b. green,,Bottle Geen,160,,200,KGS,316.8,,2026-07-16,spelling_errors_and_abbreviations,medium
POL000088,PO00015,4,100% Cotton Denim Lightweight 310 GSM 58 inch Camel,,Camel,310,58,150,MTR,Rs. 198.66,,2026-06-26,clean_exact_match,easy
POL000089,PO00015,5,55/45 Linen Cotton Handloom Finish 195 GSM 58 inch Mint,,Mint,195,58,400,MTR,INR 392.56,,2026-06-26,clean_exact_match,easy
POL000090,PO00015,6,100% COTTON KNIT  BOTTLE GREEN  60IN  160 GM  SINGLE JERSEY,,Bottle Green,160,,500,Kg,Rs. 304.28,,2026-07-16,small_acceptable_price_variation,easy
POL000091,PO00015,7,100% Combed Cotton Poplin 95 GSM 58 inch Teal,,Teal,95,58,300,MTRS,92.39/mtr,,2026-06-16,clean_exact_match,easy
POL000092,PO00015,8,"100% cotton denim, lightweight, 310 gsm, 58 inch, camel",,Camel,310,,"2,000",mtr,INR 197.05,Width to be 36 inch as per last supply,2026-06-21,conflicting_information_in_po,hard
POL000093,PO00016,1,100% Polyester Velvet  8 Wale  GSM 330  Olive,UTS-8954,Olive,330,,2500,yds,INR 233.08,,2026-06-03,wrong_unit_of_measure,exception
POL000094,PO00016,2,95/5 Viscose Lycra Rayon Plain 110 GSM 44 inch Greige RFD,UTS-2101,Greige RFD,110,44,~150,M,72.31/mtr,,2026-05-14,clean_exact_match,easy
POL000095,PO00016,3,100% Cotton Denim Lightweight 310 GSM 58 inch Camel,,Camel,310,58,400,Meters,INR 194.42,,2026-06-03,clean_exact_match,easy
POL000096,PO00016,4,60/40 Cotton Poly Dobby 130 GSM 44 inch Navy Blue,,Navy Blue,130,44,1000,Mtr,96.3,,2026-05-14,clean_exact_match,easy
POL000097,PO00017,1,PRA-5267 - regular quality,PRA-5267,,,,1000,mts,241.66,,2026-04-16,customer_specific_product_code,medium
POL000098,PO00017,2,98/2 COTTON LYCRA DENIM RIGID 300GSM 63',,,300,,1200,Mtr,241.83,,2026-04-11,multiple_possible_sku_matches,hard
POL000099,PO00018,1,100% Polyester Fleece Brushed 275 GSM 60 inch Black,,Black,275,60,100 approx,KG,293.80,,2026-07-16,clean_exact_match,easy
POL000100,PO00018,2,60/40 CTN poly csmbri 105 g/m2 44' beige,,eige,105,,2500,Meters,INR 83.11,,2026-07-26,spelling_errors_and_abbreviations,medium
POL000101,PO00018,3,95/5 cotton lycra knit waffle 195gsm 60in olive,,Olive,195,,200,KGS,260.92/kg,Rate confirmed on call,2026-07-26,wrong_price_outside_tolerance,exception
POL000102,PO00018,4,98/2 Cotton Lycra Drill 235 GSM 60 inch Bottle Green,,Bottle Green,235,60,1200,Mtr,191.94,,2026-07-21,clean_exact_match,easy
POL000103,PO00019,1,100% Polyester  Crepe  85 GSM  58in  Off White,,Off White,85,,2000,mts,66.25,,2026-07-07,small_acceptable_price_variation,easy
POL000104,PO00020,1,"58"" - 55/45 P/W - 220 GM - pight Pink - Suitig",KAV-2611,Baby Pink,220,,150,M,Rs. 219.38,,2026-08-05,spelling_errors_and_abbreviations,medium
POL000105,PO00020,2,PV cloth medium quality,KAV-3500,,,,2500,mts,187.50,,2026-08-15,ambiguous_product_match,hard
POL000106,PO00021,1,60/40 Cotton Poly Fleece/305 gm/Brushed/60',,,305,,100,Kg,316.10,,2026-06-15,multiple_possible_sku_matches,hard
POL000107,PO00021,2,95/5 Cotton Lycra Knit 1x1 Rib 255 GSM 72 inch Royal Blue,,Royal Blue,255,72,150,KG,468.80,,2026-05-31,clean_exact_match,easy
POL000108,PO00021,3,98/2 Cotton Lycra Denim Rigid 300 GSM 63 inch Maroon,,Maroon,300,63,1200,MTRS,223.33,,2026-06-05,clean_exact_match,easy
POL000109,PO00021,4,"LIGHTWEIGHT, GSM 255, POLY COTTON DENIM, 58 INCHES, TEAL",,Teal,255,,200,MTR,169.18,,2026-06-15,partial_catalogue_match,medium
POL000110,PO00021,5,Wool Felt 400 GSM 72 inch CHARCL,,,,,2500,Mtr,172.83,,2026-06-10,unknown_product,exception
POL000111,PO00021,6,95/5 CTN LYCC - Single Jersey - 155 g/m2 - W-60 - RFD,,Greige RFD,155,,150,kgs,309.49,,2026-06-15,spelling_errors_and_abbreviations,medium
POL000112,PO00022,1,suiting cloth usual,,,,,2000,mts,199.1,,2026-08-26,ambiguous_product_match,hard
POL000113,PO00023,1,Cotton/Twill/295 gm/58in/Haldi,,Musturd,295,,2500 approx,MTRS,222.45,,2026-08-20,minor_naming_variation,easy
POL000114,PO00023,2,100% Cotton Twill 295 GSM 58 inch Mustard,,Mustard,295,58,600,Meters,222.53/mtr,,2026-08-25,clean_exact_match,easy
POL000115,PO00023,3,Sateen - 190 GSM - Sea Green - 95/5 Poly Spandex,,Sea Green,190,,800,Meters,170.07/mtr,,2026-08-10,expired_historical_price,medium
POL000116,PO00023,4,Twill  Rust  W-58  100% Cotton  GSM 295,,Rust,295,,2500,mtr,223.2,,2026-08-30,partial_catalogue_match,medium
POL000117,PO00023,5,pant material,,,,,1500,MTRS,222.35,,2026-08-10,ambiguous_product_match,hard
POL000118,PO00023,6,58' - GSM 245 - 100% Cotton - Flannel,,,245,,2000,mts,Rs. 198.91,,2026-08-10,multiple_possible_sku_matches,hard
POL000119,PO00023,7,100% Cotton Twill 295 GSM 58 inch Mustard,,Mustard,295,58,150,mts,222.18,,2026-08-15,clean_exact_match,easy
POL000120,PO00023,8,100% Cotton Flannel 245gsm 58in Bottle Green,,Bottle Green,245,,800,Mtr,Rs. 199.64,,2026-08-20,partial_catalogue_match,medium
POL000121,PO00023,9,100% Cotton W-58 Flannel Teal 260 gm,,Teal,260,,1000,MTRS,200.62,,2026-08-15,incorrect_colour_or_gsm,hard
POL000122,PO00023,10,100% Cotton Flannel 245 GSM 58 inch Teal,,Teal,245,58,150 approx,MTR,INR 199.25,,2026-08-25,clean_exact_match,easy
POL000123,PO00024,1,100% Linen Handloom Finish 115 GSM 58 inch Mint,,Mint,115,58,1000,mts,253.42,,2026-05-29,clean_exact_match,easy
POL000124,PO00024,2,"100% LIN Hanslooom Finish SGM 115 58"" Mint",,Minnt,115,,1200 approx,MTR,251.50,,2026-06-13,spelling_errors_and_abbreviations,medium
POL000125,PO00024,3,"Twill, 130GSM, Sea Green, 100% Modal",,Sea Green,130,,400,M,Rs. 191.58,,2026-05-09,no_historical_price,medium
POL000126,PO00024,4,95/5 Poly Spamdex - Satn - 155gsm - 58 inches - Rust,,RRust,155,,2000,MTRS,143.7,,2026-05-09,spelling_errors_and_abbreviations,medium
POL000127,PO00025,1,Hand Towel 100% Cotton Terry Dark Green GSM 470,,Dark Green,470,,1500,NOS,240.43,,2026-08-17,minor_naming_variation,easy
POL000128,PO00025,2,"100% PLY  blackotu base  220 gs m 54""  O/W",,Off Wite,220,,600,MTRS,Rs. 148.86,,2026-09-01,spelling_errors_and_abbreviations,medium
POL000129,PO00025,3,rGey MEL  W-63  405gssm  65/35 PC  Duck Canvas,,Grey Melanhe,405,,"1,200",M,Rs. 234.65,,2026-09-01,spelling_errors_and_abbreviations,medium
POL000130,PO00026,1,65/35 poly cotton duck canvas gsm 405 peach,,Peach,405,,150,Yards,INR 222.93,,2026-05-30,wrong_unit_of_measure,exception
POL000131,PO00026,2,"100% PLY, CIFFON, 95GSM, 44"", LAVENDRE",,Lavender,95,,600,mtr,59.57,,2026-05-25,spelling_errors_and_abbreviations,medium
POL000132,PO00026,3,100% Viscose/Printed Plain/140 gm/W-58/Charcoal,,Charcoal,140,,1000,MTRS,Rs. 141.93,Please supply in Teal as discussed,2026-05-15,conflicting_information_in_po,hard
POL000133,PO00027,1,95/5 Cotton Lycra Knit Waffle 195 GSM 60 inch Firozi,MEG-9157,Firozi,195,60,200,Kg,399.33,,2026-07-03,clean_exact_match,easy
POL000134,PO00027,2,60in  195GSM  Waffle  95/5 Cotton Lycra Knit,,,195,,300,Kilo,INR 400.69,,2026-07-03,multiple_possible_sku_matches,hard
POL000135,PO00027,3,98/2 Cotton Lycra Denim Rigid 63in 415 g/m2 Grey Melange,,Melange Grey,415,,600,Meters,301.07,,2026-07-18,minor_naming_variation,easy
POL000136,PO00027,4,interlock knit Olive 220 gm,MEG-1611,,,,400,Kg,359.10,,2026-07-08,customer_specific_product_code,medium
POL000137,PO00027,5,"100% Cotton Twill 295 GSM 58"" Bottle Green",MEG-3283,Bottle Green,295,,200,mts,243.5,,2026-07-23,small_acceptable_price_variation,easy
POL000138,PO00027,6,MEG-5453 same as last time,MEG-5453,,,,80,KGS,398.19,,2026-08-07,customer_specific_product_code,medium
POL000139,PO00027,7,100% Combed Cotton Poplin 95 GSM White,,White,95,,800,Meters,81.96,,2026-07-13,no_historical_price,medium
POL000140,PO00027,8,"95/5 Cotton Lycra Knit Waffle 195 g/m2 60""",MEG-9872,,195,,~150,KGS,400.72,,2026-07-03,multiple_possible_sku_matches,hard
POL000141,PO00028,1,GSM 300 Maroon 98/2 Cotton Lycra Denim 63' Rigid,,Maroon,300,,2500,Meters,220.3,,2026-07-02,small_acceptable_price_variation,easy
POL000142,PO00028,2,100% Linen Plain 215 GSM 58 inch Royal Blue,,Royal Blue,215,58,400,Mtr,431.9,,2026-06-27,clean_exact_match,easy
POL000143,PO00028,3,55/45 /PW/Suiting/220GSM/58in/Lt Pink,,Baby Pink,220,,600,Mtr,192.88 per unit,,2026-06-27,spelling_errors_and_abbreviations,medium
POL000144,PO00028,4,"55/45 Poly Wool, Suiting, 240 gm, 58 inch, Baby Pink",TAN-7573,Baby Pink,240,,1200,M,191.92/mtr,,2026-07-02,incorrect_colour_or_gsm,hard
POL000145,PO00028,5,as per our code TAN-9545,TAN-9545,,,,500 approx,Meters,192.82,,2026-07-22,customer_specific_product_code,medium
POL000146,PO00029,1,98/2 Cotton Lycra Denim Rigid 415 GSM 63 inch Grey Melange,,Grey Melange,415,63,1500,Mtr,275.98,,2026-05-01,clean_exact_match,easy
POL000147,PO00029,2,"chanbray/58""/130 gm/100% CMBD CTN/black",,Black,130,,500,Mtr,119.1,,2026-05-21,spelling_errors_and_abbreviations,medium
POL000148,PO00029,3,100% Cotton Denim Lightweight 310 GSM 58 inch Mint,,Mint,310,58,1000,mts,188.56,,2026-05-21,clean_exact_match,easy
POL000149,PO00029,4,98/2 Cotton Lycra Denim Rigid 300 GSM 63 inch Maroon,,Maroon,300,63,1200,Mtr,Rs. 213.84,,2026-05-06,clean_exact_match,easy
POL000150,PO00029,5,item KAN-5552,KAN-5552,,,,300,mts,118.45,,2026-05-21,customer_specific_product_code,medium
POL000151,PO00029,6,97/3 Cotton Spandex Chino 320 GSM 58 inch Ecru,,Ecru,320,58,800,Meters,223.05 per unit,,2026-06-05,clean_exact_match,easy
POL000152,PO00030,1,100% Polyester Velvet 8 Wale 330 GSM 44 inch Wine,,Wine,330,44,150,MTRS,261.36,,2026-08-12,clean_exact_match,easy
POL000153,PO00030,2,100% Combed Cotton  Chambray  130 gm  Black,,Black,130,,400,Mtr,Rs. 113.42,,2026-08-12,no_historical_price,medium
POL000154,PO00030,3,330GSM velvet cloth Wine,VRI-5306,,,,1000,mtr,260.22,,2026-09-11,customer_specific_product_code,medium
POL000155,PO00030,4,100% Linen Handloom Finish 220 gm W-58 Peach,,Peach,220,,400,mts,356.21,Rate confirmed on call,2026-09-11,wrong_price_outside_tolerance,exception
POL000156,PO00030,5,VELVET CLOTH - WINE - GSM 330,VRI-4958,,,,200,MTR,261.13/mtr,,2026-08-12,customer_specific_product_code,medium
POL000157,PO00030,6,"55/45 Linen Cotton, Handloom Finish, 195gsm, 58', Coffee",,Coffee,195,,200,Mtr,444.33,,2026-08-07,minor_naming_variation,easy
POL000158,PO00030,7,55/45 Linen Cotton Handloom Finish 195 GSM 58 inch Coffee Brown,,Coffee Brown,195,58,600,Mtr,442.66,,2026-08-27,clean_exact_match,easy
POL000159,PO00030,8,95/5 Viscose Lycra Rayon Slub 135 GSM 44in Teal,,Teal,135,,600,mts,114.93,,2026-08-12,partial_catalogue_match,medium
POL000160,PO00031,1,Duck Canvas 63 inches 65/35 Poly Cotton GSM 405 Grey Melange,,Grey Melange,405,,1000,Mtr,Rs. 234.41,Note: rate agreed for 425 GSM quality,2026-08-06,conflicting_information_in_po,hard
POL000161,PO00031,2,100% Cotton Terry Face Towel 450 GSM 16x24 inch Wine,,Wine,450,,1500,pieces,Rs. 221.35,,2026-08-26,clean_exact_match,easy
POL000162,PO00031,3,100%  COTT0N TERRY HAND TOWEL BROWN COFFEE 385G5M ~~,,Coffee Brown,,,1500,Pcs,197.38,,2026-08-01,poor_quality_document,hard
POL000163,PO00031,4,100% Cotton Terry Hand Towel 470 GSM 12x12 inch Bottle Green,,Bottle Green,470,,750,NOS,240.83,,2026-08-06,clean_exact_match,easy
POL000164,PO00031,5,65/35 PC  vanvass  375 gsm  58'  CFOFEE,,Coffee Brown,375,,1000,MTR,223.74,,2026-07-27,spelling_errors_and_abbreviations,medium
POL000165,PO00031,6,terry towel pcs medium quality,,,,,200,pieces,197.83,,2026-07-27,ambiguous_product_match,hard
POL000166,PO00032,1,-,,,,,1200 approx,Mtr,345.93/mtr,,2026-07-15,malformed_incomplete_order,exception
POL000167,PO00032,2,70/30 Poly Cotton Chenille 415 GSM 58 inch White,,White,415,58,400,Mtr,INR 295.74,,2026-07-15,clean_exact_match,easy
POL000168,PO00032,3,50/50 poly cotton percale gsm 120 mint,,Mint,120,,2500,Mtr,INR 158.52,,2026-06-15,expired_historical_price,medium
POL000169,PO00032,4,Bottle Green  100% Polyester  Chenille  350 g/m2  W-58,,Dark Green,350,,500,M,277.01,,2026-06-20,minor_naming_variation,easy
POL000170,PO00033,1,"100% Viscose, Rayon Crepe, 155 GSM, 58""",,,155,,800,MTR,INR 110.64,,2026-06-23,multiple_possible_sku_matches,hard
POL000171,PO00033,2,"100% Linen Handloom Finish 115 GSM 58"" Coffee Brown",OJA-1266,Mustard,115,,1500,Mtr,Rs. 253.59,,2026-06-08,incorrect_colour_or_gsm,hard
POL000172,PO00033,3,95/5 VIS Lycra  Rayon Sub  GSM 105  58in  Off White,OJA-4389,Off Wite,105,,"1,500",M,83.50,,2026-05-19,spelling_errors_and_abbreviations,medium
POL000173,PO00034,1,"Duck Canvas  Baby Pink  63""  310 g/m2  65/35 Poly Cotton",,Firozi,310,,150,MTRS,Rs. 171.65,,2026-07-18,incorrect_colour_or_gsm,hard
POL000174,PO00034,2,100% Cotton Terry  Hand Towel  425 GSM  Greige,,Greige RFD,425,,as per stock,Pcs,177.38,,2026-08-12,missing_quantity,exception
POL000175,PO00034,3,"65/35  POLY C0TT0N - DUCK CANVA5 - 465 GM - 63"" - OFFWHlTE |",,Off White,,,1200,mtr,236.86/mtr,,2026-07-28,poor_quality_document,hard
POL000176,PO00034,4,Recycled PET Fleece GRS Certified 300 GSM,,,,,"2,000",MTRS,218.99,,2026-07-18,unknown_product,exception
POL000177,PO00034,5,63' duck fabric,,,,,"1,000",MTRS,INR 176.02,,2026-07-13,ambiguous_product_match,hard
POL000178,PO00034,6,210 GSM - SHEETING - CHACROAL - 90 INCHES - 50/50 POLY xTN,,Chharcoal,210,,1500,M,Rs. 232.07,,2026-08-12,spelling_errors_and_abbreviations,medium
POL000179,PO00034,7,100% Cotton Terry Hand Towel 505 GSM 12x12 inch Camel,,Camel,505,,500,PCS,INR 230.14,,2026-07-18,clean_exact_match,easy
POL000180,PO00034,8,100% Cott0n Terry/Face Towel/415 6SM/Olive,,,405 ~~,,"2,000",NOS,197.81,,2026-07-18,poor_quality_document,hard
POL000181,PO00034,9,sofa fabric 58in,,,,,200,MTRS,239.13,,2026-07-08,ambiguous_product_match,hard
POL000182,PO00034,10,70/30 Poly Cotton GSM 380 Chenille Wine 54',,Wine,380,,2500,mtr,273.52,,2026-07-18,minor_naming_variation,easy
POL000183,PO00035,1,65/35 Poly Cotton Canvas 350 GSM 63 inch Coffee Brown,,Coffee Brown,350,63,~200,M,205.79,,2026-05-16,clean_exact_match,easy
POL000184,PO00035,2,"100% Cotton Terry, Silver, GSM 385, Hand Towel",,Silver Grey,385,,"9,505",pieces,181.39,,2026-05-16,unusually_large_quantity,exception
POL000185,PO00035,3,50/50 Poly Cotton Percale 210 GSM 90 inch Mustard,,Mustard,210,90,300,M,249.84/mtr,,2026-05-16,clean_exact_match,easy
POL000186,PO00035,4,same as last order,,,,,1500,Pcs,,,2026-04-26,malformed_incomplete_order,exception
POL000187,PO00035,5,"50/50 Poly Cotton, Percale, 210 g/m2, W-90, Teal",,Teal,210,,150,MTR,249.74,,2026-05-16,partial_catalogue_match,medium
POL000188,PO00036,1,Grey Fabric (RFD) 65/35 Poly Cotton Canvas 375 gm,,Greige RFD,375,,1500,Mtr,192.35,,2026-09-03,no_historical_price,medium
POL000189,PO00036,2,"70/30 Poly Viscose, GSM 240, W-60, Twill Suiting",,,240,,"1,000",mtr,201.03,,2026-08-29,multiple_possible_sku_matches,hard
POL000190,PO00036,3,"65/35 Poly Cotton, Brushed Twill, Lt Pink, 58', GSM 170",,Light Pink,170,,400,mtr,137.71,,2026-08-24,minor_naming_variation,easy
POL000191,PO00036,4,LAK-6863 same as last time,LAK-6863,,,,"1,200",mtr,234.92,,2026-09-08,customer_specific_product_code,medium
POL000192,PO00037,1,97/3 Cotton Spandex  Drill  275 gm  58 inches  Cream,,Cream,275,,~400,MTRS,206.73/mtr,Please supply in Lavender as discussed,2026-06-10,conflicting_information_in_po,hard
POL000193,PO00037,2,97/3 Cotton Spandex Drill 275 GSM 58 inch Cream,,Cream,275,58,600,Meters,206.01,,2026-07-05,clean_exact_match,easy
POL000194,PO00037,3,"140 GSM, 65/35 Poly Cotton, Sea Green, Blended Shirting",,Sea Green,140,,400,mts,84.42,,2026-06-15,no_historical_price,medium
POL000195,PO00037,4,97/3 Cotton Spandex Drill 275 GSM 58 inch Cream,,Cream,275,58,400,Mtr,206.49,,2026-05-31,clean_exact_match,easy
POL000196,PO00037,5,drill - 58 inches - 275 gsm - 97/3 cotton spandex - cream,,Cream,275,,150,Meters,214.49,,2026-06-15,small_acceptable_price_variation,easy
POL000197,PO00037,6,pant material/58' normal one,,,,,"1,000",mtr,206.44,,2026-06-20,ambiguous_product_match,hard
POL000198,PO00037,7,CREAM - 275 GSM - DRILL - 97/3 COTTON SPANDEX - W-58,,Cream,275,,800,Meters,207.6,,2026-06-20,minor_naming_variation,easy
POL000199,PO00037,8,97/3 TCN Spandex Drill 275 gm W-58 Creaam,,CCream,275,,1200,mts,INR 207.62,,2026-05-31,spelling_errors_and_abbreviations,medium
POL000200,PO00038,1,60/40 Poly Cotton Knit Melange Jersey 155 GSM 60 inch White,AAS-4851,White,155,60,100,KGS,283.95,,2026-07-26,clean_exact_match,easy
POL000201,PO00039,1,55/45 P/W/Twill Syitinng/275 g/m2/58'/Wine,,Wnie,275,,600,mtr,Rs. 250.97,,2026-06-26,spelling_errors_and_abbreviations,medium
POL000202,PO00039,2,97/3 Cotton Spandex Drill 275 g/m2 Light Blue,,Sky Blue,275,,2500,MTR,198.79,,2026-07-26,no_historical_price,medium
POL000203,PO00040,1,rib fabric medium quality,,,,,50,KG,489.08,,2026-08-22,ambiguous_product_match,hard
POL000204,PO00040,2,58 INCCH 350GSM COFFEE LIGHTWEIGHTT 98/2 CTN LYC DDNM,,Coffee Brown,350,,150,mts,223.61,,2026-08-17,spelling_errors_and_abbreviations,medium
POL000205,PO00040,3,"60/40 COTTON POLY - VOILE - 130 G/M2 - 44"" - RFD",,Greige RFD,130,,300 approx,MTR,Rs. 93.42,,2026-08-22,minor_naming_variation,easy
POL000206,PO00041,1,Rigid - Maroon - Poly Cotton Denim - 63' - 310 g/m2,,Dark Maroon,310,,~800,Mtr,Rs. 208.30,,2026-06-13,minor_naming_variation,easy
POL000207,PO00041,2,Sea Green  155gsm  SJ knit,NAK-6226,,,,~150,KG,357.28/kg,,2026-06-23,customer_specific_product_code,medium
POL000208,PO00042,1,60 inch GSM 235 98/2 Cotton Lycra Drill B. Green,,Bottle Green,235,,1500,Meters,200.11,,2026-04-30,minor_naming_variation,easy
POL000209,PO00042,2,"Lavender, 72 inch, 155GSM, 100% Cotton Knit, Single Jersey",,Lavender,155,,300,Kg,341.29,Note: rate agreed for 135 GSM quality,2026-04-25,conflicting_information_in_po,hard
POL000210,PO00042,3,"155 gm - Signle JSY - CHsRC L- 95/5 CTN LYC - 60""",,Charcooal,155,,80,Kg,348.23,,2026-05-10,spelling_errors_and_abbreviations,medium
POL000211,PO00043,1,100% Cotton Brushed Twill 235 GSM 58 inch Maroon,YAS-8811,Maroon,235,58,400,MTRS,163.51/mtr,,2026-05-03,clean_exact_match,easy
POL000212,PO00043,2,Satin  100% Lyocell  White  105gsm  58 inch,,White,105,,200,mts,152.36/mtr,,2026-05-08,minor_naming_variation,easy
POL000213,PO00043,3,220 gm greige 100% cotton knit waffle,YAS-3409,Greige RFD,220,,100,MTR,337.48,,2026-05-23,wrong_unit_of_measure,exception
POL000214,PO00043,4,125gsm 100% Linen Slub Firozi,YAS-1094,Firozi,125,,,mtr,INR 275.71,Qty to be confirmed,2026-05-03,missing_quantity,exception
POL000215,PO00043,5,100% Cotton Knit/Waffle/220GSM/Grey Fabric (RFD),,Greige RFD,220,,80,Mtrs,339.79,,2026-04-18,wrong_unit_of_measure,exception
POL000216,PO00043,6,65/35 Poly Cotton Canvas 350 GSM 63 inch Silver Grey,,Silver Grey,350,63,1000,mts,191.58,,2026-05-03,clean_exact_match,easy
POL000217,PO00044,1,100% Cotton Terry Hand Towel 425 GSM 16x24 inch Royal Blue,KAV-6855,Royal Blue,425,,750,PCS,215.13,,2026-05-12,clean_exact_match,easy
POL000218,PO00044,2,Greige/Waffle/72'/GSM 220/100% Cotton Knit,,Greige,220,,80,KG,INR 330.30,,2026-05-12,minor_naming_variation,easy
POL000219,PO00044,3,suiting cloth 275GSM Wine,KAV-5514,,,,1500,mts,264.56,,2026-04-27,customer_specific_product_code,medium
POL000220,PO00044,4,100% C0tt0n Knit - Waff1e - 220gsm - 72 inches - 6reige RFD,,6reige RFD,22l |,,50,KGS,331.02,,2026-05-12,poor_quality_document,hard
POL000221,PO00044,5,100% Cotton Terry Hand Towel 425 GSM 16x24 inch Royal Blue,,Royal Blue,425,,100,PCS,214.15 per unit,,2026-05-12,clean_exact_match,easy
POL000222,PO00045,1,100% Cotton Knit 2x2 Rib 230 GSM 60 inch Wine,,Wine,230,60,250,KGS,393.38/kg,,2026-05-22,clean_exact_match,easy
POL000223,PO00045,2,W-60/Charcoal/95/5 Cotton Lycra Knit/GSM 155/Single Jersey,,Charcoal Grey,155,,~500,kgs,345.58,,2026-06-06,minor_naming_variation,easy
POL000224,PO00046,1,65/35 Poly Cotton Brushed Twill 170 GSM 58 inch Royal Blue,,Royal Blue,170,58,600,Meters,Rs. 133.92,,2026-08-22,clean_exact_match,easy
POL000225,PO00047,1,210 gm - Chino - 98/2 CTN Lyca - Dark Grey - 58ni,,Charcoal,210,,2500,mts,161.53,,2026-05-05,spelling_errors_and_abbreviations,medium
POL000226,PO00047,2,100% LuO Royal Blue x-58 Twill 165GSM,,Royal Bue,165,,400,mts,242.22,,2026-05-25,spelling_errors_and_abbreviations,medium
POL000227,PO00047,3,58 inches  220 GSM  Linen  Handloom Finish  Beige,NAK-1755,Beige,220,,~2000,mtr,408.2,,2026-04-25,minor_naming_variation,easy
POL000228,PO00047,4,100% Cotton Canvas Bottom 225 GSM 58 inch Beige,NAK-3222,Beige,225,58,200,Meters,Rs. 156.70,,2026-05-05,clean_exact_match,easy
POL000229,PO00047,5,Dark Grey/W-58/98/2 CTTN Lycar/GSM 210/Chiino,,Charcpal,210,,1500,mts,162.01/mtr,,2026-04-25,spelling_errors_and_abbreviations,medium
POL000230,PO00047,6,"100% CT KNIT MEL Jersey 160gsm 60"" Sea Green",,Sea reen,160,,150,KGS,INR 313.55,,2026-05-05,spelling_errors_and_abbreviations,medium
POL000231,PO00047,7,"60/40 Cotton Poly  Voile  130gsm  44""  Greige RFD",,Greige RFD,130,,2500 approx,Mtr,84.75 per unit,,2026-04-20,small_acceptable_price_variation,easy
POL000232,PO00047,8,t-shirt knit regular quality,,,,,100,Kilo,306.79,,2026-05-05,ambiguous_product_match,hard
POL000233,PO00047,9,100% Lyocell - Satin - 125 GSM - 58in - Charcoal,NAK-2001,Charcoal,125,,150,mts,169.12/mtr,,2026-04-20,incorrect_colour_or_gsm,hard
POL000234,PO00047,10,100% Cotton Knit Slub Jersey 150 GSM 72 inch Royal Blue,,Royal Blue,150,72,80,Kg,Rs. 305.79,,2026-05-10,clean_exact_match,easy
POL000235,PO00048,1,60/40 COTTON POLY FLEECE/WINE/375 GSM/POLAR/W-72,,Wine,375,,400,Kg,INR 391.36,,2026-08-06,partial_catalogue_match,medium
POL000236,PO00048,2,100% C0fton Knit/Waffle/240gsm/60 inch/Olive |,,Olive,,,100,KG,374.98,,2026-08-01,poor_quality_document,hard
POL000237,PO00048,3,"95/5 Cotton Lycra Knit, Single Jersey, 155GSM, 60', Charcoal",,Dark Grey,155,,200,KG,318.19,,2026-07-22,minor_naming_variation,easy
POL000238,PO00048,4,"Olive, 2x2 Rib, 280gsm, 100% Cotton Knit, 72in",,Olive,280,,200,Kilo,Rs. 457.41,,2026-07-27,minor_naming_variation,easy
POL000239,PO00048,5,Wool Felt 400 GSM 72 inch CHARCL,,,,,600 approx,MTRS,246.19,,2026-08-01,unknown_product,exception
POL000240,PO00048,6,"100% Combed Cotton, Poplin, 95GSM, 58in, Sea Green",,Sea Green,95,,600,Mtr,Rs. 84.00,,2026-08-06,partial_catalogue_match,medium
POL000241,PO00048,7,100% CTN KNT - 1x1 Rib - GSM 220 - 72' - Olive,,Olive,220,,150,KGS,357.6,,2026-07-22,spelling_errors_and_abbreviations,medium
POL000242,PO00048,8,FLEECE CLOTH/72 INCHES,,,,,~200,Kg,392.6,,2026-07-27,ambiguous_product_match,hard
POL000243,PO00048,9,60/40 Cotton Poly/130 GSM/Greige RFD/Voile,,Greige RFD,130,,400,MTR,INR 78.29,,2026-08-06,no_historical_price,medium
POL000244,PO00048,10,"GSM 310 Riigd 63"" Poly CCTN Denim Maroon",,Maroon,310,,2500,M,210.2,,2026-08-01,spelling_errors_and_abbreviations,medium
POL000245,PO00049,1,"Grey Melange, Handloom Finish, Linen, 115 gm, W-58",,Grey Melange,115,,400,mts,270.73/mtr,,2026-07-29,minor_naming_variation,easy
POL000246,PO00050,1,100% Cotton Brushed Twill 155 GSM 58 inch Ecru,,Ecru,155,58,200,Meters,INR 125.28,,2026-06-17,clean_exact_match,easy
POL000247,PO00050,2,100% Polyester Printed Plain 140 GSM 58 inch Silver Grey,,Silver Grey,140,58,200,Meters,INR 155.95,,2026-06-07,clean_exact_match,easy
POL000248,PO00050,3,GSM 220 55/45 Poly Wool Suiting 58',,,220,,400,mts,INR 207.88,,2026-07-07,multiple_possible_sku_matches,hard
POL000249,PO00050,4,100% Cotton - Brushed Twill - 155GSM - 58 inch - Ecru,,Ecru,155,,2500 approx,MTRS,125.22,,2026-07-07,minor_naming_variation,easy
POL000250,PO00050,5,55/45 Poly Wool Suiting 220 GSM 58 inch Bottle Green,,Bottle Green,220,58,2000,M,208.56 per unit,,2026-07-07,clean_exact_match,easy
POL000251,PO00050,6,100% Cotton Knit Melange Jersey 160 GSM 60 inch Beige,,Beige,160,60,200 approx,Kilo,Rs. 297.73,,2026-06-07,clean_exact_match,easy
POL000252,PO00050,7,Jute Hessian Cloth 280 GSM 40 inch Natural,,,,,150,MTR,214.10 per unit,,2026-07-07,unknown_product,exception
POL000253,PO00051,1,"BOTTLE GREEN  220 GM  1X1 RIB  100% COTTON KNIT  72""",,Bottle Green,220,,400,KG,INR 356.39,,2026-06-11,partial_catalogue_match,medium
POL000254,PO00052,1,100% Cotton Denim Rigid 370 g/m2 Grey Melange,,Grey Melange,370,,"86,918",MTR,INR 242.61,,2026-09-17,unusually_large_quantity,exception
POL000255,PO00052,2,"60/40 Cotton Poly, Dobby, GSM 130, W-44",,,130,,"1,200",mtr,Rs. 91.17,,2026-08-23,multiple_possible_sku_matches,hard
POL000256,PO00052,3,55/45 Linen Cotton Handloom Finish 195 GSM 58 inch Lavender,,Lavender,195,58,400,M,403.00,,2026-08-28,clean_exact_match,easy
POL000257,PO00053,1,100% Polyester - 140 gm - Printed Plain - Dark Maroon,,Maroon,140,,500,Meters,136.8,,2026-09-04,no_historical_price,medium
POL000258,PO00054,1,100% Cotton Drill 195 GSM 60 inch Cream,,Cream,195,60,600,mts,156.61,,2026-05-20,clean_exact_match,easy
POL000259,PO00054,2,95/5 Cotton Lycra Knit - Melange Jersey - 220 g/m2 - Wine,,Wine,220,,500,Kilo,454.8,,2026-05-15,expired_historical_price,medium
POL000260,PO00054,3,97/3 CTN spandex - 195gsm - canvas bpttom - 60 inch - lavender,,Lavender,195,,2000,mtr,153.25,,2026-05-10,spelling_errors_and_abbreviations,medium
POL000261,PO00055,1,coffee brown blackout base 100% polyester 54 inch 220gsm,MAN-5686,Coffee Brown,220,,1200,Mtr,INR 236.85,Rate as per last PO,2026-07-12,wrong_price_outside_tolerance,exception
POL000262,PO00056,1,"415GSM, 98/2 Cotton Lycra Denim, 63', Rigid, Beige",,Beige,415,,300,MTR,Rs. 308.31,,2026-07-07,small_acceptable_price_variation,easy
POL000263,PO00056,2,"100% Combed Cotton, Dobby, 120gsm, 58 inches, Royal Blue",,Royal Blue,120,,"1,000",MTRS,141.96,,2026-07-12,incorrect_colour_or_gsm,hard
POL000264,PO00056,3,98/2  C0tfon Lycra Denim Rigid 41565M 63' Beige |,,Beige,415,,150,Meters,Rs. 319.51,,2026-07-17,poor_quality_document,hard
POL000265,PO00056,4,60/40 Cotton Poly Cambric 105GSM 44' Camel,,Camel,105,,"1,200",Meters,96.92,,2026-07-22,minor_naming_variation,easy
POL000266,PO00056,5,"55/45 Linen Cotton, Rust, 58"", 195gsm, Handloom Finish",,Rust,195,,2000,MTRS,407.5,,2026-07-07,minor_naming_variation,easy
POL000267,PO00057,1,97/3 Cotton Spandex Canvas Bottom 195GSM 60 inches Lavender,,Lavender,195,,150,mts,INR 166.26,,2026-08-19,small_acceptable_price_variation,easy
POL000268,PO00057,2,60/40 Cotton Poly Fleece Loop Terry 375 GSM 60 inch Wine,,Wine,375,60,400,KG,367.77,,2026-07-30,clean_exact_match,easy
POL000269,PO00057,3,95/5 COTTON LYCRA KNIT SINGLE JERSEY GSM 155 W-60 PEACH,,Peach,155,,50,Kilo,430.80,Rate as per last PO,2026-08-04,wrong_price_outside_tolerance,exception
POL000270,PO00057,4,Drill - 100% Cotton - Cream - 60' - 195GSM,,Cream,195,,500,Mtr,145.31,,2026-07-30,small_acceptable_price_variation,easy
POL000271,PO00058,1,Ecru/100% CTN Terry/Hand Towel/425 SGM,,Ecruu,425,,200,pieces,INR 203.56,,2026-08-11,spelling_errors_and_abbreviations,medium
POL000272,PO00058,2,55/45 Poly Wool Suiting 220 GSM 58 inch Ecru,,Ecru,220,58,1500,Meters,191.54/mtr,,2026-08-31,clean_exact_match,easy
POL000273,PO00058,3,"100% PLY - PRT PLAIN - GSM 100 - 44"" - LLT PINK",,Baby Pink,100,,2000,mts,107.17,,2026-08-01,spelling_errors_and_abbreviations,medium
POL000274,PO00058,4,"63 inches, Darkk Green, 65/35 PC, 405hsm, Ducx Canvas",,Bittle Green,405,,2000 approx,MTRS,238.50,,2026-08-06,spelling_errors_and_abbreviations,medium
POL000275,PO00058,5,BHA-4053 - regular quality,BHA-4053,,,,2000,mtr,Rs. 171.89,,2026-08-31,customer_specific_product_code,medium
POL000276,PO00058,6,"60/40 Cotton Poly Fleece, Loop Terry, 325 g/m2, 60 inch, Bottle Green",,Bottle Green,325,,~80,Kg,INR 327.75,,2026-08-06,partial_catalogue_match,medium
POL000277,PO00058,7,"100% CTN TERRY, DARK BLU,E 450GSM, FACE TOWEL",,Nav Blue,450,,"1,500",NOS,Rs. 219.95,,2026-08-11,spelling_errors_and_abbreviations,medium
POL000278,PO00059,1,100% Polyester Chenille 320 GSM 58 inch Peach,,Peach,320,58,~1000,mtr,266.05,,2026-05-31,clean_exact_match,easy
POL000279,PO00059,2,100% Polyester Curtain Jacquard 160 GSM 54 inch Charcoal,,Charcoal,160,54,2000,Meters,INR 133.62,,2026-05-31,clean_exact_match,easy
POL000280,PO00059,3,"canvas cloth/63"" regular quality",,,,,2000,mts,179.8,,2026-06-20,ambiguous_product_match,hard
POL000281,PO00060,1,Lightweight  225 g/m2  Sea Green  Poly Cotton Denim  W-58,,Sea Green,225,,~500,Meters,INR 175.08,,2026-07-19,incorrect_colour_or_gsm,hard
POL000282,PO00060,2,95/5 Cotton Lycra Knit  1x1 Rib  255 gm  72'  Off White,,Off White,255,,400,KGS,490.41,,2026-06-19,partial_catalogue_match,medium
POL000283,PO00060,3,72in Mustard 255 GSM 95/5 Cotton Lycra Knit 1x1 Rib,,Olive,255,,50,Kilo,494.68,,2026-07-04,incorrect_colour_or_gsm,hard
POL000284,PO00061,1,100% Cotton Knit  Single Jersey  160 g/m2  W-60  Black,,Black,160,,50,KG,351.47,,2026-05-04,partial_catalogue_match,medium
POL000285,PO00061,2,"95/5 Cotton Lycra Knit, Single Jersey, 155 gm, 60 inch",,,155,,300,kgs,300.31,,2026-04-24,multiple_possible_sku_matches,hard
POL000286,PO00061,3,100% Cotton Denim Lightweight 310GSM Firozi,,Firozi,310,,1000,mtr,188.72/mtr,,2026-04-24,no_historical_price,medium
POL000287,PO00061,4,100%  Combed Cofton  Oxf0rd  160 g/m2  44'  Royal Blue,,,,,400,mts,137.18 per unit,,2026-05-19,poor_quality_document,hard
POL000288,PO00061,5,100% TN KNIT ingle JSY GSM 160 W-60 BTL GGRN,,Bottel Green,160,,150,KGS,353.47,,2026-05-19,spelling_errors_and_abbreviations,medium
POL000289,PO00061,6,"95/5 CTN LYC/Single Jeraye/155gsm/60""/Greige",,Greige RFD,155,,~250,kgs,Rs. 297.70,,2026-04-29,spelling_errors_and_abbreviations,medium
POL000290,PO00061,7,97/3 Cotton Spandex Canvas Bottom GSM 195 60 inch Black,,Black,195,,1200,mts,166.10,,2026-04-14,partial_catalogue_match,medium
POL000291,PO00061,8,"100% LIN, HANDLOOM FImISH, GSM 220, 58 INCH, PEACH",,Peach,220,,~150,mtr,438.91,,2026-04-19,spelling_errors_and_abbreviations,medium
POL000292,PO00061,9,Peach - 220GSM - 100% Linen - Handloom Finish - 58in,,Peach,220,,1500,mtr,439.48,,2026-04-14,minor_naming_variation,easy
POL000293,PO00061,10,Maroon Drill 60 inch 235GSM 98/2 Cotton Lycra,,Maroon,235,,150 approx,mtr,208.29,,2026-05-04,small_acceptable_price_variation,easy
POL000294,PO00062,1,"65/35 PC, 140 g/mm2, Cammel, W-58, Poplin",,Camel,140,,1000,Mtr,91.49,,2026-09-06,spelling_errors_and_abbreviations,medium
POL000295,PO00063,1,item TEJ-7808,TEJ-7808,,,,150,Mtr,INR 419.33,,2026-08-20,customer_specific_product_code,medium
POL000296,PO00063,2,Printed Plain - Beige - W-58 - 140 GSM - 100% Viscose,,Beige,140,,150,M,149.05/mtr,,2026-08-25,partial_catalogue_match,medium
POL000297,PO00063,3,100% Linen Plain 215 GSM 58 inch Off White,,Off White,215,58,150,MTR,420.80,,2026-08-25,clean_exact_match,easy
POL000298,PO00063,4,100% POLYESTER/DIGITAL PRINT BASE/130GSM/58 INCH/SKY BLUE,,Bottle Green,130,,400,mts,129.78,,2026-08-25,incorrect_colour_or_gsm,hard
POL000299,PO00063,5,Nylon Ripstop 110 GSM 60 inch Olive,,,,,2000,Meters,122.21 per unit,,2026-08-25,unknown_product,exception
POL000300,PO00063,6,100% Linen Plain 215 GSM 58 inch Off White,,Off White,215,58,400,Meters,422.42,,2026-08-25,clean_exact_match,easy
POL000301,PO00063,7,100% Viscose Printed Plain 140 GSM 58 inch Cream,,Cream,140,58,2000,Mtr,INR 148.52,,2026-08-15,clean_exact_match,easy
POL000302,PO00063,8,100% Polyester/Satin/105 g/m2/Mint,,Mint,105,,300,mts,78.00,,2026-08-15,expired_historical_price,medium
POL000303,PO00063,9,100% Polyester Digital Print Base 130 GSM 58 inch Sky Blue,,Sky Blue,130,58,~2500,mtr,130.40,,2026-09-04,clean_exact_match,easy
POL000304,PO00063,10,100% Linen Plain GSM 215 58',,,215,,800,Meters,422.15,,2026-08-30,multiple_possible_sku_matches,hard
POL000305,PO00063,11,100% Linen Plain 215 g/m2 W-58 Off White,,Firozi,215,,600,Mtr,421.97,,2026-08-20,incorrect_colour_or_gsm,hard
POL000306,PO00064,1,"65/35 p01y coff0n, canvas, 350 g/m2, 63"", lt grey",MEG-4845,Si1ver Grey,350,,600,Mtr,191.99,,2026-06-12,poor_quality_document,hard
POL000307,PO00065,1,58' 95/5 Poly Spanedx RFD GSM 205 Saateen,,Greigw RFD,205,,1200,MTR,Rs. 132.75,,2026-09-11,spelling_errors_and_abbreviations,medium
POL000308,PO00065,2,100% Linen Slub 125 GSM 58 inch Firozi,,Firozi,125,58,1000,Meters,269.67,,2026-08-12,clean_exact_match,easy
POL000309,PO00065,3,fabric,,,,,800,Meters,,,2026-08-27,malformed_incomplete_order,exception
POL000310,PO00065,4,Viscose - Print Base - 105 g/m2 - 44' - Grey Melange,,Mel. Grey,105,,500,MTR,117.25,,2026-09-11,minor_naming_variation,easy
POL000311,PO00065,5,100% Polyester/Printed Plain/100gsm/44',,,100,,150,MTRS,101.20/mtr,,2026-09-11,multiple_possible_sku_matches,hard
POL000312,PO00066,1,Off White - 100% Cotton Corduroy - 245 GSM - 21 Wale - W-58,,Coffee Brown,245,,1200,M,INR 197.08,,2026-08-09,incorrect_colour_or_gsm,hard
POL000313,PO00066,2,100% Cotton Brushed Twill 235 GSM 58 inch Navy Blue,,Navy Blue,235,58,1000,MTR,182.70,,2026-08-24,clean_exact_match,easy
POL000314,PO00066,3,95/5 Viscose Lycra Rayon Crepe 125 GSM 58 inch Mustard,,Mustard,125,58,~200,MTR,108.43,,2026-08-14,clean_exact_match,easy
POL000315,PO00066,4,95/5 Poly Spandex Satin 155 GSM 58 inch Rust,,Rust,155,58,"2,000",mts,INR 144.86,,2026-08-24,clean_exact_match,easy
POL000316,PO00066,5,95/5 Viscose Lycra Rayon Crepe 125 GSM 58 inch Mustard,,Mustard,125,58,150,Meters,109.1,,2026-08-29,clean_exact_match,easy
POL000317,PO00066,6,60 unch White Twiill Suiting GSSM 290 55/45 P/W,,White,290,,600,MTR,276.93,,2026-08-29,spelling_errors_and_abbreviations,medium
POL000318,PO00067,1,-W63 370 g mRigid MEL Grry 100% CTN DNM,,Gry Melange,370,,400,mtr,245.82,,2026-05-15,spelling_errors_and_abbreviations,medium
POL000319,PO00067,2,"370gsm, Mel. Grey, Riiid, 63"", 100% CTN DM",,Grey elange,370,,~2000,mts,246.00,,2026-05-20,spelling_errors_and_abbreviations,medium
POL000320,PO00067,3,100%  C0ft0n Denim  Rigid  370 g/m2  W-63  6ray Me1ange |,,,370,,800,MTR,246.30,,2026-05-25,poor_quality_document,hard
POL000321,PO00067,4,100% Cotton Denim Rigid 370 GSM 63 inch Grey Melange,,Grey Melange,370,63,600,Meters,246.65,,2026-05-30,clean_exact_match,easy
POL000322,PO00067,5,100% Cotton Denim Rigid 370 GSM 63 inch Grey Melange,,Grey Melange,370,63,800,mtr,246.89 per unit,,2026-06-19,clean_exact_match,easy
POL000323,PO00068,1,fabric,,,,,2000,Meters,,,2026-06-08,malformed_incomplete_order,exception
POL000324,PO00068,2,"220GSM, 100% Linen, Handloom Finish, 58 inches, Beige",,Beige,220,,1200,Meters,431.85,,2026-06-23,minor_naming_variation,easy
POL000325,PO00068,3,100% Linen Handloom Finish 220 GSM 58 inch Beige,,Beige,220,58,~300,MTRS,434.55/mtr,,2026-06-23,clean_exact_match,easy
POL000326,PO00068,4,8eige  220gsm Hand100m Finish 100% Linen58 inches,,,l20 (illegible),,200,M,Rs. 434.14,,2026-05-24,poor_quality_document,hard
POL000327,PO00068,5,"MLANGE JERSEY, 72IN, 200 GM, 100% CTN KNIT, L hREY",,Solver Grey,200,,200,Kilo,400.9,,2026-06-23,spelling_errors_and_abbreviations,medium
POL000328,PO00068,6,100%  C0ffon Knit/Melange Jersey/20065M/72 inch/Silver Grey |,,Silver Grey,,,300,KG,400.22,,2026-05-24,poor_quality_document,hard
POL000329,PO00068,7,Beige  220gsm  linen cloth,CHA-9829,,,,150,M,434.20,,2026-05-29,customer_specific_product_code,medium
POL000330,PO00068,8,72 inch  200GSM  Me1ange Jersey  100% C0tt0n Knit  Lf 6rey,,,280,,500,kgs,403.9,,2026-06-23,poor_quality_document,hard
POL000331,PO00068,9,100% Linen - 220 g/m2 - 58 inches - Handloom Finish,,,220,,2000,M,434.71 per unit,,2026-05-24,multiple_possible_sku_matches,hard
POL000332,PO00069,1,Mint 100% Cotton Knit 60in Single Jersey GSM 160,,Mint,160,,200,KGS,Rs. 330.80,,2026-07-24,minor_naming_variation,easy
POL000333,PO00069,2,"plain/55/45 linen cotton/nevy blue/58""/215gsm",,Dark Blue,215,,600,Mtr,459.02,,2026-08-23,minor_naming_variation,easy
POL000334,PO00069,3,100% Cotton Knit/Melange Jersey/GSM 200/72 inch/Silver Grey,,Silver Grey,200,,100 approx,Kg,393.53 per unit,,2026-08-23,small_acceptable_price_variation,easy
POL000335,PO00069,4,"White/60""/60/40 Poly Cotton Knit/Melange Jersey/155GSM",,White,155,,50,Kilo,208.34,Rate confirmed on call,2026-07-19,wrong_price_outside_tolerance,exception
POL000336,PO00069,5,100% Cotton Knit Single Jersey 160 GSM 60 inch Mint,,Mint,160,60,500,KGS,330.18 per unit,,2026-07-24,clean_exact_match,easy
POL000337,PO00069,6,DENIM CLOTH usual,,,,,2500,MTRS,299.0,,2026-07-19,ambiguous_product_match,hard
POL000338,PO00069,7,100% TCN KNIT MEL Jersey GSM 200 72ni Silvrr Grey,,Silver Greey,200,,250,KG,404.10,,2026-08-03,spelling_errors_and_abbreviations,medium
POL000339,PO00070,1,100% Linen Handloom Finish 220 GSM 58 inch Peach,,Peach,220,58,2000 approx,MTRS,INR 442.75,,2026-07-23,clean_exact_match,easy
POL000340,PO00070,2,as per our code TAN-3019,TAN-3019,,,,1500,MTR,124.93,,2026-07-23,customer_specific_product_code,medium
POL000341,PO00070,3,97/3 cotton spandex - 60in - 195gsm - canvas bottom - beige,,Beige,195,,1500 approx,Meters,166.82 per unit,,2026-07-28,minor_naming_variation,easy
POL000342,PO00070,4,97/3 Cotton Spandex - Canvas Bottom - 195 g/m2 - 60' - Beige,,Beige,195,,400,MTR,INR 166.51,Note: rate agreed for 220 GSM quality,2026-07-08,conflicting_information_in_po,hard
POL000343,PO00070,5,"100% CMBD CT,N Oxford, 160 GSM, 44"", R.BLUE",,Royal Blue,160,,2000 approx,Meters,137.12,,2026-08-12,spelling_errors_and_abbreviations,medium
POL000344,PO00070,6,70/30 Modal Cotton Plain 160gsm 58in Firozi,,Rust,160,,400,mts,247.13,,2026-07-23,incorrect_colour_or_gsm,hard
POL000345,PO00070,7,"295 g/m2/100% Cotton/Sky Blue/58""/Twill",,Sky Blue,295,,~2000,Mtr,201.78,,2026-08-12,partial_catalogue_match,medium
POL000346,PO00071,1,63in  65/35 CP  465 gsm  BBTL GRN  duck canvas,,Bottpe Green,465,,2500,mtr,281.22,,2026-07-10,spelling_errors_and_abbreviations,medium
POL000347,PO00071,2,65/35 PC duck canvas 465gsm 63' dark gtteen,,Bottle Grewn,465,,~300,M,280.26,,2026-07-10,spelling_errors_and_abbreviations,medium
POL000348,PO00071,3,65/35 Poly Cotton  Duck Canvas  465 g/m2  W-63  Dark Green,,Bottle Green,465,,1000,mts,INR 282.31,,2026-06-15,minor_naming_variation,easy
POL000349,PO00071,4,95/5 Poly Spandex Sateen 175 GSM 58 inch Ecru,,Ecru,175,58,2000,Mtr,156.18,,2026-06-15,clean_exact_match,easy
POL000350,PO00072,1,100% Lyocell Satin 150 GSM 58 inch Maroon,BHA-9750,Maroon,150,58,400,mts,256.77 per unit,,2026-08-28,clean_exact_match,easy
POL000351,PO00072,2,tencel type fabric - 150 gm - Dark Maroon,BHA-5801,,,,1200,M,255.94 per unit,,2026-09-17,customer_specific_product_code,medium
POL000352,PO00072,3,Silk Organza 45 GSM 44 inch Gold,,,,,1500,mts,142.24,,2026-09-02,unknown_product,exception
POL000353,PO00072,4,100% Linen Slub 125 GSM 58 inch Firozi,,Firozi,125,58,150,mtr,276.5,,2026-09-17,clean_exact_match,easy
POL000354,PO00072,5,100% Linen Slub 125 GSM 58 inch Firozi,,Firozi,125,58,~300,Meters,INR 277.58,,2026-09-17,clean_exact_match,easy
POL000355,PO00072,6,100% Cotton Knit  Single Jersey  GSM 160  Royal Blue,,Royal Blue,160,,400,Kilo,316.08,,2026-08-23,no_historical_price,medium
POL000356,PO00072,7,Canvas Bottom - Beige - W-58 - 100% Cotton - GSM 225,,Beige,225,,800,Meters,181.17,,2026-08-23,minor_naming_variation,easy
POL000357,PO00072,8,100% Cotton Canvas Bottom 225gsm 58' Beige,,Beige,225,,500,mts,Rs. 187.75,,2026-08-13,small_acceptable_price_variation,easy
POL000358,PO00072,9,100% Cotton  Canvas Bottom  225GSM  W-58  Wine,BHA-1072,Wine,225,,600,Meters,180.54,,2026-08-23,partial_catalogue_match,medium
POL000359,PO00072,10,"100% lyocell, satin, 150 gm, 58in, marun",,Dark Maroon,150,,800,MTRS,INR 255.93,,2026-09-17,minor_naming_variation,easy
POL000360,PO00073,1,190 gm Teal Sateen 95/5 Poly Spandex,,Teal,190,,"1,000",KG,INR 162.76,,2026-07-17,wrong_unit_of_measure,exception
POL000361,PO00073,2,95/5 Poly Sandex  Satin  155GSSSSM  W-58  Lt Grey,,Silver Grey,155,,600,mtr,138.31,,2026-06-22,spelling_errors_and_abbreviations,medium
POL000362,PO00073,3,100% Polyester Printed Plain 140 GSM 58 inch Maroon,,Maroon,140,58,150 approx,mtr,159.88,,2026-06-22,clean_exact_match,easy
POL000363,PO00073,4,100% Polyester Chiffon 85 GSM 58 inch Off White,,Off White,85,58,150,mts,65.72,,2026-06-22,clean_exact_match,easy
POL000364,PO00073,5,180 GSM Satin 70/30 Modal Cotton S. Blue,,Sky Blue,180,,"1,500",MTR,256.09,,2026-07-02,no_historical_price,medium
POL000365,PO00074,1,98/2 Cotton Lycra Denim Stretch 370 GSM 63 inch Off White,,Off White,370,63,400,MTRS,247.31,,2026-07-06,clean_exact_match,easy
POL000366,PO00074,2,98/2 Cotton Lycra Denim Stretch 370 GSM 63 inch Off White,,Off White,370,63,"1,200",M,249.08,,2026-07-11,clean_exact_match,easy
POL000367,PO00074,3,shirt material usual,,,,,400,MTR,Rs. 90.51,,2026-07-11,ambiguous_product_match,hard
POL000368,PO00074,4,"70/30 Modal TN, Plain, 160gsm, CHARCL, W-58",,Charcoal,160,,~1200,MTRS,Rs. 232.09,,2026-07-21,spelling_errors_and_abbreviations,medium
POL000369,PO00074,5,98/2 Cotton Lycra Chino 210 GSM 58 inch Charcoal,,Charcoal,210,58,500,Meters,Rs. 164.76,,2026-07-21,clean_exact_match,easy
POL000370,PO00074,6,70/30 Modal Cotton Plain 160 GSM 58 inch Charcoal,,Charcoal,160,58,800,mtr,230.95,,2026-07-26,clean_exact_match,easy
POL000371,PO00075,1,100% PLY fleece brusxed 240 g/m2 w-72 olive,,Olive,240,,300,KGS,INR 237.02,,2026-07-19,spelling_errors_and_abbreviations,medium
POL000372,PO00075,2,60in - 250GSM - 100% Po1yester Fleece - Charcoal Grey - Po1ar,,,258 |,,300,Kg,241.22,,2026-06-29,poor_quality_document,hard
POL000373,PO00076,1,towel,,,,,200,pieces,INR 226.54,,2026-08-28,ambiguous_product_match,hard
POL000374,PO00076,2,100% Cotton Terry Hand Towel 380 GSM 30x60 inch Grey Melange,,Grey Melange,380,,200,Pcs,225.50 per unit,,2026-10-02,clean_exact_match,easy
POL000375,PO00076,3,casement fabric usual,,,,,300,Mtr,236.50/mtr,,2026-10-02,ambiguous_product_match,hard
POL000376,PO00077,1,shirting cloth regular quality,,,,,300 approx,MTRS,122.49,,2026-06-03,ambiguous_product_match,hard
POL000377,PO00077,2,as per our code YUV-8111,YUV-8111,,,,500,Meters,122.14,,2026-05-24,customer_specific_product_code,medium
POL000378,PO00077,3,shirt material medium quality,,,,,"1,000",Mtr,122.29,,2026-06-18,ambiguous_product_match,hard
POL000379,PO00077,4,"58 inch, 105 g/m2, 95/5 Viscose Lycra, OW, Rayon Slub",,Off-White,105,,2500,MTR,88.75,,2026-06-18,minor_naming_variation,easy
POL000380,PO00077,5,58'/Chambray/130 GSM/Sea Green/100% Combed Cotton,,Sea Green,130,,800 approx,MTRS,170.21,,2026-05-19,wrong_price_outside_tolerance,exception
POL000381,PO00077,6,95/5 Cotton Lycra Knit Single Jersey 155 GSM 60 inch Peach,,Peach,155,60,400,Kilo,345.9,,2026-05-19,clean_exact_match,easy
POL000382,PO00077,7,95/5 Cotton Lycra Knit Single Jersey 155 GSM 60 inch Peach,,Peach,155,60,300,kgs,345.94,,2026-06-03,clean_exact_match,easy
POL000383,PO00077,8,"RIGDI, 63IN, 98/2 CTN LYC DNM, 300GSM, TURQUOISE",,iFrozi,300,,2000 approx,M,234.61,,2026-05-29,spelling_errors_and_abbreviations,medium
POL000384,PO00078,1,97/3 cotton spandex - canvas bottom - 195 g/m2 - 60 inch - beige,,Beige,195,,~800,M,INR 161.37,,2026-06-22,small_acceptable_price_variation,easy
POL000385,PO00078,2,w-58 - plain - 70/30 modal cotton - firozee - 160gsm,,Firozi,160,,2000,Meters,248.49,,2026-07-07,minor_naming_variation,easy
POL000386,PO00078,3,160 GSM/W-60/100% Cotton Knit/Single Jersey/B. Green,,Bottle Green,160,,400 approx,Kilo,355.71/kg,,2026-06-22,minor_naming_variation,easy
POL000387,PO00078,4,100% Hemp Canvas 320 GSM 58 inch Natural,,,,,~1000,mts,Rs. 221.04,,2026-07-27,unknown_product,exception
POL000388,PO00078,5,Sea Green W-58 GSM 130 Chambray 100% Combed Cotton,,Sea Green,130,,~300,Mtr,124.48/mtr,,2026-07-02,minor_naming_variation,easy
POL000389,PO00078,6,"COMBED COTTON - ROYAL BLUE - 160 GM - 44"" - OXFORD",,Royal Blue,160,,~2000,Meters,INR 136.88,,2026-07-12,minor_naming_variation,easy
POL000390,PO00078,7,Peach linen material 220gsm,TAN-2563,,,,1200,mtr,440.84,,2026-07-12,customer_specific_product_code,medium
POL000391,PO00078,8,70/30 Modal Cotton - Plain - 160GSM - W-58 - Baby Pink,,Baby Pink,160,,2000,MTR,246.43,,2026-06-22,partial_catalogue_match,medium
POL000392,PO00079,1,100% PLY/Blackout Base/160 gm/W-54/MMysturdd,,Mustard,160,,1000,M,132.90,,2026-08-30,spelling_errors_and_abbreviations,medium
POL000393,PO00079,2,"50/50 Poly Cotton, Percale, 210 gm, Cream",,Cream,210,,500,Meters,257.7,,2026-10-04,expired_historical_price,medium
POL000394,PO00079,3,70/30 Poly Cotton 295 GSM Rust 58 inch Upholstery Jacquard,,Rust,295,,150,MTR,250.10,Width to be 54 inch as per last supply,2026-10-04,conflicting_information_in_po,hard
POL000395,PO00080,1,60/40 CTN Popy - Cambric - GS M105 - W-44 - RFD,SAN-9314,reige RFD,105,,200,M,Rs. 67.04,,2026-06-11,spelling_errors_and_abbreviations,medium
POL000396,PO00080,2,Sea Green/58 inches/Lightweight/255 GSM/Poly Cotton Denim,,Sea Green,255,,"2,500",mtr,163.81,,2026-07-01,small_acceptable_price_variation,easy
POL000397,PO00080,3,Poly Cotton Denim W-58 Sea Green Lightweight 255GSM,,Sea Green,255,,2500,M,163.55,,2026-07-01,small_acceptable_price_variation,easy
POL000398,PO00080,4,"95/5 Cotton Lycra Knit, Melange Jersey, 220 GSM, Camel",,Camel,220,,500 approx,Kilo,INR 417.88,,2026-05-27,no_historical_price,medium
POL000399,PO00080,5,60/40 Cotton Poly Fleece Loop Terry 375 GSM 60 inch Wine,SAN-7712,Wine,375,60,~150,KG,372.33,,2026-06-06,clean_exact_match,easy
POL000400,PO00080,6,SEA GREEN 255 GSM JEANS FABRIC,SAN-3976,,,,500 approx,Mtr,171.53,,2026-06-16,customer_specific_product_code,medium
POL000401,PO00081,1,55/45 Poly Wool Suiting 220 GSM 58 inch Camel,JAA-6408,Camel,220,58,1500,M,213.27/mtr,,2026-07-03,clean_exact_match,easy
POL000402,PO00081,2,55/45 POLY WOOL  SUITING  GSM 220  W-58,,,220,,800,mts,213.44,,2026-06-28,multiple_possible_sku_matches,hard
POL000403,PO00081,3,100% polyester velvet 8 wale 360 gsm 44in greige rfd,,Greige RFD,360,,2000,Meters,Rs. 223.28,,2026-07-03,incorrect_colour_or_gsm,hard
POL000404,PO00082,1,60/40 Cotton Poly Fleece Polar 375 GSM 72 inch Teal,,Teal,375,72,400,Kilo,390.21,,2026-08-18,clean_exact_match,easy
POL000405,PO00082,2,100% Cotton Knit Waffle 240gsm 60 inches Dark Blue,,N.Blue,240,,50,Kg,393.03,,2026-09-22,minor_naming_variation,easy
POL000406,PO00082,3,"98/2 Cotton Lycra Chino 210 gm 58""",,,210,,500,Meters,INR 150.02,,2026-09-22,multiple_possible_sku_matches,hard
POL000407,PO00083,1,100% Polyester Fleece Brushed 240 GSM 72 inch Greige RFD,,Greige RFD,240,72,100,KGS,255.01,,2026-06-08,clean_exact_match,easy
POL000408,PO00083,2,97/3 CTN spandexx  rdill  gsm 275  w-58  cream,,Cream,275,,2500 approx,M,231.30,,2026-07-13,spelling_errors_and_abbreviations,medium
POL000409,PO00083,3,"Poly CTN Dwnin, 255gsm, White, Lightwight, W-58",,White,255,,800,M,178.3,,2026-06-28,spelling_errors_and_abbreviations,medium
POL000410,PO00084,1,Greige 58 incx 110 g/m2 100% LPY Sain,,Greige RFD,110,,"1,500",MTR,88.0,,2026-08-17,spelling_errors_and_abbreviations,medium
POL000411,PO00084,2,"110gsm - Greige RFD - Satin - 58"" - 100% Polyester",,Greige RFD,110,,150,mtr,Rs. 92.38,,2026-08-17,small_acceptable_price_variation,easy
POL000412,PO00084,3,100GSM 100% Polyester Printed Plain Grey Melange 44 inches,,Grey Melange,100,,600,M,108.26,,2026-07-28,partial_catalogue_match,medium
POL000413,PO00084,4,satin  100% polyester  80gsm  58 inch  greige rfd,,Greige RFD,80,,150,Mtr,88.27,,2026-08-17,incorrect_colour_or_gsm,hard
POL000414,PO00084,5,"44""  Printed Plain  100% Polyester  Navy Blue  100 GSM",,Navy Blue,100,,800,M,108.51,,2026-08-17,minor_naming_variation,easy
POL000415,PO00084,6,Georgette 100% Polyester 85GSM Camel,,Camel,85,,150 approx,M,62.6,,2026-08-17,expired_historical_price,medium
POL000416,PO00084,7,100% Polyester Printed Plain 100 GSM 44 inch Navy Blue,,Navy Blue,100,44,300 approx,MTR,108.34/mtr,,2026-07-18,clean_exact_match,easy
POL000417,PO00084,8,100% Polyester Satin 110 GSM 58 inch Greige RFD,,Greige RFD,110,58,600,M,88.71,,2026-08-17,clean_exact_match,easy
POL000418,PO00084,9,110 GSM Greige RFD 58in 100% lLY Satin,,Greigge RFD,110,,200,mtr,88.59,,2026-07-28,spelling_errors_and_abbreviations,medium
POL000419,PO00084,10,100% Polyester - Satin - GSM 110 - 58in - Greige RFD,,Greige RFD,110,,2000,MTR,Rs. 86.04,,2026-07-28,small_acceptable_price_variation,easy
POL000420,PO00085,1,70/30 Modal Cotton 160 g/m2 58' Charcoal Plain,,Royal Blue,160,,400,M,231.57,,2026-04-25,incorrect_colour_or_gsm,hard
POL000421,PO00085,2,"98/2 Cotton Lycra Denim Lightweight 350gsm 58"" Camel",,Camel,350,,~1000,mts,250.24,,2026-04-20,small_acceptable_price_variation,easy
POL000422,PO00085,3,"210  6SM Charc0al Grey Chin0 58"" 98/2 Cofton Lycra",,,?10,,300,mts,INR 163.78,,2026-05-20,poor_quality_document,hard
POL000423,PO00085,4,Plain Dark Grey 160 gg/m2 70/30 Modal CTN 58',,Charcoal,160,,1200,Mtr,231.03,,2026-04-15,spelling_errors_and_abbreviations,medium
POL000424,PO00085,5,98/2 Cotton Lycra Denim - Lightweight - 350gsm - 58',,,350,,200 approx,MTRS,215.2,,2026-05-20,multiple_possible_sku_matches,hard
POL000425,PO00085,6,Poly Cotton Denim Rigid 310gsm 63in Peach,,Peach,310,,500,M,Rs. 201.49,,2026-04-25,minor_naming_variation,easy
POL000426,PO00085,7,"70/30 moodal CTN plain 160 gsm 58"" charcoal grret",,Charcoa,160,,1200,MTRS,230.69,,2026-04-30,spelling_errors_and_abbreviations,medium
POL000427,PO00085,8,"60/40 cotton poly, dobby, 130 g/m2, 44 inches, wine",,Wine,130,,300 approx,MTR,Rs. 90.95,,2026-04-15,partial_catalogue_match,medium
POL000428,PO00085,9,Off White  GSM 340  Stretch  63in  98/2 Cotton Lycra Denim,,Off White,340,,"1,500",MTR,248.12,,2026-04-25,incorrect_colour_or_gsm,hard
POL000429,PO00085,10,shirt material - 44 inch,,,,,~600,MTR,90.82 per unit,,2026-05-20,ambiguous_product_match,hard
POL000430,PO00085,11,58' - 70/30 modal cotton - plain - 160 gm,,,160,,1500,mtr,231.94,,2026-05-05,multiple_possible_sku_matches,hard
POL000431,PO00085,12,"Dark Grey 58"" Plian 160 GaM 70/30 Modal CTN",,Charcoal,160,,800,mts,231.52,,2026-05-05,spelling_errors_and_abbreviations,medium
POL000432,PO00086,1,"Mustard, 300 GSM, Rigid, 98/2 Cotton Lycra Denim, 63 inches",,Mustard,300,,1000,mts,248.11,,2026-07-21,partial_catalogue_match,medium
POL000433,PO00086,2,80/20 Poly Cotton Blended Shirting 115 GSM 63 inch Wine,,Wine,115,63,400,MTR,90.90 per unit,,2026-06-16,clean_exact_match,easy
POL000434,PO00086,3,Silver - 310 gm - Poly Cotton Denim - Rigid,,Silver Grey,310,,"1,500",Meters,INR 198.69,,2026-06-16,no_historical_price,medium
POL000435,PO00086,4,Silk Organza 45 GSM 44 inch Gold,,,,,1200 approx,mts,223.80,,2026-07-21,unknown_product,exception
POL000436,PO00086,5,98/2 Cotton Lycra Denim Rigid 300 GSM 63 inch Firozi,,Firozi,300,63,500,mtr,Rs. 247.92,,2026-06-16,clean_exact_match,easy
POL000437,PO00087,1,as per our code GIR-1488,GIR-1488,,,,1200,MTR,280.6,,2026-08-27,customer_specific_product_code,medium
POL000438,PO00087,2,Ecru/215GSM/70/30 Poly Cotton/Sheer Casement,,Ecru,215,,2500,Mtr,INR 214.60,,2026-08-07,no_historical_price,medium
POL000439,PO00087,3,"320 GM 58"" PEACH 100% PLY CHENIkLE",,Peach,320,,1000,mtr,Rs. 284.19,,2026-08-27,spelling_errors_and_abbreviations,medium
POL000440,PO00087,4,70/30 Poly Cotton Sheer Casement 215 gm 110in,,,215,,800,mts,213.80,,2026-08-02,multiple_possible_sku_matches,hard
POL000441,PO00087,5,65/35 Poly Cotton Duck Canvas 465 GSM 63 inch Lavender,,Lavender,465,63,500,mts,281.05,,2026-08-27,clean_exact_match,easy
POL000442,PO00087,6,"100% PLY  54""  rust  blackout abes  160 gdm",,Rust,160,,300,M,139.23,,2026-08-27,spelling_errors_and_abbreviations,medium
POL000443,PO00087,7,bedsheet fabric  teal  210gsm  108in  50/50 poly cotton,,Teal,210,,150,Mtr,259.2,,2026-08-27,incorrect_colour_or_gsm,hard
POL000444,PO00087,8,110IN  SHEER CASEMENT  ECRU  215 G/M2  70/30 POLY COTTON,,Ecru,215,,300,Mtr,Rs. 214.28,,2026-08-27,minor_naming_variation,easy
POL000445,PO00087,9,GIR-5712 same as last time,GIR-5712,,,,150,mtr,214.29,,2026-08-27,customer_specific_product_code,medium
POL000446,PO00087,10,"58 INCHES, 100% POLYESTER, 320GSM, PEACH, CHENILLE",,Peach,320,,200,mts,282.98,Width to be 54 inch as per last supply,2026-07-28,conflicting_information_in_po,hard
POL000447,PO00088,1,95/5 Poly Spandex/Satin/125GSM/58 inch/Rust,,Rust,125,,300,mtr,144.07/mtr,,2026-04-25,incorrect_colour_or_gsm,hard
POL000448,PO00088,2,95/5 Poly Spandex - Satin - 155 GSM - W-58 - White,,White,155,,300,MTRS,143.67,,2026-04-30,partial_catalogue_match,medium
POL000449,PO00088,3,100% Ly0cell Twill 165 g/m2 58 inch 0live ~~,,0live ....,165,,500,MTR,261.20,,2026-05-25,poor_quality_document,hard
POL000450,PO00088,4,"65/35 P  oplin  140gsm  58""  White",,hite,140,,2500,Mtr,96.40/mtr,,2026-04-25,spelling_errors_and_abbreviations,medium
POL000451,PO00088,5,100% Polyester Printed Plain 120 GSM 58 inch Wine,,Wine,120,58,400,Mtr,143.14,,2026-05-05,clean_exact_match,easy
POL000452,PO00088,6,100% Lyocell Twill 165 GSM 58 inch Olive,,Olive,165,58,"1,200",mtr,261.44,,2026-04-30,clean_exact_match,easy
POL000453,PO00089,1,Cotton  Canvas Bottom  GSM 225  58 inches  Dark Green,,B. Green,225,,200,mtr,178.99,,2026-05-31,minor_naming_variation,easy
POL000454,PO00089,2,100% Cotton Knit Melange Jersey 160 GSM 60 inch Beige,,Beige,160,60,50,KG,309.07,,2026-05-26,clean_exact_match,easy
POL000455,PO00090,1,"Royal Blue, Lightweight, 255 g/m2, Poly Cotton Denim",,Royal Blue,255,,800,M,163.49,,2026-07-25,no_historical_price,medium
POL000456,PO00090,2,98/2 Cotton Lycra Denim Rigid 300 GSM 63 inch Maroon,,Maroon,300,63,400,mts,Rs. 246.78,,2026-07-10,clean_exact_match,easy
POL000457,PO00090,3,bottom fabric,,,,,1200,Meters,256.44,,2026-07-05,ambiguous_product_match,hard
POL000458,PO00090,4,Twill/100% Cotton/Musturd/58in/295gsm,,Musturd,295,,2000,Meters,232.90,,2026-07-20,minor_naming_variation,easy
POL000459,PO00090,5,Twill - 58 inches - Peach - 295GSM - 100% Cotton,,Peach,295,,2500,mts,230.85,,2026-07-05,partial_catalogue_match,medium
POL000460,PO00090,6,98/2 Cotton Lycra Denim Rigid 300 GSM 63 inch Maroon,,Maroon,300,63,400,Meters,246.4,,2026-07-05,clean_exact_match,easy
POL000461,PO00090,7,98/2 Cotton Lycra Denim Rigid 300 GSM 63 inch Maroon,,Maroon,300,63,1000,mtr,247.68,,2026-07-20,clean_exact_match,easy
POL000462,PO00091,1,Printed Plain Navy Blue 44' 100gsm 100% Polyester,,Navy Blue,100,,1000,MTRS,108.76/mtr,Please supply in Bottle Green as discussed,2026-09-28,conflicting_information_in_po,hard
POL000463,PO00091,2,55/45 Linen Cotton/Handloom Finish/160gsm/Sea Green,,Sea Green,160,,~1000,Mtr,321.66,,2026-09-08,no_historical_price,medium
POL000464,PO00091,3,PRINTING CLOTH/100 GM/NAVY BLUE,SAT-2644,,,,400,M,108.2,,2026-09-03,customer_specific_product_code,medium
POL000465,PO00092,1,100% COTTON TWILL 295GSM 58IN WINE,,Wine,295,,1500,Meters,202.21,,2026-06-11,new_customer_no_history,medium
POL000466,PO00092,2,Cupro Satin 90 GSM 44 inch Ivory,,,,,500 approx,mtr,224.45,,2026-06-01,unknown_product,exception
POL000467,PO00092,3,"Drill, GSM 275, 97/3 Cotton Spandex, Dark Green, 58""",,Bottle Green,275,,2500,MTR,205.04,,2026-06-01,new_customer_no_history,medium
POL000468,PO00092,4,"100% Combed Cotton Dobby GSM 140 58"" Haldi",,Mustard,140,,800,mtr,INR 110.27,,2026-06-06,new_customer_no_history,medium
POL000469,PO00092,5,105 g/m2/44in/Camel/60/40 Cotton Poly/Cambric,,Camel,105,,1200,mtr,82.00,,2026-06-16,new_customer_no_history,medium
POL000470,PO00092,6,"Drill - 275 g/m2 - 58"" - 97/3 Cotton Spandex - Cream",,Cream,275,,600,M,INR 197.61,,2026-06-21,new_customer_no_history,medium
POL000471,PO00092,7,98/2 Cotton Lycra Denim/Rigid/415 gm/63'/Grey Melange,,Grey Melange,415,,300,MTR,Rs. 276.41,,2026-07-06,new_customer_no_history,medium
POL000472,PO00092,8,"DRILL/98/2 COTTON LYCRA/GSM 235/60""/WHITE",,White,235,,1500 approx,Meters,180.11,,2026-06-01,new_customer_no_history,medium
POL000473,PO00093,1,70/30 Modal Cotton Plain 160 GSM 58 inch Greige RFD,,Greige RFD,160,58,600,mts,223.80,,2026-06-09,clean_exact_match,easy
POL000474,PO00094,1,100% Polyester Velvet 44 inches 330 GSM Royal Blue 8 Wale,,Royal Blue,330,,600,MTR,223.60,,2026-08-03,partial_catalogue_match,medium
POL000475,PO00094,2,220 g/m2 Camel 55/45 Poly Wool Suiting,,Camel,220,,~150,Yards,213.72,,2026-08-03,wrong_unit_of_measure,exception
POL000476,PO00094,3,65/35 Poly Cotton  Poplin  125gsm  58 inches  Olive,,Olive,125,,150,Mtr,INR 87.19,,2026-08-13,minor_naming_variation,easy
POL000477,PO00095,1,80/20  P0ly C0tt0n/Blended Shirting/115 gm/63in/Wine,,Win0 ....,115,,1000,M,90.86,,2026-09-09,poor_quality_document,hard
POL000478,PO00095,2,"W-63, Wine, 100GSM, Blended Shirting, 80/20 Poly Cotton",,Wine,100,,400 approx,M,INR 91.00,,2026-08-10,incorrect_colour_or_gsm,hard
POL000479,PO00095,3,"PC shirting, 63""",,,,,1500,mts,90.81,,2026-08-05,ambiguous_product_match,hard
POL000480,PO00096,1,100% Cotton 58 inch Greige RFD Duck Canvas 465 GSM,,Greige RFD,465,,500,MTR,283.3,,2026-07-04,partial_catalogue_match,medium
POL000481,PO00097,1,"95/5 viscose lycra, rayon slub, 105 gsm, 58 inches, off white",,Off White,105,,500,mts,84.72,,2026-05-03,small_acceptable_price_variation,easy
POL000482,PO00097,2,"100% Viscose, Lining Plain, 100gsm, Lt Pink",,Baby Pink,100,,1000,MTR,57.75/mtr,,2026-05-18,expired_historical_price,medium
POL000483,PO00097,3,"55/45 Poly Wool, Twill Suiting, Royal Blue, 275 gm, 58'",,Royal Blue,275,,500,Mtr,258.2,,2026-05-18,small_acceptable_price_variation,easy
POL000484,PO00097,4,95/5 Poly Spandex - Sateen - GSM 205 - W-58 - Rust,,Rust,205,,2000,MTR,146.12,,2026-05-18,partial_catalogue_match,medium
POL000485,PO00097,5,"1x1 Rib - GSM 255 - S.BLE - 72"" - 95/5 CTN LYC",,Sky Blue,255,,80,Kg,458.79,,2026-06-07,spelling_errors_and_abbreviations,medium
POL000486,PO00097,6,98/2 Cotton Lycra Denim Rigid 300 GSM 63 inch Firozi,,Firozi,300,63,150,Mtr,INR 234.98,,2026-05-13,clean_exact_match,easy
POL000487,PO00097,7,98/2 Cotton Lycra Denim 330gsm 63 inches Rigid Firozi,,Firozi,330,,~200,Meters,235.08,,2026-05-03,incorrect_colour_or_gsm,hard
POL000488,PO00097,8,lavender 55/45 linen cotton gsm 195 handloom finish,,Lavender,195,,2500,KG,Rs. 413.67,,2026-06-07,wrong_unit_of_measure,exception
POL000489,PO00097,9,55/45 P/W Twill Suiting 275gsm 58in R.BU,,Royal Blue,275,,600,MTRS,264.46 per unit,,2026-05-03,spelling_errors_and_abbreviations,medium
POL000490,PO00097,10,63IN/300 GSM/FIROZEE/RIGID/98/2 CTN LCC DN,,Firozo,300,,600,Mtr,Rs. 233.77,,2026-05-18,spelling_errors_and_abbreviations,medium
POL000491,PO00098,1,100% Cotton Terry - Face Towel - 450gsm - Nevy Blue,,Navy Blue,450,,1000,pieces,174.93,Rate as per last PO,2026-06-19,wrong_price_outside_tolerance,exception
POL000492,PO00099,1,100%  P0LYE5TER - CHENlLLE - 65M 320 - 58IN - CREAM,,Cre1m,,,400,mtr,264.89 per unit,,2026-09-18,poor_quality_document,hard
POL000493,PO00099,2,"50/50 Poly Cotton, Percale, GSM 120, 90', Sea Green",,Sea Green,120,,300,Mtr,155.6,,2026-09-18,minor_naming_variation,easy
POL000494,PO00099,3,"230 GSM  Satin  Royal Blue  58""  95/5 Poly Spandex",,Royal Blue,230,,600,M,189.16,,2026-08-24,incorrect_colour_or_gsm,hard
POL000495,PO00099,4,100% PLY  CHwmILLE  GSM 320  58'  CREAM,,Crea,320,,2000 approx,MTR,266.1,,2026-09-03,spelling_errors_and_abbreviations,medium
POL000496,PO00099,5,"100% PLY  GEORGETrE  GM 85  58""  R.BLUE",,Royal Blue,85,,1000 approx,Meters,Rs. 66.27,,2026-08-14,spelling_errors_and_abbreviations,medium
POL000497,PO00099,6,65/35 Poly Cotton Duck Canvas 465 GSM 63 inch Lavender,,Lavender,465,63,800,mtr,275.65,,2026-08-24,clean_exact_match,easy
POL000498,PO00100,1,"55/45 Poly Wool - Twill Suiting - 275gsm - 58"" - Royal Blue",,Royal Blue,275,,400,MTRS,264.76,,2026-08-02,minor_naming_variation,easy
POL000499,PO00100,2,linen material - Lavender - 195GSM,YUV-3524,,,,1200,MTR,Rs. 413.40,,2026-08-17,customer_specific_product_code,medium
POL000500,PO00100,3,100% Combed Cotton  Chambray  GSM 130  58in  Sea Green,,Sea Green,130,,200,mtr,INR 118.98,,2026-09-06,small_acceptable_price_variation,easy
POL000501,PO00101,1,130 GM OW SHIRTING FABRIC,SUR-8670,,,,1000,MTR,118.17,,2026-04-30,customer_specific_product_code,medium
POL000502,PO00101,2,Cupro Satin 90 GSM 44 inch Ivory,,,,,400,Mtr,123.19,,2026-05-25,unknown_product,exception
POL000503,PO00101,3,"60/40 Cotton Poly Fleece, 375GSM, Teal, Polar",,Teal,375,,150,KG,392.19,,2026-04-25,expired_historical_price,medium
POL000504,PO00101,4,97/3 Cotton Spandex Chino 320 GSM 58 inch Off White,,Off White,320,58,150,Meters,261.81,,2026-05-25,clean_exact_match,easy
POL000505,PO00101,5,interlock knit - 275 gm - Teal,SUR-2905,,,,100,Kg,478.49,,2026-04-20,customer_specific_product_code,medium
POL000506,PO00101,6,100% Polyester Fleece Polar 250 GSM 60 inch Cream,,Cream,250,60,500,KG,Rs. 278.96,,2026-04-25,clean_exact_match,easy
POL000507,PO00102,1,"98/2 CTN LYC DNM/LIGHTWEIGHT/350 GM/58""/ARK MAROON",,Mraoon,350,,1000,mts,257.08 per unit,,2026-08-15,spelling_errors_and_abbreviations,medium
POL000508,PO00102,2,98/2 cotton lycra denim - lightweight - 350 g/m2 - 58in - baby pink,,Baby Pink,350,,400,Meters,255.81,,2026-08-15,partial_catalogue_match,medium
POL000509,PO00102,3,Recycled PET Fleece GRS Certified 300 GSM,,,,,300 approx,mtr,INR 385.06,,2026-09-04,unknown_product,exception
POL000510,PO00102,4,"97/3 COTTON SPANDEX  DRILL  275 G/M2  58""  B. GREEN",,Dark Green,275,,1200,M,Rs. 214.07,,2026-09-04,minor_naming_variation,easy
POL000511,PO00103,1,Sheer Casement Coffee Brown 225 GSM 110 inch 70/30 Poly Cotton,,Coffee Brown,225,,300,M,242.22,,2026-08-26,minor_naming_variation,easy
POL000512,PO00103,2,100% Polyester/Chenille/GSM 350/58in,,,350,,"1,200",mts,295.82/mtr,,2026-08-21,multiple_possible_sku_matches,hard
POL000513,PO00103,3,70/30 Poly Cotton Sheer Casement 225 GSM 110 inch Coffee Brown,,Coffee Brown,225,110,~500,Meters,242.69,,2026-08-21,clean_exact_match,easy
POL000514,PO00104,1,SHIRTING CLOTH - 140 GSM - HALDI,BHA-7338,,,,300,MTRS,Rs. 111.28,,2026-05-30,customer_specific_product_code,medium
POL000515,PO00104,2,100% Cotton Knit Waffle 220 GSM 72 inch Bottle Green,,Bottle Green,220,72,250,Kg,346.08,,2026-06-04,clean_exact_match,easy
POL000516,PO00104,3,98/2 Cotton Lycra Denim Lightweight 350 GSM 58 inch Camel,,Camel,350,58,1500,MTR,223.20,,2026-05-25,clean_exact_match,easy
POL000517,PO00104,4,60/40 Cotton Poly Fleece - Polar - GSM 375 - 72in - Grey Melange,,Grey Melange,375,,100,KG,378.83,"Ref our mail - actually need Greige RFD, not as written above",2026-05-25,conflicting_information_in_po,hard
POL000518,PO00105,1,100% Polyester Fleece Brushed 240 GSM 72 inch Greige RFD,ADV-2532,Greige RFD,240,72,500,kgs,256.47,,2026-05-21,clean_exact_match,easy
POL000519,PO00105,2,97/3 C0tfon 5pandex Dri1l 275gsm 58 inch Cream |,ADV-3535,Cream,27 ....,,200,M,INR 233.32,,2026-06-25,poor_quality_document,hard
POL000520,PO00105,3,"pant material, 58' regular quality",ADV-6633,,,,2500,MTR,183.33,,2026-05-21,ambiguous_product_match,hard
POL000521,PO00105,4,97/3 Cotton Spandex Drill 275 GSM 58 inch Cream,,Cream,275,58,2500,M,Rs. 233.34,,2026-06-10,clean_exact_match,easy
POL000522,PO00106,1,97/3 Cotton Spandex Chino 335 GSM 58 inch Camel,OJA-6825,Camel,335,,500,MTR,231.98,,2026-04-29,incorrect_colour_or_gsm,hard
POL000523,PO00106,2,Cream/215 GSM/W-58/100% Linen/Plain,OJA-4934,Cream,215,,1000,MTRS,419.84,,2026-04-29,small_acceptable_price_variation,easy
POL000524,PO00106,3,PU Coated Leatherette 450 GSM Tan,OJA-2506,,,,~1200,MTR,253.16,,2026-05-04,unknown_product,exception
POL000525,PO00107,1,50/50 Poly Cotton Bedsheet Fabric 180 GSM 108 inch Greige RFD,,Greige RFD,180,108,600,M,203.52,,2026-06-08,clean_exact_match,easy
POL000526,PO00107,2,Georgette GSM 110 100% Polyester Mint,,Mint,110,,28943,MTR,75.20 per unit,,2026-06-08,unusually_large_quantity,exception
POL000527,PO00107,3,70/30 Poly Cotton Sheer Casement 225 GSM 110 inch Greige RFD,,Greige RFD,225,110,~1200,MTR,INR 192.28,,2026-05-04,clean_exact_match,easy
POL000528,PO00107,4,"100% Polyester, Georgette, 110gsm, Mint",,Mint,110,,300,yds,Rs. 75.60,,2026-05-09,wrong_unit_of_measure,exception
POL000529,PO00107,5,"100% CTTN Terry, Hannd Towwl, 425 g/m2, Ecru",,Ecr,425,,1000,Pcs,215.62,,2026-05-14,spelling_errors_and_abbreviations,medium
POL000530,PO00107,6,100% LIN/PPlain/215gsm/58 inch/Off-Wxiet,,Off White,215,,500,mts,454.5,,2026-06-08,spelling_errors_and_abbreviations,medium
POL000531,PO00108,1,95/5 Viscose Lycra Rayon Slub 135 GSM 44 inch Coffee Brown,,Coffee Brown,135,44,150,Meters,114.36,,2026-06-08,clean_exact_match,easy
POL000532,PO00108,2,55/45 Linen Cotton  Plain  215gsm  58 inch  Offwhite,,OW,215,,200,Meters,440.2,,2026-06-08,minor_naming_variation,easy
POL000533,PO00108,3,100% Polyester Velvet 8 Wale 330 GSM 44 inch Wine,,Wine,330,44,400,MTR,260.8,,2026-06-23,clean_exact_match,easy
POL000534,PO00109,1,70/30 POLY COTTON/CHENILLE/415 GM/58IN/RUST,,Rust,415,,800,MTR,341.29,,2026-05-18,minor_naming_variation,easy
POL000535,PO00109,2,70/30 Poly Cotton Blackout Base 225 GSM 110 inch Ecru,,Ecru,225,110,1500,mts,228.16/mtr,,2026-05-13,clean_exact_match,easy
POL000536,PO00110,1,70/30 Modal Cotton Satin 180 GSM 58 inch Mustard,,Mustard,180,58,~1000,MTRS,289.22,,2026-07-07,clean_exact_match,easy
POL000537,PO00110,2,"290 g/m2 Brown Cofxee 80/20 PV Suoting 60""",,Coffew Brown,290,,300,MTR,235.66,,2026-07-12,spelling_errors_and_abbreviations,medium
POL000538,PO00110,3,POPLIN/110 G/M2/OFF WHITE/65/35 POLY COTTON,,Off White,110,,600,mts,80.33,,2026-07-02,expired_historical_price,medium
POL000539,PO00110,4,"W-63, FIROZI, 98/2 COTTON LYCRA DENIM, RIGID, 300 GM",,Firozi,300,,800,M,INR 235.35,,2026-07-12,small_acceptable_price_variation,easy
POL000540,PO00110,5,Nylon Ripstop 110 GSM 60 inch Olive,,,,,1500,Meters,416.30,,2026-07-12,unknown_product,exception
POL000541,PO00111,1,"65/35 Poly Cotton - Canvas - 330 GSM - 63"" - Maroon",,Maroon,330,,"1,200",mts,213.67,,2026-06-18,incorrect_colour_or_gsm,hard
POL000542,PO00111,2,Fae Towel 450 g m100% CTN Terry Dark Marroon,,Maroon,450,,"1,000",pieces,202.23,,2026-06-18,spelling_errors_and_abbreviations,medium
POL000543,PO00111,3,"110"" 70/30 poly cotton gsm 225 blackout base",,,225,,300,MTRS,213.86/mtr,,2026-06-13,multiple_possible_sku_matches,hard
POL000544,PO00112,1,"100% CTN, GSM 295, Twil, 58"", Mustard",,Mustard,295,,2500,MTR,189.58,,2026-07-09,spelling_errors_and_abbreviations,medium
POL000545,PO00112,2,"80/20 P, suiting, 250 gm, 58 inch, efrozi",,Fiozi,250,,~800,M,199.14,,2026-06-09,spelling_errors_and_abbreviations,medium
POL000546,PO00113,1,Percale  170 g/m2  108 inches  50/50 Poly Cotton  Olive,,Olive,170,,1000,MTRS,204.58,,2026-05-17,small_acceptable_price_variation,easy
POL000547,PO00113,2,"duck fabric 58""",,,,,1200,Meters,Rs. 219.65,,2026-05-07,ambiguous_product_match,hard
POL000548,PO00114,1,"Beige - Poly - 195GSM - 54"" - Curtain Jacquard",,Beige,195,,~500,mts,164.9,,2026-07-03,minor_naming_variation,easy
POL000549,PO00114,2,50/50 POLY COTTON BEDSHEET FABRIC 115 GSM 108IN FIROZI,,Sky Blue,115,,2000,MTR,163.09 per unit,,2026-07-28,incorrect_colour_or_gsm,hard
POL000550,PO00114,3,"50/50 Poly CT/Sheeting/180 gm/108""/O/W",,Off White,180,,200,Mtr,228.87/mtr,,2026-07-03,spelling_errors_and_abbreviations,medium
POL000551,PO00114,4,"CHENILLE, 58', 100% POLYESTER, BOTTLE GREEN, 350 GM",,Bottle Green,350,,500,M,Rs. 306.95,Note: rate agreed for 370 GSM quality,2026-06-28,conflicting_information_in_po,hard
POL000552,PO00114,5,Beige Crutain Jacquard 195GSM 54 incehs 100% PLY,,Beige,195,,1000,mts,Rs. 164.74,,2026-07-13,spelling_errors_and_abbreviations,medium
POL000553,PO00114,6,"Poly, Chenille, 350GSM, 58in, Bottle Green",,Dark Green,350,,2000,MTRS,INR 307.23,,2026-07-08,minor_naming_variation,easy
POL000554,PO00115,1,100% Linen Slub 125 GSM 58 inch Firozi,,Firozi,125,58,400,Mtr,Rs. 278.18,,2026-08-09,clean_exact_match,easy
POL000555,PO00115,2,"98/2 Cotton Lycra Denim, Rigid, 415gsm, Dark Maroon",,Maroon,415,,600,mts,Rs. 280.89,,2026-08-24,no_historical_price,medium
POL000556,PO00115,3,100% Linen Slub 125 GSM 58 inch Firozi,,Firozi,125,58,150,MTRS,276.16,,2026-07-25,clean_exact_match,easy
POL000557,PO00115,4,70/30 Modal Cotton Satin 180 GSM 58' Coffee Brown,BHA-1315,Coffee Brown,180,,2000,MTRS,Rs. 285.21,,2026-07-30,partial_catalogue_match,medium
POL000558,PO00115,5,Merino Wool JSY 180 GSM Navy,BHA-2052,,,,200,Meters,92.8,,2026-08-09,unknown_product,exception
POL000559,PO00115,6,100% Lyocell Satin 150 GSM 58 inch Maroon,BHA-7794,Maroon,150,58,500,MTR,INR 257.49,,2026-07-20,clean_exact_match,easy
POL000560,PO00115,7,98/2 CTN Lyxra/Drill/235gsm/60iin/Dark Green,BHA-8440,Bottle Green,235,,200,mtr,220.21,,2026-07-20,spelling_errors_and_abbreviations,medium
POL000561,PO00115,8,firozi/58 inches/linen/125gsm/slub,,Firozee,125,,~400,Mtr,275.82,,2026-07-20,minor_naming_variation,easy
POL000562,PO00116,1,65/35 poly cotton duck canvas gsm 310 63in wine,,Wine,310,,1000,mts,186.56,,2026-09-11,minor_naming_variation,easy
POL000563,PO00117,1,65/35 Poly Cotton  Duck Canvas  Grey Melange  465GSM,,Grey Melange,465,,150,MTRS,264.98,,2026-08-20,expired_historical_price,medium
POL000564,PO00117,2,65/35 Poly Cotton/Duck Canvas/GSM 465/63 inch,,,465,,800,Mtr,263.41,,2026-08-15,multiple_possible_sku_matches,hard
POL000565,PO00117,3,65/35 PC/poplin/140sgm/58i/wihte,,Whote,140,,300,MTR,Rs. 92.50,,2026-08-20,spelling_errors_and_abbreviations,medium
POL000566,PO00117,4,195GSM Drill Cream 100% Cotton,,Cream,195,,2000,M,148.39 per unit,,2026-09-09,expired_historical_price,medium
POL000567,PO00117,5,uniform suiting,,,,,1500,mts,227.86,,2026-08-15,ambiguous_product_match,hard
POL000568,PO00117,6,100% Cotton Brushed Twill 235 GSM 58 inch Bottle Green,,Bottle Green,235,58,"1,500",Meters,183.66,,2026-08-05,clean_exact_match,easy
POL000569,PO00117,7,55/45 Poly Wool Twill Suiting 275 GSM 58 inch Wine,,Wine,275,58,200,MTR,251.09,,2026-08-20,clean_exact_match,easy
POL000570,PO00117,8,80/20 Poly Viscose Suiting 290 GSM 60 inch Rust,,Rust,290,60,"2,500",MTR,228.40,,2026-08-25,clean_exact_match,easy
POL000571,PO00117,9,320 GSM PEACH BOTTOM FABRIC,ZAR-5353,,,,800,MTRS,246.34,,2026-08-15,customer_specific_product_code,medium
POL000572,PO00117,10,65/35 POLY COTTON DUCK CANVAS GSM 465 63' LAVENDER,,Lavender,465,,800,Meters,262.06,,2026-08-25,minor_naming_variation,easy
POL000573,PO00118,1,70/30 Poly Cotton Sheer Casement 215 gm 110in Greige RFD,,Greige RFD,215,,600,MTR,Rs. 209.88,,2026-06-01,partial_catalogue_match,medium
POL000574,PO00118,2,100% Polyester Chenille 320 GSM 58 inch Peach,,Peach,320,58,300,MTR,265.54,,2026-06-06,clean_exact_match,easy
POL000575,PO00118,3,upholstery cloth - 58in medium quality,,,,,600,mtr,266.4,,2026-05-17,ambiguous_product_match,hard
POL000576,PO00118,4,Recycled PET Fleece GRS Certified 300 GSM,,,,,400,Meters,273.91/mtr,,2026-05-27,unknown_product,exception
POL000577,PO00119,1,100% COTTON KNIT - 2X2 RIB - 280GSM - 72',SUR-1138,,280,,250,Kg,502.68,,2026-07-08,multiple_possible_sku_matches,hard
POL000578,PO00119,2,W-58/Dobby/140GSM/100% Combed Cotton,,,140,,1000,mts,126.41,,2026-06-28,multiple_possible_sku_matches,hard
POL000579,PO00120,1,"100% CTN DNM Ligthweight 310GSM 58"" Came",,Camel,310,,150 approx,MTR,216.45,,2026-08-19,spelling_errors_and_abbreviations,medium
POL000580,PO00120,2,195gsm - 100% Cotton - 60 inch - Drill,,,195,,"1,200",M,INR 149.14,,2026-07-30,multiple_possible_sku_matches,hard
POL000581,PO00120,3,Maroon Lightweight 100% Cotton Denim 58 inches 310 gm,,Maroon,310,,600,MTRS,Rs. 216.10,,2026-07-30,partial_catalogue_match,medium
POL000582,PO00120,4,100% Cotton Denim  Lightweight  310 gm  58'  Camel,,Camel,310,,1000,mts,216.81,"Ref our mail - actually need Wine, not as written above",2026-08-14,conflicting_information_in_po,hard
POL000583,PO00121,1,CHENILLE - 58 INCHES - 70/30 POLY COTTON - 415GSM,,,415,,1200,MTRS,INR 307.49,,2026-04-21,multiple_possible_sku_matches,hard
POL000584,PO00121,2,satin cloth  110gsm  Grey Fabric (RFD),KAV-3203,,,,"2,000",Meters,82.69,,2026-05-01,customer_specific_product_code,medium
POL000585,PO00121,3,100% Cotton Terry Hand Towel 425 GSM 16x24 inch Royal Blue,,Royal Blue,425,,1000,NOS,214.26,,2026-04-26,clean_exact_match,easy
POL000586,PO00121,4,"100% Cotton Terry, Hand Towel, 440gsm, Bottle Green",KAV-8918,Bottle Green,440,,100,PCS,249.19,,2026-05-01,incorrect_colour_or_gsm,hard
POL000587,PO00121,5,Recycled PET Fleece GRS Certified 300 GSM,,,,,150,kgs,384.33,,2026-05-01,unknown_product,exception
POL000588,PO00121,6,70/30 POLY COTTON  CHENILLE  415GSM  58 INCHES  CHARCOAL,,Charcoal,415,,1000,mts,305.59,,2026-05-01,partial_catalogue_match,medium
POL000589,PO00121,7,80/20 POLY VISCOSE - SUITING - 250 GM - 58IN - MAROON,,Maroon,250,,150,MTR,197.43,,2026-05-01,small_acceptable_price_variation,easy
POL000590,PO00122,1,"100% Combed Cotton, Dobby, 150gsm, 58 inch, Royal Blue",,Royal Blue,150,,300,MTR,124.82,,2026-08-11,small_acceptable_price_variation,easy
POL000591,PO00122,2,Satin/58in/Lavender/150 GSM/70/30 Modal Cotton,TAN-9512,Lavender,150,,"1,500",Meters,282.63,,2026-08-16,incorrect_colour_or_gsm,hard
POL000592,PO00122,3,"95/5 COTTON LYCRA KNIT  SINGLE JERSEY  155GSM  60""  CHARCOAL GREY",,Charcoal,155,,150,kgs,Rs. 376.73,,2026-08-06,minor_naming_variation,easy
POL000593,PO00123,1,Bamboo Terry Knit 240 GSM Off White,,,,,800,MTR,167.72,,2026-07-20,unknown_product,exception
POL000594,PO00123,2,60/40 Poly Cotton Knit Melange Jersey 155 GSM 60 inch Off White,,Off White,155,60,250,Kilo,350.44,,2026-07-20,clean_exact_match,easy
POL000595,PO00123,3,195 g/m2 - Light ink - 97/3 CTN Spandx - Canvas Bottom - 60',,Baby Pink,195,,150,MTRS,Rs. 171.51,,2026-07-20,spelling_errors_and_abbreviations,medium
POL000596,PO00123,4,195 gm  Lt Pink  trouser cloth,AMR-1525,,,,500,mtr,171.82,,2026-07-10,customer_specific_product_code,medium
POL000597,PO00123,5,150 GSM Dobby Musturd 100% Combed Cotton,,Mustard,150,,1000,mtr,Rs. 141.23,,2026-08-04,expired_historical_price,medium
POL000598,PO00123,6,98/2 Cotton Lycra Denim Rigid 300 GSM 63 inch Peach,,Peach,300,63,1000,M,230.92,,2026-08-04,clean_exact_match,easy
POL000599,PO00123,7,60/40 PC KNIT MMEL JSY GSM 155 60 inchs Off White,,Off White,155,,300,Kg,Rs. 350.48,,2026-08-04,spelling_errors_and_abbreviations,medium
POL000600,PO00123,8,97/3 Cotton Spandex Canvas Bottom GSM 195 W-60 Light Pink,,Lt Pink,195,,150,MTRS,172.92,,2026-07-05,minor_naming_variation,easy
POL000601,PO00124,1,95/5 Poly pandex  Satwen  190 GSM  58'  Teal,,Teap,190,,150,MTRS,161.62,,2026-06-03,spelling_errors_and_abbreviations,medium
POL000602,PO00124,2,95/5 POLY SPNDEX/SATEEN/190 G/M2/58IN/TEAL,,Teeal,190,,1500,mts,Rs. 161.16,,2026-05-19,spelling_errors_and_abbreviations,medium
POL000603,PO00125,1,50/50 Poly Cotton Percale 120 GSM 90 inch Beige,,Beige,120,90,1500,MTRS,161.14,,2026-07-16,clean_exact_match,easy
POL000604,PO00125,2,viscos fabric GSM 155 Olive,PRA-9011,,,,200,M,131.65,,2026-07-11,customer_specific_product_code,medium
POL000605,PO00125,3,jersey knit fabric 60 inch normal one,,,,,300,KG,334.5,,2026-07-06,ambiguous_product_match,hard
POL000606,PO00125,4,8r0wn Coffee Lining Twi11 GSM 70 36 inches 100% P0lyester,,,,,2000,MTRS,48.13,,2026-07-11,poor_quality_document,hard
POL000607,PO00126,1,100% POLYESTER CURTAIN JACQUARD 160GSM 54 INCH,,,160,,300,Mtr,133.36/mtr,,2026-08-14,multiple_possible_sku_matches,hard
POL000608,PO00126,2,"320 g/m2, 100% Polyester, 58', Peach, Chenille",,Peach,320,,~1500,Meters,267.63/mtr,,2026-08-09,minor_naming_variation,easy
POL000609,PO00127,1,95/5 Poly Spandex Sateen 205 GSM 58 inch Greige RFD,,Greige RFD,205,58,200 approx,mts,Rs. 157.91,,2026-04-23,clean_exact_match,easy
POL000610,PO00127,2,100% Polyester - Georgette - 110 gm - 44' - Mint,,Mint,110,,2000,mtr,72.83,,2026-04-23,minor_naming_variation,easy
POL000611,PO00127,3,95/5 Poly Spandex Sateen 205 GSM 58 inch Baby Pink,,Baby Pink,205,58,200,Meters,185.5,,2026-04-28,clean_exact_match,easy
POL000612,PO00127,4,58 inches - Sateen - 95/5 Poly Spandex - 205 gm,,,205,,600,M,159.24,,2026-05-03,multiple_possible_sku_matches,hard
POL000613,PO00127,5,100% Modal Twill 130 g/m2 W-58 Charcoal,,Charcoal,130,,~2000,M,215.60,,2026-05-23,partial_catalogue_match,medium
POL000614,PO00127,6,"175 gm/Sateen/58""/95/5 Poly Spandex/Cream",,Cream,175,,2500,MTRS,156.04 per unit,,2026-04-18,minor_naming_variation,easy
POL000615,PO00127,7,100% Lyocell Satin 150 GSM 58 inch Maroon,,Maroon,150,58,2000,Meters,Rs. 248.37,,2026-04-18,clean_exact_match,easy
POL000616,PO00127,8,95/5 Poly Spandex Sateen 205 GSM 58 inch Baby Pink,,Baby Pink,205,58,600,mtr,Rs. 185.37,,2026-05-03,clean_exact_match,easy
POL000617,PO00127,9,"100% MODAL, TWILL, 130GSM, W-58, LT PINK",,Baby Pink,130,,800,MTR,157.91,,2026-05-23,wrong_price_outside_tolerance,exception
POL000618,PO00127,10,"100% Modal, Twill, 130 gm, Lt Pink",,Baby Pink,130,,500,Kgs,213.95,,2026-04-28,wrong_unit_of_measure,exception
POL000619,PO00127,11,130 GSM  100% Modal  Twill  58 inches  Baby Pink,,Baby Pink,130,,600,MTRS,221.26,,2026-04-18,small_acceptable_price_variation,easy
POL000620,PO00127,12,PU Coated Leatherette 450 GSM Tan,,,,,250,KG,86.06,,2026-04-23,unknown_product,exception
POL000621,PO00128,1,100% Polyester  Crepe  105 GSM  58 inch  Beige,,Rust,105,,800,Meters,70.86,,2026-04-19,incorrect_colour_or_gsm,hard
POL000622,PO00128,2,95/5 Poly Spandex/58 inch/Royal Blue/155gsm/Satin,,Royal Blue,155,,1200,Meters,142.53,,2026-04-29,partial_catalogue_match,medium
POL000623,PO00128,3,"100% IN/Slub/125 gm/58""/Grey MEL",,Grey Melane,125,,800,mts,292.30,,2026-04-14,spelling_errors_and_abbreviations,medium
POL000624,PO00129,1,100% Cotton Knit 1x1 Rib 220 GSM 72 inch Cream,,Cream,220,72,80,KG,367.01,,2026-05-25,clean_exact_match,easy
POL000625,PO00129,2,100% cotton knit  1x1 rib  220gsm  cream,,Cream,220,,150,MTR,Rs. 365.90,,2026-05-10,wrong_unit_of_measure,exception
POL000626,PO00129,3,t-shirt knit regular quality,,,,,100,Kilo,Rs. 297.34,,2026-05-20,ambiguous_product_match,hard
POL000627,PO00129,4,jersey knit fabric/dark green/160 gm,SAM-6793,,,,100,KG,INR 330.00,,2026-05-25,customer_specific_product_code,medium
POL000628,PO00130,1,"blended shirting cloth, 140gsm, White",ADV-5250,,,,500,mts,97.02,,2026-07-22,customer_specific_product_code,medium
POL000629,PO00130,2,100% Lyocell Twill 165 GSM 58 inch Olive,,Olive,165,58,150,Meters,261.09/mtr,,2026-07-27,clean_exact_match,easy
POL000630,PO00130,3,65/35 POLY COTTON  POPLIN  140GSM  W-58  WHITE,,White,140,,~600,M,Rs. 97.12,,2026-08-06,minor_naming_variation,easy
POL000631,PO00130,4,100% polyester 54 inch rust 195gsm curtain jacquard,,Rust,195,,200,MTR,Rs. 170.33,"Ref our mail - actually need Mustard, not as written above",2026-08-21,conflicting_information_in_po,hard
POL000632,PO00130,5,"140 g/m2, White, Pooplinn, 65/35 PC, W-58",,White,140,,1200,MTRS,96.82,,2026-07-27,spelling_errors_and_abbreviations,medium
POL000633,PO00130,6,100% Polyester Velvet  8 Wale  265 g/m2  Royal Blue,,Royal Blue,265,,400,Mtr,INR 197.13,,2026-08-01,expired_historical_price,medium
POL000634,PO00130,7,SATIN - 95/5 POLY SPANDEX - 155 GSM - SILVER GREY,,Silver Grey,155,,"2,500",M,128.8,,2026-07-27,no_historical_price,medium
POL000635,PO00131,1,"55/45 P/W, Suitung, 220 GSM, 58 inches, Lt Pink",,Baby Pink,220,,~150,Mtr,218.15,,2026-07-25,spelling_errors_and_abbreviations,medium
POL000636,PO00131,2,70/30 Poly Viscose Twill Suiting 240 GSM 60 inch Lavender,,Lavender,240,60,800,MTRS,188.3,,2026-08-09,clean_exact_match,easy
POL000637,PO00131,3,70/30 Poly Viscose Twill Suiting 240 GSM 60 inch Lavender,,Lavender,240,60,150 approx,Meters,188.01,,2026-08-09,clean_exact_match,easy
POL000638,PO00131,4,winter fabric - 165gsm - Black,KAV-2749,,,,2000,mts,143.00,,2026-07-25,customer_specific_product_code,medium
POL000639,PO00132,1,100% lyocell/satin/150 gsm/peach,,Peach,150,,2500,mts,230.07,,2026-09-10,expired_historical_price,medium
POL000640,PO00132,2,100% Cotton Knit Melange Jersey 200 GSM 72 inch Silver Grey,,Silver Grey,200,72,200,Kg,401.03,,2026-08-26,clean_exact_match,easy
POL000641,PO00132,3,Handloom Finish  58in  220gsm  Beige  100% Linen,,Beige,220,,2000 approx,Meters,434.42/mtr,,2026-08-31,minor_naming_variation,easy
POL000642,PO00133,1,"poly cotton denim - rigid - 310 gm - 63"" - firozi",,Firozi,310,,2500 approx,MTRS,195.27,,2026-08-17,partial_catalogue_match,medium
POL000643,PO00133,2,100% cotton knit/2x2 rib/275 g/m2/beige,,Beige,275,,300,Kg,403.64,,2026-07-18,expired_historical_price,medium
POL000644,PO00133,3,60/40 COTTON POLY FLEECE/POLAR/375 GSM/72 INCH/BABY PINK,,Baby Pink,375,,100,KG,INR 382.41,Please supply in Grey Melange as discussed,2026-07-18,conflicting_information_in_po,hard
POL000645,PO00133,4,Biege 63in 415 GSM 98/2 CTN LYC DNM Rogid,VAI-8447,Beige,415,,1000,mts,270.75,,2026-07-28,spelling_errors_and_abbreviations,medium
POL000646,PO00133,5,97/3 Cotton Spandex Drill 275 GSM 58 inch Cream,,Cream,275,58,300,MTR,212.61,,2026-08-02,clean_exact_match,easy
POL000647,PO00133,6,"58"" - 275gsm - Drill - 97/3 Cotton Spandex - Sea Green",,Sea Green,275,,1500,mtr,211.52,,2026-08-02,partial_catalogue_match,medium
POL000648,PO00133,7,60/40 CTN POLY FLEEvE WINE 60' LOOP TERRY 375 MG,VAI-7813,WWine,375,,300,KGS,Rs. 360.39,,2026-07-23,spelling_errors_and_abbreviations,medium
POL000649,PO00133,8,Beige  GSM 275  2x2 Rib  100% Cotton Knit,VAI-5108,Beige,275,,80,Kg,Rs. 405.53,,2026-07-18,expired_historical_price,medium
POL000650,PO00133,9,100% Cotton Knit Melange Jersey 160 GSM 60 inch Cream,,Cream,160,60,250,Kg,301.25,,2026-08-17,clean_exact_match,easy
POL000651,PO00133,10,100% Cotton Knit/2x2 Rib/275 gm/60 inches/Ecru,,Ecru,275,,50,Kilo,408.3,,2026-08-17,minor_naming_variation,easy
POL000652,PO00133,11,100% Cotton Knit 2x2 Rib 275 GSM 60 inch Ecru,VAI-3245,Ecru,275,60,50,KG,INR 407.62,,2026-07-13,clean_exact_match,easy
POL000653,PO00133,12,100% Cotton Knit 2x2 Rib 275 GSM 60 inch Ecru,,Ecru,275,60,50,KG,INR 405.68,,2026-07-23,clean_exact_match,easy
POL000654,PO00134,1,100% Polyester Digital Print Base 130 g/m2 W-58 Sky Blue,,Sky Blue,130,,1500,Mtr,INR 124.54,,2026-04-28,small_acceptable_price_variation,easy
POL000655,PO00134,2,"GSM 165 - Lavender - 100% Lyocell - 58"" - Satin",,Lavender,165,,800,mtr,209.97,,2026-04-28,incorrect_colour_or_gsm,hard
POL000656,PO00134,3,Labender - 150GSM - W-58 - Sairn - 100% LYO,,Lavenedr,150,,2500,MTR,209.62,,2026-05-13,spelling_errors_and_abbreviations,medium
POL000657,PO00134,4,100% Polyester Digital Print Base 130 GSM 58 inch Sky Blue,,Sky Blue,130,58,600,Meters,129.97,,2026-05-13,clean_exact_match,easy
POL000658,PO00135,1,Nylon Ripstop 110 GSM 60 inch Olive,,,,,"1,200",Mtr,Rs. 89.86,,2026-08-26,unknown_product,exception
POL000659,PO00135,2,55/45 Linen Cotton - Handloom Finish - Mint - 58 inches - 195 g/m2,,Mint,195,,200,M,Rs. 393.37,,2026-07-27,minor_naming_variation,easy
POL000660,PO00135,3,55/45 Linen Cotton Handloom Finish 195 GSM 58 inch Mint,,Mint,195,58,1000,MTRS,390.51,,2026-07-22,clean_exact_match,easy
POL000661,PO00135,4,100%  c0ft0n - cream - gsm 195 - w-60 - dril1 |,,Cre?m,195,,150,Meters,127.93,,2026-08-11,poor_quality_document,hard
POL000662,PO00135,5,RAN-9597 same as last time,RAN-9597,,,,150,Kilo,INR 318.59,,2026-07-27,customer_specific_product_code,medium
POL000663,PO00135,6,310 gm/Charcoal/100% Cotton Denim/W-58/Lightweight,,Charcoal,310,,2000,mts,INR 197.43,,2026-08-11,partial_catalogue_match,medium
POL000664,PO00136,1,100% Cotton Duck Canvas 465 GSM 58 inch Olive,,Olive,465,58,500,M,Rs. 272.29,,2026-07-10,clean_exact_match,easy
POL000665,PO00137,1,"Olive  60""  GSM 240  Waffle  100% Cotton Knit",ANA-3897,White,240,,100,KGS,439.81,,2026-05-03,incorrect_colour_or_gsm,hard
POL000666,PO00137,2,100% Cotton/Drill/GSM 195/60in,,,195,,"1,000",MTRS,157.02/mtr,,2026-06-07,multiple_possible_sku_matches,hard
POL000667,PO00138,1,95/5 Cotton Lycra Knit Single Jersey 155 GSM 60 inch Peach,,Peach,155,60,150,Kg,325.42,,2026-08-31,clean_exact_match,easy
POL000668,PO00138,2,72'  Royal Blue  305 g/m2  100% Polyester Fleece  Brushed,,Royal Blue,305,,50,Kilo,INR 302.70,,2026-08-26,minor_naming_variation,easy
POL000669,PO00138,3,Single Jersey  160GSM  100% Cotton Knit  60 inches,,,160,,80,Kilo,317.50 per unit,,2026-08-26,multiple_possible_sku_matches,hard
POL000670,PO00138,4,"305 gm, Royal Blue, 72 inches, 100% LY Fkeece, Brushed",,Royal Blue,305,,500,KG,303.81,,2026-09-15,spelling_errors_and_abbreviations,medium
POL000671,PO00138,5,60/40 CTN Poly Fleece/305 g/m2/60 incches/Camel/Brushed,,Cmael,305,,200,KG,313.99,,2026-09-15,spelling_errors_and_abbreviations,medium
POL000672,PO00138,6,t-shirt knit,,,,,100,KGS,324.71/kg,,2026-08-26,ambiguous_product_match,hard
POL000673,PO00138,7,72 inches  155GSM  100% Cotton Knit  Single Jersey  Firozi,,Firozi,155,,80,kgs,307.01,Please supply in Sea Green as discussed,2026-09-30,conflicting_information_in_po,hard
POL000674,PO00139,1,"80/20 Poly Viscose, Suiting, 250GSM, 58 inch, Firozi",,Firozi,250,,"2,000",MTR,INR 131.15,,2026-05-18,wrong_price_outside_tolerance,exception
POL000675,PO00139,2,100% Hemp Canvas 320 GSM 58 inch Natural,,,,,2000,MTR,132.49,,2026-06-22,unknown_product,exception
POL000676,PO00139,3,Ecru - 58 inches - 145 GSM - Blended Twill - 65/35 Poly Cotton,,Ecru,145,,1000,Mtr,103.66,,2026-05-23,minor_naming_variation,easy
POL000677,PO00139,4,"195GSM, 97/3 COTTON SPANDEX, BEIGE, CANVAS BOTTOM",,Beige,195,,1200,M,155.51,,2026-06-02,no_historical_price,medium
POL000678,PO00140,1,50/50 POLY CTN BEDSHEET FABRIC 180GSM 108 NICHES TEAL,,Tael,180,,300,M,Rs. 260.85,,2026-08-05,spelling_errors_and_abbreviations,medium
POL000679,PO00140,2,65/35 PC - duc kcanvas - 465gsm - w-63 - lavendee,,aLvender,465,,1500,MTR,280.74,,2026-08-05,spelling_errors_and_abbreviations,medium
POL000680,PO00140,3,Duck Canvas/63in/65/35 Poly Cotton/465GSM/Lavender,,Lavender,465,,1500,Meters,Rs. 281.51,,2026-07-16,minor_naming_variation,easy
POL000681,PO00140,4,70/30 Poly Cotton Sheer Casement 215 GSM 110 inch Ecru,,Ecru,215,110,2500,MTR,Rs. 214.79,,2026-07-21,clean_exact_match,easy
POL000682,PO00141,1,60in 2x2 Ribb Teal 100% CTN KNIT 230GS,,Teeal,230,,~300,Kg,INR 391.11,,2026-05-25,spelling_errors_and_abbreviations,medium
POL000683,PO00141,2,"98/2 CTN LYCRA DRILL 235 GS 60"" MAeOON",,Maroon,235,,150,M,182.98,,2026-05-10,spelling_errors_and_abbreviations,medium
POL000684,PO00141,3,100% CTN KNIT  2x2 Rib  GSM 230  W-60  yesl,,TTeal,230,,150 approx,KG,391.84,,2026-05-05,spelling_errors_and_abbreviations,medium
POL000685,PO00141,4,97/3 COTTON SPANDEX/DRILL/275 GSM/58 INCH/SKY BLUE,,Sky Blue,275,,300,M,193.21,,2026-04-20,small_acceptable_price_variation,easy
POL000686,PO00141,5,"98/2 cotton lycra, maroon, 235gsm, 60', drill",,Maroon,235,,500 approx,mtr,183.05,Please supply in Charcoal as discussed,2026-04-25,conflicting_information_in_po,hard
POL000687,PO00141,6,"interlock knit, 230GSM, Teal",NIR-6963,,,,400,KGS,392.21,,2026-04-25,customer_specific_product_code,medium
POL000688,PO00142,1,KRI-5033 same as last time,KRI-5033,,,,600,Meters,Rs. 198.89,,2026-05-29,customer_specific_product_code,medium
POL000689,PO00142,2,"DDsrk Grey, GSM 250, Polar, 100% PLY Fleece, 60in",,Charcoal,250,,150,KGS,270.73,,2026-06-03,spelling_errors_and_abbreviations,medium
POL000690,PO00142,3,WW-58  350gsm  98/2 CTN LYC DNM  Lightweighy  N.Blue,,Navyy Blue,350,,150,MTRS,INR 242.54,,2026-06-23,spelling_errors_and_abbreviations,medium
POL000691,PO00143,1,"65/35 Poly Cotton  Duck Canvas  465 GSM  63""  Bottle Green",,Bottle Green,465,,500,MTRS,292.21,,2026-05-31,small_acceptable_price_variation,easy
POL000692,PO00144,1,100% Polyester Chiffon 85 GSM 58 inch Black,,Black,85,58,1000,M,63.88,,2026-05-11,clean_exact_match,easy
POL000693,PO00144,2,100% Polyester Crepe 70 GSM 44 inch Grey Melange,,Grey Melange,70,44,200,Meters,55.07,,2026-06-15,clean_exact_match,easy
POL000694,PO00144,3,100% Linen Handloom Finish 115 GSM 58 inch Grey Melange,,Grey Melange,115,58,1500,mts,259.65,,2026-05-21,clean_exact_match,easy
POL000695,PO00144,4,item KRI-4791,KRI-4791,,,,2500 approx,M,63.77,,2026-05-16,customer_specific_product_code,medium
POL000696,PO00144,5,100% Polyester Crepe 70 GSM 44 inch Grey Melange,,Grey Melange,70,44,300,M,54.92,,2026-05-26,clean_exact_match,easy
POL000697,PO00144,6,100% Linen Handloom Finish 115 GSM 58 inch Grey Melange,,Grey Melange,115,58,1500,MTR,258.67,,2026-05-26,clean_exact_match,easy
POL000698,PO00144,7,"Poly, 70gsm, Mel. Grey, 44 inches, Crepe",,Gray Melange,70,,1200,M,Rs. 55.34,,2026-05-31,minor_naming_variation,easy
POL000699,PO00144,8,95/5 Viscose Lycra Rayon Slub 135 GSM 44 inch Charcoal,,Charcoal,135,44,500,Mtr,112.28/mtr,,2026-05-16,clean_exact_match,easy
POL000700,PO00144,9,"165 GSM, 100% Lyocell, 58in, Twill",,,165,,400,M,276.29 per unit,,2026-05-11,multiple_possible_sku_matches,hard
POL000701,PO00144,10,100% Polyester Chiffon 85 GSM 58 inches,,,85,,2000,MTR,63.54,,2026-05-26,multiple_possible_sku_matches,hard
POL000702,PO00144,11,55/45 Lnien CTN/Handloom Finish/GSM 160/58'/SEA GNR,,Sea Green,160,,150,MTRS,353.29,,2026-05-26,spelling_errors_and_abbreviations,medium
POL000703,PO00144,12,gtte fabric/58 inches,,,,,1200,MTR,63.81,,2026-05-11,ambiguous_product_match,hard
POL000704,PO00145,1,100% Viscose Rayon Crepe 155 GSM 58 inch Mustard,,Mustard,155,58,300,MTR,119.33,,2026-09-18,clean_exact_match,easy
POL000705,PO00145,2,100% Polyester Crepe 85 GSM 58 inch Lavender,,Lavender,85,58,500,mts,65.72,,2026-09-13,clean_exact_match,easy
POL000706,PO00145,3,100% Viscose Rayon Crepe 155 GSM 58 inch Mustard,,Mustard,155,58,2500,Mtr,119.09,,2026-08-29,clean_exact_match,easy
POL000707,PO00145,4,100% Viscose Printed Plain 90 GSM 58 inch Baby Pink,,Baby Pink,90,58,200,Mtr,119.32,,2026-10-03,clean_exact_match,easy
POL000708,PO00145,5,Printed Plain/Baby Pink/100% Viscose/90 GSM/W-58,,Baby Pink,90,,600,Meters,124.84,,2026-09-13,small_acceptable_price_variation,easy
POL000709,PO00145,6,100% Viscose Rayon Crepe 155 GSM 58 inch Mustard,,Mustard,155,58,2500 approx,Mtr,118.35,,2026-08-29,clean_exact_match,easy
POL000710,PO00145,7,100% Modal Twill 130 GSM 58 inch Baby Pink,,Baby Pink,130,58,500,mtr,217.01,,2026-09-03,clean_exact_match,easy
POL000711,PO00145,8,"100% Lyocell, Satin, 150gsm, 58', Maroon",,Maroon,150,,600,mts,INR 258.90,,2026-09-08,small_acceptable_price_variation,easy
POL000712,PO00146,1,"Suiting, 55/45 P/W, GSM 220, B. Geen, -58",KAV-5954,Bottle Green,220,,300,MTRS,231.88,,2026-08-05,spelling_errors_and_abbreviations,medium
POL000713,PO00146,2,80/20 Poly Cotton Blended Twill 130 GSM 63 inch Peach,,Peach,130,63,400,mts,101.75/mtr,,2026-07-26,clean_exact_match,easy
POL000714,PO00146,3,65/35 Poly Cotton  Duck Canvas  465 GSM  63',KAV-2896,,465,,800,M,275.33,,2026-08-10,multiple_possible_sku_matches,hard
POL000715,PO00147,1,as per our code TAN-9035,TAN-9035,,,,1500,Mtr,193.02,,2026-07-02,customer_specific_product_code,medium
POL000716,PO00147,2,100% combed cotton - dobby - 150 g/m2 - 58in - wine,TAN-6754,Wine,150,,1500,M,123.14,,2026-07-07,small_acceptable_price_variation,easy
POL000717,PO00148,1,GEORGETTE MATERIAL regular quality,,,,,300,mts,72.65,,2026-04-12,ambiguous_product_match,hard
POL000718,PO00148,2,Poly  Sateen  220 g/m2  44'  Brown Coffee,,Coffee Brown,220,,1500,Mtr,171.40,,2026-05-17,minor_naming_variation,easy
POL000719,PO00148,3,100% VIS/RAYON CREPE/155 G/M2/WW-58/MUSTURD,,Muustard,155,,500,MTR,118.19,,2026-05-17,spelling_errors_and_abbreviations,medium
POL000720,PO00149,1,95/5 Viscose Lycra Rayon Slub 95 GSM 58 inch Olive,,Olive,95,58,300,mtr,82.88/mtr,,2026-08-20,clean_exact_match,easy
POL000721,PO00149,2,SUR-1129 - regular quality,SUR-1129,,,,"1,500",M,83.3,,2026-08-05,customer_specific_product_code,medium
POL000722,PO00149,3,100% PLY PRT Plain 100SM 44in B.PINK,,Baby Pink,100,,1500,M,112.78,,2026-08-05,spelling_errors_and_abbreviations,medium
POL000723,PO00149,4,95/5 Viscose Lycra Rayon Plain 110 GSM 44 inch Royal Blue,,Royal Blue,110,44,"1,200",MTR,90.2,,2026-08-20,clean_exact_match,easy
POL000724,PO00149,5,95/5 Viscose Lycra Rayon Plain 110 GSM 44' Royal Blue,,Royal Blue,110,,~800,MTRS,92.88,,2026-08-05,small_acceptable_price_variation,easy
POL000725,PO00149,6,100% Polyester Printed Plain 100 GSM 44 inch Baby Pink,,Baby Pink,100,44,2500,mtr,112.65,,2026-08-10,clean_exact_match,easy
POL000726,PO00149,7,95/5 Viscose Lycra Rayon Slub 95 GSM 58 inch Olive,,Olive,95,58,200,MTR,82.73,,2026-08-05,clean_exact_match,easy
POL000727,PO00149,8,100% Modal Twill 130 GSM 58 inch Sea Green,,Sea Green,130,58,600,mtr,209.67,,2026-09-09,clean_exact_match,easy
POL000728,PO00149,9,58 inches Twi11 130GSM Sea Green 100% Modal,,Sea Green,,,2000,MTR,209.5,,2026-09-09,poor_quality_document,hard
POL000729,PO00149,10,viscos fabric usual,,,,,1200,Mtr,Rs. 83.22,,2026-08-25,ambiguous_product_match,hard
POL000730,PO00149,11,100% POLYESTER PRINTED PLAIN GSM 100 LT PINK,,Baby Pink,100,,-,M,Rs. 113.45,TBC,2026-08-10,missing_quantity,exception
POL000731,PO00149,12,100% Modal Twill 130 gm W-58 Sea Green,,Sea Green,130,,2000,mtr,209.15,Please supply in Baby Pink as discussed,2026-08-25,conflicting_information_in_po,hard
POL000732,PO00150,1,100% Polyester/140 g/m2/Silver/Printed Plain,,Silver Grey,140,,17759,MTRS,165.9,,2026-04-27,unusually_large_quantity,exception
POL000733,PO00150,2,100% Lyocell Twill 165 g/m2 58 inch Olive,,Olive,165,,150,Mtr,INR 260.11,,2026-06-01,minor_naming_variation,easy
POL000734,PO00150,3,"100% Polyester  Printed Plain  120 g/m2  58""  Ecru",,Ecru,120,,1200,MTRS,Rs. 143.04,,2026-05-17,partial_catalogue_match,medium
POL000735,PO00150,4,100% Polyester/Printed Plain/140 gm/58in/Silver Grey,,Silver Grey,140,,500,mts,161.3,,2026-05-17,small_acceptable_price_variation,easy
POL000736,PO00150,5,"Whife, 290gsm, Twil1 5uifing, 55/45 P0ly Wool, 60"" ~~",,White,290,,300,Mtr,277.07/mtr,,2026-05-07,poor_quality_document,hard
POL000737,PO00150,6,65/35 Poly Cotton Poplin 140 GSM 58 inch White,,White,140,58,200,mts,96.33,,2026-05-12,clean_exact_match,easy
POL000738,PO00150,7,100% Polyester Curtain Jacquard 195 GSM 54 inch Rust,,Rust,195,54,500,Mtr,169.65,,2026-05-02,clean_exact_match,easy
POL000739,PO00150,8,Printed Plain - Poly - Lt Grey - 58in - GSM 140,,Lt Grey,140,,1200,MTR,Rs. 166.29,,2026-05-12,minor_naming_variation,easy
POL000740,PO00150,9,POLAR 60/40 CTN POLY FEECE 375 G/M2 72 INCHES DARK GEY,,Charcoal,375,,300 approx,KGS,INR 385.48,,2026-05-12,spelling_errors_and_abbreviations,medium
POL000741,PO00150,10,"100%  Polyester Curfain Jacquard 195 g/m2 54"" Rusf |",,,195,,800,Meters,170.80,,2026-05-07,poor_quality_document,hard
POL000742,PO00150,11,Wine Poly GSM 120 W-58 Printed Plain,,Wine,120,,600,M,143.49,,2026-05-17,minor_naming_variation,easy
POL000743,PO00150,12,100% Polyester Curtain Jacquard 195 GSM 54 inch Rust,,Rust,195,54,500,Meters,Rs. 169.53,,2026-05-07,clean_exact_match,easy
POL000744,PO00151,1,Face Towel 100% Cotton Terry GSM 450 Charcoal,,Greige RFD,450,,100,pieces,221.50,,2026-07-14,incorrect_colour_or_gsm,hard
POL000745,PO00151,2,Hand Towel 100% Cotton Terry Silver Grey 470GSM,,Silver Grey,470,,100,Pcs,235.51,,2026-07-24,small_acceptable_price_variation,easy
POL000746,PO00151,3,Duck Canvas 100% Cotton Off White GSM 465,,Off White,465,,600,MTRS,270.84,,2026-07-04,expired_historical_price,medium
POL000747,PO00151,4,100% Cotton Terry Hand Towel 470 GSM 27x54 inch Silver Grey,,Silver Grey,470,,750,pieces,241.10,,2026-07-24,clean_exact_match,easy
POL000748,PO00151,5,100% Cotton Terry  Face Towel  415 GSM  Olive,,Olive,415,,200,pc,147.03,Rate confirmed on call,2026-07-14,wrong_price_outside_tolerance,exception
POL000749,PO00152,1,"325 g/m2, 60/40 Cotton Poly Fleece, Light Blue, 60"", Loop Terry",,Sky Blue,325,,300,KG,324.24,,2026-08-23,new_customer_no_history,medium
POL000750,PO00152,2,"98/2 COTTON LYCRA DENIM, RIGID, 300GSM, 63"", FEROZI",,Firozi,300,,2000,mts,Rs. 219.55,,2026-08-28,new_customer_no_history,medium
POL000751,PO00152,3,60/40 Cotton Poly  Ecru  130gsm  Dobby  44 inches,,Ecru,130,,2000,Mtr,94.53,,2026-08-28,new_customer_no_history,medium
POL000752,PO00153,1,CREPE/100% POLYESTER/58 INCHES/85GSM,,,85,,400,Meters,69.13,,2026-04-12,multiple_possible_sku_matches,hard
POL000753,PO00153,2,100% Polyester  Crepe  85 GSM  58'  Offwhite,,Off White,85,,300,M,69.71,,2026-04-27,minor_naming_variation,easy
POL000754,PO00154,1,100% Coft0n Knit Me1ange Jersey 160gsm 60' Sea 6reen,,Sea  6reen,?60,,80,kgs,326.2,,2026-06-28,poor_quality_document,hard
POL000755,PO00154,2,100% Polyester Fleece - Polar - 250GSM - 60in - Greige RFD,,Greige RFD,250,,300,Kilo,267.93,,2026-07-13,partial_catalogue_match,medium
POL000756,PO00155,1,58in  105 gm  Satin  Charcoal  100% Lyocell,NAK-2453,Charcoal Grey,105,,1200,MTRS,169.05/mtr,,2026-06-23,minor_naming_variation,easy
POL000757,PO00155,2,100% Lyocell Satin 105 GSM 58 inch Charcoal,NAK-8820,Charcoal,105,58,300,Mtr,167.94,,2026-07-13,clean_exact_match,easy
POL000758,PO00155,3,100% Lyocell Satin 105 GSM 58 inch Charcoal,NAK-6582,Charcoal,105,58,"1,500",MTR,Rs. 167.87,,2026-06-13,clean_exact_match,easy
POL000759,PO00155,4,CHARCL Grey - vhino - 210 gn - 58 inch - 98/2 CTN Lycra,,Charcoal,210,,~600,M,Rs. 161.43,,2026-06-13,spelling_errors_and_abbreviations,medium
POL000760,PO00156,1,"100% cotton, flannel, gsm 245, wine",,Wine,245,,1200,Meters,200.84,,2026-08-26,expired_historical_price,medium
POL000761,PO00156,2,100% Cotton Brushed Twill 235 GSM 58 inch Coffee Brown,,Coffee Brown,235,58,300,mtr,Rs. 191.74,,2026-08-16,clean_exact_match,easy
POL000762,PO00156,3,100% CTN - Brushed Twill - 235GSM - W-58 - Browb Coffe,,Coffee Brown,235,,400,mtr,INR 191.78,,2026-08-11,spelling_errors_and_abbreviations,medium
POL000763,PO00156,4,100% Cotton Flannel 185 GSM 58 inch Grey Melange,,Grey Melange,185,58,2500,MTRS,163.73,,2026-08-11,clean_exact_match,easy
POL000764,PO00156,5,98/2 Cotton Lycra Chino 210 GSM 58 inch White,,White,210,58,1200,MTRS,173.81,,2026-08-11,clean_exact_match,easy
POL000765,PO00156,6,"100% Cotton, Flannel, GSM 165, Royal Blue",,Royal Blue,165,,2000,mtr,INR 132.33,,2026-08-11,no_historical_price,medium
POL000766,PO00157,1,curtain cloth regular quality,,,,,150,mts,230.54,,2026-09-05,ambiguous_product_match,hard
POL000767,PO00157,2,Hand Towwl/GSM 470/100% CTN Terty/Peach,,Peac,470,,750,pieces,229.41 per unit,,2026-09-10,spelling_errors_and_abbreviations,medium
POL000768,PO00158,1,100% Cotton/58in/Flannel/Beige/245gsm,,Beige,245,,150 approx,M,194.67,,2026-07-24,minor_naming_variation,easy
POL000769,PO00159,1,100% Linen Handloom Finish 115 GSM 58 inch Grey Melange,,Grey Melange,115,58,200,Meters,267.6,,2026-08-24,clean_exact_match,easy
POL000770,PO00159,2,100% LIN  handloom finsh  115gssm  w-58  mint,,Miint,115,,1200,Meters,252.81,,2026-08-24,spelling_errors_and_abbreviations,medium
POL000771,PO00159,3,58 inch/Satin/155 GSM/Rust/95/5 Poly Spandex,,Rust,155,,150,MTR,INR 146.17,,2026-08-29,minor_naming_variation,easy
POL000772,PO00159,4,"Handloom Finish, Mint, 115 GSM, 58 inch, 100% Linen",,Mint,115,,300 approx,Mtr,INR 251.29,,2026-09-08,minor_naming_variation,easy
POL000773,PO00160,1,"70/30 Modal Cotton  58""  105GSM  Navy Blue  Satin",,Navy Blue,105,,400,Meters,127.91,Rate confirmed on call,2026-06-08,wrong_price_outside_tolerance,exception
POL000774,PO00160,2,satin - 70/30 modal cotton - gsm 105 - navy blue - 58 inch,,Grey Melange,105,,400,MTRS,INR 176.87,,2026-05-24,incorrect_colour_or_gsm,hard
POL000775,PO00160,3,100% Polyester Velvet  21 Wale  225GSM  Gray Melange,,Grey Melange,225,,150,MTR,164.86,,2026-05-24,no_historical_price,medium
POL000776,PO00160,4,100% Polyester/Digital Print Base/130 g/m2/W-58/White,,Camel,130,,1500 approx,MTR,145.6,,2026-05-24,incorrect_colour_or_gsm,hard
POL000777,PO00161,1,65/35 PC  dck canvaa  310 gm  63 inch  light pink,,Baby Pink,310,,600 approx,M,190.33,,2026-05-04,spelling_errors_and_abbreviations,medium
POL000778,PO00161,2,275GSM  ROYAL BUE  TWILL SUITING  58NI  55/45 P/W,,Royal Blue,275,,2500,MTRS,264.86 per unit,,2026-05-04,spelling_errors_and_abbreviations,medium
POL000779,PO00161,3,98/2 Cotton Lycra Denim - Rigid - 300 gm - 63 inch - Ferozi,,Firozi,300,,400,Meters,Rs. 235.80,,2026-05-04,minor_naming_variation,easy
POL000780,PO00161,4,100% Combed Cotton Chambray 130 GSM 58 inch Sea Green,,Sea Green,130,58,"1,500",mtr,121.94,,2026-05-24,clean_exact_match,easy
POL000781,PO00162,1,95/5 VIS Lycra/Rayon Sllub/135gsm/W-44/Coffee,,Coffe Brown,135,,300,Meters,104.84,,2026-07-29,spelling_errors_and_abbreviations,medium
POL000782,PO00162,2,100% Polyester/Satin/110gsm/W-58,,,110,,600,mtr,100.78,,2026-09-02,multiple_possible_sku_matches,hard
POL000783,PO00162,3,"ferozi, 110gsm, satin, poly, 58in",,Firozee,110,,1500,Meters,100.71,,2026-08-13,minor_naming_variation,easy
POL000784,PO00162,4,Poly/Printed Plain/140 g/m2/58'/Ecru,,Ecru,140,,200,mts,157.25,,2026-08-18,minor_naming_variation,easy
POL000785,PO00162,5,"100% Polyester Printed Plain 140 gm 58"" Ecru",,Ecru,140,,2500,M,156.65,,2026-08-18,minor_naming_variation,easy
POL000786,PO00163,1,100% Combed Cotton Oxford 160 GSM 44 inch Wine,,Wine,160,44,1200,mts,127.94,,2026-05-30,clean_exact_match,easy
POL000787,PO00163,2,100% Cotton Knit Single Jersey 155 GSM 72 inch Firozi,,Firozi,155,72,400,Kg,314.17/kg,,2026-07-04,clean_exact_match,easy
POL000788,PO00163,3,60/40 Cotton Poly Cambric GSM 105 Beige,,Beige,105,,2000,MTR,82.34,,2026-07-04,no_historical_price,medium
POL000789,PO00163,4,"70/30 Modal vTN Satin 180 gm 58"" Halddi",,Mustard,180,,800,mtr,278.65,,2026-05-30,spelling_errors_and_abbreviations,medium
POL000790,PO00163,5,"Lightweight  Wine  58""  GSM 350  98/2 Cotton Lycra Denim",,Wine,350,,2500,MTR,226.77/mtr,,2026-06-04,small_acceptable_price_variation,easy
POL000791,PO00164,1,BEIGE CANVAS BOTTOM 97/3 COTTON SPANDEX 60 INCH 195GSM,,Beige,195,,~150,mts,INR 152.91,,2026-07-28,small_acceptable_price_variation,easy
POL000792,PO00164,2,97/3 Cotton Spandex/Canvas Bottom/GSM 195/Beige,,Beige,195,,1500,YDS,Rs. 159.73,,2026-07-08,wrong_unit_of_measure,exception
POL000793,PO00164,3,60/40 Cotton Poly Fleece  Brushed  305 g/m2  60 inches  Coffee Brown,,Coffee Brown,305,,200,Kg,INR 346.49,,2026-06-28,minor_naming_variation,easy
POL000794,PO00164,4,98/2 Cotton Lycra 235 g/m2 60 inches Drill,,,235,,800,Meters,INR 189.12,,2026-06-28,multiple_possible_sku_matches,hard
POL000795,PO00164,5,Brushed W-60 305 g/m2 Coffee Brown 60/40 Cotton Poly Fleece,,Coffee Brown,305,,400,kgs,Rs. 354.93,,2026-07-08,small_acceptable_price_variation,easy
POL000796,PO00164,6,60/40 Cotton Poly Fleece Brushed 305 GSM 60 inch Coffee Brown,,Coffee Brown,305,60,80,kgs,INR 346.93,,2026-07-28,clean_exact_match,easy
POL000797,PO00164,7,Brushed - 305gsm - W-60 - 60/40 Cotton Poly Fleece - Coffee Brown,,Coffee Brown,305,,~150,kgs,344.71,Please supply in Sky Blue as discussed,2026-07-13,conflicting_information_in_po,hard
POL000798,PO00164,8,160gsm - wine - 100% combed cotton - oxford,,Wine,160,,500 approx,MTRS,INR 122.70,,2026-07-03,no_historical_price,medium
POL000799,PO00165,1,100% LIIN - Handloom Finish - 220GSM - 58 inches - neige,,Beuge,220,,150,M,434.82,,2026-08-22,spelling_errors_and_abbreviations,medium
POL000800,PO00166,1,100% Cotton Knit 1x1 Rib 220 GSM 72 inch Lavender,,Lavender,220,72,400,KGS,371.52,,2026-08-17,clean_exact_match,easy
POL000801,PO00167,1,Plain/70/30 Modal Cotton/160 gm/Grey Fabric (RFD)/W-58,OOR-1241,Grey Fabric (RFD),160,,2500,mts,223.69,,2026-04-18,minor_naming_variation,easy
POL000802,PO00167,2,63 INCH/RIGID/98/2 COTTON LYCRA DENIM/300GSM,OOR-2465,,300,,1200,mtr,237.27,,2026-04-28,multiple_possible_sku_matches,hard
POL000803,PO00167,3,58 inch - Handloom Finish - 55/45 Linen Cotton - Sea Green - GSM 195,,Sea Green,195,,2000,mts,INR 413.32,,2026-04-13,partial_catalogue_match,medium
POL000804,PO00168,1,98/2 Cotton Lycra Denim Lightweight 350 GSM 58 inch Coffee Brown,,Coffee Brown,350,58,600,mtr,248.2,,2026-05-20,clean_exact_match,easy
POL000805,PO00168,2,"Slub/58""/100% Linen/125 gm/Turquoise",,Turquoise,125,,500,mtr,277.09,,2026-04-20,minor_naming_variation,easy
POL000806,PO00168,3,98/2 Cotton Lycra 60 inches Dark Green 235 g/m2 Drill,BHA-7394,Bottle Green,235,,300 approx,mts,219.90,,2026-04-25,minor_naming_variation,easy
POL000807,PO00168,4,98/2 Cotton Lycra Drill 235 GSM 60 inch Bottle Green,,Bottle Green,235,60,2000,mtr,220.9,,2026-04-15,clean_exact_match,easy
POL000808,PO00169,1,"100% CTN Cavas Bottom 225 gm 58"" NAVY",,Navy Blue,225,,600,mtr,159.81,,2026-07-20,spelling_errors_and_abbreviations,medium
POL000809,PO00169,2,100% Cotton Knit Melange Jersey 200 GSM 72 inch Baby Pink,,Baby Pink,200,72,400,KGS,368.70,,2026-07-25,clean_exact_match,easy
POL000810,PO00169,3,"60/40 P CCKNIT, OW, 155GSM, Melange Jersey, 60 inches",,Off Whiye,155,,100,KGS,Rs. 312.90,,2026-07-25,spelling_errors_and_abbreviations,medium
POL000811,PO00169,4,"60 inch, Melange Jerseu, 60/40 PC KNIT, 155 g/m2, Offwhite",,Off White,155,,80,Kg,311.50,,2026-07-10,spelling_errors_and_abbreviations,medium
POL000812,PO00169,5,Rigid  100% Cotton Denim  370 GSM  Lavender,,Lavender,370,,300,MTRS,212.11,,2026-07-15,no_historical_price,medium
POL000813,PO00169,6,95/5 COTTON LYCRA KNIT - MELANGE JERSEY - 220 GM - CAMEL,,Camel,220,,400,KG,Rs. 418.35,,2026-07-10,no_historical_price,medium
POL000814,PO00170,1,80/20 Poly Cotton Poplin 145 GSM 58 inch Beige,,Beige,145,58,1200 approx,mts,103.42,,2026-08-10,clean_exact_match,easy
POL000815,PO00170,2,80/20 Poly Cotton Poplin 145 GSM 58 inch Beige,,Beige,145,58,150 approx,mtr,103.38,,2026-08-10,clean_exact_match,easy
POL000816,PO00171,1,100% Cotton Twill 295 GSM 58 inch Wine,,Wine,295,58,400,Mtr,INR 223.42,,2026-06-21,clean_exact_match,easy
POL000817,PO00172,1,380 g/m2 sofa fabric Sea Green,VRI-6344,,,,1500,Meters,278.12,,2026-07-29,customer_specific_product_code,medium
POL000818,PO00172,2,HANDLOMO FINISH/100% LIN/W-58/PEACH/GSM 220,,Peavh,220,,150 approx,MTR,443.06,,2026-06-29,spelling_errors_and_abbreviations,medium
POL000819,PO00172,3,"LINEN HANDLOOM FINISH 220 G/M2 58"" PEACH",,Peach,220,,1200,mts,Rs. 441.37,,2026-06-29,minor_naming_variation,easy
POL000820,PO00172,4,linen material 215GSM Off-White,VRI-5151,,,,1500,MTR,Rs. 443.18,,2026-07-09,customer_specific_product_code,medium
POL000821,PO00173,1,"108"", 50/50 Popy CTN, 180gsm, BBedsheet Fabric, RFD",,Greige RFD,180,,"2,000",Mtr,204.06/mtr,,2026-07-18,spelling_errors_and_abbreviations,medium
POL000822,PO00173,2,"PRINTED  PLAlN/100% POLYESTER/12065M/WlNE/58"" |",,,120,,~2500,MTR,128.77/mtr,,2026-08-02,poor_quality_document,hard
POL000823,PO00173,3,100% PLY Blackout Base 160GSM W-54 Dak Maroob,,Maroo,160,,800 approx,mts,138.9,,2026-08-07,spelling_errors_and_abbreviations,medium
POL000824,PO00174,1,"235GSM, 98/2 COTTON LYCRA, BOTTLE GREEN, DRILL",,Bottle Green,235,,600,mtr,199.04/mtr,,2026-06-25,expired_historical_price,medium
POL000825,PO00174,2,"44', 60/40 Cotton Poly, Dobby, 130 GSM, Navy Blue",,Navy Blue,130,,2500 approx,M,105.52,"Ref our mail - actually need Charcoal, not as written above",2026-06-20,conflicting_information_in_po,hard
POL000826,PO00174,3,100% Cotton Knit Single Jersey 160 GSM 60 inch Bottle Green,,Bottle Green,160,60,150,KG,321.92/kg,,2026-06-25,clean_exact_match,easy
POL000827,PO00174,4,White  100% Cofton Knif  72 inches  6SM 200  Me1ange Jersey ....,,White,200 ~~,,300,Kg,Rs. 390.79,,2026-06-30,poor_quality_document,hard
POL000828,PO00174,5,100% cotton twill 295gsm wine,,Wine,295,,2500,Meters,INR 202.20,,2026-06-20,no_historical_price,medium
POL000829,PO00174,6,100% Cotton Knit/Single Jersey/160 gm/60 inch/Bottle Green,,Bottle Green,160,,250,Kg,329.22,,2026-07-15,small_acceptable_price_variation,easy
POL000830,PO00174,7,100% Cotton Knit Single Jersey 155 GSM 72 inch Lavender,,Lavender,155,72,400 approx,kgs,344.16,,2026-06-30,clean_exact_match,easy
POL000831,PO00175,1,70/30 Modal Cotton Satin 105 GSM 58 inch Navy Blue,,Navy Blue,105,58,300,M,177.43 per unit,,2026-05-06,clean_exact_match,easy
POL000832,PO00176,1,250 GSM/Polar/Charcoal/60in/100% Polyester Fleece,,Charcoal,250,,300,kgs,254.07,"Ref our mail - actually need Silver Grey, not as written above",2026-07-16,conflicting_information_in_po,hard
POL000833,PO00176,2,100% Cotton Knit 1x1 Rib GSM 220 72 inch Lavender,,Lavender,220,,200,Kilo,Rs. 369.70,,2026-07-21,small_acceptable_price_variation,easy
POL000834,PO00176,3,GSM 150 58 inches 100% Combed Cotton Dobby Mustard,,Mustard,150,,2500,Meters,133.21,,2026-07-11,small_acceptable_price_variation,easy
POL000835,PO00176,4,"100% CMBD CT,N Dobby, GSSM 150, 58in, Mustard",,uMstard,150,,1000,mts,129.85,,2026-07-06,spelling_errors_and_abbreviations,medium
POL000836,PO00176,5,95/5 Cotton Lycra Knit Waffle 195 gm W-60 Coffee Brown,,Coffee Brown,195,,200,Kg,357.22,Note: rate agreed for 155 GSM quality,2026-07-06,conflicting_information_in_po,hard
POL000837,PO00177,1,60/40 CT NPOLY  CAMBRIC  105 GM  44 INNCH  BEIGE,,Beige,105,,1000,MTR,Rs. 88.35,,2026-07-22,spelling_errors_and_abbreviations,medium
POL000838,PO00177,2,Merino Wool Jersey 180 GSM Navy,,,,,50,KG,INR 166.09,,2026-07-22,unknown_product,exception
POL000839,PO00177,3,60/40 Cotton Poly Fleece - Loop Terry - 325 gm - 60' - Olive,,Olive,325,,100,Kilo,368.5,,2026-08-16,minor_naming_variation,easy
POL000840,PO00177,4,98/2 Cotton Lycra Drill 235 GSM 60 inch Coffee Brown,,Coffee Brown,235,60,400,mts,196.9,,2026-08-16,clean_exact_match,easy
POL000841,PO00178,1,"100% Cotton Knit, Melange Jersey, 200 GSM, Baby Pink",NAK-7503,Baby Pink,200,,-,KGS,361.01,TBC,2026-05-11,missing_quantity,exception
POL000842,PO00178,2,325gsm  Loop Terry  60/40 CTN Poly Feece  Light vlue  60in,NAK-8674,Sky Bluee,325,,~400,KG,344.35,,2026-05-26,spelling_errors_and_abbreviations,medium
POL000843,PO00178,3,"Single Jersey, 100% Cotton Knit, 60', B. Green, 160 g/m2",,Dark Green,160,,150,KGS,326.99,,2026-06-10,minor_naming_variation,easy
POL000844,PO00178,4,"325 gm/60/40 Cotton Poly Fleece/White/Loop Terry/60""",,White,325,,500,KGS,341.98,,2026-05-21,partial_catalogue_match,medium
POL000845,PO00178,5,100% Combed Cotton Chambray 130 GSM 58 inch Baby Pink,,Baby Pink,130,58,"1,000",MTR,121.52,,2026-05-11,clean_exact_match,easy
POL000846,PO00178,6,jeans fabric 310 g/m2 Dark Maroon,NAK-9684,,,,1200 approx,Meters,Rs. 208.23,,2026-05-11,customer_specific_product_code,medium
POL000847,PO00178,7,LOOP TERRY/SKY BLUE/60'/60/40 COTTON POLY FLEECE/325 GM,,S. Blue,325,,80,Kilo,344.22 per unit,,2026-06-10,minor_naming_variation,easy
POL000848,PO00178,8,Single Jersey - W-60 - Dark Green - 160GSM - 100% Cotton Knit,,Bottle Green,160,,300,KG,190.6,Rate as per last PO,2026-05-21,wrong_price_outside_tolerance,exception
POL000849,PO00179,1,60/40 Cotton Poly Fleece Brushed 305gsm 60in Coffee Brown,,Brown Coffee,305,,100,KGS,345.85 per unit,,2026-06-10,minor_naming_variation,easy
POL000850,PO00179,2,Cupro Satin 90 GSM 44 inch Ivory,,,,,50,Kg,179.92,,2026-06-20,unknown_product,exception
POL000851,PO00179,3,as per our code RAN-9851,RAN-9851,,,,1500,MTRS,176.59,,2026-06-05,customer_specific_product_code,medium
POL000852,PO00179,4,97/3 Cotton Spandex - Canvas Bottom - 195 GSM - 60in,,,195,,200,MTR,176.6,,2026-07-10,multiple_possible_sku_matches,hard
POL000853,PO00179,5,60/40 Cotton Poly Fleece Loop Terry 325gsm 60 inches,,,325,,300,KG,343.35,,2026-06-15,multiple_possible_sku_matches,hard
POL000854,PO00179,6,97/3 Cotton Spandex  Canvas Bottom  195gsm  60'  Sea Green,,Sea Green,195,,150,mtr,INR 176.54,,2026-06-15,minor_naming_variation,easy
POL000855,PO00180,1,W-58 98/2 Cotton Lycra Denim Lightweight GSM 350,,,350,,~1200,mtr,Rs. 259.92,,2026-06-14,multiple_possible_sku_matches,hard
POL000856,PO00180,2,95/5 Cotton Lycra Knit Waffle 195 GSM 60 inch Cream,,Cream,195,60,200,KGS,371.44,,2026-06-14,clean_exact_match,easy
POL000857,PO00180,3,Poly Cotton Denim Rigid 310 GSM 63 inch Silver Grey,,Silver Grey,310,63,400,Mtr,213.36,,2026-06-09,clean_exact_match,easy
POL000858,PO00180,4,60/40 Cotton Poly Fleece Loop Terry 375 GSM 60 inch Mustard,,Mustard,375,60,80,Kg,389.69,,2026-05-25,clean_exact_match,easy
POL000859,PO00180,5,silver grey lightweight 255 gsm poly cotton denim 58',,Mustard,255,,"2,500",MTRS,176.59,,2026-06-14,incorrect_colour_or_gsm,hard
POL000860,PO00180,6,"R.BLUw  BBRUSHED  100% PLY FLEECE  305 GSM  72""",,Royl Blue,305,,300,KG,INR 332.27,,2026-05-25,spelling_errors_and_abbreviations,medium
POL000861,PO00180,7,Poly Cotton Denim Lightweight 255 GSM 58 inch Silver Grey,,Silver Grey,255,58,2000,mts,175.35/mtr,,2026-06-29,clean_exact_match,easy
POL000862,PO00180,8,Poly Cotton Denim Lightweight 255 GSM 58 inch Silver Grey,,Silver Grey,255,58,2500,Mtr,INR 175.29,,2026-06-14,clean_exact_match,easy
POL000863,PO00181,1,375 gm  60/40 cotton poly fleece  wine  loop terry,,Wine,375,,50,Kg,384.02,,2026-04-12,expired_historical_price,medium
POL000864,PO00181,2,60/40 Cotton Poly Cambric 105 GSM 44 inch Greige RFD,,Greige RFD,105,44,400,MTR,Rs. 80.65,,2026-04-27,clean_exact_match,easy
POL000865,PO00181,3,100% Cotton Knit 1x1 Rib 220 GSM 72 inch Olive,,Olive,220,72,100,Kg,365.99/kg,,2026-04-27,clean_exact_match,easy
POL000866,PO00182,1,100% Modal Twill 130 GSM 58 inch Sea Green,,Sea Green,130,58,500,Meters,208.28,,2026-08-24,clean_exact_match,easy
POL000867,PO00182,2,Crepe Cream 105 GSM 100% Polyester,,Cream,105,,400,MTR,72.73,,2026-09-28,expired_historical_price,medium
POL000868,PO00182,3,100% Modal  Twill  130GSM  58 inch  Sea Green,,Sea Green,130,,300,Meters,138.44,Rate confirmed on call,2026-09-13,wrong_price_outside_tolerance,exception
POL000869,PO00183,1,"Dark Green  100% Cotton Knit  160 GSM  Single Jersey  60""",,B. Green,160,,250 approx,Kilo,329.49,,2026-07-05,minor_naming_variation,easy
POL000870,PO00183,2,"55/45 Poly Wool  Suiting  220gsm  58""",,,220,,~800,Mtr,208.99,,2026-07-10,multiple_possible_sku_matches,hard
POL000871,PO00183,3,Silk Organza 45 GSM 44 inch Gold,,,,,1500,MTR,252.01,,2026-07-05,unknown_product,exception
POL000872,PO00183,4,"58"" Off White 100% Polyester Printed Plain 140 g/m2",,Off White,140,,600,Mtr,155.42,,2026-06-25,partial_catalogue_match,medium
POL000873,PO00183,5,100% Cotton Brushed Twill 155 GSM 58 inch Ecru,,Ecru,155,58,500,MTR,124.23/mtr,,2026-07-10,clean_exact_match,easy
POL000874,PO00184,1,LIGHTWEIGHT/WINE/350 GSM/98/2 COTTON LYCRA DENIM/58IN,,Wine,350,,500,Mtr,260.9,Width to be 63 inch as per last supply,2026-08-09,conflicting_information_in_po,hard
POL000875,PO00184,2,"98/2 COTTON LYCRA DENIM LIGHTWEIGHT GSM 350 58"" GREY MELANGE",,Grey Melange,350,,~2500,Meters,Rs. 259.69,,2026-08-24,partial_catalogue_match,medium
POL000876,PO00184,3,98/2 Cotton Lycra Denim  Lightweight  370gsm  58in  Wine,,Wine,370,,2000 approx,mtr,260.90 per unit,,2026-08-29,incorrect_colour_or_gsm,hard
POL000877,PO00185,1,100% Lyocell Satin 150 GSM 58 inch Baby Pink,,Baby Pink,150,58,2500,Mtr,INR 222.28,,2026-08-03,clean_exact_match,easy
POL000878,PO00185,2,160GSM 100% Combed Cotton Wine Oxford,,Wine,160,,150,mtr,129.10,,2026-07-19,expired_historical_price,medium
POL000879,PO00185,3,as per our code SUR-6671,SUR-6671,,,,300 approx,MTRS,Rs. 283.56,,2026-07-09,customer_specific_product_code,medium
POL000880,PO00185,4,100% Cotton Drill 195GSM W-60 Bottle Green,,Bottle Green,195,,300,M,Rs. 158.04,,2026-07-19,partial_catalogue_match,medium
POL000881,PO00185,5,as per our code SUR-3236,SUR-3236,,,,300,MTR,INR 220.77,,2026-07-14,customer_specific_product_code,medium
POL000882,PO00185,6,cotton/canvas bottom/225 gsm/58in/b. green,,Bottle Green,225,,600,MTR,165.6,,2026-06-29,minor_naming_variation,easy
POL000883,PO00186,1,100% LYO - Sain - 150 gm - 58in - Lsvender,,Lavedner,150,,150,M,199.6,,2026-08-28,spelling_errors_and_abbreviations,medium
POL000884,PO00186,2,165 G/M2 - TWILL - 100% LYOCELL - OLIVE - W-58,NAK-9659,Olive,165,,500,Mtr,Rs. 222.00,,2026-08-13,minor_naming_variation,easy
POL000885,PO00186,3,Chino - 58 inches - Dark Grey - 210 GSM - 98/2 Cotton Lycra,,Charcoal Grey,210,,200,MTR,Rs. 161.99,,2026-09-17,minor_naming_variation,easy
POL000886,PO00186,4,"100% LYOCELL, SATIN, 150 G/M2, 58 INCH, LAVENDER",NAK-7188,Lavender,150,,300,Mtr,207.57,,2026-09-17,small_acceptable_price_variation,easy
POL000887,PO00186,5,58' Silver Grey Chino 98/2 Cotton Lycra 210 GSM,,Silver Grey,210,,400 approx,mtr,160.75,,2026-08-23,partial_catalogue_match,medium
POL000888,PO00186,6,Satin Baby Pink 58 inch 100% Lyocell 150 gm,,Baby Pink,150,,800,mtr,Rs. 200.71,Note: rate agreed for 170 GSM quality,2026-08-23,conflicting_information_in_po,hard
POL000889,PO00186,7,SJ knit medium quality,,,,,500,KGS,INR 292.98,,2026-09-17,ambiguous_product_match,hard
POL000890,PO00186,8,voile/rfd/gsm 130/60/40 CT Npoly/44 inches,,Greige RFD,130,,500,mts,82.15,,2026-09-02,spelling_errors_and_abbreviations,medium
POL000891,PO00186,9,55/45 Linen Cotton Plain 215 GSM 58 inch Navy Blue,,Navy Blue,215,58,2500,Meters,377.49,,2026-08-23,clean_exact_match,easy
POL000892,PO00186,10,100% Cotton Drill 195 GSM 60 inch Teal,NAK-6035,Teal,195,60,400,Meters,130.79,,2026-08-23,clean_exact_match,easy
POL000893,PO00187,1,95/5 Cotton Lycra Knit 1x1 Rib 255 GSM 72 inch Mustard,,Mustard,255,72,500,KG,INR 494.13,,2026-05-13,clean_exact_match,easy
POL000894,PO00187,2,1x1 Rib - 255 gm - 95/5 Cotton Lycra Knit - Lt Grey,,Silver Grey,255,,500,KG,Rs. 435.18,,2026-05-23,no_historical_price,medium
POL000895,PO00187,3,98/2 Cotton Lycra Denim Rigid 300 gm 63 inch Mustard,,Mustard,300,,2500,MTRS,213.69,,2026-05-08,partial_catalogue_match,medium
POL000896,PO00187,4,"100% CTN KNIT/2x2 Rib/230GM/60""/Blsck",,Black,230,,500,Kg,398.35,,2026-05-23,spelling_errors_and_abbreviations,medium
POL000897,PO00187,5,100% Cotton Knit - Waffle - 240 gm - W-60 - Peach,,Peach,240,,150,KG,INR 412.92,,2026-05-23,minor_naming_variation,easy
POL000898,PO00187,6,60/40 Cotton Poly Fleece Polar 375 GSM 72 inch Charcoal,,Charcoal,375,72,200,Kilo,421.24,,2026-05-13,clean_exact_match,easy
POL000899,PO00188,1,97/3 Cotton Spandex Canvas Bottom 195 GSM 60 inch Bottle Green,,Bottle Green,195,60,200,mts,174.83,,2026-06-16,clean_exact_match,easy
POL000900,PO00188,2,97/3 Cotton Spandex Canvas Bottom 195 GSM 60 inch Bottle Green,,Bottle Green,195,60,200,M,176.00,,2026-06-16,clean_exact_match,easy
POL000901,PO00188,3,"100% Cotton, Drill, Cream, 195 gm",,Cream,195,,"1,000",mts,151.51,,2026-07-21,expired_historical_price,medium
POL000902,PO00188,4,modal fabric,,,,,400,mts,302.55,,2026-07-06,ambiguous_product_match,hard
POL000903,PO00188,5,trouser cloth,,,,,200,MTRS,174.53/mtr,,2026-07-21,ambiguous_product_match,hard
POL000904,PO00188,6,w-58 180gsm haldi satin 70/30 modal cotton,,Musturd,180,,1200,mtr,INR 303.23,,2026-07-06,minor_naming_variation,easy
POL000905,PO00189,1,BOTTOM FABRIC 295GSM B. GREEN,NIM-4638,,,,2500,MTRS,INR 227.58,,2026-06-24,customer_specific_product_code,medium
POL000906,PO00189,2,97/3 COTTON SPANDEX CHINO GSM 320 58 INCHES CAMEL,,Camel,320,,200,mtr,Rs. 258.69,,2026-07-09,minor_naming_variation,easy
POL000907,PO00189,3,58'/Canvas Bottom/225 GSM/Mustard/100% Cotton,,Mustard,225,,200,M,177.66,,2026-06-29,partial_catalogue_match,medium
POL000908,PO00189,4,100% Polyester Fleece Brushed 305 GSM 72 inch Royal Blue,,Royal Blue,305,72,500,Kg,331.49/kg,,2026-07-09,clean_exact_match,easy
POL000909,PO00189,5,100% cotton/twill/295 g/m2/dark green,,Bottle Green,295,,"1,000",MTRS,226.98,,2026-07-29,expired_historical_price,medium
POL000910,PO00190,1,215 GSM/Plain/Blacx/58in/55/45 Linen CTN,,nlack,215,,200,M,Rs. 447.89,,2026-09-29,spelling_errors_and_abbreviations,medium
POL000911,PO00190,2,"100% PL,Y PRT Plsin, 140 gm, 58 inch, Marun",,Maroon,140,,1500,mtr,161.6,,2026-08-25,spelling_errors_and_abbreviations,medium
POL000912,PO00190,3,95/5 Poly Spandex  Teal  Sateen  58 inch  190 GSM,,Teal,190,,150,mtr,163.69,,2026-09-09,minor_naming_variation,easy
POL000913,PO00190,4,95/5 Poly Spandex Satin 155 GSM 58 inch Silver Grey,,Silver Grey,155,58,600,Mtr,Rs. 142.18,,2026-08-25,clean_exact_match,easy
POL000914,PO00190,5,100% Lyocell Satin 105 GSM 58 inch Mustard,,Mustard,105,58,1200,Meters,INR 177.15,,2026-09-14,clean_exact_match,easy
POL000915,PO00190,6,"95/5 Poly Spandex, Sateen, GSM 190, 58 inch, Teal",,Teal,190,,1200,MTRS,Rs. 163.79,,2026-09-14,minor_naming_variation,easy
POL000916,PO00190,7,70/30 modal cotton satin 105gsm 58 inch white,,White,105,,800,MTR,Rs. 170.68,,2026-09-14,minor_naming_variation,easy
POL000917,PO00190,8,155 GM SATIN SILVER 58' 95/5 POLY SPANDEX,,Lt Grey,155,,200,Mtr,142.22,,2026-09-09,minor_naming_variation,easy
POL000918,PO00190,9,tencel type fabric,,,,,1500,mts,INR 178.17,,2026-09-09,ambiguous_product_match,hard
POL000919,PO00190,10,55/45 Linen Cotton  Plain  215gsm  58in  Black,,Black,215,,500,Meters,448.19/mtr,,2026-09-29,minor_naming_variation,easy
POL000920,PO00191,1,100% Cotton Drill 195 GSM 60 inch Teal,,Teal,195,60,~800,Mtr,166.39,,2026-09-03,clean_exact_match,easy
POL000921,PO00191,2,Poly Cotton Denim Rigid 310 GSM 63 inch Camel,,Camel,310,63,1200,Meters,214.28,,2026-09-23,clean_exact_match,easy
POL000922,PO00192,1,"rust, slub jersey, 100% cotton knit, gsm 150",,Rust,150,,400,KGS,286.5,,2026-05-28,no_historical_price,medium
POL000923,PO00192,2,"100% COTTON, TWILL, 295 G/M2, BEIGE",,Beige,295,,600,Meters,193.91,,2026-05-23,no_historical_price,medium
POL000924,PO00193,1,B. Green - bottom fabric - 195gsm,MEG-1182,,,,150,Meters,170.54,,2026-05-28,customer_specific_product_code,medium
POL000925,PO00193,2,pant material 58in,,,,,300,M,176.71,,2026-06-12,ambiguous_product_match,hard
POL000926,PO00193,3,"LLavemder, 1x1 Rib, 72 inch, 220 g/m2, 100% CTN KNIT",,Lavendr,220,,50 approx,Kg,Rs. 379.48,,2026-05-28,spelling_errors_and_abbreviations,medium
POL000927,PO00193,4,"100%  Combed Coft0n, Dobby, 150gsm, 58 inches, Royal Blue",,,,,2500,mts,131.93,,2026-05-28,poor_quality_document,hard
POL000928,PO00193,5,100% Combed Cotton Dobby 150 GSM 58 inch Royal Blue,,Royal Blue,150,58,500,Meters,130.75,,2026-05-13,clean_exact_match,easy
POL000929,PO00193,6,150 gm 100% Combed Cotton Mustard Dobby 58',,Rust,150,,1000,M,129.03,,2026-05-18,incorrect_colour_or_gsm,hard
POL000930,PO00193,7,100% CMDB CTN Dovby GGSM 150 58' R.BLUE,,oyal Blue,150,,2500 approx,M,131.14,,2026-05-28,spelling_errors_and_abbreviations,medium
POL000931,PO00193,8,"98/2 Cotton Lycra Denim, Lightweight, 350GSM, 58 inch, Coffee Brown",,Coffee Brown,350,,500 approx,mts,INR 249.01,Width to be 60 inch as per last supply,2026-05-18,conflicting_information_in_po,hard
POL000932,PO00193,9,mustard  150gsm  100% combed cotton  58 inches  dobby,,Mustard,150,,500 approx,MTRS,134.96,,2026-05-23,small_acceptable_price_variation,easy
POL000933,PO00193,10,jeans fabric 63 inches normal one,,,,,1200,MTRS,217.06,,2026-06-12,ambiguous_product_match,hard
POL000934,PO00193,11,"98/2 Cotton Lycra Denim, Lightweight, 350GSM, W-58",,,350,,2000,mtr,248.82,,2026-06-12,multiple_possible_sku_matches,hard
POL000935,PO00193,12,"98/2 Cotton Lycra Denim, Stretch, 370GSM, Rust",,Rust,370,,400,M,266.69/mtr,,2026-05-18,expired_historical_price,medium
POL000936,PO00194,1,"97/3 CTN paSndex - Cihno - 320 GSM - 58"" - OW",,Ofx White,320,,400,M,Rs. 250.51,,2026-08-13,spelling_errors_and_abbreviations,medium
POL000937,PO00194,2,"97/3 Cotton Spandex, Chino, 320 GSM, W-58, Off White",,Off White,320,,~150,Meters,249.79,Width to be 60 inch as per last supply,2026-08-13,conflicting_information_in_po,hard
POL000938,PO00194,3,suiting cloth 58in usual,,,,,1500,M,Rs. 215.52,,2026-09-02,ambiguous_product_match,hard
POL000939,PO00195,1,CHINO 98/2 COTTON LYCRA CHARCOAL GREY GSM 210,MEG-9190,Charcoal,210,,1000,MTRS,Rs. 158.25,,2026-07-20,no_historical_price,medium
POL000940,PO00196,1,97/3 Cotton Spandex Chino 320 GSM 58 inch Peach,,Peach,320,,"2,500",MTR,245.82,,2026-08-13,minor_naming_variation,easy
POL000941,PO00196,2,65/35 poly cotton  duck canvas  465gsm  w-63  lavender,,Lavender,465,,1500,MTRS,274.15,,2026-07-29,small_acceptable_price_variation,easy
POL000942,PO00197,1,as per our code URV-2795,URV-2795,,,,2000,MTRS,132.21,,2026-04-16,customer_specific_product_code,medium
POL000943,PO00198,1,100% Lyocell - Satin - 105 GSM - W-58 - Ecru,,Ecru,105,,200,MTRS,165.12 per unit,,2026-06-01,small_acceptable_price_variation,easy
POL000944,PO00198,2,Me1ange Jersey 100% Cotfon Knit 5ea Green 60in 16065M,,,,,500,KG,334.98,,2026-05-22,poor_quality_document,hard
POL000945,PO00198,3,"100% COTTON KNIT MELANGE JERSEY GSM 160 60"" SEA GREEN",,Sea Green,160,,300,Kg,214.43,Rate as per last PO,2026-06-01,wrong_price_outside_tolerance,exception
POL000946,PO00198,4,100% Lyocell Satin 105 GSM 58 inch Ecru,,Ecru,105,58,2500,MTR,Rs. 169.49,,2026-06-21,clean_exact_match,easy
POL000947,PO00198,5,100% LYO Satinn 105 gm 58 inch Ecru,,Ecru,105,,~500,M,170.6,,2026-05-27,spelling_errors_and_abbreviations,medium
POL000948,PO00199,1,60/40 Cotton Poly Fleece Polar 375 GSM 72 inch Ecru,,Ecru,375,72,500,KGS,416.61/kg,,2026-04-26,clean_exact_match,easy
POL000949,PO00199,2,95/5 Cotton Lycra Knit 1x1 Rib 255 gm 72in Ferozi,,Turquoise,255,,50,KGS,508.81 per unit,,2026-04-21,minor_naming_variation,easy
POL000950,PO00199,3,"Coffee 235GSM 98/2 Cotton Lycra Drill 60""",,Brown Coffee,235,,2000,MTRS,196.77,,2026-05-21,minor_naming_variation,easy
POL000951,PO00199,4,60/40 Cotton Poly Cambric 105GSM 44 inch Beige,,Beige,105,,800,MTR,88.50,Note: rate agreed for 130 GSM quality,2026-04-16,conflicting_information_in_po,hard
POL000952,PO00199,5,"Ferozi - 95/5 Cotton Lycra Knit - 255gsm - 72"" - 1x1 Rib",,Firozee,255,,80 approx,kgs,504.41,,2026-04-26,minor_naming_variation,easy
POL000953,PO00199,6,"60/40 COTTON POLY/44""/CAMBRIC/105GSM/BEIGE",,Beige,105,,"1,500",mtr,Rs. 88.78,,2026-04-21,minor_naming_variation,easy
POL000954,PO00199,7,60/40 Cotton Poly Cambric 105 GSM 44 inch Beige,,Beige,105,44,500,MTR,Rs. 88.56,,2026-04-21,clean_exact_match,easy
POL000955,PO00200,1,100% PPPPLY Velvet 8 Wale 330GSM W-44 RDF,,Greige RFD,330,,1000 approx,MTR,223.84,,2026-06-10,spelling_errors_and_abbreviations,medium
POL000956,PO00200,2,95/5 CTN LC/MEL Jersey/220GSM/60in/Bottle Green,,Bottle Green,220,,500,Kilo,468.18,,2026-05-16,spelling_errors_and_abbreviations,medium
POL000957,PO00200,3,65/35 Po1y C0tf0n - Poplin - 125 6SM - 58 inch - Olive ###,,,125,,300,Meters,87.74,,2026-05-16,poor_quality_document,hard
POL000958,PO00201,1,100% CTN  Drill  195GS  W-60  MMint,,iMnt,195,,500,mtr,161.61,,2026-05-18,spelling_errors_and_abbreviations,medium
POL000959,PO00201,2,98/2 Cotton Lycra Chino 210 GSM 58 inch Charcoal,,Charcoal,210,58,400,Meters,173.67 per unit,,2026-04-28,clean_exact_match,easy
POL000960,PO00201,3,97/3 Cotton Spandex/Canvas Bottom/195gsm/Lt Pink,,Baby Pink,195,,200,M,INR 158.50,,2026-05-08,no_historical_price,medium
POL000961,PO00201,4,item MAY-5652,MAY-5652,,,,500,mtr,161.53,,2026-05-03,customer_specific_product_code,medium
POL000962,PO00202,1,"GSM 150 - 100% Lyocell - 58"" - Satin",,,150,,200,mts,237.36/mtr,,2026-07-12,multiple_possible_sku_matches,hard
POL000963,PO00202,2,100% Lyocell Satin 150 GSM 58 inch Charcoal,,Charcoal,150,58,400,mts,237.51,,2026-08-16,clean_exact_match,easy
POL000964,PO00202,3,100% Lyocell Satin 150 GSM 58 inch Charcoal,,Charcoal,150,58,800,Meters,235.4,,2026-08-16,clean_exact_match,easy
POL000965,PO00202,4,58 inch/Satin/100% Lyocell/150 gm,,,150,,500,MTR,INR 235.77,,2026-07-12,multiple_possible_sku_matches,hard
POL000966,PO00202,5,100% Linen Plain 215 gm 58 inch Off-White,,Off White,215,,400,MTRS,456.13,,2026-07-17,minor_naming_variation,easy
POL000967,PO00202,6,Printed Plain - 120GSM - 58 inches - 100% Polyester,,,120,,200,mts,127.32 per unit,,2026-08-01,multiple_possible_sku_matches,hard
POL000968,PO00203,1,100% Cotton Knit Melange Jersey 160 GSM 60 inch Cream,,Cream,160,60,400 approx,KG,Rs. 304.58,,2026-09-06,clean_exact_match,easy
POL000969,PO00203,2,UTS-6062 - regular quality,UTS-6062,,,,800,MTR,Rs. 86.38,,2026-08-27,customer_specific_product_code,medium
POL000970,PO00203,3,80/20 Poly Cotton Blended Twill 130 GSM 63 inch Navy Blue,UTS-8368,Navy Blue,130,63,200,MTRS,86.58,,2026-08-27,clean_exact_match,easy
POL000971,PO00203,4,60' - 160 fm - Melange Jersey - Cream - 100% CTN KNIT,UTS-8602,rCeam,160,,300,Kg,303.34,,2026-09-11,spelling_errors_and_abbreviations,medium
POL000972,PO00204,1,"58"" tencel type fabric",TAN-7654,,,,2500,MTR,INR 162.15,,2026-08-08,ambiguous_product_match,hard
POL000973,PO00204,2,modal fabric  160 g/m2  Charcoal Grey,TAN-6756,,,,400,Meters,237.65,,2026-08-28,customer_specific_product_code,medium
POL000974,PO00204,3,98/2 Cotton Lycra Denim Rigid 415 GSM 63 inch Maroon,,Maroon,415,63,500,Meters,280.60,,2026-08-18,clean_exact_match,easy
POL000975,PO00204,4,100% Cotton Knit Slub Jersey 150 GSM 72in Royal Blue,,Navy Blue,150,,500,KG,299.55/kg,,2026-09-12,incorrect_colour_or_gsm,hard
POL000976,PO00205,1,"jeans fabric, 58""",,,,,150,Mtr,244.58,,2026-07-29,ambiguous_product_match,hard
POL000977,PO00206,1,"50/50 Poly Cotton, Bedsheet Fabric, 180GSM, W-108, Maroon",,Maroon,180,,1500 approx,mts,Rs. 204.78,,2026-05-28,partial_catalogue_match,medium
POL000978,PO00206,2,50/50 Poly CTN/Bedsheeet Fabric/GSM 180/xx-108/RFD,,Greige RFD,180,,500 approx,M,204.90,,2026-06-12,spelling_errors_and_abbreviations,medium
POL000979,PO00207,1,linen material/GSM 115/Coffee,OJA-5804,,,,400,MTRS,253.89,,2026-06-02,customer_specific_product_code,medium
POL000980,PO00208,1,98/2 Cotton Lycra/Drill/235 gm/60 inch,,,235,,~500,M,INR 195.38,,2026-09-08,multiple_possible_sku_matches,hard
POL000981,PO00208,2,"63""  65/35 Poly Cotton  Canvas  350GSM  Silver Grey",MEG-1037,Royal Blue,350,,300,M,INR 198.94,,2026-08-19,incorrect_colour_or_gsm,hard
POL000982,PO00208,3,65/35 Poly Cotton Duck Canvas 310GSM 63in Wine,MEG-3392,Wine,310,,2000,mtr,185.2,,2026-08-24,minor_naming_variation,easy
POL000983,PO00208,4,58 inches Firozee Suiting 80/20 Poly Viscose GSM 250,,Firozee,250,,300 approx,Mtr,205.57,,2026-09-08,minor_naming_variation,easy
POL000984,PO00208,5,235gsm  B. Green  Twill Suiting  80/20 Poly Viscose,,Bottle Green,235,,150,MTRS,164.36,,2026-08-09,no_historical_price,medium
POL000985,PO00208,6,Suiting - 80/20 Poly Viscose - Firozi - 250 g/m2 - W-58,,Firozee,250,,2500,M,204.47/mtr,,2026-09-08,minor_naming_variation,easy
POL000986,PO00208,7,MEG-3505 same as last time,MEG-3505,,,,400,M,INR 186.05,,2026-08-04,customer_specific_product_code,medium
POL000987,PO00208,8,80/20 Poly Viscose/Firozi/Suiting/58 inches/GSM 250,MEG-6969,Firozee,250,,300,MTR,204.6,,2026-08-04,minor_naming_variation,easy
POL000988,PO00209,1,98/2 Cotton Lycra Denim Rigid 300 GSM 63 inch Peach,,Peach,300,63,1000,Mtr,237.71,,2026-05-03,clean_exact_match,easy
POL000989,PO00210,1,58 inch  195 GSM  55/45 Linen Cotton  Handloom Finish  Coffee Brown,,Coffee Brown,195,,400,M,Rs. 395.73,,2026-06-05,small_acceptable_price_variation,easy
POL000990,PO00210,2,98/2 Cotton Lycra Denim Rigid 300 GSM 63 inch Peach,,Peach,300,63,1500,M,237.3,,2026-05-16,clean_exact_match,easy
POL000991,PO00210,3,"jeans fabric, 415 g/m2, Gray Melange",OOR-7688,,,,1200,mts,309.82,,2026-05-11,customer_specific_product_code,medium
POL000992,PO00210,4,W-58 Plain Greige RFD 130GSM 70/30 Modal Cotton,,Greige RFD,130,,2000 approx,M,223.57,,2026-05-11,incorrect_colour_or_gsm,hard
POL000993,PO00210,5,300 g/m2 - W-63 - Rigid - 98/2 Cotton Lycra Denim - Peach,,Peach,300,,400,mts,225.60,,2026-05-21,small_acceptable_price_variation,easy
POL000994,PO00210,6,70/30 Modal Cotton Plain 160 GSM 58 inch Greige RFD,OOR-5401,Greige RFD,160,58,1500,Meters,224.75,,2026-05-01,clean_exact_match,easy
POL000995,PO00211,1,55/45 Poly Wool Suiting 220 GSM 58 inch Ecru,,Ecru,220,58,200,M,199.69,,2026-05-22,clean_exact_match,easy
POL000996,PO00211,2,"60',  whife, 55/45 poly w0ol, twil1 suifing, gsm 290 (illegible)",,,290,,300,Meters,281.43/mtr,,2026-05-27,poor_quality_document,hard
POL000997,PO00211,3,98/2 Cotton Lycra Chino 230gsm 58' Charcoal,,Charcoal,230,,300,MTRS,INR 170.53,,2026-05-22,incorrect_colour_or_gsm,hard
POL000998,PO00211,4,390GSM/63 inch/Duck Canvas/100% Cotton,,,390,,1500,MTR,225.81,,2026-05-27,multiple_possible_sku_matches,hard
POL000999,PO00212,1,100% Polyester  Printed Plain  100 gm  44in  Black,AAR-8912,Rust,100,,2500,Mtr,Rs. 113.53,,2026-06-17,incorrect_colour_or_gsm,hard
POL001000,PO00213,1,100% CTN/Flannel/245 gm/58in/neigee,KAV-9638,Beige,245,,200,MTRS,Rs. 188.27,,2026-06-14,spelling_errors_and_abbreviations,medium
POL001001,PO00213,2,80/20 Poly Cotton/Blended Twill/GSM 130/63 inches/Cream,KAV-3582,Cream,130,,500,MTRS,101.57,,2026-05-30,partial_catalogue_match,medium
POL001002,PO00213,3,80/20 Poly Viscose 290 g/m2 Rust Suiting,,Rust,290,,"1,200",MTRS,218.32,,2026-06-09,expired_historical_price,medium
POL001003,PO00213,4,65/35 POLY COTTON 58 INCHES 110 GM POPLIN,,,110,,200,MTRS,78.12,,2026-05-30,multiple_possible_sku_matches,hard
POL001004,PO00213,5,"100% Cotton, Flannel, GSM 245, 58"", Maroon",KAV-5649,Maroon,245,,2500,Mtr,186.86/mtr,,2026-06-09,partial_catalogue_match,medium
POL001005,PO00213,6,100% COTTON DUCK CANVAS GSM 465 58 INCHES BABY PINK,,Baby Pink,465,,1500,Mtr,295.11,,2026-06-04,small_acceptable_price_variation,easy
POL001006,PO00214,1,65/35 Poly Cotton Blended Shirting 140gsm 58' Greige,,Greige,140,,300,MTRS,INR 80.92,,2026-06-21,minor_naming_variation,easy
POL001007,PO00214,2,item NIR-4635,NIR-4635,,,,2500,MTR,71.6,,2026-06-21,customer_specific_product_code,medium
POL001008,PO00214,3,55/45  Linen Cofton - Handlo0m Finish - 160 gm - 58 inches - Peach,,Pea1h ....,060,,2500,MTRS,INR 329.80,,2026-06-06,poor_quality_document,hard
POL001009,PO00214,4,100% Cotton Corduroy/8 Wale/GSM 215/White,,White,215,,150,Meters,170.03,,2026-06-21,expired_historical_price,medium
POL001010,PO00214,5,65/35 PC/lended SHRT/140 gsm/58i/nRFD,,Greige RFD,140,,1500,mtr,81.13/mtr,,2026-06-21,spelling_errors_and_abbreviations,medium
POL001011,PO00214,6,100% Cotton Knit/2x2 Rib/250 GSM/60 inch/Coffee Brown,,Coffee Brown,250,,150,Kilo,375.54 per unit,,2026-06-21,incorrect_colour_or_gsm,hard
POL001012,PO00215,1,60in  bottom fabric,,,,,1200,Meters,166.70,,2026-09-10,ambiguous_product_match,hard
POL001013,PO00215,2,"63""/Rigdi/98/2 CN LYC DNM/300GSM/Peach",,ePach,300,,"1,200",Meters,INR 230.90,,2026-09-15,spelling_errors_and_abbreviations,medium
POL001014,PO00215,3,195 GSM - Drill - 100% Cotton - Cream,,Cream,195,,1000,MTR,140.95,,2026-09-10,no_historical_price,medium
POL001015,PO00215,4,60/40 PC KNIT - Melqnge Jersey - 155gsm - 60 onch - Off White,,Off White,155,,~200,KGS,354.78,,2026-09-10,spelling_errors_and_abbreviations,medium
POL001016,PO00215,5,100% Combed Cotton Dobby 140 GSM 58 inch Mustard,,Mustard,140,58,2500,MTRS,134.29,,2026-09-15,clean_exact_match,easy
POL001017,PO00215,6,100% Combed Cotton Dobby 140 GSM 58 inch Mustard,,Mustard,140,58,800,mts,134.02,,2026-09-10,clean_exact_match,easy
POL001018,PO00215,7,"63""/denim cloth",,,,,600,mts,226.9,,2026-09-30,ambiguous_product_match,hard
POL001019,PO00215,8,100% Combed Cotton - 150gsm - Musturd - Dobby,,Mustard,150,,1000,Meters,142.2,,2026-08-31,expired_historical_price,medium
POL001020,PO00215,9,Poly Cotton Denim Rigid 310gsm 63 inches Camel,,Camel,310,,150 approx,Mtr,214.61/mtr,,2026-08-26,minor_naming_variation,easy
POL001021,PO00215,10,97/3 Cotton Spandex - Canvas Bottom - 195GSM - 60in,,,195,,400,MTR,INR 172.48,,2026-08-26,multiple_possible_sku_matches,hard
POL001022,PO00215,11,Wine - Rigid - 98/2 Cotton Lycra Denim - 63' - 300 g/m2,,Wine,300,,1200,M,230.67,,2026-09-30,partial_catalogue_match,medium
POL001023,PO00216,1,W-58 Cream 140 g/m2 Dobby 100% Combed Cotton,,Cream,140,,300,MTRS,111.51,,2026-05-22,partial_catalogue_match,medium
POL001024,PO00216,2,100% Cotton Knit 1x1 Rib 220 GSM 72 inch Olive,,Olive,220,72,50,kgs,Rs. 364.49,,2026-05-22,clean_exact_match,easy
POL001025,PO00217,1,Poly Cotton Denim Rigid 310 GSM 63 inch Maroon,,Maroon,310,63,300,MTRS,194.58,,2026-05-19,clean_exact_match,easy
POL001026,PO00217,2,Peach 235gsm Drill 98/2 Cotton Lycra 60 inches,,Peach,235,,2500,M,206.03/mtr,,2026-05-04,partial_catalogue_match,medium
POL001027,PO00217,3,115 gm - 63 inches - Cream - 80/20 Poly Cotton - Blended Shirting,,Cream,115,,200,mtr,74.5,,2026-06-03,minor_naming_variation,easy
POL001028,PO00217,4,98/2 Cotton Lycra Chino 210 GSM 58 inch Charcoal,,Charcoal,210,58,150,MTRS,157.92,,2026-04-29,clean_exact_match,easy
POL001029,PO00218,1,Lihgt Blue GSM 160 Plain 58 inchrs 70/30 Modal CTN,,Skyy Blue,160,,"2,000",mts,250.39,,2026-05-19,spelling_errors_and_abbreviations,medium
POL001030,PO00218,2,linen cloth  W-58 normal one,,,,,300,Meters,368.9,,2026-06-13,ambiguous_product_match,hard
POL001031,PO00218,3,70/30 Modal Cotton Plain 160 GSM 58 inch Sky Blue,,Sky Blue,160,58,300,Mtr,249.81 per unit,,2026-05-24,clean_exact_match,easy
POL001032,PO00218,4,linen material  160gsm  Teal,YUV-8653,,,,800,Mtr,INR 367.87,,2026-05-24,customer_specific_product_code,medium
POL001033,PO00218,5,55/45 Lnien CTN Handloom Finish 160gs m58 inhces Teal,,Teal,160,,2000,Mtr,INR 367.08,,2026-05-29,spelling_errors_and_abbreviations,medium
POL001034,PO00218,6,Plain - Sky Blue - 58 inches - 160gsm - 70/30 Modal Cotton,,Sky Blue,160,,400,Meters,Rs. 241.83,,2026-05-19,small_acceptable_price_variation,easy
POL001035,PO00219,1,"95/5 Viscose Lycra, 110 GSM, Ecru, Rayon Crepe",,Ecru,110,,500,M,79.31/mtr,,2026-06-19,no_historical_price,medium
POL001036,PO00219,2,"58 inch, 105 gm, 100% Lyocell, Satin",,,105,,"1,000",MTRS,153.56,,2026-06-24,multiple_possible_sku_matches,hard
POL001037,PO00219,3,100% Linen Slub 125 GSM 58 inch Firozi,,Firozi,125,58,1200,MTRS,275.05,,2026-07-24,clean_exact_match,easy
POL001038,PO00219,4,100% lyocell - 58 inch - 105 gm - white - satin,,White,105,,1000,Mtr,Rs. 157.35,,2026-06-29,small_acceptable_price_variation,easy
POL001039,PO00220,1,155 GSM - 100% Cotton Knit - 72 inch - Lavender - Single Jersey,,Lavender,155,,~150,Kilo,349.56,,2026-09-01,minor_naming_variation,easy
POL001040,PO00220,2,300 gm 63' Rigid 98/2 Cotton Lycra Denim,,,300,,200,Mtr,241.24/mtr,,2026-08-27,multiple_possible_sku_matches,hard
POL001041,PO00220,3,98/2 Cotton Lycra Denim/Rigid/300 gm/63 inch/Peach,,Peach,300,,"2,000",M,Rs. 242.59,Please supply in White as discussed,2026-08-22,conflicting_information_in_po,hard
POL001042,PO00220,4,Poly C0ft0n Denim  310 g/m2  Came1  Rigid  63 inches ###,,,310,,2000,MTRS,222.22,,2026-08-22,poor_quality_document,hard
POL001043,PO00221,1,58in/Poly/RFD/Satin/110 gm,,Greige,110,,600,MTRS,84.08,,2026-07-24,minor_naming_variation,easy
POL001044,PO00221,2,95/5 VISCOSE LYCRA  RAYON SLUB  135GSM  W-44,KAV-4956,,135,,~300,MTR,100.13,,2026-07-14,multiple_possible_sku_matches,hard
POL001045,PO00221,3,"95/5 Viscose Lycra, Rayon Slub, GSM 105, 58', Off White",,Coffee Brown,105,,300,mtr,86.52,,2026-07-09,incorrect_colour_or_gsm,hard
POL001046,PO00221,4,100% Cotton Terry Hand Towel 470 GSM 12x12 inch Bottle Green,,Bottle Green,470,,200,Pcs,Rs. 253.12,,2026-08-13,clean_exact_match,easy
POL001047,PO00221,5,Bedsheet Fabric/180 GSM/50/50 Poly Cotton/Teal,KAV-5550,Teal,180,,400,MTR,Rs. 215.48,,2026-07-19,no_historical_price,medium
POL001048,PO00221,6,Lavender 415 g/m2 sofa fabric,KAV-7154,,,,2000,Meters,316.50,,2026-07-09,customer_specific_product_code,medium
POL001049,PO00222,1,100% Polyester/Blackout Base/160 GSM/Mustard,,Mustard,160,,,MTRS,Rs. 133.22,TBC,2026-08-26,missing_quantity,exception
POL001050,PO00222,2,100% Polyester/58in/Digital Print Base/130 GSM/White,,White,130,,2000,Meters,145.85,Please supply in Cream as discussed,2026-09-05,conflicting_information_in_po,hard
POL001051,PO00223,1,"100% Linen Plain 215 GSM 58"" Off-White",,Off White,215,,300,Mtr,Rs. 457.35,,2026-06-18,minor_naming_variation,easy
POL001052,PO00223,2,100% Lyocell Satin 150 GSM 58 inch Charcoal,,Charcoal,150,58,1500,MTR,235.31,,2026-06-13,clean_exact_match,easy
POL001053,PO00223,3,Sstin 100% LYO 58in 150 GSM Dqrk rey,,Charcoall,150,,1200,MTR,235.34,,2026-06-13,spelling_errors_and_abbreviations,medium
POL001054,PO00223,4,100% Lyocell Satin 150GSM Rust,,Rust,150,,1200,MTR,247.01,,2026-06-18,expired_historical_price,medium
POL001055,PO00223,5,"Plain - Offwhite - 100% Linen - 215gsm - 58""",,Off White,215,,"1,000",Mtr,Rs. 456.69,,2026-06-13,minor_naming_variation,easy
POL001056,PO00224,1,70/30 Poly Cotton  Upholstery Jacquard  GSM 295  58in,NIR-6147,,295,,2000,MTRS,233.38,,2026-05-20,multiple_possible_sku_matches,hard
POL001057,PO00224,2,"duck fabric, 405gsm, B. Green",NIR-1574,,,,2000,mtr,259.34 per unit,,2026-05-25,customer_specific_product_code,medium
POL001058,PO00225,1,COMBED COTTON - CHAMBRAY - 130 G/M2 - W-58 - LIGHT PINK,,Light Pink,130,,150 approx,MTR,121.66,,2026-06-21,minor_naming_variation,easy
POL001059,PO00225,2,"155 GSM, Single Jersey, 60', 95/5 Cotton Lycra Knit, Sea Green",,Sea Green,155,,100,kgs,346.71,,2026-06-21,small_acceptable_price_variation,easy
POL001060,PO00225,3,Single Jersey 155 g/m2 95/5 Cotton Lycra Knit Sea Green 60',,Sea Green,155,,150,KGS,INR 369.83,,2026-07-01,small_acceptable_price_variation,easy
POL001061,PO00226,1,310GSM  Rigid  63 inch  Peach  Poly Cotton Denim,,Peach,310,,400,Mtr,203.08,,2026-04-30,small_acceptable_price_variation,easy
POL001062,PO00226,2,100% Linen Plain 215 GSM 58 inch Royal Blue,,Royal Blue,215,58,400,Mtr,421.19,,2026-05-30,clean_exact_match,easy
POL001063,PO00226,3,plain - 100% linen - royal blue - gsm 215,,Royal Blue,215,,35228,MTRS,422.68,,2026-04-30,unusually_large_quantity,exception
POL001064,PO00227,1,80/20 Poly Viscose Suiting 290 GSM 60 inch Rust,,Rust,290,60,500 approx,mts,INR 229.54,,2026-04-16,clean_exact_match,easy
POL001065,PO00228,1,Coffee Brown 95/5 Cotton Lycra Knit 195GSM Waffle,,Coffee Brown,195,,50,Kg,357.5,,2026-09-02,no_historical_price,medium
POL001066,PO00228,2,95/5 Cotton Lycra Knit Waffle 195 GSM 60 inch Cream,,Cream,195,60,400 approx,KG,402.80,,2026-09-07,clean_exact_match,easy
POL001067,PO00228,3,95/5 Cotton Lycra Knit Waffle 195 GSM 60 inch Cream,,Cream,195,60,80,KG,400.93,,2026-08-28,clean_exact_match,easy
POL001068,PO00228,4,Teal - 100% Cotton - Drill - 195 GSM,,Teal,195,,1200,M,138.81,,2026-09-07,no_historical_price,medium
POL001069,PO00228,5,60 inch rib fabric,,,,,250,Kg,400.02 per unit,,2026-09-27,ambiguous_product_match,hard
POL001070,PO00228,6,Silver Grey/195 g/m2/W-60/Waffle/95/5 Cotton Lycra Knit,,Silver Grey,195,,400,Kilo,399.65,,2026-09-07,partial_catalogue_match,medium
POL001071,PO00228,7,CREAM  WAFFLE  95/5 CTTN LYx  W-60  195 G/M2,,Cream,195,,400,KGS,402.87,,2026-09-07,spelling_errors_and_abbreviations,medium
POL001072,PO00228,8,60 inch/Cream/95/5 Cotton Lycra Knit/195gsm/Waffle,,Cream,195,,500,kgs,402.33,,2026-09-07,minor_naming_variation,easy
POL001073,PO00228,9,95/5 Cotton Lycra Knit Waffle 195 gm 60in Sea Green,,Sea Green,195,,300,kgs,402.73,,2026-09-07,partial_catalogue_match,medium
POL001074,PO00228,10,100% Polyester Fleece Brushed 275 gm 60 inches,,,275,,400 approx,kgs,269.78,,2026-08-23,multiple_possible_sku_matches,hard
POL001075,PO00228,11,95/5 Cotton Lycra Knit Waffle 195 GSM 60 inch Cream,,Cream,195,60,100,kgs,399.1,,2026-08-28,clean_exact_match,easy
POL001076,PO00228,12,195 gm - 95/5 Cotton Lycra Knit - Cream - 60' - Waffle,,Cream,195,,500,KG,419.79,,2026-09-27,small_acceptable_price_variation,easy
POL001077,PO00229,1,DRILL  BOTTLE GREEN  235 GM  60 INCHES  98/2 COTTON LYCRA,,B. Green,235,,800,MTRS,205.19,,2026-06-06,minor_naming_variation,easy
POL001078,PO00229,2,50/50 Poly CTN - Sheeitng - 210 GSM - 90 iinch - Dark Gry,,Charcoal,210,,~800,M,232.0,,2026-06-01,spelling_errors_and_abbreviations,medium
POL001079,PO00229,3,100% Combed Cotton Poplin 95 GSM 58 inch Peach,,Peach,95,58,1500,mts,INR 83.83,,2026-06-16,clean_exact_match,easy
POL001080,PO00229,4,50/50 Poly Cotton Bedsheet Fabric 115 gm 108in Maroon,,Maroon,115,,400,mts,143.16,,2026-06-16,minor_naming_variation,easy
POL001081,PO00229,5,97/3 Cotton Spandex/Chino/305 g/m2/58'/Ecru,,Ecru,305,,200 approx,M,222.14,,2026-06-11,incorrect_colour_or_gsm,hard
POL001082,PO00229,6,Cupro Satin 90 GSM 44 inch Ivory,,,,,1500,MTRS,449.64,,2026-06-06,unknown_product,exception
POL001083,PO00229,7,70/30 Modal Cotton Satin 105 GSM 58 inch Greige RFD,,Greige RFD,105,58,800,mtr,137.49 per unit,,2026-06-01,clean_exact_match,easy
POL001084,PO00229,8,100% PLY Crepe 110GMS 58 inch rcru,,Eru,110,,2500,Mtr,Rs. 72.20,,2026-07-01,spelling_errors_and_abbreviations,medium
POL001085,PO00229,9,55/45 Linen Cotton  Teal  160gsm  Handloom Finish,,Teal,160,,2000,Meters,341.78,,2026-06-16,expired_historical_price,medium
POL001086,PO00229,10,100% Polyester Crepe 110 GSM 58 inch Ecru,,Ecru,110,58,"1,000",MTRS,INR 72.69,,2026-06-16,clean_exact_match,easy
POL001087,PO00230,1,"100% Polyester, Crepe, GSM 105, 58""",,,105,,600 approx,Meters,72.57,,2026-07-04,multiple_possible_sku_matches,hard
POL001088,PO00230,2,Bottle Green - GSM 125 - W-58 - 95/5 Viscose Lycra - Rayon Crepe,,Bottle Green,125,,400,Meters,110.2,,2026-05-30,small_acceptable_price_variation,easy
POL001089,PO00231,1,100% COTTON KNlT  MELANGE JER5EY  65M 200  72 INCHES  LIGHT PlNK,,Baby Pink,200,,50,KGS,370.50,,2026-09-12,poor_quality_document,hard
POL001090,PO00232,1,satin cloth medium quality,,,,,800,MTRS,185.40,,2026-07-17,ambiguous_product_match,hard
POL001091,PO00232,2,"ream - 100% VIS - Pirnted Plain - 58"" - GMS 140",,Cream,140,,200,MTR,159.06,,2026-07-02,spelling_errors_and_abbreviations,medium
POL001092,PO00232,3,Lavender - 180 GSM - Satin - 70/30 Modal Cotton,,Lavender,180,,"2,500",mtr,264.41,,2026-08-01,no_historical_price,medium
POL001093,PO00232,4,"VISCOSE - 140 GM - 58"" - PRINTED PLAIN - CREAM",,Cream,140,,400,Mtr,160.45/mtr,,2026-07-12,minor_naming_variation,easy
POL001094,PO00232,5,100% Viscose  Prinfed P1ain  90 gm  58 inches  Lighf Pink,,,,,200,MTR,120.18,,2026-07-07,poor_quality_document,hard
POL001095,PO00232,6,"95/5 iOY SPANDEX SATEEN 175 GM 58"" ECRU",,Eccru,175,,400,MTR,153.45,,2026-07-02,spelling_errors_and_abbreviations,medium
POL001096,PO00233,1,W-72  GSM 375  60/40 Cotton Poly Fleece  Polar,,,375,,200,KG,413.80,,2026-09-05,multiple_possible_sku_matches,hard
POL001097,PO00234,1,100% Linen Handlo0m Finish 65M 115 W-58 Peach |,,Peac?,115,,800,MTRS,269.88,,2026-08-30,poor_quality_document,hard
POL001098,PO00234,2,70/30 Modal Cotton Satin 105gsm White,,White,105,,800,M,167.37,,2026-08-30,expired_historical_price,medium
POL001099,PO00235,1,Beige - 60 inch - 375GSM - Loop Terry - 60/40 Cotton Poly Fleece,,Beige,375,,500,Kilo,405.00,,2026-04-17,minor_naming_variation,easy
POL001100,PO00235,2,"60/40 Cotton Poly  Voile  130GSM  44""  Royal Blue",,Royal Blue,130,,600 approx,Mtr,107.67,,2026-05-17,small_acceptable_price_variation,easy
POL001101,PO00235,3,60/40 Cotton Poly Fleece 60' Loop Terry 375 GSM Beige,HAR-6080,Beige,375,,500,KGS,INR 404.88,,2026-05-02,minor_naming_variation,easy
POL001102,PO00235,4,60'  375gsm  Beige  60/40 Cotton Poly Fleece  Loop Terry,HAR-1326,Beige,375,,100,KG,404.61,,2026-05-02,minor_naming_variation,easy
POL001103,PO00235,5,100% Cotton Knit/72in/Single Jersey/Lavender/GSM 155,HAR-7351,Lavender,155,,500,KGS,Rs. 354.19,,2026-05-02,minor_naming_variation,easy
POL001104,PO00235,6,"60/40 Cotton Poly Fleece  Polar  375 gm  72""  Navy Blue",,Navy Blue,375,,300,KG,422.61,,2026-04-17,small_acceptable_price_variation,easy
POL001105,PO00235,7,"60/40 Cotton Poly Fleece, Loop Terry, 60"", Beige, 375 gm",,Beige,375,,80,KGS,408.12/kg,,2026-04-12,minor_naming_variation,easy
POL001106,PO00236,1,shirting cloth/58',,,,,1000,MTR,84.72,,2026-06-20,ambiguous_product_match,hard
POL001107,PO00237,1,"100% PLY Blackoutt Base 160 gm 54"" Rust",,Rust,160,,500,M,139.88 per unit,,2026-05-04,spelling_errors_and_abbreviations,medium
POL001108,PO00237,2,100% CTN Duck Canbas 465 gm W-58 Olive,,Oliv,465,,1200,M,287.01,,2026-04-29,spelling_errors_and_abbreviations,medium
POL001109,PO00237,3,"310gsm, 65/35 PC, Duck Canas, SEAA GRN, 63""",,Sea Green,310,,500,Mtr,196.80,,2026-05-14,spelling_errors_and_abbreviations,medium
POL001110,PO00237,4,70/30 Poly Cotton Chenille 415 GSM 58 inch Rust,,Rust,415,58,500,mts,341.54,,2026-05-14,clean_exact_match,easy
POL001111,PO00237,5,435gsm  100% cotton terry  wine  face towel,,Wine,435,,500,pieces,244.7,,2026-05-19,incorrect_colour_or_gsm,hard
POL001112,PO00237,6,"70/30 Poly Cotton, Chenille, 415gsm, W-58, Rust",,Rust,415,,1500,mts,INR 328.94,,2026-05-09,small_acceptable_price_variation,easy
POL001113,PO00237,7,100% Polyester - Blackout Base - 160GSM - 54in - Rust,,Rust,160,,~200,MTR,140.33,,2026-04-29,minor_naming_variation,easy
POL001114,PO00238,1,55/45 POLY WOOL - SUITING - 220 GSM - W-58 - CAMEL,,Camel,220,,400,Mtr,Rs. 221.24,,2026-05-08,minor_naming_variation,easy
POL001115,PO00238,2,"100% Cotton, Flannel, GSM 165, Nevy Blue",,Navy Blue,165,,800,MTRS,INR 133.46,,2026-05-23,no_historical_price,medium
POL001116,PO00238,3,Pollin  65/35 PC  GSM 110  Ceram  W-58,,Cream,110,,400,Mtr,82.98,,2026-04-23,spelling_errors_and_abbreviations,medium
POL001117,PO00238,4,100% Cotton Duck Canvas 465 GSM 58 inch Olive,,Olive,465,58,"2,000",mts,275.33,,2026-04-28,clean_exact_match,easy
POL001118,PO00238,5,100% Cotton Brushed Twill 235 GSM 58 inch Maroon,,Maroon,235,58,200,MTR,INR 176.33,,2026-05-23,clean_exact_match,easy
POL001119,PO00239,1,58 inches - winter fabric,,,,,1200,M,Rs. 163.61,,2026-08-09,ambiguous_product_match,hard
POL001120,PO00239,2,80/20 Poly Cotton Poplin 145 GSM 58 inch Mint,,Mint,145,58,200,MTRS,Rs. 107.54,,2026-08-14,clean_exact_match,easy
POL001121,PO00240,1,70/30 Modal Cotton - Plain - GSM 160 - 58' - Firozi,,Firozee,160,,150,M,268.28,,2026-06-22,minor_naming_variation,easy
POL001122,PO00240,2,modal fabric,,,,,300 approx,Mtr,Rs. 230.07,,2026-06-17,ambiguous_product_match,hard
POL001123,PO00240,3,98/2 Cotton Lycra - Chino - 210 GSM - Mint,,Mint,210,,400,Meters,179.29,,2026-06-12,expired_historical_price,medium
POL001124,PO00240,4,denim cloth medium quality,,,,,200,MTRS,268.72,,2026-07-07,ambiguous_product_match,hard
POL001125,PO00240,5,"grey melange - 63"" - rigid - 100% cotton denim - 370gsm",,Melange Grey,370,,200,MTR,Rs. 268.20,,2026-07-07,minor_naming_variation,easy
POL001126,PO00240,6,"100% COTTON DENIM RIGID 370GSM 63"" GREY MELANGE",,Grey Melange,370,,1000,MTRS,Rs. 268.75,Width to be 63 inch as per last supply,2026-06-12,conflicting_information_in_po,hard
POL001127,PO00241,1,375 g m 65/35 PC  Coffee  58'  Cqnvas,,Coffee Brown,375,,2500,MTR,225.38,,2026-08-05,spelling_errors_and_abbreviations,medium
POL001128,PO00242,1,100% Cotton Terry Hand Towel 425 GSM 27x54 inch Cream,,Cream,425,,1000,pc,INR 222.99,,2026-05-19,clean_exact_match,easy
POL001129,PO00242,2,Nylon Ripstop 110 GSM 60 inch Olive,,,,,300,KG,337.04,,2026-05-04,unknown_product,exception
POL001130,PO00242,3,100% LIN/Handlomo Finiih/220GSM/W-58/Beige,,Beigr,220,,1200,mts,Rs. 451.88,,2026-05-14,spelling_errors_and_abbreviations,medium
POL001131,PO00243,1,95/5 Viscose Lycra Rayon Slub 135 GSM 44 inch Navy Blue,,Navy Blue,135,44,300,M,INR 100.67,,2026-07-24,clean_exact_match,easy
POL001132,PO00243,2,Viscose - Printed Plain - 140gsm - W-58 - Dark Grey,,Charcoal,140,,600,Meters,143.2,,2026-07-09,minor_naming_variation,easy
POL001133,PO00243,3,95/5 Viscose Lycra Rayon Slub 135 GSM 44 inch Navy Blue,,Navy Blue,135,44,800,mtr,101.01,,2026-06-24,clean_exact_match,easy
POL001134,PO00243,4,Coffee Brown - 100% Viscose - 58 inches - Rayon Crepe - 155 g/m2,OJA-4786,Coffee Brown,155,,1000,mtr,Rs. 110.34,Note: rate agreed for 115 GSM quality,2026-07-09,conflicting_information_in_po,hard
POL001135,PO00244,1,70/30 Modal Cotton Satin 180 GSM 58 inch Sky Blue,SAN-7546,Sky Blue,180,58,"2,000",mtr,296.41/mtr,,2026-08-30,clean_exact_match,easy
POL001136,PO00244,2,70/30 Modal Cotton Satin 180 GSM 58 inch Sky Blue,,Sky Blue,180,58,150,Meters,298.42/mtr,,2026-09-14,clean_exact_match,easy
POL001137,PO00245,1,80/20 Poly Cotton Blended Shirting 115 GSM 63 inch Wine,,Wine,115,63,1000,MTRS,INR 87.14,,2026-05-14,clean_exact_match,easy
POL001138,PO00245,2,"Wine Blended Shirting 80/20 Poly Cotton 63"" GSM 145",,Wine,145,,1000,Meters,Rs. 87.16,,2026-05-19,incorrect_colour_or_gsm,hard
POL001139,PO00245,3,97/3 Cotton Spandex  Chino  Offwhite  GSM 320  W-58,,OW,320,,500,MTR,247.07,,2026-05-19,minor_naming_variation,easy
POL001140,PO00246,1,50/50 Poly Cotton Percale 170 GSM 108 inch Peach,,Peach,170,108,200,M,221.06,,2026-08-10,clean_exact_match,easy
POL001141,PO00246,2,Duck Canvas - 65/35 Poly Cotton - 63 inches - 405GSM - Peach,MAN-3117,Peach,405,,1500,Mtr,242.54,,2026-08-30,minor_naming_variation,easy
POL001142,PO00246,3,100% CTN Tetry Hand Towel 470 GSSM CHARCL Grey,,Charvoal,470,,100,Pcs,261.8,,2026-08-30,spelling_errors_and_abbreviations,medium
POL001143,PO00246,4,Nylon Ripstop 110 GSM 60 inch Olive,,,,,400,mtr,INR 237.62,,2026-08-15,unknown_product,exception
POL001144,PO00247,1,"100% Cotton, 195 gm, Teal, Drill",,Teal,195,,400,M,143.86,,2026-07-16,no_historical_price,medium
POL001145,PO00247,2,BLENDED SHIRTING CLOTH,,,,,"1,500",MTRS,106.41,,2026-08-20,ambiguous_product_match,hard
POL001146,PO00247,3,70/30 Poly Viscose Twill Suiting 240 GSM 60 inch Firozi,,Firozi,240,60,"2,000",mts,202.56,,2026-07-26,clean_exact_match,easy
POL001147,PO00247,4,RFD - 58' - 375 GMS - 65/35 PC - Canvas,,Greige RFD,375,,500,M,209.6,,2026-07-31,spelling_errors_and_abbreviations,medium
POL001148,PO00247,5,Duck Canvas - Lavenedr - 310 g/m2 - 65/35 PC - 63 inches,,kavender,310,,~200,mts,199.66,,2026-07-16,spelling_errors_and_abbreviations,medium
POL001149,PO00247,6,"65/35 Poly Cotton, Duck Canvas, 310 gm, 63 inch, Lavender",,Lavender,310,,800,Meters,176.2,Rate as per last PO,2026-07-31,wrong_price_outside_tolerance,exception
POL001150,PO00248,1,"100%  Coft0n Knif  72""  220 g/m2  Lavender  1x1 Rib",,L5vender (illegible),220,,250,KGS,Rs. 384.75,,2026-08-30,poor_quality_document,hard
POL001151,PO00248,2,"60/40 COTTON POLY FLEECE POLAR 375GSM 72"" TEAL",,Teal,375,,400,Kilo,408.60/kg,Width to be 60 inch as per last supply,2026-08-15,conflicting_information_in_po,hard
POL001152,PO00248,3,98/2 Cotton Lycra Denim Lightweight 350 GSM 58 inch Wine,,Wine,350,58,1200,Mtr,241.58,,2026-08-25,clean_exact_match,easy
POL001153,PO00248,4,60/40 Cotton Poly/Dobby/GSM 130/Ecru,,Ecru,130,,18772,Meters,100.65,,2026-08-10,unusually_large_quantity,exception
POL001154,PO00248,5,60/40 Cotton Poly Fleece Polar 375 GSM 72 inch Teal,,Teal,375,72,200,kgs,408.22/kg,,2026-08-25,clean_exact_match,easy
POL001155,PO00248,6,98/2 Cotton Lycra Drill 235 GSM 60 inch Coffee Brown,,Coffee Brown,235,60,"1,200",MTR,202.95 per unit,,2026-08-10,clean_exact_match,easy
POL001156,PO00248,7,58in hino 98/2 TCN Lycra 210GSM Mint,,Mint,210,,200,MTRS,Rs. 158.31,,2026-08-20,spelling_errors_and_abbreviations,medium
POL001157,PO00248,8,Coffee Brown 98/2 Cotton Lycra Drill 60in GSM 235,,Coffee Brown,235,,2500,mtr,202.28/mtr,,2026-08-15,minor_naming_variation,easy
POL001158,PO00248,9,60/40 Coffon P01y  Dobby  130 G5M  W-44  Ecru ###,,Ecru,,,1000,mtr,101.28,,2026-09-14,poor_quality_document,hard
POL001159,PO00248,10,GSM 310 Mstard 63in Rigid PPoly CTN Denim,,Mustard,310,,2000,mts,223.0,,2026-08-10,spelling_errors_and_abbreviations,medium
POL001160,PO00249,1,dark green - 60' - single jersey - 160 gm - 100% cotton knit,,Bottle Green,160,,~400,KG,Rs. 318.94,,2026-07-25,new_customer_no_history,medium
POL001161,PO00249,2,Jute Hessian Cloth 280 GSM 40 inch Natural,,,,,150,kgs,190.82,,2026-08-24,unknown_product,exception
POL001162,PO00249,3,"100% Cotton Knit, Single Jersey, 155 GSM, 72 inches, Ferozi",,Firozi,155,,400,Kilo,308.67,,2026-07-25,new_customer_no_history,medium
POL001163,PO00250,1,110 g/m2/44in/100% PLY/Georgette/Beie,,Begie,110,,~2500,Meters,75.66,,2026-08-28,spelling_errors_and_abbreviations,medium
POL001164,PO00250,2,100% Cotton Corduroy 8 Wale 270 GSM 44 inch Firozi,VRI-8100,Firozi,270,44,600,mts,INR 213.69,,2026-08-08,clean_exact_match,easy
POL001165,PO00250,3,55/45 Linen Cotton Handloom Finish 195 GSM 58 inch Rust,,Rust,195,58,200,Meters,426.05,,2026-08-08,clean_exact_match,easy
POL001166,PO00251,1,100% Cotton Terry Hand Towel 380GSM Charcoal Grey,TAN-6432,Charcoal,380,,~100,Pcs,175.55,,2026-07-27,no_historical_price,medium
POL001167,PO00251,2,150gsm  100% CMBD CCTN  Dobby  -58  Wine,,Wiine,150,,800,M,127.95,,2026-07-27,spelling_errors_and_abbreviations,medium
POL001168,PO00251,3,PLAIN  215 G/M2  W-58  LINEN  ROYAL BLUE,TAN-8867,Royal Blue,215,,150,M,433.0,,2026-07-12,minor_naming_variation,easy
POL001169,PO00251,4,Plain  Royal Blue  58 inch  215 gm  100% Linen,,Royal Blue,215,,400,mts,446.98,,2026-08-01,small_acceptable_price_variation,easy
POL001170,PO00251,5,100% Combed Cotton - Wine - 58 inches - 150 GSM - Dobby,,Wine,150,,600,mts,131.16,,2026-07-12,small_acceptable_price_variation,easy
POL001171,PO00251,6,linen material,,,,,2500,Mtr,431.38,,2026-08-16,ambiguous_product_match,hard
POL001172,PO00251,7,58IN  DOBBY  150 G/M2  COMBED COTTON  WINE,,Wine,150,,200,Mtr,127.73,,2026-08-16,minor_naming_variation,easy
POL001173,PO00251,8,100% Linen Plain 215 GSM 58 inch Royal Blue,,Royal Blue,215,58,2000 approx,mtr,432.18/mtr,,2026-07-27,clean_exact_match,easy
POL001174,PO00251,9,98/2 Cotton Lycra Denim Rigid 300 GSM 63 inch Maroon,TAN-1241,Maroon,300,63,150,M,INR 226.74,,2026-07-22,clean_exact_match,easy
POL001175,PO00251,10,100% Linen  215gsm  58 inch  Plain,,,215,,500,mtr,434.3,,2026-08-01,multiple_possible_sku_matches,hard
POL001176,PO00251,11,Neoprene Bonded Scuba 380 GSM Black,,,,,150,mts,INR 469.88,,2026-08-16,unknown_product,exception
POL001177,PO00251,12,"55/45 POLY WO0L LT PlNK 220 G/M2 58"" 5UlTING ....",,8aby Pink,220,,1200,MTRS,192.37,,2026-07-22,poor_quality_document,hard
POL001178,PO00252,1,"Rigid, 370 gm, Melange Grey, 100% Cotton Denim",,Grey Melange,370,,500,YDS,246.06/mtr,,2026-06-19,wrong_unit_of_measure,exception
POL001179,PO00252,2,100% Cotton Denim Rigid 370 GSM 63 inch Grey Melange,,Grey Melange,370,63,"2,500",MTR,247.30,,2026-07-14,clean_exact_match,easy
POL001180,PO00252,3,100% Cotton Denim Rigid 370 GSM 63 inch Grey Melange,,Grey Melange,370,63,1500 approx,mtr,245.96,,2026-06-14,clean_exact_match,easy
POL001181,PO00252,4,"100% Cotton Denim Rigid 63"" 370GSM Gray Melange",,Mel. Grey,370,,1000,mtr,245.09,,2026-07-14,minor_naming_variation,easy
POL001182,PO00252,5,100% CTN DNM IGID 370 GSM 63 INCHES GRAY MEL,,Grey Melange,370,,~300,MTR,246.18,,2026-06-24,spelling_errors_and_abbreviations,medium
POL001183,PO00252,6,100% Cotton Denim Rigid 370 GSM 63 inch Grey Melange,,Grey Melange,370,63,600,mtr,Rs. 246.76,,2026-06-29,clean_exact_match,easy
POL001184,PO00252,7,DENIM CLOTH 370GSM MEL. GREY,DHR-2099,,,,1200,MTRS,246.44,,2026-06-09,customer_specific_product_code,medium
POL001185,PO00252,8,rigid  370 gm  mel. grey  63'  100% CTN DDDDNMM,,Grey Melang,370,,800,mts,246.25,,2026-06-29,spelling_errors_and_abbreviations,medium
POL001186,PO00252,9,100% Cotton Denim Rigid 370 GSM 63 inch Grey Melange,,Grey Melange,370,63,800,Mtr,247.27,,2026-06-29,clean_exact_match,easy
POL001187,PO00252,10,Grey Melange/370GSM/100% Cotton Denim/63 inches/Rigid,,Off White,370,,150 approx,MTR,246.99,,2026-06-29,incorrect_colour_or_gsm,hard
POL001188,PO00253,1,"100% COTTON KNIT, WAFFLE, 220 GSM, MINT",,Mint,220,,50,kgs,353.57/kg,,2026-07-03,expired_historical_price,medium
POL001189,PO00253,2,100% Cotton Knit Waffle 240 GSM 60 inch Peach,,Peach,240,60,80,Kg,415.75,,2026-07-13,clean_exact_match,easy
POL001190,PO00254,1,"60/40 Cotton Poly Fleece  Loop Terry  325gsm  60""  Navy Blue",,Navy Blue,325,,~400,kgs,344.05,,2026-06-21,small_acceptable_price_variation,easy
POL001191,PO00254,2,"65/35 Poly Cotton, Flannel, 210gsm, Camel",,Camel,210,,800,M,150.63,,2026-06-16,expired_historical_price,medium
POL001192,PO00254,3,fleece cloth 325 gm N.Blue,BHA-1792,,,,100,Kilo,329.13,,2026-07-01,customer_specific_product_code,medium
POL001193,PO00254,4,80/20 PC Blendded Twill 130GSM 63' Prac,,Peach,130,,300,Mtr,80.85,,2026-07-16,spelling_errors_and_abbreviations,medium
POL001194,PO00254,5,100% Polyester Printed Plain 100 GSM 44 inch Baby Pink,,Baby Pink,100,44,800,Mtr,107.17,,2026-06-16,clean_exact_match,easy
POL001195,PO00255,1,58 inches - 275gsm - Cream - 97/3 Cotton Spandex - Drill,,Cream,275,,1000,MTR,207.00,,2026-09-18,minor_naming_variation,easy
POL001196,PO00255,2,97/3 Cotton Spandex Drill 275 GSM 58 inch Cream,,Cream,275,58,150,M,206.37,,2026-09-13,clean_exact_match,easy
POL001197,PO00255,3,"W-58, 97/3 CTN Sppabdrx, Drill, Cream, 275 g/m2",,Creeam,275,,~1000,MTR,INR 206.92,,2026-09-18,spelling_errors_and_abbreviations,medium
POL001198,PO00256,1,"72"" - BRUSHED - GREIGEE RFD - 100% PLY xLEEEC - 240GSM",ADV-7705,Greife RFD,240,,80,KGS,255.13,,2026-06-14,spelling_errors_and_abbreviations,medium
POL001199,PO00256,2,100% Polyester Fleece Brushed 240 GSM 72 inch Greige RFD,ADV-2299,Greige RFD,240,72,300,Kilo,256.50,,2026-06-19,clean_exact_match,easy
POL001200,PO00256,3,97/3 Cotton Spandex Drill 275 GSM 58 inch Cream,,Cream,275,58,1200,M,231.21,,2026-06-24,clean_exact_match,easy
POL001201,PO00257,1,"60/40 Cotton Poly Fleece, Loop Terry, 375 gm, 60 inches, Mustard",,Haldi,375,,400,Kilo,361.46,,2026-07-21,minor_naming_variation,easy
POL001202,PO00257,2,100% Polyester Fleece  Polar  250 GSM  W-60  Peach,,Peach,250,,200,KGS,240.75,,2026-07-06,partial_catalogue_match,medium
POL001203,PO00257,3,"Musturd, Loop Terry, 60/40 Cotton Poly Fleece, 375gsm, 60in",,Mustard,375,,500,Kilo,364.21,,2026-06-21,minor_naming_variation,easy
POL001204,PO00258,1,"60/40 Cotton Poly Fleece, 60 inches, 375gsm, Loop Terry, Firozi",,Firozi,375,,200,Kilo,INR 405.50,,2026-07-04,partial_catalogue_match,medium
POL001205,PO00258,2,Sea Green/Voile/130GSM/60/40 Cotton Poly/44in,,Sea Green,130,,2500,Meters,Rs. 105.26,,2026-06-29,partial_catalogue_match,medium
POL001206,PO00258,3,jersey knit fabric/155 g/m2/Lavender,HAR-7892,,,,50,kgs,353.79 per unit,,2026-07-04,customer_specific_product_code,medium
POL001207,PO00258,4,60/40 Cotton Poly Fleece Polar 375GSM N.Blue,,Navy Blue,375,,,kgs,409.16,As per availability,2026-07-04,missing_quantity,exception
POL001208,PO00259,1,"160GSM, SJ KNIT, DARK GREEN",NAK-9675,,,,500,kgs,326.2,,2026-07-05,customer_specific_product_code,medium
POL001209,PO00259,2,60/40 Cotton Poly Fleece Loop Terry 325 GSM 60 inch Sky Blue,NAK-7195,Sky Blue,325,60,80,Kg,INR 342.07,,2026-06-20,clean_exact_match,easy
POL001210,PO00259,3,60/40 Cotton Poly Fleece Loop Terry 325 GSM 60 inch Sky Blue,NAK-7934,Sky Blue,325,60,400,Kg,342.47,,2026-06-15,clean_exact_match,easy
POL001211,PO00259,4,"95/5 Cotton Lycra Knit, Single Jersey, 155GSM, 60', Sea Green",,Sea Green,155,,100,Kg,203.93/kg,Rate as per last PO,2026-06-15,wrong_price_outside_tolerance,exception
POL001212,PO00259,5,100% Cotton Knit Single Jersey 160 GSM 60 inch Bottle Green,,Bottle Green,160,60,100,Kg,325.73 per unit,,2026-06-10,clean_exact_match,easy
POL001213,PO00259,6,"100% CMBD CTN, Cambray, 130 gm, 58 inches, tL Pink",,Baby Pink,130,,1500,mtr,121.74,,2026-06-15,spelling_errors_and_abbreviations,medium
POL001214,PO00260,1,100% Cotton Knit Single Jersey 160 GSM 60 inch Bottle Green,,Bottle Green,160,60,80,KGS,351.07,,2026-05-16,clean_exact_match,easy
POL001215,PO00260,2,Silk Organza 45 GSM 44 inch Gold,,,,,~50,Kilo,76.50 per unit,,2026-05-16,unknown_product,exception
POL001216,PO00260,3,220 gm Pecah 100% LIN 58 inch Handloom Finish,,Pecah,220,,1000,mtr,437.88,,2026-05-01,spelling_errors_and_abbreviations,medium
POL001217,PO00260,4,TAN-6490 same as last time,TAN-6490,,,,600,MTR,201.30,,2026-05-31,customer_specific_product_code,medium
POL001218,PO00260,5,"97/3 Cotton Spandex Navy Blue 60"" Canvas Bottom 195 GSM",,Navy Blue,195,,300,mtr,166.35,,2026-05-06,partial_catalogue_match,medium
POL001219,PO00260,6,58 inch/modal fabric,,,,,150,Mtr,242.75,,2026-05-16,ambiguous_product_match,hard
POL001220,PO00260,7,98/2 Cotton Lycra Drill 235 GSM 60 inch Maroon,,Maroon,235,60,200,MTR,201.0,,2026-05-11,clean_exact_match,easy
POL001221,PO00260,8,"100% LIN, Handlom Finiah, 220 gm, 58"", Peach",,Peach,220,,2000,MTR,439.19,,2026-05-01,spelling_errors_and_abbreviations,medium
POL001222,PO00261,1,"415gsm, bott1e green, 58', 100% cott0n, army canvas",,Bottle Green,415,,400,mts,227.73 per unit,,2026-08-27,poor_quality_document,hard
POL001223,PO00261,2,100% CTN Terry Face Towel 450gsm Dark Maoro,,Maroon,450,,500,pieces,202.02 per unit,,2026-08-22,spelling_errors_and_abbreviations,medium
POL001224,PO00262,1,CHA-9433 same as last time,CHA-9433,,,,150,Kilo,417.42,,2026-05-26,customer_specific_product_code,medium
POL001225,PO00262,2,W-72 FLEECE CLOTH medium quality,,,,,400,kgs,237.09,,2026-06-30,ambiguous_product_match,hard
POL001226,PO00262,3,nacu gsm 375 60/40 CTN poly fleece polar 72 inches,,avy Blue,375,,250,Kilo,343.29,,2026-06-30,spelling_errors_and_abbreviations,medium
POL001227,PO00263,1,70/30 MODAL COTTON SATIN 105 GM 58 INCH NAVY BLUE,,Nevy Blue,105,,400,mtr,177.53,,2026-04-28,minor_naming_variation,easy
POL001228,PO00263,2,58in/Satin/105 GSM/Navy Blue/70/30 Modal Cotton,,Beige,105,,200,Meters,Rs. 176.79,,2026-05-28,incorrect_colour_or_gsm,hard
POL001229,PO00263,3,tencel type fabric,,,,,~1000,mtr,177.37,,2026-05-08,ambiguous_product_match,hard
POL001230,PO00264,1,"50/50 Poly Cotton, Sheeting, GSM 210, 90"", Beige",,Beige,210,,150,M,Rs. 223.56,,2026-08-21,new_customer_no_history,medium
POL001231,PO00265,1,60/40 Cotton Poly Fleece Loop Terry 325 GSM 60 inch Olive,,Olive,325,60,500 approx,KG,371.67,,2026-06-25,clean_exact_match,easy
POL001232,PO00265,2,GSM 325 Loop Terry 60/40 Cotton Poly Fleece Olive,,Olive,325,,"12,475",KG,Rs. 373.27,,2026-07-10,unusually_large_quantity,exception
POL001233,PO00265,3,LOOP TERRY  60 INCH  60/40 COTTON POLY FLEECE  325 GM  OLIVE,,Olive,325,,200,KGS,Rs. 389.40,,2026-07-15,small_acceptable_price_variation,easy
POL001234,PO00265,4,Turquoise 1x1 Rib 95/5 Cotton Lycra Knit 255 GSM 72in,,Firozi,255,,400 approx,kgs,620.15 per unit,Rate as per last PO,2026-06-30,wrong_price_outside_tolerance,exception
POL001235,PO00265,5,95/5 Cotton Lycra Knit 1x1 Rib 255 GSM 72 inch Firozi,,Firozi,255,72,400,Kg,506.81 per unit,,2026-06-30,clean_exact_match,easy
POL001236,PO00265,6,"98/2 CNT LYCRA, DRILL, 235 GSM, 60"", COFEE",,Coffee Brown,235,,~1500,MTR,Rs. 196.45,,2026-06-25,spelling_errors_and_abbreviations,medium
POL001237,PO00265,7,Ecru 375gsm W-72 Po1ar 60/40 Cotton P01y F1eece ....,,Ecu,,,250,Kg,415.89,,2026-07-15,poor_quality_document,hard
POL001238,PO00265,8,60/40 Cotton Poly Fleece Loop Terry 325 GSM 60 inch Olive,,Olive,325,60,80,KGS,373.25,,2026-07-05,clean_exact_match,easy
POL001239,PO00266,1,97/3  Cofton 5pandex Chino 320 gm 58' Camel,,,,,2500 approx,MTR,218.06,,2026-08-07,poor_quality_document,hard
POL001240,PO00266,2,interlock knit/72 inch,,,,,300,kgs,412.88,,2026-07-18,ambiguous_product_match,hard
POL001241,PO00266,3,100% Combed Cotton Chambray 130 GSM 58 inch Baby Pink,,Baby Pink,130,58,"2,000",MTR,100.04,,2026-07-23,clean_exact_match,easy
POL001242,PO00266,4,60/40 Cotton Poly - Voile - GSM 130 - 44 inches - Greige RFD,,Baby Pink,130,,2500,MTRS,77.94,,2026-08-22,incorrect_colour_or_gsm,hard
POL001243,PO00266,5,98/2 Cotton Lycra Denim Rigid 415 GSM 63 inch Rust,,Rust,415,63,~400,mts,259.35,,2026-08-02,clean_exact_match,easy
POL001244,PO00266,6,GS M310 Peach 63 innch Rigid Poly CTN Denim,,Peach,310,,600,M,Rs. 179.97,,2026-08-22,spelling_errors_and_abbreviations,medium
POL001245,PO00266,7,jeans fabric  GSM 310  Firozi,CHA-6685,,,,1000,Meters,Rs. 177.49,,2026-08-02,customer_specific_product_code,medium
POL001246,PO00266,8,60/40 Cotton Poly Fleece Polar 375 GSM 72 inch Navy Blue,,Navy Blue,375,72,200,Kilo,343.8,,2026-08-02,clean_exact_match,easy
POL001247,PO00267,1,100% Modal Twill 130 GSM 58 inch Baby Pink,,Baby Pink,130,58,"2,500",MTRS,Rs. 215.61,,2026-08-04,clean_exact_match,easy
POL001248,PO00267,2,100% lyocell - satin - 150gsm - 58in - marun,,Dark Maroon,150,,150,MTR,250.25,,2026-08-19,minor_naming_variation,easy
POL001249,PO00267,3,"100% Polyester Sateen GSM 220 44"" Coffee Brown",,Coffee Brown,220,,800,Mtr,Rs. 175.52,,2026-08-19,small_acceptable_price_variation,easy
POL001250,PO00268,1,100% lyocell/satin/105 gm/58'/white,,White,105,,"1,500",MTRS,164.25,,2026-08-02,small_acceptable_price_variation,easy
POL001251,PO00268,2,58' - Satin - White - 100% Lyocell - 105GSM,,White,105,,600,Meters,INR 168.36,,2026-08-12,minor_naming_variation,easy
POL001252,PO00268,3,OJA-4256 - regular quality,OJA-4256,,,,2000,MTRS,168.20,,2026-08-02,customer_specific_product_code,medium
POL001253,PO00268,4,Satin - 100% Lyocell - W-58 - 105 g/m2 - White,OJA-3600,White,105,,400,MTR,222.02,Rate as per last PO,2026-07-23,wrong_price_outside_tolerance,exception
POL001254,PO00268,5,100% Lyocell Satin 105 GSM 58 inch White,,White,105,58,500,Mtr,168.96,,2026-07-23,clean_exact_match,easy
POL001255,PO00269,1,w-58/98/2 cotton lycra denim/350 g/m2/lightweight/navy blue,,Navy Blue,350,,1000,Mtr,233.62,,2026-07-17,small_acceptable_price_variation,easy
POL001256,PO00269,2,98/2 Cotton Lycra Denim Lightweight 350 GSM 58 inch Navy Blue,,Navy Blue,350,58,300,Mtr,243.10,,2026-07-22,clean_exact_match,easy
POL001257,PO00269,3,KRI-4654 - regular quality,KRI-4654,,,,100,kgs,312.78,,2026-08-16,customer_specific_product_code,medium
POL001258,PO00269,4,Lightweight/58 inches/Dark Blue/350 GSM/98/2 Cotton Lycra Denim,,Dark Blue,350,,1500,Mtr,243.4,,2026-08-16,minor_naming_variation,easy
POL001259,PO00270,1,Greige RFD  Voile  W-44  60/40 Cotton Poly  130GSM,,Greige RFD,130,,150,mts,84.68,,2026-05-15,small_acceptable_price_variation,easy
POL001260,PO00270,2,CHINO DARK GREY 58 INCH 210 GM 98/2 COTTON LYCRA,NAK-2413,Charcoal,210,,"1,200",Meters,228.28,,2026-05-20,wrong_price_outside_tolerance,exception
POL001261,PO00270,3,"gsm 150 slub jersey 72"" 100% cotton knit royal blue",,Royal Blue,150,,~250,Kg,320.2,,2026-06-19,small_acceptable_price_variation,easy
POL001262,PO00270,4,100% cotton/canvas bottom/beige/225 gsm,,Beige,225,,150,yds,Rs. 157.80,,2026-05-30,wrong_unit_of_measure,exception
POL001263,PO00270,5,100% Cotton Knit Slub Jersey 150 GSM 72 inch Royal Blue,,Royal Blue,150,72,500,kgs,Rs. 307.89,,2026-05-20,clean_exact_match,easy
POL001264,PO00270,6,100% Lyocell - Twill - 165 gm - Royal Blue,NAK-4098,Royal Blue,165,,-,M,INR 243.06,As per availability,2026-05-30,missing_quantity,exception
POL001265,PO00270,7,BEIG E- 225 G/MM2 - ANVAS BOTTOM - 100% CTN - 58',,Beigge,225,,800,mtr,156.70 per unit,,2026-05-30,spelling_errors_and_abbreviations,medium
POL001266,PO00270,8,100% Cotton Knit Slub Jersey 150 GSM 72 inch Royal Blue,,Royal Blue,150,72,500,KGS,306.51,,2026-06-19,clean_exact_match,easy
POL001267,PO00271,1,100% Polyester Crepe 85 GSM 58 inch Rust,AAR-2787,Rust,85,58,800,MTRS,INR 59.05,,2026-04-26,clean_exact_match,easy
POL001268,PO00271,2,PRINTED PLAIN 100 GM 44 INCHES 100% POLYESTER,,,100,,2000,Mtr,112.9,,2026-05-16,multiple_possible_sku_matches,hard
POL001269,PO00271,3,print base,,,,,300,Mtr,113.31,,2026-04-26,ambiguous_product_match,hard
POL001270,PO00271,4,POLY - 105 GM - 58 INCH - LT PINK - SATIN,AAR-1982,Lt Pink,105,,1200,MTR,80.00,,2026-05-01,minor_naming_variation,easy
POL001271,PO00271,5,95/5 Poly Spandex Sateen 175 GSM 58 inch Ecru,AAR-2721,Ecru,175,58,1000,M,Rs. 143.76,,2026-05-01,clean_exact_match,easy
POL001272,PO00271,6,95/5 Poly Spandex Sateen 205 GSM 58 inch Charcoal,,Charcoal,205,58,800,MTRS,167.99,,2026-05-16,clean_exact_match,easy
POL001273,PO00271,7,100% Linen Plain 215 GSM 58 inch Mustard,,Mustard,215,58,~150,M,422.4,,2026-04-26,clean_exact_match,easy
POL001274,PO00272,1,65/35 Poly Cotton Duck Canvas 295 gm Maroon 63 inches,,Maroon,295,,300,M,184.43 per unit,,2026-05-22,incorrect_colour_or_gsm,hard
POL001275,PO00272,2,w-58  - canvas - lighf pink - gsm 375 - 65/35 po1y coffon,,Baby Pink,,,"2,000",MTR,212.2,,2026-05-27,poor_quality_document,hard
POL001276,PO00272,3,"Bottle Green 98/2 Cotton Lycra Drill 235 GSM 60""",,Bottle Green,235,,400,MTRS,Rs. 191.67,Width to be 44 inch as per last supply,2026-06-11,conflicting_information_in_po,hard
POL001277,PO00273,1,100% Linen Handloom Finish 115 GSM 58 inch Coffee Brown,,Coffee Brown,115,58,150,Meters,250.46,,2026-07-12,clean_exact_match,easy
POL001278,PO00273,2,"100% polyester, georgette, 110 gsm, 44in, mint",,Mint,110,,300,M,67.73,,2026-07-27,small_acceptable_price_variation,easy
POL001279,PO00273,3,100% Combed Cotton Chambray 130 GSM 58 inch Baby Pink,,Baby Pink,130,58,400,MTRS,Rs. 105.69,,2026-07-27,clean_exact_match,easy
POL001280,PO00274,1,"50/50 poly cotton sheeting 180 gsm 108""",,,180,,2500,MTR,228.10,,2026-07-16,multiple_possible_sku_matches,hard
POL001281,PO00274,2,70/30 Poly Cotton Sheer Casement 225 GSM 110 inch Peach,,Peach,225,110,800,mtr,227.14,,2026-06-26,clean_exact_match,easy
POL001282,PO00274,3,"casement fabric, 195GSM, Beige",SAA-4519,,,,150,mtr,Rs. 163.82,,2026-06-21,customer_specific_product_code,medium
POL001283,PO00275,1,Poly Cotton Denim Rigid 310 GSM 63 inch Maroon,,Maroon,310,63,150,Meters,211.75,,2026-08-18,clean_exact_match,easy
POL001284,PO00275,2,100% Cotton Knit 280GSM 72 inch 2x2 Rib,,,280,,300,Kg,457.86,,2026-09-02,multiple_possible_sku_matches,hard
POL001285,PO00275,3,usual material,,,,,250,Kg,,,2026-08-03,malformed_incomplete_order,exception
POL001286,PO00275,4,95/5 Cotton Lycra Knit/Single Jersey/GSM 155/Dark Grey,,Charcoal,155,,-,kgs,INR 318.83,Qty to be confirmed,2026-07-29,missing_quantity,exception
POL001287,PO00275,5,"63in, Stretch, GSM 370, OW, 98/2 Cotton Lycra Denim",,Offwhite,370,,800,mtr,259.68,,2026-08-13,minor_naming_variation,easy
POL001288,PO00275,6,denim cloth normal one,,,,,~300,M,258.80,,2026-08-18,ambiguous_product_match,hard
POL001289,PO00275,7,160 GSM Beige 100% Cotton Knit Melange Jersey,,Beige,160,,400,Mtrs,291.13,,2026-08-03,wrong_unit_of_measure,exception
POL001290,PO00275,8,"72"", 1x1 Rib, Greige RFD, 100% Cotton Knit, 220 g/m2",,Greige RFD,220,,250,Kilo,INR 355.99,,2026-07-29,partial_catalogue_match,medium
POL001291,PO00276,1,"98/2 CTN LLyccra  Chino  210 g/m2  58""  White",,Whhite,210,,600,M,INR 180.04,,2026-07-07,spelling_errors_and_abbreviations,medium
POL001292,PO00276,2,95/5 Viscose Lycra Rayon Slub 135 GSM 44 inch Coffee Brown,,Coffee Brown,135,44,1500,MTRS,114.3,,2026-07-27,clean_exact_match,easy
POL001293,PO00277,1,"100% cotton knit, melange jersey, 160 gsm, 60"", silver grey",,Silver Grey,160,,200,Kilo,INR 291.49,,2026-07-29,partial_catalogue_match,medium
POL001294,PO00277,2,"60/40 Cotton Poly Fleece, Polar, 375GSM, 72 inches, Teal",,Teal,375,,100,KG,Rs. 392.78,,2026-08-08,minor_naming_variation,easy
POL001295,PO00277,3,"Waffle, 100% Cotton Knit, Navy, 240gsm, 60""",,Navy,240,,200,Kilo,381.88,,2026-07-29,minor_naming_variation,easy
POL001296,PO00277,4,Poly CTN Denim - Rigid - Mrun - 310 g/m2 - -63,,Maoon,310,,1500 approx,Meters,210.79,,2026-08-03,spelling_errors_and_abbreviations,medium
POL001297,PO00277,5,2x2 Rib - Coffee Brown - 60' - 230 g/m2 - 100% Cotton Knit,,Coffee Brown,230,,300,KG,Rs. 381.32,,2026-08-03,small_acceptable_price_variation,easy
POL001298,PO00277,6,Drill/195gsm/Cream/100% Cotton,,Cream,195,,1500,MTR,128.04,,2026-08-03,no_historical_price,medium
POL001299,PO00277,7,"poly cotton denim rigid 310gsm 63"" maroon",,Beige,310,,400,MTR,209.74,,2026-08-18,incorrect_colour_or_gsm,hard
POL001300,PO00278,1,Handloom Finish/Silver/160 g/m2/58 inch/55/45 Linen Cotton,,Silver Grey,160,,300,mts,318.90/mtr,,2026-05-02,new_customer_no_history,medium
POL001301,PO00278,2,Melange Jersey 220 gm 95/5 Cotton Lycra Knit 60 inch Camel,,Camel,220,,300,KGS,443.4,,2026-06-01,new_customer_no_history,medium
POL001302,PO00278,3,Sky Blue/Satin/70/30 Modal Cotton/180 g/m2/58in,,Sky Blue,180,,~200,mts,INR 256.41,,2026-05-12,new_customer_no_history,medium
POL001303,PO00278,4,Recycled PET Fleece GRS Certified 300 GSM,,,,,150,KGS,117.85,,2026-06-01,unknown_product,exception
POL001304,PO00278,5,"58""  100% Lyocell  Lavender  GSM 150  Satin",,Lavender,150,,500,Meters,212.55,,2026-05-07,new_customer_no_history,medium
POL001305,PO00279,1,100% Viscose Printed Plain 140 GSM 58 inch Cream,,Cream,140,58,500,mtr,Rs. 149.06,,2026-09-01,clean_exact_match,easy
POL001306,PO00279,2,TEJ-7888 - regular quality,TEJ-7888,,,,"1,200",MTRS,72.11/mtr,,2026-09-06,customer_specific_product_code,medium
POL001307,PO00280,1,58 incehs UPH Jacquard 295gsm hite 70/30 Poly CTN,,Wite,295,,200,MTRS,267.14/mtr,,2026-04-28,spelling_errors_and_abbreviations,medium
POL001308,PO00280,2,SHEER CASEMENT/WINE/70/30 POLY COTTON/215 GM,,Wine,215,,as per stock,MTRS,INR 230.96,,2026-05-08,missing_quantity,exception
POL001309,PO00280,3,70/30 POLY COTTON UPHOLSTERY JACQUARD GSM 295 58' WHITE,,White,295,,200,MTRS,268.43,,2026-05-03,minor_naming_variation,easy
POL001310,PO00280,4,FACE TOWrL/UST/100% CT NTERRY/415GSM,,Ruat,415,,100,pieces,244.31/pc,,2026-05-03,spelling_errors_and_abbreviations,medium
POL001311,PO00280,5,Firozi  Upholstery Jacquard  GSM 295  58'  70/30 Poly Cotton,,Firozi,295,,1500,MTRS,268.78,,2026-04-18,partial_catalogue_match,medium
POL001312,PO00280,6,70/30 Poly Cotton/110 inches/Sheer Casement/GSM 215/Wine,,Wine,215,,300,mts,229.9,,2026-05-03,minor_naming_variation,easy
POL001313,PO00281,1,50/50 Poly Cotton - Percale - 210GSM - Charcoal Grey,,Charcoal,210,,500,mtr,245.35,,2026-07-23,no_historical_price,medium
POL001314,PO00281,2,DUCK FABRIC/58IN,,,,,200 approx,Meters,Rs. 278.51,,2026-07-08,ambiguous_product_match,hard
POL001315,PO00281,3,50/50 Poly Cotton Sheeting 180 GSM 108 inch Off White,,Off White,180,108,200,mtr,226.30,,2026-07-28,clean_exact_match,easy
POL001316,PO00282,1,100% Cotton Canvas Bottom 225 GSM 58 inch Navy Blue,,Navy Blue,225,58,200,MTRS,Rs. 177.92,,2026-09-03,clean_exact_match,easy
POL001317,PO00282,2,NIM-4409 - regular quality,NIM-4409,,,,200 approx,MTRS,179.11,,2026-08-19,customer_specific_product_code,medium
POL001318,PO00282,3,"100% POLYESTER FLEECE - BRUSHED - 285 GM - 72"" - ROYAL BLUE",,Royal Blue,285,,150,KG,Rs. 333.16,,2026-08-04,incorrect_colour_or_gsm,hard
POL001319,PO00282,4,100% Cotton Canvas Bottom 225 GSM 58 inch Navy Blue,,Navy Blue,225,58,1200,mts,178.90,,2026-08-04,clean_exact_match,easy
POL001320,PO00283,1,"Rigid, GSM 310, W-63, Poly Cotton Denim",,,310,,150,mts,210.05,,2026-07-29,multiple_possible_sku_matches,hard
POL001321,PO00284,1,ANA-1567 - regular quality,ANA-1567,,,,200,MTR,Rs. 160.64,,2026-07-23,customer_specific_product_code,medium
POL001322,PO00284,2,"100% COTTON KNIT  WAFFLE  220 G/M2  60""  OLIVE",,Olive,220,,50,Kg,Rs. 447.23,,2026-08-12,incorrect_colour_or_gsm,hard
POL001323,PO00284,3,130 g/m2 Chambray Baby Pink 58' 100% Combed Cotton,ANA-8104,Baby Pink,130,,200 approx,MTRS,129.78,"Ref our mail - actually need Off White, not as written above",2026-08-27,conflicting_information_in_po,hard
POL001324,PO00284,4,370 GSM/Rust/Stretch/63in/98/2 Cotton Lycra Denim,,Rust,370,,"1,200",mtr,292.63,,2026-08-27,minor_naming_variation,easy
POL001325,PO00284,5,100% Combed Cotton Chambray 130 GSM 58 inch Baby Pink,,Baby Pink,130,58,"1,200",mtr,129.67 per unit,,2026-08-02,clean_exact_match,easy
POL001326,PO00284,6,100% Combed Cotton Chambray 130 GSM 58 inch Baby Pink,ANA-6200,Baby Pink,130,58,600,mts,129.75,,2026-08-07,clean_exact_match,easy
POL001327,PO00285,1,"98/2 cotton lycra, drill, 235 gm, bottle green",,Bottle Green,235,,"21,294",Meters,Rs. 193.49,,2026-07-04,unusually_large_quantity,exception
POL001328,PO00286,1,"100% COTTON KNIT WAFFLE 240 GM 60"" MAROON",,Maroon,240,,300,Kg,Rs. 417.81,,2026-06-16,partial_catalogue_match,medium
POL001329,PO00286,2,65/35 Poly Cotton Blended Twill 145 GSM 58 inch Mustard,UTS-5892,Mustard,145,58,~400,MTR,INR 93.23,,2026-06-16,clean_exact_match,easy
POL001330,PO00286,3,95/5 IVS YCRA - RAYON PLAIN - 110 G/M2 - 44IN - RFD,UTS-4284,Greige RFD,110,,200,Meters,71.87,,2026-06-26,spelling_errors_and_abbreviations,medium
POL001331,PO00286,4,"58 inches, 100% Cotton Denim, 310 g/m2, Lightweight, Mustard",,Mustard,310,,2000,mtr,Rs. 194.63,,2026-06-16,partial_catalogue_match,medium
POL001332,PO00286,5,Melange Jersey - White - 60/40 Poly Cotton Knit - 155 gm,,White,155,,150,Kg,269.43,,2026-06-11,no_historical_price,medium
POL001333,PO00286,6,50/50 Poly Cotton Sheeting 180 g/m2 Dark Blue,,Navy Blue,180,,400,Kgs,INR 210.21,,2026-07-16,wrong_unit_of_measure,exception
POL001334,PO00287,1,60 inch/2x2 Rib/100% Cotton Knit/Wine/230GSM,,Wine,230,,~200,Kg,346.59,Please supply in Cream as discussed,2026-08-14,conflicting_information_in_po,hard
POL001335,PO00287,2,100% Cotton Knit Melange Jersey 160 GSM 60 inch Cream,,Cream,160,60,300,KG,INR 301.26,,2026-08-24,clean_exact_match,easy
POL001336,PO00287,3,98/2 Cotton Lycra Denim/Lightweight/350gsm/W-58,,,350,,2500,Meters,242.90,,2026-08-29,multiple_possible_sku_matches,hard
POL001337,PO00287,4,275gsm  58 inch  97/3 Cotton Spandex  Drill,,,275,,2000,mts,211.67,,2026-09-13,multiple_possible_sku_matches,hard
POL001338,PO00287,5,100% CTN KINT Ecru 2x2 Ri 275gsm W-60,VAI-9088,Ecrru,275,,300,KG,Rs. 406.41,,2026-08-19,spelling_errors_and_abbreviations,medium
POL001339,PO00287,6,100% Cotton Knit Melange Jersey 160 GSM 60 inch Cream,,Cream,160,60,80,KGS,Rs. 299.35,,2026-08-09,clean_exact_match,easy
POL001340,PO00287,7,2x2 Rib  60 inch  275GSM  Ecru  100% Cotton Knit,,Ecru,275,,50,KGS,407.58,,2026-09-13,minor_naming_variation,easy
POL001341,PO00288,1,"W-60, Coffee, Twill Suiting, 290 gm, 55/45 Poly Wool",,Coffee Brown,290,,~500,MTR,155.32,Rate confirmed on call,2026-05-11,wrong_price_outside_tolerance,exception
POL001342,PO00288,2,70/30 Poly Cotton  Chenille  380 gm  Sea Green,,Sea Green,380,,13517,mtr,Rs. 299.42,,2026-06-10,unusually_large_quantity,exception
POL001343,PO00288,3,330 gm  Wine  8 Wale  44'  100% Polyester Velvet,,Wine,330,,200,MTRS,264.56/mtr,,2026-05-06,small_acceptable_price_variation,easy
POL001344,PO00288,4,W-60 290gssm Coffee Twill Suiting 55/45 P/W,,Coffee rBown,290,,400,Meters,INR 273.87,,2026-05-21,spelling_errors_and_abbreviations,medium
POL001345,PO00288,5,100% Cotton Knit Single Jersey 155 GSM Firozi,,Firozi,155,,100,Kilo,323.75,,2026-05-16,expired_historical_price,medium
POL001346,PO00288,6,100% Polyester Velvet 8 Wale 330 GSM 44 inch Wine,,Wine,330,44,1500,M,257.16 per unit,,2026-06-10,clean_exact_match,easy
POL001347,PO00288,7,8 Wale 330 mg W-44 100% LPY Velve Wine,,Win,330,,800,mts,257.67,,2026-05-06,spelling_errors_and_abbreviations,medium
POL001348,PO00289,1,50/50 Poly CTN/Bedsheet Fabrriic/180gsm/108'/RFD,MAN-9007,Greige RFD,180,,600,Mtr,190.9,,2026-04-19,spelling_errors_and_abbreviations,medium
POL001349,PO00289,2,Blackout Base  54 inches  Brown Coffee  Poly  GSM 220,MAN-9510,Coffee,220,,150,mts,174.02,,2026-04-14,minor_naming_variation,easy
POL001350,PO00289,3,"Cotton, Duck Canvas, GSM 465, 58 inch, Light Pink",,Light Pink,465,,400,MTRS,264.2,,2026-04-14,minor_naming_variation,easy
POL001351,PO00289,4,70/30 POLY COTTON SHEER CASEMENT 225GSM PEACH,MAN-2682,Peach,225,,~2000,Meters,226.65 per unit,,2026-04-14,expired_historical_price,medium
POL001352,PO00289,5,100% Cotton Terry Face Towel 575 GSM 27x54 inch Beige,MAN-4245,Beige,575,,~100,pc,282.0,,2026-04-29,clean_exact_match,easy
POL001353,PO00290,1,Face Towel - Teal - 100% Cotton Terry - 575 g/m2,,Teal,575,,"2,000",pieces,273.26,"Ref our mail - actually need Olive, not as written above",2026-07-08,conflicting_information_in_po,hard
POL001354,PO00290,2,100% PLY CyRT Jacquard 195gsm 54 inch ust,,Rust,195,,300,MTRS,INR 150.95,,2026-07-08,spelling_errors_and_abbreviations,medium
POL001355,PO00290,3,50/50 Poly Cotton Percale 120 GSM 90 inch Mint,,Mint,120,90,600,MTRS,157.46,,2026-07-03,clean_exact_match,easy
POL001356,PO00290,4,505G5M/ECRU/100% COTT0N TERRY/HAND T0WEL,,,005 ....,,1000,pc,234.88,,2026-07-08,poor_quality_document,hard
POL001357,PO00291,1,95/5 Cotton Lycra Knit Waffle GSM 195 Ferozi,,Firozi,195,,80,kgs,365.5,,2026-04-30,no_historical_price,medium
POL001358,PO00291,2,"97/3 Cotton Spandex 320 gm 58"" Camel Chino",,Camel,320,,1500,MTR,184.9,Rate confirmed on call,2026-05-20,wrong_price_outside_tolerance,exception
POL001359,PO00291,3,RIGID/63IN/300 G/M2/98/2 COTTON LYCRA DENIM/FIROZI,,Ferozi,300,,1200,mts,247.47/mtr,,2026-04-15,minor_naming_variation,easy
POL001360,PO00291,4,pant material - Camel - 320 GSM,GIR-2589,,,,500,M,268.90,,2026-04-25,customer_specific_product_code,medium
POL001361,PO00291,5,97/3 Cotton Spandex Chino 320 GSM 58 inch Camel,,Camel,320,58,200,Mtr,INR 268.77,,2026-04-30,clean_exact_match,easy
POL001362,PO00291,6,FEROZI 63IN 300GSM RIGID 98/2 COTTON LYCRA DENIM,,Firozi,300,,500,mts,249.81,,2026-04-15,minor_naming_variation,easy
POL001363,PO00291,7,97/3 Cotton Spandex Chino 320 GSM 58 inch Camel,,Camel,320,58,300,Mtr,268.18,,2026-05-20,clean_exact_match,easy
POL001364,PO00291,8,"97/3 Cotton Spandex, Camel, 58"", 320 g/m2, Chino",,Camel,320,,800,mts,267.58,Please supply in Ecru as discussed,2026-04-25,conflicting_information_in_po,hard
POL001365,PO00291,9,98/2 Cotton Lycra Denim Rigid 300 GSM 63 inch Firozi,,Firozi,300,63,1000,MTRS,248.07,,2026-04-25,clean_exact_match,easy
POL001366,PO00291,10,98/2 Cotton Lycra Denim Rigid 300 GSM 63 inch Firozi,,Firozi,300,63,200,Mtr,247.40,,2026-04-25,clean_exact_match,easy
POL001367,PO00291,11,"300GSM, Rigid, 98/2 Cotton Lycra Denim, 63'",,,300,,500,Meters,Rs. 248.45,,2026-05-20,multiple_possible_sku_matches,hard
POL001368,PO00292,1,63 inch  Lavender  Rigid  100% Cotton Denim  GSM 370,SAN-9054,Lavender,370,,500,mtr,Rs. 322.29,,2026-06-15,wrong_price_outside_tolerance,exception
POL001369,PO00292,2,100% LYOCELL/SATIN/85GSM/58 INCHES/ROYAL BLUE,,Royal Blue,85,,2000,MTRS,Rs. 168.63,,2026-06-30,incorrect_colour_or_gsm,hard
POL001370,PO00292,3,"70/30 MODAL COTTON, 58IN, 160 GM, PLAIN, FIROZI",SAN-8079,Silver Grey,160,,2500 approx,mtr,270.5,,2026-06-25,incorrect_colour_or_gsm,hard
POL001371,PO00292,4,denim cloth 63 inches,SAN-8819,,,,1500,mtr,267.77,,2026-06-25,ambiguous_product_match,hard
POL001372,PO00293,1,100% Cotton Duck Canvas 390 GSM 63 inch White,,White,390,63,500,mts,223.04,,2026-06-21,clean_exact_match,easy
POL001373,PO00293,2,55/45  Poly Wool - Twi11 5uiting - 290GSM - 60 inches - C0ffee 8rown,,Coffee Brown,,,600,Meters,272.79,,2026-06-16,poor_quality_document,hard
POL001374,PO00293,3,"100% CTN - White - 63"" - suck Camvas - 390GSM",,Whtie,390,,300,M,222.98,,2026-06-16,spelling_errors_and_abbreviations,medium
POL001375,PO00293,4,"TWILL SUITING, 290 GSM, 55/45 POLY WOOL, OFF WHITE, 60""",,Off White,290,,200,mts,274.14,,2026-06-26,partial_catalogue_match,medium
POL001376,PO00293,5,BHA-1841 - regular quality,BHA-1841,,,,1200,MTRS,Rs. 223.49,,2026-06-16,customer_specific_product_code,medium
POL001377,PO00293,6,duck canvas  390gsm  100% c0ff0n  63 inches  white,,White,,,1500,Meters,223.4,,2026-06-26,poor_quality_document,hard
POL001378,PO00293,7,Twill Suifing Coffee Br0wn W-60 6SM 290 55/45 P0ly W0ol,,Coffee Brown,290,,~400,MTRS,273.46,,2026-06-16,poor_quality_document,hard
POL001379,PO00293,8,suiting cloth regular quality,,,,,~300,MTR,273.28,,2026-06-11,ambiguous_product_match,hard
POL001380,PO00293,9,100% Cotton Duck Canvas 390 GSM 63 inch White,,White,390,63,2500,MTR,223.78,,2026-06-21,clean_exact_match,easy
POL001381,PO00293,10,65/35 Poly Cotton Duck Canvas 405 GSM 63in,,,405,,~300,M,Rs. 223.51,,2026-06-21,multiple_possible_sku_matches,hard
POL001382,PO00293,11,suiting - 220 gm - 58 inch - 55/45 poly wool - white,,White,220,,150,mtr,212.98,,2026-06-21,small_acceptable_price_variation,easy
POL001383,PO00293,12,Rust 145GSM 80/20 Poly Cotton 58 inch Poplin,,Rust,145,,600,Mtr,99.82,,2026-06-16,partial_catalogue_match,medium
POL001384,PO00294,1,UTS-5791 same as last time,UTS-5791,,,,600,Meters,160.59,,2026-06-11,customer_specific_product_code,medium
POL001385,PO00295,1,SATIN  110 GSM  GREIGE RFD  100% POLYESTER,,Greige RFD,110,,"2,500",mtr,72.30,,2026-06-22,no_historical_price,medium
POL001386,PO00296,1,Poly Cotton Denim Rigid 310 GSM 63 inch Mustard,,Mustard,310,63,500,M,INR 229.49,,2026-04-30,clean_exact_match,easy
POL001387,PO00296,2,100% COTTON KNIT  WAFFLE  240GSM  60 INCHES  OFF WHITE,ANA-6021,Off White,240,,50,KGS,439.77,,2026-04-25,partial_catalogue_match,medium
POL001388,PO00296,3,CREAM  275 GSM  97/3 COTTON SPANDEX  DRILL,ANA-1123,Cream,275,,600,MTRS,Rs. 207.42,,2026-05-30,no_historical_price,medium
POL001389,PO00296,4,cotton - drill - 195gsm - w-60 - teal,,Teal,195,,200,mts,156.66,,2026-04-30,minor_naming_variation,easy
POL001390,PO00296,5,"100% CMBD CNT, CHAMBARY, LIGHy PINK, 58IN, 130 G/M2",,Baby iPnk,130,,800,Meters,126.60,,2026-05-30,spelling_errors_and_abbreviations,medium
POL001391,PO00296,6,"ROYAL BLUE, 160GSM, 100% COTTON KNIT, SINGLE JERSEY",ANA-6055,Royal Blue,160,,400,kgs,317.32,,2026-05-15,no_historical_price,medium
POL001392,PO00297,1,98/2 Cotton Lycra Chino 210 GSM 58 inch Charcoal,,Charcoal,210,58,300,Mtr,INR 186.87,,2026-05-22,clean_exact_match,easy
POL001393,PO00297,2,210 gm Baby Pink 98/2 Cotton Lycra 58' Chino,,Baby Pink,210,,"1,200",Mtr,Rs. 185.20,,2026-05-22,partial_catalogue_match,medium
POL001394,PO00297,3,98/2 Cotton Lycra/Chino/210GSM/58in/Cream,TAN-8150,Cream,210,,1000,M,185.32,,2026-06-06,partial_catalogue_match,medium
POL001395,PO00298,1,"100% Polyester, Crepe, 110 g/m2, 58in",,,110,,1000,mts,INR 72.61,,2026-08-09,multiple_possible_sku_matches,hard
POL001396,PO00299,1,"Chambray, Black, 130 gm, 100% Combed Cotton, 58'",,Charcoal,130,,200,MTRS,108.85,,2026-05-25,incorrect_colour_or_gsm,hard
POL001397,PO00299,2,"dobby, 58 inches, 100% combed cotton, black, 140 g/m2",,Black,140,,200,MTRS,121.93,,2026-05-15,partial_catalogue_match,medium
POL001398,PO00300,1,100% Cotton Flannel 245 GSM 58 inch Teal,,Teal,245,58,600,MTRS,200.89,,2026-08-10,clean_exact_match,easy
POL001399,PO00300,2,"100% COTTON  58""  BLACK  295 GM  TWILL",,Black,295,,~300,MTR,221.44,,2026-07-31,partial_catalogue_match,medium
POL001400,PO00300,3,"58"" TEAL COTTON 245GSM FLANNEL",,Teal,245,,1000,mts,199.75,,2026-08-10,minor_naming_variation,easy
POL001401,PO00300,4,100% Cotton Flannel 245 GSM 58 inch Teal,,Teal,245,58,600,Meters,Rs. 200.84,,2026-08-30,clean_exact_match,easy
POL001402,PO00300,5,"100% CTN - twill - gns 295 - 58"" - hali",,MMustard,295,,500,Meters,221.52,,2026-07-31,spelling_errors_and_abbreviations,medium
POL001403,PO00300,6,245 G/M2  LAVENDER  FLANNEL  100% COTTON  58 INCHES,,Lavender,245,,1000,MTRS,199.79,,2026-07-31,partial_catalogue_match,medium
POL001404,PO00300,7,gs m245 - flaannel - 100% CTN - w-58 - teal,,Tesl,245,,~300,Meters,Rs. 199.54,,2026-07-26,spelling_errors_and_abbreviations,medium
POL001405,PO00301,1,"195 GSM, 58"", Handloom Finish, Off White, 55/45 Linen Cotton",,Off White,195,,1200,MTR,378.68,,2026-08-17,partial_catalogue_match,medium
POL001406,PO00301,2,"Teal - Sateen - 95/5 Poly Spandex - 58"" - 190GSM",,Teal,190,,150,mts,161.62/mtr,Note: rate agreed for 215 GSM quality,2026-08-22,conflicting_information_in_po,hard
POL001407,PO00302,1,100% Cotton Terry Black 415 gm Face Towel,,Black,415,,750,NOS,Rs. 202.39,,2026-08-22,partial_catalogue_match,medium
POL001408,PO00302,2,"55/45 Poly Wool, Suiting, 220 g/m2, 58in, Ecru",,Ecru,220,,800,M,192.67,Width to be 60 inch as per last supply,2026-08-27,conflicting_information_in_po,hard
POL001409,PO00302,3,100% Polyester Chenille GSM 405 Royal Blue,,Royal Blue,405,,800,mtr,308.1,,2026-08-22,expired_historical_price,medium
POL001410,PO00302,4,100% Cotton Terry Face Towel 415 GSM 16x24 inch Olive,,Olive,415,,1500,NOS,202.27,,2026-09-11,clean_exact_match,easy
POL001411,PO00303,1,"100% Lyocell, Dark Green, Twill, 165 gm",,Bottle Green,165,,150,YDS,275.54,,2026-07-28,wrong_unit_of_measure,exception
POL001412,PO00303,2,"100% Lyocell, Bottle Green, 165 GSM, 58 inches, Twill",,Greige RFD,165,,~2000,Mtr,INR 275.28,,2026-07-28,incorrect_colour_or_gsm,hard
POL001413,PO00303,3,85 gsm crepe fof-whire 58 inch 100% PLY,,Off WWhite,85,,1200,mts,59.29 per unit,,2026-07-18,spelling_errors_and_abbreviations,medium
POL001414,PO00304,1,60/40 Cotton Poly - Cambric - 105 gm - 44 inch - Greige RFD,,Greige,105,,150,mtr,76.82,,2026-06-02,minor_naming_variation,easy
POL001415,PO00305,1,"60in, 100% Cotton Knit, 2x2 Rib, Teal, GSM 230",,Teal,230,,50 approx,KGS,362.0,,2026-07-16,new_customer_no_history,medium
POL001416,PO00305,2,60/40 cotton poly fleece loop terry 375 gm 60 inch beige,,Beige,375,,~250,kgs,344.07,,2026-07-21,new_customer_no_history,medium
POL001417,PO00305,3,100% Cotton - Canvas Bottom - GSM 225 - 58 inches - Bottle Green,,Bottle Green,225,,"2,500",Meters,157.8,,2026-08-20,new_customer_no_history,medium
POL001418,PO00306,1,"80/20 PV, Suitng, 290 g/m2, 60unn, Silver",,iSlver Grey,290,,200,mts,225.72,,2026-08-31,spelling_errors_and_abbreviations,medium
POL001419,PO00306,2,65/35 Poly Cotton/Poplin/GSM 110/58 inches/Royal Blue,,Bottle Green,110,,500,MTR,77.44 per unit,,2026-09-20,incorrect_colour_or_gsm,hard
POL001420,PO00306,3,Blended Shirting  GSM 115  Charcoal  80/20 Poly Cotton  63',,Charcoal,115,,300,mtr,82.71,Note: rate agreed for 90 GSM quality,2026-08-31,conflicting_information_in_po,hard
POL001421,PO00306,4,"80/20 P/suiting/290 gm/60""/lt grey",,Silver Grey,290,,150,mts,INR 225.87,,2026-08-31,spelling_errors_and_abbreviations,medium
POL001422,PO00306,5,Poplin/65/35 Poly Cotton/58'/110 g/m2/Royal Blue,,Royal Blue,110,,1000,mtr,76.98,,2026-09-20,minor_naming_variation,easy
POL001423,PO00306,6,58 inches Royal Blue Poplin 65/35 Poly Cotton 95 gm,,Royal Blue,95,,600,MTR,77.05/mtr,,2026-09-05,incorrect_colour_or_gsm,hard
POL001424,PO00307,1,50/50 Poly Cotton Bedsheet Fabric 180 GSM 108 inch Teal,,Teal,180,108,600,Mtr,260.05,,2026-06-17,clean_exact_match,easy
POL001425,PO00307,2,"Sheer Casement, 70/30 Poly Cotton, 215 gm, Ecru",,Ecru,215,,?,MTRS,212.99,TBC,2026-07-02,missing_quantity,exception
POL001426,PO00307,3,"Sheer Casement, Ecru, 70/30 Poly Cotton, 215 GSM",,Ecru,215,,150,Kgs,Rs. 214.74,,2026-07-22,wrong_unit_of_measure,exception
POL001427,PO00307,4,100% Polyester Chenille W-58 GSM 320,,,320,,1500,mts,283.61 per unit,,2026-06-27,multiple_possible_sku_matches,hard
POL001428,PO00307,5,100% Polyester Blackout Base 160 GSM 54 inch Rust,,Rust,160,54,~500,M,138.72,,2026-06-27,clean_exact_match,easy
POL001429,PO00307,6,100% Cotton - Sheeting - 140 GSM - Beige,,Beige,140,,1000,Mtr,182.81,,2026-06-22,no_historical_price,medium
POL001430,PO00307,7,Duck Canvas/65/35 Poly Cotton/63 inches/465gsm/Lavender,,Lavender,465,,200,mts,Rs. 280.05,,2026-07-02,minor_naming_variation,easy
POL001431,PO00308,1,100% Polyester Fleece Brushed 240 GSM 72 inch Olive,,Olive,240,72,250,KG,Rs. 255.76,,2026-09-15,clean_exact_match,easy
POL001432,PO00308,2,Wool Felt 400 GSM 72 inch Charcoal,,,,,150,KGS,138.34,,2026-09-15,unknown_product,exception
POL001433,PO00308,3,100% Cotton Knit Waffle 240GSM 60in Olive,,Olive,240,,100,KG,396.54,Width to be 54 inch as per last supply,2026-09-10,conflicting_information_in_po,hard
POL001434,PO00308,4,Waffle  60'  lOive  100% CTN KNIT  240 gm,,Olvie,240,,150,KG,394.62,,2026-08-31,spelling_errors_and_abbreviations,medium
POL001435,PO00308,5,Lightweight 255 GSM Sea Green Poly Cotton Denim,SAN-9766,Sea Green,255,,500,KG,174.61,,2026-09-30,wrong_unit_of_measure,exception
POL001436,PO00309,1,60'  DRILL  100% COTTON  MINT  195 GM,,Mint,195,,2500,mts,159.95,,2026-09-14,small_acceptable_price_variation,easy
POL001437,PO00309,2,65/35 Poly Cotton Poplin 140 GSM 58 inch Rust,SUR-4043,Rust,140,58,400,M,107.67,,2026-08-30,clean_exact_match,easy
POL001438,PO00309,3,Wool Felt 400 GSM 72 inch CHARCL,,,,,300,Mtr,245.44,,2026-08-25,unknown_product,exception
POL001439,PO00309,4,100% CTN DDRILL 195 GM 60IN MINT,,Mint,195,,"1,000",MTR,152.74,,2026-08-25,spelling_errors_and_abbreviations,medium
POL001440,PO00309,5,W-58/465 gm/Baby Pink/Duck Canvas/100% Cotton,SUR-8194,Baby Pink,465,,2000,mtr,283.34,"Ref our mail - actually need Firozi, not as written above",2026-08-30,conflicting_information_in_po,hard
POL001441,PO00310,1,110in - casement fabric,,,,,600,MTR,213.17/mtr,,2026-08-05,ambiguous_product_match,hard
POL001442,PO00310,2,50/50 Poly Cotton Bedsheet Fabric 180 GSM 108 inch Teal,,Teal,180,108,400,mts,Rs. 259.11,,2026-07-06,clean_exact_match,easy
POL001443,PO00310,3,50/50 Poly Cotton Bedsheet Fabric 180 GSM 108 inch Teal,,Teal,180,108,"1,500",mtr,INR 260.41,,2026-08-05,clean_exact_match,easy
POL001444,PO00311,1,80/20 Poly Cotton  Blended Shirting  115 gm  Charcoal,,Charcoal,115,,400,mts,82.82,,2026-08-22,expired_historical_price,medium
POL001445,PO00311,2,Suiting 60 inch Silver Grey 290GSM 80/20 Poly Viscose,,Grey Melange,290,,2000,Meters,226.46,,2026-09-21,incorrect_colour_or_gsm,hard
POL001446,PO00311,3,80/20 poly viscose white 235 gsm twill suiting 60 inches,,White,235,,"1,500",MTR,173.31,,2026-08-17,partial_catalogue_match,medium
POL001447,PO00312,1,"100% LY, CURT Jacquard, 54in, Dark Grey, 160 g/m2",,Charcoal,160,,2500,Meters,144.76,,2026-07-14,spelling_errors_and_abbreviations,medium
POL001448,PO00312,2,100% CTN - DUCK CANVAS - 390GSM - 63' - BEIG,,Biege,390,,"1,500",Meters,INR 220.59,,2026-07-04,spelling_errors_and_abbreviations,medium
POL001449,PO00312,3,"Duck Canvas 65/35 Poly Cotton 465gsm 63"" Mint",,Mint,465,,300,MTRS,262.98,,2026-07-29,partial_catalogue_match,medium
POL001450,PO00312,4,3506SM   Dark Maroon  63 inch  Canvas  65/35 Poly C0tfon,,Maroon,,,400,M,INR 204.90,,2026-07-29,poor_quality_document,hard
POL001451,PO00312,5,100% Polyester Curtain Jacquard 160 GSM 54 inch Charcoal,,Charcoal,160,54,"1,200",MTRS,INR 144.25,,2026-07-29,clean_exact_match,easy
POL001452,PO00313,1,100% cotton terry  hand towel  425 gm  ecru,,Ecru,425,,2000,pc,217.58/pc,,2026-07-21,minor_naming_variation,easy
POL001453,PO00313,2,linen cloth,,,,,150,M,473.90,,2026-07-21,ambiguous_product_match,hard
POL001454,PO00313,3,180GSM - 108 inches - 50/50 Poly Cotton - Bedsheet Fabric,,,180,,1200,MTRS,INR 204.28,,2026-07-21,multiple_possible_sku_matches,hard
POL001455,PO00314,1,"54"" curtain cloth normal one",,,,,~150,Meters,INR 170.18,,2026-05-16,ambiguous_product_match,hard
POL001456,PO00314,2,printing cloth  120 g/m2  Wine,ADV-7384,,,,600,MTRS,143.70 per unit,,2026-05-31,customer_specific_product_code,medium
POL001457,PO00314,3,100% Polyester Printed Plain 120 GSM W-58 Wine,,Wine,120,,2000,M,Rs. 149.16,,2026-05-21,small_acceptable_price_variation,easy
POL001458,PO00314,4,"100% lyocell, twill, 165gsm, w-58, olive",,Olive,165,,~500,Meters,157.70,,2026-05-11,wrong_price_outside_tolerance,exception
POL001459,PO00314,5,100% Lyocell Twill 165 GSM 58 inch Olive,,Olive,165,58,200,mts,261.53,,2026-05-16,clean_exact_match,easy
POL001460,PO00314,6,100% Polyester Printed Plain 140 GSM 58 inch Silver Grey,,Silver Grey,140,58,"2,500",mts,165.41,,2026-05-26,clean_exact_match,easy
POL001461,PO00314,7,Olive 165 g/m2 W-58 Twill 100% Lyocell,,Silver Grey,165,,600,MTR,262.45,,2026-06-15,incorrect_colour_or_gsm,hard
POL001462,PO00314,8,"Poplin  58""  140gsm  65/35 Poly Cotton  Ecru",,Ecru,140,,~800,MTR,96.79,,2026-05-21,partial_catalogue_match,medium
POL001463,PO00315,1,PV cloth,,,,,150,mts,277.0,,2026-05-25,ambiguous_product_match,hard
POL001464,PO00315,2,100% Lyocell Twill 165 GSM 58 inch Olive,,Olive,165,58,600,mtr,INR 260.06,,2026-05-15,clean_exact_match,easy
POL001465,PO00316,1,Mel. Grey - Hand Towel - 100% Cotton Terry - GSM 380,,Grey Melange,380,,500,pieces,INR 128.06,Rate confirmed on call,2026-08-27,wrong_price_outside_tolerance,exception
POL001466,PO00316,2,100% Cotton Terry Hand Towel 380 GSM 30x60 inch Grey Melange,,Grey Melange,380,,1500,pc,Rs. 226.17,,2026-08-07,clean_exact_match,easy
POL001467,PO00316,3,"70/30 Poly Cotton, Chenille, 415 gm, 58', Rust",,Rust,415,,~1000,mts,349.35,,2026-08-02,minor_naming_variation,easy
POL001468,PO00317,1,curtain cloth 110 inch,,,,,400,MTRS,207.4,,2026-07-18,ambiguous_product_match,hard
POL001469,PO00318,1,195 gm Firozi Waffle 60 inches 95/5 Cotton Lycra Knit,,Ferozi,195,,400,KGS,INR 399.54,,2026-08-13,minor_naming_variation,easy
POL001470,PO00318,2,98/2 Cotton Lycra Denim  Rigid  415GSM  63 inch,MEG-2260,,415,,1000,mtr,300.59,,2026-07-09,multiple_possible_sku_matches,hard
POL001471,PO00318,3,255 gm/Olive/Poly Cotton Denim/Lightweight,MEG-6933,Olive,255,,500,mtr,162.71,,2026-08-13,no_historical_price,medium
POL001472,PO00318,4,RIB FABRIC - 220GSM - OLIVE,MEG-2384,,,,500,kgs,357.05,,2026-07-24,customer_specific_product_code,medium
POL001473,PO00318,5,95/5 Cotton Lycra Knit Waffle 195 GSM 60 inch Firozi,,Firozi,195,60,50,Kilo,399.09,,2026-07-09,clean_exact_match,easy
POL001474,PO00318,6,100% Cotton Knit 1x1 Rib 220 GSM 72 inch Olive,,Olive,220,72,250,KGS,358.56,,2026-07-24,clean_exact_match,easy
POL001475,PO00319,1,100% Cotton Knit Single Jersey 160 GSM 60 inch Royal Blue,,Royal Blue,160,60,100,Kilo,325.67,,2026-05-23,clean_exact_match,easy
POL001476,PO00319,2,100% cotton knit 160gsm 60' single jersey,,,160,,400,KGS,324.67,,2026-05-18,multiple_possible_sku_matches,hard
POL001477,PO00319,3,Beige linen cloth GSM 220,RAJ-5116,,,,200,MTR,Rs. 375.54,,2026-05-28,customer_specific_product_code,medium
POL001478,PO00319,4,W-63  Peach Poly C0tf0n Denim Rigid 310gsm ###,,Peac5,,,500,MTRS,INR 195.96,,2026-05-23,poor_quality_document,hard
POL001479,PO00320,1,100% Combed Cotton Chambray 130 GSM 58 inch Black,,Black,130,58,500,mts,126.00,,2026-07-08,clean_exact_match,easy
POL001480,PO00320,2,100% Combed Cotton Chambray 130 GSM 58 inch Black,,Black,130,58,1200,M,INR 126.60,,2026-06-28,clean_exact_match,easy
POL001481,PO00320,3,Merino Wool Jersey 180 GSM Navy,,,,,1000,Meters,254.97,,2026-07-03,unknown_product,exception
POL001482,PO00321,1,80/20  P01y Cotton  Pop1in  145gsm  58'  8eige ....,,Beige,145,,1000,Meters,Rs. 99.87,,2026-07-04,poor_quality_document,hard
POL001483,PO00322,1,98/2 COTTON LYCRA DENIM  LIGHTWEIGHT  350GSM  58IN  BROWN COFFEE,,Coffee Brown,350,,1500,MTR,Rs. 231.67,,2026-05-17,new_customer_no_history,medium
POL001484,PO00322,2,"97/3 COTTON SPANDEX, CANVAS BOTTOM, 195 GM, 60', LIGHT PINK",,Baby Pink,195,,800 approx,mts,158.83,,2026-05-27,new_customer_no_history,medium
POL001485,PO00322,3,Recycled PET Fleece GRS Certified 300 GSM,,,,,150,MTR,422.54,,2026-05-07,unknown_product,exception
POL001486,PO00322,4,Kevlar Blend Industrial Fabric 500 GSM,,,,,400 approx,KG,146.39,,2026-05-17,unknown_product,exception
POL001487,PO00323,1,95/5 Poly Spandex - Sateen - 175gsm - 58' - Ecru,,Ecru,175,,400 approx,MTRS,INR 155.26,Width to be 44 inch as per last supply,2026-06-12,conflicting_information_in_po,hard
POL001488,PO00323,2,63 inches canvas cloth regular quality,,,,,600,Meters,282.59,,2026-06-02,ambiguous_product_match,hard
POL001489,PO00323,3,95/5 Poly Spandex Sateen 175GSM 58in Ecru,,Ecru,175,,~200,Meters,Rs. 155.12,,2026-05-28,minor_naming_variation,easy
POL001490,PO00323,4,65/35 Poly Cotton Duck Canvas 465 GSM 63 inch Bottle Green,,Bottle Green,465,63,1200,Mtr,Rs. 280.84,,2026-05-28,clean_exact_match,easy
POL001491,PO00323,5,65/35 Poly Cotton - Duck Canvas - 465gsm - 63' - Bottle Green,,Dark Green,465,,~600,Mtr,282.64,,2026-06-02,minor_naming_variation,easy
POL001492,PO00324,1,Black/44in/Printed Plain/100% Polyester/100 g/m2,AAR-8910,Maroon,100,,500,MTR,113.07,,2026-05-13,incorrect_colour_or_gsm,hard
POL001493,PO00324,2,95/5 Poly Spandex Sateen 205 GSM 58 inch Charcoal,,Charcoal,205,58,200,Mtr,168.24,,2026-05-08,clean_exact_match,easy
POL001494,PO00324,3,100% Polyester Printed Plain 100 GSM 44 inch Black,AAR-7526,Black,100,44,300,MTRS,112.53,,2026-05-18,clean_exact_match,easy
POL001495,PO00324,4,"58""/Plain/Off White/160GSM/70/30 Modal Cotton",,Off White,160,,300,Mtr,225.22,,2026-05-18,partial_catalogue_match,medium
POL001496,PO00324,5,70/30 Modal Cotton Satin 180 GSM 58 inch Lavender,AAR-1772,Lavender,180,58,200,MTR,254.51,,2026-06-07,clean_exact_match,easy
POL001497,PO00324,6,Ecru  Printed PPlain  100% PLY  W-58  140sgm,,Ecru,140,,400,M,139.19,,2026-05-08,spelling_errors_and_abbreviations,medium
POL001498,PO00324,7,SATTIN FABRIC/175GSM/ECRU,AAR-4182,,,,200 approx,mtr,143.44/mtr,,2026-06-07,customer_specific_product_code,medium
POL001499,PO00325,1,80/20 POLY VISCOSE SUITING 250 GM 58IN,MEG-7065,,250,,"2,000",M,199.92,,2026-07-21,multiple_possible_sku_matches,hard
POL001500,PO00325,2,65/35 Poly Cotton/Brushed Twill/170GSM/Light Pink,,Baby Pink,170,,"2,500",M,115.32,,2026-07-01,no_historical_price,medium
POL001501,PO00325,3,"Suiting/58""/250GSM/80/20 Poly Viscose/Turquoise",MEG-5654,Turquoise,250,,1500,M,198.26,,2026-06-21,minor_naming_variation,easy
POL001502,PO00325,4,Suiting 58in 250GSM Charcoal 80/20 Poly Viscose,,Charcoal,250,,2000 approx,MTR,199.25,,2026-06-21,partial_catalogue_match,medium
POL001503,PO00325,5,80/20 Poly Viscose Suiting 250 GSM 58 inch Firozi,,Firozi,250,58,800,mtr,198.17/mtr,,2026-06-26,clean_exact_match,easy
POL001504,PO00325,6,80/20 Poly Viscose Suiting 250 GSM 58 inch Firozi,,Firozi,250,58,600,MTRS,198.77,,2026-06-26,clean_exact_match,easy
POL001505,PO00325,7,80/20 PV Suuiting 250 g/m2 58' Turquise,MEG-2007,Firoxi,250,,2500,M,198.78/mtr,,2026-07-21,spelling_errors_and_abbreviations,medium
POL001506,PO00326,1,"100% Polyester, Crepe, 70 g/m2, 44 inches, Beige",,Beige,70,,150,mtr,53.20,,2026-06-24,minor_naming_variation,easy
POL001507,PO00326,2,gtte fabric 44in,,,,,1000,mtr,53.3,,2026-05-20,ambiguous_product_match,hard
POL001508,PO00326,3,atin/Haldi/70/30 Modal CTN/180gm/58 inches,,Mustard,180,,400,Mtr,289.78,,2026-05-20,spelling_errors_and_abbreviations,medium
POL001509,PO00326,4,ESH-8733 - regular quality,ESH-8733,,,,1200,mts,247.4,,2026-05-25,customer_specific_product_code,medium
POL001510,PO00326,5,58in/6reige  RFD/215 g/m2/100% Cofton Corduroy/8 Wa1e,,6reige  RFD ###,21l ~~,,500,mtr,168.51,,2026-05-20,poor_quality_document,hard
POL001511,PO00326,6,70/30 Modal Cotton Satin 180 GSM 58 inch Mustard,,Mustard,180,58,500,MTRS,289.88,,2026-05-30,clean_exact_match,easy
POL001512,PO00327,1,PRINTED PLAIN/100% POLYESTER/SILVER/140 GM,,Silver Grey,140,,2500,M,INR 141.01,,2026-06-03,no_historical_price,medium
POL001513,PO00327,2,Merino Wool JSY 180 GSM Navy,,,,,2000,MTR,395.91,,2026-06-13,unknown_product,exception
POL001514,PO00327,3,Crepe  W-58  100% Polyester  Maroon  105GSM,,Maroon,105,,~1200,MTR,73.84,,2026-06-03,small_acceptable_price_variation,easy
POL001515,PO00327,4,GSM 215 - W-58 - BLACK - 55/45 LINEN COTTON - PLAIN,,Black,215,,200,Meters,454.04,Width to be 54 inch as per last supply,2026-06-18,conflicting_information_in_po,hard
POL001516,PO00327,5,105 g/2m - Beige - 100% PpY - 58' - Crepe,,Beige,105,,1200,Meters,72.40/mtr,,2026-06-13,spelling_errors_and_abbreviations,medium
POL001517,PO00327,6,PLAbbI - 55/45 LINEN CTN - BLACK - 215GSM - W-58,,Black,215,,"1,500",Mtr,Rs. 457.17,,2026-06-13,spelling_errors_and_abbreviations,medium
POL001518,PO00328,1,upholstery jacquard 54 inch 310gsm 70/30 poly cotton black,,Black,310,,1000 approx,Meters,233.08 per unit,,2026-07-27,minor_naming_variation,easy
POL001519,PO00328,2,Cotton - Flannel - 165 g/m2 - 58 inches - Royal Blue,,Royal Blue,165,,1000,Meters,127.50,,2026-08-21,minor_naming_variation,easy
POL001520,PO00328,3,"95/5 Cotton Lycra Knit, 60 inches, Single Jersey, Greige RFD, GSM 155",,Greige RFD,155,,50,Kilo,INR 302.16,,2026-07-17,small_acceptable_price_variation,easy
POL001521,PO00328,4,55/45 Poly Wool Twill Suiting 230 GSM 58 inch Peach,,Peach,230,58,600,M,192.52,,2026-07-17,clean_exact_match,easy
POL001522,PO00328,5,60in  155GSM  Greige RFD  95/5 Cotton Lycra Knit  Single Jersey,,Greige RFD,155,,500,Kg,Rs. 282.26,,2026-07-17,small_acceptable_price_variation,easy
POL001523,PO00328,6,98/2 cotton lycra  drill  235 g/m2  bottle green,,Bottle Green,235,,500,KG,205.77,,2026-07-22,wrong_unit_of_measure,exception
POL001524,PO00329,1,465 GSM/Duck Canvas/100% Cotton/58'/Royal Blue,,Royal Blue,465,,150,Meters,209.23,,2026-06-20,wrong_price_outside_tolerance,exception
POL001525,PO00330,1,tencel type fabric usual,OOR-1736,,,,200,MTR,223.82,,2026-06-02,ambiguous_product_match,hard
POL001526,PO00330,2,greige rfd - tencel type fabric - 160 gm,OOR-7886,,,,500,MTR,225.34 per unit,,2026-06-07,customer_specific_product_code,medium
POL001527,PO00330,3,Riggid - 63 inches - 98/2 CTN LYC DNM - Peach - 300 hm,,Peachh,300,,"2,000",Mtr,235.90/mtr,,2026-05-23,spelling_errors_and_abbreviations,medium
POL001528,PO00330,4,55/45 Linen Cotton Handloom Finish 195 GSM 58 inch Coffee Brown,OOR-3748,Coffee Brown,195,58,~1200,MTRS,412.9,,2026-06-02,clean_exact_match,easy
POL001529,PO00330,5,55/45 Linen Cotton Handloom Finish 195 GSM 58 inch Coffee Brown,,Coffee Brown,195,58,"1,000",MTR,Rs. 415.96,,2026-05-18,clean_exact_match,easy
POL001530,PO00330,6,98/2 Cotton Lycra Denim Rigid 300 GSM 63 inch Peach,,Peach,300,63,2000,Mtr,Rs. 237.08,,2026-05-28,clean_exact_match,easy
POL001531,PO00330,7,58'  55/45 Linen Cotton  195 g/m2  Coffee  Handloom Finish,OOR-4324,Coffee Brown,195,,1000 approx,MTRS,413.06,,2026-06-02,minor_naming_variation,easy
POL001532,PO00330,8,98/2 CTN LYC DNM/RIGID/300 GSM/63 INCHH/PEACH,,Peach,300,,400,Meters,Rs. 237.12,,2026-05-28,spelling_errors_and_abbreviations,medium
POL001533,PO00331,1,98/2 Cotton Lycra Denim Stretch 370 GSM 63 inch Off White,,Off White,370,63,2500,M,254.93,,2026-08-20,clean_exact_match,easy
POL001534,PO00331,2,2x2 Rib - 230 GSM - Baby Pink - 100% Cotton Knit - 60',,Baby Pink,230,,400,KGS,373.33,Please supply in Coffee Brown as discussed,2026-08-30,conflicting_information_in_po,hard
POL001535,PO00331,3,100% Cotton Knit Waffle 240 GSM 60 inch Olive,,Olive,240,60,200 approx,Kg,INR 374.21,,2026-09-09,clean_exact_match,easy
POL001536,PO00331,4,fleece cloth GSM 375 Teal,NIM-7302,,,,50,KGS,INR 389.97,,2026-08-20,customer_specific_product_code,medium
POL001537,PO00331,5,WW-60 - 100% CTN KNIT - WAFFLE - DARK BLUE - 240 GM,,Navy Blue,240,,400,KG,390.27,,2026-09-24,spelling_errors_and_abbreviations,medium
POL001538,PO00331,6,as per sample given,,,,,~150,Kilo,356.70,,2026-08-30,malformed_incomplete_order,exception
POL001539,PO00331,7,98/2 Cotton Lycra Denim  Stretch  GSM 370  63in,,,370,,200,Meters,257.11 per unit,,2026-08-30,multiple_possible_sku_matches,hard
POL001540,PO00332,1,58in  115gsm  100% LI N handloom fiish  mint,,Miny,115,,150,mts,271.00,,2026-06-10,spelling_errors_and_abbreviations,medium
POL001541,PO00332,2,60/40 Cotton Poly Fleece/Loop Terry/375 GSM/W-60/Silver Grey,,Silver Grey,375,,50,KG,403.37,,2026-05-06,partial_catalogue_match,medium
POL001542,PO00332,3,"58""  130 gm  100% polyester  digital print base  olive",,Olive,130,,2000,Mtr,145.83,,2026-05-16,small_acceptable_price_variation,easy
POL001543,PO00332,4,print base medium quality,,,,,"2,500",Mtr,153.29,,2026-05-26,ambiguous_product_match,hard
POL001544,PO00332,5,58 inches printing cloth,,,,,2500,mtr,152.74,,2026-05-16,ambiguous_product_match,hard
POL001545,PO00332,6,60/40 Cotton Poly Fleece Loop Terry 375 GSM 60 inch Mustard,NIR-4579,Mustard,375,60,200,Kg,INR 403.31,,2026-05-06,clean_exact_match,easy
POL001546,PO00332,7,Mustard 60' Loop Terry 60/40 Cotton Poly Fleece 375GSM,,Mustard,375,,150,Kg,Rs. 421.25,,2026-06-10,small_acceptable_price_variation,easy
POL001547,PO00332,8,Merino Wool Jersey 180 GSM Navy,,,,,400,Mtr,Rs. 241.55,,2026-05-06,unknown_product,exception
POL001548,PO00332,9,"60/40 CTN Ploy Fleece, Loop Terrry, 375 gm, 60 ibches, Mustard",,Mustard,375,,250,Kilo,401.05,,2026-05-21,spelling_errors_and_abbreviations,medium
POL001549,PO00332,10,OLIVE 130 GM DIGITAL PRINT BASE 58 INCH 100% POLYESTER,,Olive,130,,1200 approx,Mtr,153.22 per unit,,2026-05-06,minor_naming_variation,easy
POL001550,PO00333,1,loopknit fabric,,,,,80,KGS,344.54,,2026-05-03,ambiguous_product_match,hard
POL001551,PO00333,2,100% Combed Cotton Chambray 130 GSM 58 inch Baby Pink,NAK-7447,Baby Pink,130,58,300,MTR,INR 122.23,,2026-05-13,clean_exact_match,easy
POL001552,PO00333,3,Poly Cotton Denim Rigid 310 GSM 63 inch Maroon,NAK-9690,Maroon,310,63,~1000,Mtr,209.29,,2026-04-28,clean_exact_match,easy
POL001553,PO00333,4,"Grey Fabric (RFD), 130 g/m2, Voile, 60/40 Cotton Poly",NAK-8848,Greige RFD,130,,150,mts,82.68,,2026-05-28,no_historical_price,medium
POL001554,PO00333,5,63in GSM 310 Rigid Maroon Poly Cotton Denim,,Bottle Green,310,,2500,mtr,208.8,,2026-05-08,incorrect_colour_or_gsm,hard
POL001555,PO00334,1,100% Cotton Knit 2x2 Rib 230 GSM 60 inch Wine,,Wine,230,60,100,KGS,401.76,,2026-08-30,clean_exact_match,easy
POL001556,PO00334,2,2x2 Rib  GSM 230  60in  100% Cotton Knit  Wine,,Wine,230,,~100,KGS,382.7,,2026-09-24,small_acceptable_price_variation,easy
POL001557,PO00334,3,"58"" Lavender 100% Combed Cotton Dobby 150GSM",,Lavender,150,,1200,Mtr,Rs. 143.71,,2026-09-09,partial_catalogue_match,medium
POL001558,PO00335,1,65/35 poly cotton  poplin  110 gm  58 inch  royal blue,,Royal Blue,110,,600,Mtr,74.91,,2026-08-18,small_acceptable_price_variation,easy
POL001559,PO00335,2,55/45 Poly Wool - Twill Suiting - 290 GSM - 60' - White,,White,290,,~2000,mts,283.25,Please supply in Bottle Green as discussed,2026-08-23,conflicting_information_in_po,hard
POL001560,PO00335,3,100% Cotton/Flannel/165 gm/Rust,,Rust,165,,2500,MTR,125.93,,2026-08-08,no_historical_price,medium
POL001561,PO00335,4,98/2 Cotton Lycra White Drill 235GSM,,White,235,,150,Mtr,193.07,,2026-08-03,expired_historical_price,medium
POL001562,PO00335,5,"60"", firozi, 290 g/2, 80/20 PV, suiting",,Fitozi,290,,800,M,Rs. 235.86,,2026-08-03,spelling_errors_and_abbreviations,medium
POL001563,PO00335,6,55/45 Poly Wool Twill Suiting 290 GSM 60 inch White,,White,290,60,150,Mtr,281.54 per unit,,2026-08-13,clean_exact_match,easy
POL001564,PO00336,1,60/40 Cotton Poly Fleece Loop Terry 375 GSM 60 inch Mustard,,Mustard,375,60,200,kgs,388.78,,2026-05-21,clean_exact_match,easy
POL001565,PO00336,2,95/5 Cotton Lycra Knit Waffle 195 GSM 60 inch Cream,,Cream,195,60,80 approx,KGS,369.12 per unit,,2026-06-05,clean_exact_match,easy
POL001566,PO00336,3,GSM 255 - Royal Blue - Poly Cotton Denim - Lightweight,,Royal Blue,255,,200,mts,Rs. 183.90,,2026-06-05,expired_historical_price,medium
POL001567,PO00336,4,100%  C0tfon Knif/2x2 Rib/275 65M/W-60/Teal,,,255,,200,Kilo,449.4,,2026-06-05,poor_quality_document,hard
POL001568,PO00336,5,95/5 Cotton Lycra Knit Waffle 195 GSM 60 inch Cream,,Cream,195,60,50,kgs,Rs. 368.48,,2026-05-11,clean_exact_match,easy
POL001569,PO00336,6,58 INCHES - SILVER GREY - 255 GSM - LIGHTWEIGHT - POLY COTTON DENIM,,Silver Grey,255,,150,mtr,INR 96.97,Rate confirmed on call,2026-05-06,wrong_price_outside_tolerance,exception
POL001570,PO00337,1,royal blue georgette 85gsm 100% polyester,FAL-6136,Royal Blue,85,,1000,Meters,Rs. 62.23,,2026-08-06,no_historical_price,medium
POL001571,PO00337,2,100% Viscose Rayon Crepe 155 GSM 58 inch Maroon,FAL-4292,Maroon,155,58,1500,Mtr,128.43,,2026-07-27,clean_exact_match,easy
POL001572,PO00338,1,100% PLY Velvwt 21 Wale GSM 250 W-44 Musturd,,Mustardd,250,,1000,Meters,INR 195.65,,2026-07-08,spelling_errors_and_abbreviations,medium
POL001573,PO00338,2,"100% Polyester, 220GSM, Coffee Brown, Sateen",,Coffee Brown,220,,800 approx,mtr,146.14,,2026-07-23,no_historical_price,medium
POL001574,PO00338,3,55/45  p0ly w0o1 - suifing - 220 g/m2 - w-58 - b0ttle green ....,,,,,600,MTRS,211.13,,2026-07-23,poor_quality_document,hard
POL001575,PO00338,4,100% Polyester Blackout Base 160 GSM 54 inch Mustard,,Mustard,160,54,2500,mtr,INR 132.76,,2026-07-08,clean_exact_match,easy
POL001576,PO00338,5,95/5  C0ft0n Lycra Knif/1x1 Rib/255 g/m2/72'/Musfard,,,,,100,kgs,493.89,,2026-07-13,poor_quality_document,hard
POL001577,PO00339,1,Rigid - 63 inches - 300 fSM - Dark Maroon - 98/2 CTN LYYC DNM,TAN-8365,Mroon,300,,1000,MTRS,228.19/mtr,,2026-07-31,spelling_errors_and_abbreviations,medium
POL001578,PO00339,2,80/20 Poly Cotton/Blended Shirting/115 GSM/Musturd,,Mustard,115,,~400,mts,INR 76.75,,2026-08-05,expired_historical_price,medium
POL001579,PO00339,3,"150GSM, W-58, 100% Combed Cotton, Dobby",,,150,,2500,MTR,127.67,,2026-07-31,multiple_possible_sku_matches,hard
POL001580,PO00339,4,100% Linen/Plain/215 GSM/W-58/Royal Blue,TAN-3212,Royal Blue,215,,400,Mtr,430.55,,2026-08-10,minor_naming_variation,easy
POL001581,PO00339,5,100% LINEN - PLAIN - 215GSM - 58 INCH - COFFEE BROWN,,Coffee Brown,215,,200,MTRS,Rs. 430.99,,2026-08-05,partial_catalogue_match,medium
POL001582,PO00339,6,"100% Linen, Plain, 215 GSM, 58in, Royal Blue",,Royal Blue,215,,2500,Mtr,432.33,Note: rate agreed for 255 GSM quality,2026-07-31,conflicting_information_in_po,hard
POL001583,PO00340,1,Dark Grey GSM 140 100% Cotton Sheeting,,Charcoal,140,,500,MTR,193.56 per unit,,2026-04-27,expired_historical_price,medium
POL001584,PO00340,2,100% Polyester Chenille 350GSM 58in Peach,,Peach,350,,1000,Mtr,267.55,,2026-05-07,incorrect_colour_or_gsm,hard
POL001585,PO00340,3,100% Polyester  Blackout Base  220GSM  Coffee,,Coffee Brown,220,,~200,mts,161.39,,2026-04-17,expired_historical_price,medium
POL001586,PO00341,1,"58 inches, 130GSM, Sky Blue, Digital Print Base, 100% Polyester",FAL-4887,Sky Blue,130,,200,Meters,Rs. 132.83,Rate confirmed on call,2026-08-21,wrong_price_outside_tolerance,exception
POL001587,PO00341,2,"58 inches, rayon cloth",,,,,200,Meters,INR 127.67,,2026-08-21,ambiguous_product_match,hard
POL001588,PO00341,3,S. Blue  70/30 Modal Cotton  Plain  160gsm,,Sky Blue,160,,300,Meters,231.19,,2026-08-01,no_historical_price,medium
POL001589,PO00342,1,100% LYO Sati 150 SGM 58iin Peach,,Paech,150,,500,Meters,230.20,,2026-08-01,spelling_errors_and_abbreviations,medium
POL001590,PO00342,2,100% Cotton Knit Melange Jersey 200 GSM 72 inch Silver Grey,,Silver Grey,200,72,200,Kilo,400.68,,2026-08-01,clean_exact_match,easy
POL001591,PO00342,3,"100% Linen, Handloom Finish, 220 g/m2, 58 inch, Beige",,Beige,220,,1000,MTR,434.09,,2026-08-11,minor_naming_variation,easy
POL001592,PO00342,4,Jute Hessian Cloth 280 GSM 40 inch Natural,,,,,100,Kilo,283.56,,2026-08-01,unknown_product,exception
POL001593,PO00343,1,100% Linen/Handloom Finish/GSM 115/Firozi,,Firozi,115,,500,mts,Rs. 236.16,,2026-06-10,no_historical_price,medium
POL001594,PO00343,2,105GSM - Rayon Slub - 58' - Off White - 95/5 Viscose Lycra,,Peach,105,,2500,mts,87.6,,2026-06-30,incorrect_colour_or_gsm,hard
POL001595,PO00343,3,405GSM  duck fabric  Peach,OJA-5760,,,,400,Mtr,221.61/mtr,,2026-06-10,customer_specific_product_code,medium
POL001596,PO00343,4,Royal Blue - 100% Combed Cotton - 140gsm - Dobby,,Royal Blue,140,,800,mtr,112.13,,2026-07-15,no_historical_price,medium
POL001597,PO00343,5,"w-58, 100% polyester, 95gsm, crepe, ecru",,Ecru,95,,500,mts,72.66,,2026-06-20,incorrect_colour_or_gsm,hard
POL001598,PO00344,1,"100% Cotton Corduroy, 8 Wale, 215 GSM, 58 inches, Cream",,Cream,215,,~1000,M,162.55/mtr,,2026-04-25,minor_naming_variation,easy
POL001599,PO00344,2,100% Cotton Corduroy 8 Wale 215 GSM 58 inch Cream,TAN-7845,Cream,215,58,~400,MTR,Rs. 163.29,,2026-04-25,clean_exact_match,easy
POL001600,PO00344,3,375 g/m2/60/40 Cotton Poly Fleece/Wine/Loop Terry,,Wine,375,,~300,Mtrs,371.13,,2026-04-20,wrong_unit_of_measure,exception
POL001601,PO00344,4,"100% Combed Cotton 150 gm 58"" Dobby",,,150,,1000,mtr,126.72,,2026-04-20,multiple_possible_sku_matches,hard
POL001602,PO00344,5,linen material,,,,,800,Meters,431.17,,2026-04-25,ambiguous_product_match,hard
POL001603,PO00344,6,60/40 Cotton Poly Fleece GSM 345 Polar Grey Melange 72 inches,,Grey Melange,345,,80,KGS,356.17,,2026-04-30,incorrect_colour_or_gsm,hard
POL001604,PO00345,1,100% Cotton Knit Melange Jersey 160 GSM 60 inch Cream,,Cream,160,60,200,KGS,Rs. 315.82,,2026-08-13,clean_exact_match,easy
POL001605,PO00345,2,"100% Cotton Knit, 160 gm, Melange Jersey, Cream, 60 inch",,Cream,160,,100,Kilo,INR 181.03,Rate as per last PO,2026-08-23,wrong_price_outside_tolerance,exception
POL001606,PO00345,3,100% Cotton Knit/Melange Jersey/160 GSM/Cream,,Cream,160,,9728,Kilo,316.21,,2026-08-23,unusually_large_quantity,exception
POL001607,PO00345,4,Charcoal/98/2 Cotton Lycra/210 g/m2/Chino,,Charcoal,210,,150,Meters,Rs. 177.23,,2026-08-18,expired_historical_price,medium
POL001608,PO00345,5,Mustard Crepe 58 inch 100% Polyester 110 GSM,,Mustard,110,,300,MTR,Rs. 72.87,,2026-09-17,partial_catalogue_match,medium
POL001609,PO00345,6,"100% Cotton Knit - Melange Jersey - 160gsm - 60"" - Cream",,Cream,160,,80 approx,kgs,441.97,Rate as per last PO,2026-08-13,wrong_price_outside_tolerance,exception
POL001610,PO00345,7,"White,  Melange Jersey, 100% C0fton Knit, 72 inch, 200gsm",,Whife,,,150,kgs,372.12,,2026-08-13,poor_quality_document,hard
POL001611,PO00345,8,SEA GREEN - 380 G/M2 - 70/30 POLY COTTON - CHENILLE,,Sea Green,380,,1200,M,278.7,,2026-08-28,no_historical_price,medium
POL001612,PO00345,9,100% Polyester - Crepe - 58in - 85 GSM,,,85,,150,MTR,INR 61.99,,2026-08-18,multiple_possible_sku_matches,hard
POL001613,PO00345,10,160 g/m2/melange jersey/60in/cream/100% cotton knit,,Cream,160,,~80,Kilo,Rs. 317.05,Note: rate agreed for 185 GSM quality,2026-09-02,conflicting_information_in_po,hard
POL001614,PO00345,11,Cream - 100% Cotton Knit - Melange Jersey - 60 inch - 160GSM,,Cream,160,,~200,KGS,315.53/kg,,2026-08-18,minor_naming_variation,easy
POL001615,PO00346,1,NIR-7906 - regular quality,NIR-7906,,,,200,MTR,Rs. 66.84,,2026-05-09,customer_specific_product_code,medium
POL001616,PO00346,2,58 INCHES OFF WHITE 100% POLYESTER CHIFFON 85GSM,NIR-2428,Beige,85,,1000,MTRS,Rs. 70.19,,2026-05-29,incorrect_colour_or_gsm,hard
POL001617,PO00347,1,pant material,,,,,2500 approx,MTRS,167.51,,2026-09-12,ambiguous_product_match,hard
POL001618,PO00347,2,"100% xTN, CANVAS BOTrOM, GSM 225, 58 INCH, NAVY",,Navy Blue,225,,300,Mtr,169.89,,2026-09-12,spelling_errors_and_abbreviations,medium
POL001619,PO00347,3,MODAL FABRIC,,,,,2500,mts,251.28/mtr,,2026-08-23,ambiguous_product_match,hard
POL001620,PO00348,1,105gsm offwhite 95/5 viscose lycra 58 inch rayon slub,,Off White,105,,300,mts,64.96 per unit,,2026-06-19,wrong_price_outside_tolerance,exception
POL001621,PO00348,2,100% Viscose Printed Plain 90 GSM 58 inch Mustard,,Mustard,90,58,800,M,110.53,,2026-05-15,clean_exact_match,easy
POL001622,PO00348,3,linen cloth usual,,,,,1500,M,INR 421.50,,2026-05-25,ambiguous_product_match,hard
POL001623,PO00348,4,100% VIIS/PRT Plain/90gsm/58'/Mustur,,Mustard,90,,~400,mts,110.05,,2026-05-25,spelling_errors_and_abbreviations,medium
POL001624,PO00349,1,80/20 Poly Viscose Suiting 290 GSM 60 inch Firozi,,Firozi,290,60,600,Mtr,237.42,,2026-08-14,clean_exact_match,easy
POL001625,PO00349,2,"Ferozi, 290 GSM, 80/20 PV, Suiing, 60 inch",,Firozi,290,,200,M,236.22,,2026-08-04,spelling_errors_and_abbreviations,medium
POL001626,PO00349,3,80/20 Poly Viscose - Suiting - 290 gm - 60in - Firozi,,Firozi,290,,400,MTR,244.96,,2026-07-30,small_acceptable_price_variation,easy
POL001627,PO00349,4,100% Hemp Canvas 320 GSM 58 inch Natural,,,,,500,MTRS,150.02 per unit,,2026-08-09,unknown_product,exception
POL001628,PO00349,5,80/20 Poly Viscose Suiting 290 GSM 60 inch Firozi,,Firozi,290,60,1200,M,236.61,,2026-08-19,clean_exact_match,easy
POL001629,PO00349,6,65/35 POLY COTTON - BLENDED TWILL - 145 G/M2 - LAVENDER,,Lavender,145,,300,Meters,95.05,,2026-09-03,expired_historical_price,medium
POL001630,PO00349,7,"twill suiting, 55/45 poly wool, 290 gm, royal blue, 60in",,Royal Blue,290,,150,Mtr,282.93,,2026-08-14,partial_catalogue_match,medium
POL001631,PO00349,8,80/20 Poly Viscose Suiting 290 GSM 60 inch Firozi,,Firozi,290,60,800,mtr,235.3,,2026-08-14,clean_exact_match,easy
POL001632,PO00349,9,55/45 Poly Wool Twill Suiting 290 GSM 60 inch White,,White,290,60,500,MTRS,282.99,,2026-08-04,clean_exact_match,easy
POL001633,PO00349,10,suiting cloth regular quality,,,,,2500,MTRS,282.6,,2026-09-03,ambiguous_product_match,hard
POL001634,PO00349,11,"White, TTwill Suiting, 55/45 P/W, 60"", 290 g",,xhite,290,,500 approx,MTR,281.93 per unit,,2026-08-19,spelling_errors_and_abbreviations,medium
POL001635,PO00349,12,CANVAS 65/35 POLY COTTON 350GSM DARK MAROON,,Maroon,350,,300,Mtr,194.59 per unit,,2026-09-03,no_historical_price,medium
POL001636,PO00350,1,aRyon Plain  Dark Grey  44in  GSM 110  95/5 VIS Lycea,VRI-3343,Charcoall,110,,600,M,91.17,,2026-04-27,spelling_errors_and_abbreviations,medium
POL001637,PO00350,2,100% Polyester Lining Twill 70 GSM 36 inch Grey Melange,,Grey Melange,70,36,2000,MTRS,46.51,,2026-05-17,clean_exact_match,easy
POL001638,PO00350,3,crepe  100% polyester  70 g/m2  firozi  44in,,Firozi,70,,800,mtr,52.70,,2026-06-01,partial_catalogue_match,medium
POL001639,PO00350,4,Grey Melange - 100% Polyester - 36' - Lining Twill - 70GSM,,Grey Melange,70,,200,mtr,45.0,,2026-05-02,small_acceptable_price_variation,easy
POL001640,PO00350,5,100% Polyester/110GSM/44 inches/Georgette/Beige,,Beige,110,,400,mts,75.41,"Ref our mail - actually need Mustard, not as written above",2026-05-07,conflicting_information_in_po,hard
POL001641,PO00350,6,POLY COTTON DENIM LIGHTWEIGHT 255 GM 58' SEA GREEN,,Sea Green,255,,1000,Mtr,172.11,,2026-06-01,minor_naming_variation,easy
POL001642,PO00351,1,Light Pink 230 g/m2 2x2 Rib 100% Cotton Knit,,Baby Pink,230,,100 approx,kgs,362.08,,2026-05-06,no_historical_price,medium
POL001643,PO00351,2,100% Polyester Fleece 305gsm Brushed Royal Blue 72in,,Royal Blue,305,,100,KGS,Rs. 333.24,Note: rate agreed for 285 GSM quality,2026-05-21,conflicting_information_in_po,hard
POL001644,PO00352,1,GSM 210 Mint 98/2 TCN Lycra 58 inches Chino,,Mimt,210,,500,M,166.58 per unit,,2026-05-19,spelling_errors_and_abbreviations,medium
POL001645,PO00352,2,100% LINEN PLAIN GSM 215 58 INCH ROYAL BLUE,,Royal Blue,215,,~2000,M,Rs. 434.97,,2026-05-09,minor_naming_variation,easy
POL001646,PO00352,3,100% COTTON - DRILL - 195 GSM - 60 INCHES - CREAM,,Cream,195,,1200,Mtr,INR 152.64,,2026-06-13,small_acceptable_price_variation,easy
POL001647,PO00353,1,98/2 Cotton Lycra Drill 235 GSM 60 inch Coffee Brown,,Coffee Brown,235,60,400,MTRS,188.5,,2026-06-14,clean_exact_match,easy
POL001648,PO00353,2,fleece cloth  305GSM  Coffee Brown,RAN-8435,,,,200,Kilo,Rs. 346.58,,2026-07-04,customer_specific_product_code,medium
POL001649,PO00353,3,"155 gm, Single Jersey, 95/5 Cotton Lycra Knit, Dark Grey",,Charcoal,155,,~200,KG,Rs. 341.63,,2026-06-19,expired_historical_price,medium
POL001650,PO00353,4,"97/3 Cotton Spandex, Beige, W-60, Canvas Bottom, 195gsm",,Beige,195,,300,MTRS,153.90,,2026-06-04,small_acceptable_price_variation,easy
POL001651,PO00353,5,Canvas Bottom - 97/3 Cotton Spandex - 60' - Sea Green - 195 gm,,Sea Green,195,,2500,mtr,176.85,,2026-05-30,minor_naming_variation,easy
POL001652,PO00354,1,350 g/m2  Wine  98/2 Cotton Lycra Denim  W-58  Lightweight,,Wine,350,,1500,Mtr,262.09,,2026-07-12,minor_naming_variation,easy
POL001653,PO00354,2,"255GSM, 58"", Lightweight, Poly Cotton Denim, Lavender",,Lavender,255,,300,M,176.33,,2026-07-12,partial_catalogue_match,medium
POL001654,PO00354,3,100% Polyester Fleece - Brushed - GSM 305 - 72' - Royal Blue,,Royal Blue,305,,150,KG,334.44,,2026-06-12,minor_naming_variation,easy
POL001655,PO00354,4,98/2 Cotton Lycra Denim Lightweight GSM 350 58 inch Wine,,Wine,350,,1000 approx,Meters,INR 273.11,,2026-06-22,small_acceptable_price_variation,easy
POL001656,PO00354,5,"100% Polyester Fleece, Brushed, 305GSM, 72'",,,305,,150,Kilo,Rs. 331.43,,2026-07-12,multiple_possible_sku_matches,hard
POL001657,PO00354,6,100% Polyester Fleece  Brushed  305 gm  72',,,305,,50,Kilo,331.57,,2026-06-22,multiple_possible_sku_matches,hard
POL001658,PO00354,7,95/5 Cotton Lycra Knit Waffle 195 GSM 60 inch Cream,,Cream,195,60,400,kgs,Rs. 369.18,,2026-06-27,clean_exact_match,easy
POL001659,PO00355,1,98/2 Cotton Lycra Denim/Stretch/370 GSM/Off White,TAN-3358,Off White,370,,4868,MTRS,Rs. 246.72,,2026-07-09,unusually_large_quantity,exception
POL001660,PO00355,2,98/2 Cotton Lycra Chino 210 GSM 58 inch Charcoal,TAN-1112,Charcoal,210,58,800,mtr,185.76,,2026-07-04,clean_exact_match,easy
POL001661,PO00355,3,97/3 Cotton Spandex Canvas Bottom 195 GSM 60 inch Beige,TAN-3287,Beige,195,60,1200,mts,155.85,,2026-07-19,clean_exact_match,easy
POL001662,PO00355,4,Linen/Handloom Finish/220GSM/58 inches/Off-White,,OW,220,,600,mts,432.57,,2026-07-09,minor_naming_variation,easy
POL001663,PO00356,1,100% Linen Handloom Finish 115 GSM 58 inch Mint,NIR-4883,Mint,115,58,1200 approx,M,271.02,,2026-05-01,clean_exact_match,easy
POL001664,PO00356,2,MINNT - HANDLOOM FINISH - 58 INC H- 100% LIN - 115GSM,,Mint,115,,2500,MTRS,269.87,,2026-05-01,spelling_errors_and_abbreviations,medium
POL001665,PO00356,3,100%  Po1yesfer Digital Prinf Base 130 6SM W-58 Olive,,,130,,"1,500",Meters,153.17,,2026-05-01,poor_quality_document,hard
POL001666,PO00356,4,"100% POLYESTER 130GSM DIGITAL PRINT BASE 58""",,,130,,1200 approx,M,152.33,,2026-05-01,multiple_possible_sku_matches,hard
POL001667,PO00356,5,100% Linen Handloom Finish 115 GSM 58 inch Mint,,Mint,115,58,1500,Mtr,269.42,,2026-05-26,clean_exact_match,easy
POL001668,PO00356,6,100% Linen Handloom Finish 115 GSM 58 inch Mint,,Mint,115,58,~500,M,271.15,,2026-05-01,clean_exact_match,easy
POL001669,PO00356,7,100% LINEN/HANDLOOM FINISH/115 GM/58IN/MINT,NIR-7550,Mint,115,,2000,Mtr,271.00,,2026-05-06,minor_naming_variation,easy
POL001670,PO00356,8,"O1ive,  100% Polyesfer, G5M 130, Digital Print 8ase, 58""",,0live,138 ###,,1500,MTR,153.16/mtr,,2026-05-06,poor_quality_document,hard
POL001671,PO00356,9,as per our code NIR-5428,NIR-5428,,,,150,Kg,Rs. 402.00,,2026-05-01,customer_specific_product_code,medium
POL001672,PO00356,10,100% Cotton Sheeting 140gsm Navy Blue,NIR-8891,Navy Blue,140,,150,Mtr,200.72,,2026-05-06,expired_historical_price,medium
POL001673,PO00357,1,100% CTN KNT  2x2 iRb  230 GMS  60 inches  Teal,VAS-1408,Tela,230,,200,Kilo,INR 418.31,,2026-06-12,spelling_errors_and_abbreviations,medium
POL001674,PO00357,2,55/45 Poly Wool Twill Suiting 230 GSM 58 inch Sky Blue,VAS-7904,Sky Blue,230,58,1500,Mtr,210.70,,2026-06-17,clean_exact_match,easy
POL001675,PO00357,3,100% Cotton Knit 2x2 Rib 230 GSM 60 inch Teal,,Teal,230,60,100,kgs,420.31,,2026-06-17,clean_exact_match,easy
POL001676,PO00357,4,55/45 Poly Wool Twill Suiting 230 GSM 58 inch Sky Blue,VAS-9458,Sky Blue,230,58,2000,mts,209.81,,2026-06-07,clean_exact_match,easy
POL001677,PO00357,5,55/45 P/W/wTill Suiing/230 g/m2/58 inch/Lihht Blue,,Sky lBue,230,,600,M,209.99,,2026-06-07,spelling_errors_and_abbreviations,medium
POL001678,PO00357,6,230gsm/w-58/twill suiting/s. blue/55/45 poly wool,,Sky Blue,230,,2500,mtr,254.43 per unit,Rate as per last PO,2026-06-02,wrong_price_outside_tolerance,exception
POL001679,PO00357,7,TWILL SUITING - 58 INCH - 55/45 POLY WOOL - S. BLUE - 230 GSM,,Sky Blue,230,,200,M,210.85,,2026-06-17,minor_naming_variation,easy
POL001680,PO00357,8,55/45 Poly Wool Twill Suiting 230 g/m2 58 inch Sky Blue,,S. Blue,230,,200,Mtr,210.78,,2026-06-12,minor_naming_variation,easy
POL001681,PO00358,1,80/20 Poly Cotton Poplin 145 GSM 58 inch Mint,,Mint,145,58,400,Meters,107.26,,2026-08-20,clean_exact_match,easy
POL001682,PO00358,2,70/30 Poly Viscose Twill Suiting 240 GSM 60 inch Firozi,,Firozi,240,60,"1,000",mts,201.86,,2026-08-20,clean_exact_match,easy
POL001683,PO00358,3,65/35 Poly Cotton Canvas 375 g/m2 58in Greige RFD,,Teal,375,,~150,Meters,210.2,,2026-07-26,incorrect_colour_or_gsm,hard
POL001684,PO00358,4,80/20 Poly Cotton Blended Shirting 115 GSM Cream,,Cream,115,,2500,Mtr,78.32,,2026-08-20,no_historical_price,medium
POL001685,PO00358,5,"70/30 PV, 60 incxe, firozi, twill suiting, 240gsm",,Firrozi,240,,500,MTR,INR 202.01,,2026-07-21,spelling_errors_and_abbreviations,medium
POL001686,PO00358,6,80/20 Poly Cotton Poplin 145 GSM 58 inch Mint,,Mint,145,58,800,MTRS,107.49,,2026-08-20,clean_exact_match,easy
POL001687,PO00358,7,80/20 Poly Cotton Poplin 145 GSM 58 inch Mint,,Mint,145,58,400,MTRS,106.75,,2026-08-20,clean_exact_match,easy
POL001688,PO00359,1,Nylon Ripstop 110 GSM 60 inch Olive,,,,,400,MTR,209.87,,2026-06-27,unknown_product,exception
POL001689,PO00359,2,100% Combed Cotton Oxford 160 GSM 44 inch Royal Blue,,Royal Blue,160,44,2500,mtr,Rs. 136.98,,2026-06-07,clean_exact_match,easy
POL001690,PO00359,3,TENCEL TYPE FABRIC,,,,,1000,M,INR 243.85,,2026-06-27,ambiguous_product_match,hard
POL001691,PO00359,4,t-shirt knit,,,,,250,Kg,349.32/kg,,2026-07-12,ambiguous_product_match,hard
POL001692,PO00359,5,95/5 Cotton Lycra Knit Single Jersey 155 GSM 60 inch Greige RFD,,Greige RFD,155,60,80,Kilo,302.80,,2026-06-12,clean_exact_match,easy
POL001693,PO00360,1,linen material  215 g/m2  n.blue,MAN-9805,,,,500,MTRS,457.9,,2026-05-17,customer_specific_product_code,medium
POL001694,PO00360,2,415gsm  98/2 Cotton Lycra Denim  63 inches  Charcoal  Rigid,,Charcoal,415,,"2,500",MTRS,290.17,,2026-06-21,small_acceptable_price_variation,easy
POL001695,PO00360,3,jersey knit fabric,,,,,250,KGS,Rs. 307.04,,2026-06-01,ambiguous_product_match,hard
POL001696,PO00361,1,100% Lyocell Twill 58 inches 165 g/m2 Olive,,Olive,165,,150,MTR,222.08,,2026-08-06,new_customer_no_history,medium
POL001697,PO00361,2,Handloom Finish/Offwhite/100% Linen/220 gm/58 inches,,Off White,220,,2500,MTRS,369.52,,2026-07-17,new_customer_no_history,medium
POL001698,PO00361,3,58'  Light Pink  150 g/m2  Satin  100% Lyocell,,Baby Pink,150,,300 approx,MTRS,200.21,,2026-08-01,new_customer_no_history,medium
POL001699,PO00361,4,100% Linen Plain GSM 215 58in OW,,Off White,215,,400,M,Rs. 382.99,,2026-07-27,new_customer_no_history,medium
POL001700,PO00361,5,98/2 COTTON LYCRA DRILL 235 G/M2 60IN COFFEE,,Coffee Brown,235,,600,mtr,172.51/mtr,,2026-08-01,new_customer_no_history,medium
POL001701,PO00361,6,Merino Wool Jersey 180 GSM Navy,FAL-6285,,,,2000 approx,mts,106.61/mtr,,2026-08-21,unknown_product,exception
POL001702,PO00362,1,60 inch SJ knit,,,,,100,Kg,348.62,,2026-08-28,ambiguous_product_match,hard
POL001703,PO00362,2,Merino Wool JSY 180 GSM Navy,,,,,500,Kilo,222.91,,2026-08-28,unknown_product,exception
POL001704,PO00362,3,PRA-9671 - regular quality,PRA-9671,,,,150,M,161.12 per unit,,2026-09-07,customer_specific_product_code,medium
POL001705,PO00362,4,100% Viscose Rayon Crepe 155 GSM 58 inch Olive,,Olive,155,58,400,Meters,131.64,,2026-09-02,clean_exact_match,easy
POL001706,PO00362,5,BEIEG - PERCALE - 50/50 POLYY CTN - 120 GSM - 90 INCH,,Beige,120,,2000,Meters,161.08,,2026-09-12,spelling_errors_and_abbreviations,medium
POL001707,PO00363,1,105 gm - 60/40 Cotton Poly - Cambric - 44 inch,,,105,,150,mts,Rs. 82.62,,2026-08-03,multiple_possible_sku_matches,hard
POL001708,PO00363,2,100% Cotton Knit - Slub Jersey - 150gsm - Royal Blue,,Royal Blue,150,,200,Kilo,INR 307.15,,2026-07-04,expired_historical_price,medium
POL001709,PO00363,3,"Camel, 60/40 Cotton Poly, GSM 105, Cambric, 44 inch",,Camel,105,,~400,MTRS,INR 82.26,,2026-08-03,minor_naming_variation,easy
POL001710,PO00363,4,60/40 Cotton Poly Cambric 105 GSM 44 inch Camel,NAK-8500,Camel,105,44,500,mtr,82.78,,2026-07-19,clean_exact_match,easy
POL001711,PO00363,5,"60/40 CTN Poly, Voile, GSM 130, 44', rGeige RFD",,Greige RFD,130,,"2,500",mtr,Rs. 81.90,,2026-07-09,spelling_errors_and_abbreviations,medium
POL001712,PO00363,6,100% Cotton Knit Melange Jersey 160gsm 60 inches Sea Green,,Sea Green,160,,250,kgs,248.56,Rate confirmed on call,2026-06-29,wrong_price_outside_tolerance,exception
POL001713,PO00363,7,"100% Combed Cotton - Dobby - 150 GSM - 58"" - Haldi",,Haldi,150,,2000,MTR,Rs. 126.20,,2026-08-03,minor_naming_variation,easy
POL001714,PO00363,8,Beige - Canvas Btotom - 58 inche - 225gsm - 100% CTN,NAK-7129,Beigee,225,,500,mts,157.34,,2026-07-14,spelling_errors_and_abbreviations,medium
POL001715,PO00363,9,100% cotton/58 inch/225 gm/canvas bottom,,,225,,1000,mts,157.29,,2026-08-03,multiple_possible_sku_matches,hard
POL001716,PO00363,10,98/2 Cotton Lycra Chino GSM 210 58 inch Bottle Green,,Bottle Green,210,,300,mts,161.93,,2026-08-03,partial_catalogue_match,medium
POL001717,PO00364,1,100% Cotton Knit 2x2 Rib 230 GSM 60 inch Teal,,Teal,230,60,50,Kg,391.48,,2026-08-28,clean_exact_match,easy
POL001718,PO00364,2,"GSM 305, Coffee Brown, 60/40 Cotton Poly Fleece, Brushed, 60in",,Coffee Brown,305,,200,kgs,331.36,,2026-07-24,minor_naming_variation,easy
POL001719,PO00364,3,97/3 Cotton Spandex/Drill/275GSM/Olive,,Olive,275,,1500,yds,Rs. 209.15,,2026-07-24,wrong_unit_of_measure,exception
POL001720,PO00364,4,97/3 Cotton Spandex - Drill - GSM 275 - 58 inches - S. Blue,,Light Blue,275,,800,MTR,INR 201.17,,2026-08-13,minor_naming_variation,easy
POL001721,PO00364,5,60/40 Cotton Poly Fleece Loop Terry 325 GSM 60 inch Sky Blue,,Sky Blue,325,60,~200,Kg,325.53,,2026-07-24,clean_exact_match,easy
POL001722,PO00364,6,Bamboo Terry Knit 240 GSM Off White,,,,,200,Kilo,414.38,,2026-07-29,unknown_product,exception
POL001723,PO00364,7,2x2 Rib  Teal  100% Cotton Knit  215 GSM  60 inches,,Teal,215,,200,KG,392.76,,2026-08-28,incorrect_colour_or_gsm,hard
POL001724,PO00364,8,97/3 Cotton Spandex Drill 275 GSM 58 inch Sky Blue,,Sky Blue,275,58,2500,Mtr,201.13,,2026-08-08,clean_exact_match,easy
POL001725,PO00365,1,"80/20 Poly Viscose, Twill Suiting, GSM 235, W-60, Teal",,Teal,235,,~2500,Meters,191.38,,2026-07-27,minor_naming_variation,easy
POL001726,PO00365,2,"100% Cotton, Flannel, GSM 245, Wine",,Wine,245,,600,mts,199.22,,2026-07-17,expired_historical_price,medium
POL001727,PO00365,3,250 g/m2 Turquoise suiting cloth,MEG-5838,,,,500,MTRS,213.62,,2026-07-07,customer_specific_product_code,medium
POL001728,PO00365,4,100% CTN/Flannel/GSSM 185/58in/Gray EML,,Grey Melange,185,,~400,M,163.19,,2026-07-12,spelling_errors_and_abbreviations,medium
POL001729,PO00366,1,NIR-5368 same as last time,NIR-5368,,,,1500,pc,227.01,,2026-05-29,customer_specific_product_code,medium
POL001730,PO00366,2,"70/30 Poly Cotton, Upholstery Jacquard, 315gsm, 58"", Mustard",,Mustard,315,,2000,M,239.18,,2026-04-29,incorrect_colour_or_gsm,hard
POL001731,PO00367,1,65/35 Poly Cotton Flannel 210 GSM 58 inch White,,White,210,58,~2500,MTR,167.87,,2026-08-31,clean_exact_match,easy
POL001732,PO00367,2,95/5 VISCOSE LYCRA RAYON PLAIN 110 GSM 44' CHARCOAL,,Charcoal,110,,150,MTR,91.40,,2026-07-27,minor_naming_variation,easy
POL001733,PO00367,3,Rust 55/45 Linen Cotton Handloom Finish 58' GSM 195,VRI-6750,Rust,195,,1000,Meters,425.50,,2026-07-27,minor_naming_variation,easy
POL001734,PO00367,4,S. Blue/58 inch/215 GSM/8 Wale/100% Cotton Corduroy,,Sky Blue,215,,600,Meters,102.11,Rate confirmed on call,2026-08-01,wrong_price_outside_tolerance,exception
POL001735,PO00367,5,44 inches  cord fabric,,,,,800,M,213.53,,2026-08-06,ambiguous_product_match,hard
POL001736,PO00367,6,"55/45 LINEN COTTON, HANDLOOM FINISH, 195GSM, 58 INCHES, RUST",VRI-8937,Rust,195,,2500,M,408.9,,2026-08-01,small_acceptable_price_variation,easy
POL001737,PO00367,7,VRI-2975 - regular quality,VRI-2975,,,,300,MTRS,INR 140.61,,2026-08-11,customer_specific_product_code,medium
POL001738,PO00368,1,58 inches 85GSM Crepe 100% Polyester Off White,,Off White,85,,400,MTRS,72.54,,2026-06-02,small_acceptable_price_variation,easy
POL001739,PO00368,2,100% Polyester  58 inch  Crepe  85GSM,,,85,,~1000,MTR,69.16,,2026-06-02,multiple_possible_sku_matches,hard
POL001740,PO00368,3,Firozi/70/30 Modal Cotton/Plain/160GSM,,Firozi,160,,1000,M,INR 248.37,,2026-04-28,expired_historical_price,medium
POL001741,PO00368,4,"100 g/m2, Off White, 100% Polyester, 58 inches, Crepe",,Off White,100,,400,M,69.23,,2026-06-02,incorrect_colour_or_gsm,hard
POL001742,PO00368,5,100% POLYESTER - CREPE - 105GSM - DARK MAROON,,Maroon,105,,400,Mtr,72.69,,2026-06-02,no_historical_price,medium
POL001743,PO00368,6,item ADV-3338,ADV-3338,,,,500,M,150.41,,2026-05-03,customer_specific_product_code,medium
POL001744,PO00368,7,100% Polyester Crepe 85 GSM 58 inch Off White,,Off White,85,58,"2,500",MTRS,Rs. 69.08,,2026-05-03,clean_exact_match,easy
POL001745,PO00368,8,"100% PLY  rCepe  85 g/m2  58""  Off-Whie",,Off hWite,85,,300,mtr,INR 69.40,,2026-05-18,spelling_errors_and_abbreviations,medium
POL001746,PO00369,1,80/20 Poly Viscose Suiting 250 GSM 58 inch Firozi,MEG-3598,Firozi,250,58,~150,mts,205.02,,2026-07-23,clean_exact_match,easy
POL001747,PO00369,2,"65/35 PC Caanvas 350 g m63"" Sulver",,Silver Grey,350,,2500,mtr,197.68 per unit,,2026-07-23,spelling_errors_and_abbreviations,medium
POL001748,PO00369,3,65/35 poly cotton/canvas/gsm 350/silver grey,,Silver Grey,350,,15588 approx,MTR,198.53/mtr,,2026-07-23,unusually_large_quantity,exception
POL001749,PO00370,1,"65/35 Poly Cotton - Poplin - GSM 110 - 58"" - Royal Blue",,Royal Blue,110,,400 approx,Mtr,78.30 per unit,,2026-05-10,minor_naming_variation,easy
POL001750,PO00370,2,Cotton  Duck Canvas  465gsm  58 inch  Baby Pink,KAV-4128,Baby Pink,465,,2000,Mtr,283.32/mtr,,2026-05-30,minor_naming_variation,easy
POL001751,PO00370,3,70/30 PV/Firozi/240 gm/W-60/Twil Suitin,KAV-4755,Firoiz,240,,"1,500",Meters,178.27,,2026-04-30,spelling_errors_and_abbreviations,medium
POL001752,PO00370,4,ROYAL BLUE 55/45 POLY WOOL 275 GM 58IN TWILL SUITING,KAV-6759,Royal Blue,275,,2500,Meters,263.02,,2026-04-25,minor_naming_variation,easy
POL001753,PO00370,5,80/20 Poly Cotton Blended Shirting 115gsm Cream,KAV-7890,Cream,115,,~400,Mtr,78.06,,2026-05-05,no_historical_price,medium
POL001754,PO00370,6,Royal Blue  58in  110 gm  Poplin  65/35 Poly Cotton,,Royal Blue,110,,1500,M,78.08,,2026-05-30,minor_naming_variation,easy
POL001755,PO00370,7,as per our code KAV-3430,KAV-3430,,,,800,Mtr,264.1,,2026-05-10,customer_specific_product_code,medium
POL001756,PO00370,8,100% cotton 245 gsm flannel teal,,Teal,245,,,mts,INR 200.86,,2026-04-30,missing_quantity,exception
POL001757,PO00370,9,"65/35 Poly Cotton, Poplin, GSM 110, 58"", Lavender",,Lavender,110,,200,Meters,78.42,,2026-05-10,partial_catalogue_match,medium
POL001758,PO00370,10,275GM/55/45 P/W/W-58/Royal Blue/Twill Siting,KAV-9242,Royal Blue,275,,200,MTR,265.39,,2026-05-15,spelling_errors_and_abbreviations,medium
POL001759,PO00371,1,"95/5 CrN LYv, waffle, 195 g/m2, 60 innch, cream",,rCeam,195,,200,KGS,Rs. 399.25,,2026-08-30,spelling_errors_and_abbreviations,medium
POL001760,PO00371,2,Waffle 60 inches 95/5 Cotton Lycra Knit 195 GSM Cream,,Cream,195,,150,KG,415.32 per unit,,2026-08-25,small_acceptable_price_variation,easy
POL001761,PO00371,3,"95/5 Cotton Lycra Knit Waffle 195 GSM 60"" Cream",,Cream,195,,300,Kilo,Rs. 402.06,,2026-09-04,minor_naming_variation,easy
POL001762,PO00371,4,cream  95/5 cotton lycra knit  waffle  gsm 195,,Cream,195,,50,Bales,402.29,,2026-09-04,wrong_unit_of_measure,exception
POL001763,PO00372,1,98/2 cotton lycra denim/rigid/300 gm/63 inch/firozi,NIM-6172,White,300,,600,Mtr,INR 209.09,,2026-08-24,incorrect_colour_or_gsm,hard
POL001764,PO00373,1,"215 GM, 80/20 POLY VISCOSE, TWILL SUITING, 60 INCH, BOTTLE GREEN",,Bottle Green,215,,~1500,MTRS,201.16,,2026-06-29,incorrect_colour_or_gsm,hard
POL001765,PO00373,2,98/2 COTTON LYCRA/DRILL/235GSM/60 INCH/B. GREEN,,Bottle Green,235,,1200,M,Rs. 192.11,,2026-08-03,minor_naming_variation,easy
POL001766,PO00373,3,125 gm S. Blue Poplin 65/35 Poly Cotton,,Sky Blue,125,,as per stock,Meters,83.85,As per availability,2026-08-03,missing_quantity,exception
POL001767,PO00373,4,80/20 Poly Viscose Twill Suiting 235 GSM 60 inch Bottle Green,,Bottle Green,235,60,2500,mtr,201.06,,2026-07-19,clean_exact_match,easy
POL001768,PO00373,5,100% Cotton/Twill/58 inch/295gsm,,,295,,500,mts,202.48,,2026-07-19,multiple_possible_sku_matches,hard
POL001769,PO00374,1,100% linen  58in  handloom finish  200 gm  off white,,Off White,200,,1500,MTRS,436.30,,2026-07-22,incorrect_colour_or_gsm,hard
POL001770,PO00374,2,Off White/GSM 220/100% Linen/58 inch/Handloom Finish,,Off White,220,,"1,200",mtr,415.7,,2026-07-12,small_acceptable_price_variation,easy
POL001771,PO00374,3,"95/5 Poly Spandex, Sateen, 205 g/m2, 58 inch, Coffee Brown",,Coffee Brown,205,,2000,mts,INR 170.80,,2026-07-27,partial_catalogue_match,medium
POL001772,PO00375,1,100% Cotton Knit Melange Jersey 200 GSM 72 inch Silver Grey,,Silver Grey,200,72,100,Kg,403.92,,2026-07-03,clean_exact_match,easy
POL001773,PO00376,1,Mustard 65/35 Poly Cotton 170 GSM Brushed Twill 58 inches,,Mustard,170,,500,mts,Rs. 134.34,,2026-08-25,partial_catalogue_match,medium
POL001774,PO00376,2,"58', BLEbDED SHIRTING, 140 GM, 65/35 PC, CREEAM",,Crean,140,,600,Meters,Rs. 94.45,,2026-08-20,spelling_errors_and_abbreviations,medium
POL001775,PO00376,3,65/35 Poly Cotton Blended Shirting 140 GSM 58 inch Cream,,Cream,140,58,600 approx,MTR,94.57 per unit,,2026-08-15,clean_exact_match,easy
POL001776,PO00376,4,GSM 140  Blended Shirting  58in  65/35 Poly Cotton,,,140,,1000,M,94.19/mtr,,2026-08-20,multiple_possible_sku_matches,hard
POL001777,PO00377,1,Peach Handloom Finish 100% Linen 115 g/m2,,Peach,115,,2500,mtr,240.96,,2026-07-18,expired_historical_price,medium
POL001778,PO00377,2,W-58/Chambray/130GSM/Black/100% Combed Cotton,,Black,130,,600,Meters,125.75,,2026-07-08,minor_naming_variation,easy
POL001779,PO00377,3,Jute Hessian Cloth 280 GSM 40 inch Natural,,,,,600,Mtr,Rs. 267.22,,2026-07-08,unknown_product,exception
POL001780,PO00377,4,100% Cotton Knit  Melange Jersey  GSM 160  Rust,,Rust,160,,80,KG,293.89 per unit,,2026-07-23,no_historical_price,medium
POL001781,PO00378,1,100% Polyester Printed Plain 140 GSM 58 inch Silver Grey,,Silver Grey,140,58,500,M,155.15,,2026-04-13,clean_exact_match,easy
POL001782,PO00378,2,190 GSM - 95/5 Poly Spandex - Sateen - Grey Melange - 58 inch,,Grey Melange,190,,"1,200",Meters,INR 158.32,,2026-05-18,partial_catalogue_match,medium
POL001783,PO00378,3,Sheer Casement 70/30 Poly Cotton 110in 215 gm Wine,,Wine,215,,600,Mtr,213.35,,2026-04-13,small_acceptable_price_variation,easy
POL001784,PO00378,4,SATIN - 150 GSM - 58' - 100% LYOCELL - PEACH,,Peach,150,,600,Mtr,232.93,,2026-05-03,minor_naming_variation,easy
POL001785,PO00378,5,rib fabric usual,,,,,500,Kilo,Rs. 366.84,,2026-04-13,ambiguous_product_match,hard
POL001786,PO00378,6,95/5 Poly Spandex/Sateen/190GSM/58 inches,,,190,,1200,M,157.97,,2026-04-28,multiple_possible_sku_matches,hard
POL001787,PO00379,1,100% Linen Plain GSM 215 58' Off White,,Off White,215,,300,Meters,384.3,Note: rate agreed for 175 GSM quality,2026-07-07,conflicting_information_in_po,hard
POL001788,PO00380,1,100% Cotton Canvas Bottom 225 GSM 58 inch Beige,,Beige,225,58,400,Mtr,Rs. 180.17,,2026-05-22,clean_exact_match,easy
POL001789,PO00381,1,denim cloth usual,TAN-9630,,,,1000,Meters,234.13,,2026-07-03,ambiguous_product_match,hard
POL001790,PO00381,2,100% Linen Slub 125 GSM 58 inch Firozi,TAN-2359,Firozi,125,58,1500,MTRS,263.40 per unit,,2026-06-28,clean_exact_match,easy
POL001791,PO00381,3,100% Cotton Knit Single Jersey 155 GSM Teal,,Teal,155,,500,kgs,Rs. 326.54,,2026-07-13,expired_historical_price,medium
POL001792,PO00381,4,"100% Lyocell, Satin, 150gsm, W-58, Maroon",,Maroon,150,,2000,mts,223.54,Note: rate agreed for 110 GSM quality,2026-07-08,conflicting_information_in_po,hard
POL001793,PO00381,5,100% Cotton Knit Single Jersey 155 GSM 72 inch Teal,,Teal,155,72,300,KGS,328.6,,2026-07-08,clean_exact_match,easy
POL001794,PO00381,6,"100% CMD CT,N Dobby, Wine, 58in, 150 gm",,Wine,150,,600,Meters,Rs. 128.96,,2026-06-28,spelling_errors_and_abbreviations,medium
POL001795,PO00381,7,100% Linen Handloom Finish 220 GSM 58 inch Off White,,Off White,220,58,600,mtr,Rs. 433.53,,2026-07-18,clean_exact_match,easy
POL001796,PO00381,8,100% Cotton Knit Single Jersey 160 gm 60 inch,TAN-3276,,160,,100,KGS,312.21,,2026-07-08,multiple_possible_sku_matches,hard
POL001797,PO00382,1,55/45 Linen Cotton Handloom Finish 195 GSM 58 inch Lavender,,Lavender,195,58,~1000,mtr,413.22,,2026-06-29,clean_exact_match,easy
POL001798,PO00382,2,Twill Suiting/275gsm/58 inch/Royal Blue/55/45 Poly Wool,,Royal Blue,275,,800,Meters,264.47,,2026-05-25,minor_naming_variation,easy
POL001799,PO00382,3,YUV-4834 same as last time,YUV-4834,,,,1200,M,Rs. 235.62,,2026-05-30,customer_specific_product_code,medium
POL001800,PO00382,4,100% Combed Cotton Chambray 130 GSM 58 inch Sea Green,,Sea Green,130,58,400,mtr,122.62,,2026-06-14,clean_exact_match,easy
POL001801,PO00382,5,95/5 Cotton Lycra Knit Single Jersey 155 GSM 60 inch Peach,,Peach,155,60,250,Kg,INR 348.44,,2026-06-04,clean_exact_match,easy
POL001802,PO00382,6,100% Combed Cotton Chambray 130 GSM 58 inch Sea Green,,Sea Green,130,58,300,Mtr,122.54,,2026-06-09,clean_exact_match,easy
POL001803,PO00382,7,65/35 Poly Cotton Duck Canvas 310 GSM 63 inch Baby Pink,,Baby Pink,310,63,~500,mts,189.15,,2026-06-29,clean_exact_match,easy
POL001804,PO00382,8,55/45 Poly Wool Twill Suiting 275 g/m2 58 inch Royal Blue,,Royal Blue,275,,1500,MTR,264.95,,2026-06-04,minor_naming_variation,easy
POL001805,PO00382,9,royal blue  twill suiting  275 gsm  55/45 poly wool  58 inch,,Royal Blue,275,,1000,M,263.30,,2026-06-09,minor_naming_variation,easy
POL001806,PO00382,10,Peach  GSM 155  jersey knit fabric,YUV-6926,,,,150,KGS,348.99 per unit,,2026-06-29,customer_specific_product_code,medium
POL001807,PO00383,1,100% PLY/Digital Print Base/GSM 130/58iin/Dark Marpn,,Mroon,130,,800,Mtr,INR 133.76,,2026-06-29,spelling_errors_and_abbreviations,medium
POL001808,PO00383,2,58 inchhes/Print Bas/100% PLY/105gsm/Teal,,TTeal,105,,300,MTR,112.73,,2026-06-19,spelling_errors_and_abbreviations,medium
POL001809,PO00383,3,70/30 Poly Cotton Sheer Casement 215GSM 110' Royal Blue,,Royal Blue,215,,2000,M,188.57,,2026-06-24,small_acceptable_price_variation,easy
POL001810,PO00383,4,tencel type fabric usual,,,,,~150,MTRS,221.51,,2026-06-24,ambiguous_product_match,hard
POL001811,PO00383,5,8 Wale  100% Cotton Corduroy  58in  215 GSM,,,215,,"1,200",MTR,Rs. 172.69,,2026-06-09,multiple_possible_sku_matches,hard
POL001812,PO00384,1,"100% PLY - Printed Plaiin - 100gsm - 44"" - Navy",,Navy Blur,100,,1000,Mtr,INR 108.12,,2026-06-20,spelling_errors_and_abbreviations,medium
POL001813,PO00384,2,Printed Plain - 100 gm - White - 100% Polyester - 44in,,White,100,,1000,mtr,108.23,,2026-06-15,partial_catalogue_match,medium
POL001814,PO00384,3,"Satin, 58"", 100% LY, Greige, 110GSM",,Greige FD,110,,500,MTR,88.60,,2026-07-20,spelling_errors_and_abbreviations,medium
POL001815,PO00384,4,GSM 110 SATIN CLOTH RFD,SAT-4791,,,,400,MTR,Rs. 88.63,,2026-06-15,customer_specific_product_code,medium
POL001816,PO00385,1,97/3 Cotton Spandex Drill 275 GSM 58 inch Olive,NIR-6062,Olive,275,58,1200,Mtr,222.58,,2026-06-13,clean_exact_match,easy
POL001817,PO00385,2,Plain 160GSM 58 inches 70/30 Modal Cotton Firozi,NIR-4322,Mint,160,,2500,mts,260.34,,2026-07-13,incorrect_colour_or_gsm,hard
POL001818,PO00385,3,70/30 Modal Cotton Plain 160 GSM 58 inch Firozi,,Firozi,160,58,400,MTRS,261.2,,2026-06-23,clean_exact_match,easy
POL001819,PO00386,1,Nylon Ripstop 110 GSM 60 inch Olive,YAS-9520,,,,150,Mtr,102.07,,2026-08-30,unknown_product,exception
POL001820,PO00386,2,100% Cotton Knit Waffle 220 g/m2 72 inch RFD,,Greige RFD,220,,250 approx,Kg,337.11/kg,,2026-07-31,minor_naming_variation,easy
POL001821,PO00387,1,100% Polyester Blackout Base 220 GSM 54 inch Mint,,Mint,220,54,1000,Meters,184.43,,2026-08-02,clean_exact_match,easy
POL001822,PO00387,2,70/30 Poly Cotton Chenille 415 GSM 58 inch Rust,,Rust,415,58,"1,000",Mtr,Rs. 308.02,,2026-07-08,clean_exact_match,easy
POL001823,PO00387,3,54in  Poly  220 GSM  Mint  Blackout Base,,Mint,220,,200,Meters,184.31,,2026-06-28,minor_naming_variation,easy
POL001824,PO00387,4,70/30 Poly Cotton - Chenille - 415gsm - Rust,,Rust,415,,200,KG,309.68,,2026-08-02,wrong_unit_of_measure,exception
POL001825,PO00388,1,Merino Wool JSY 180 GSM Navy,,,,,600,mts,424.14,,2026-08-08,unknown_product,exception
POL001826,PO00388,2,100% Linen Handloom Finish 115 GSM 58 inch Mint,,Mint,115,58,600,M,273.9,,2026-08-08,clean_exact_match,easy
POL001827,PO00388,3,"60/40 Cotton Poly 130GSM 44"" Greige RFD Voile",SAN-1011,Greige,130,,500,Meters,95.58,,2026-08-08,minor_naming_variation,easy
POL001828,PO00388,4,Voile - 44 inch - 130gsm - Silver Grey - 60/40 Cotton Poly,SAN-9813,Silver Grey,130,,2000,Meters,95.83,,2026-08-03,partial_catalogue_match,medium
POL001829,PO00388,5,Single Jersey  Dark Green  60in  100% Cotton Knit  160 g/m2,SAN-5976,Bottle Green,160,,80,kgs,467.27,Rate as per last PO,2026-08-23,wrong_price_outside_tolerance,exception
POL001830,PO00388,6,"100% CTb DNM/Lvender/370GSM/63""/Rigid",SAN-2313,Lavender,370,,150,mts,INR 268.76,,2026-08-03,spelling_errors_and_abbreviations,medium
POL001831,PO00388,7,70/30 Modal Cotton Plain 160 GSM 58 inch Firozi,,Firozi,160,58,1500,Mtr,269.31 per unit,,2026-09-07,clean_exact_match,easy
POL001832,PO00388,8,100% COTTON KNIT  SINGLE JERSEY  GSM 155  W-72  TEAL,SAN-7896,Teal,155,,50,Kilo,349.00,,2026-08-08,minor_naming_variation,easy
POL001833,PO00389,1,100% Cotton Terry/Hand Towel/385 g/m2/Coffee Brown,,Coffee,385,,750,NOS,197.70,,2026-08-22,minor_naming_variation,easy
POL001834,PO00389,2,65/35 PC Canvvaas 375 gm 58 inch Brrown Coffee,,Coffee Broown,375,,1200 approx,Meters,223.80,,2026-08-12,spelling_errors_and_abbreviations,medium
POL001835,PO00390,1,50/50 Poly Cotton Percale 170 GSM 108 inch Olive,,Olive,170,108,400,MTR,225.24,,2026-06-17,clean_exact_match,easy
POL001836,PO00390,2,65/35 Poly Cotton Duck Canvas 465 GSM 63 inch Sky Blue,,Sky Blue,465,63,150,M,248.18,,2026-07-02,clean_exact_match,easy
POL001837,PO00391,1,Peach/Rigid/Poly Cotton Denim/310gsm,,Peach,310,,800,mts,Rs. 197.44,,2026-05-10,no_historical_price,medium
POL001838,PO00391,2,100% Cotton Flannel 245 GSM 58 inch Beige,,Beige,245,58,1500,MTRS,Rs. 186.47,,2026-05-05,clean_exact_match,easy
POL001839,PO00391,3,Wool Felt 400 GSM 72 inch CHARCL,,,,,1000,mts,Rs. 106.03,,2026-04-30,unknown_product,exception
POL001840,PO00391,4,100% Polyester Crepe 70 gm S. Blue,,Sky Blue,70,,1500,Meters,48.53,,2026-05-25,no_historical_price,medium
POL001841,PO00391,5,98/2 Cotton Lycra Chino 210 GSM 58 inch White,,White,210,58,500,MTRS,175.30 per unit,,2026-05-05,clean_exact_match,easy
POL001842,PO00392,1,"GSM 125 - 100% Linen - 58"" - Peach - Slub",,Peach,125,,300,mtr,270.4,,2026-08-09,partial_catalogue_match,medium
POL001843,PO00392,2,100% Linen/Slub/Firozi/58 inches/GSM 125,,Firozi,125,,800,Mtr,INR 268.67,Please supply in Peach as discussed,2026-08-04,conflicting_information_in_po,hard
POL001844,PO00392,3,"100% LINEN, SLUB, 125 GM, 58 INCH, FIROZEE",,Firozi,125,,2500,MTRS,309.55,Rate confirmed on call,2026-09-03,wrong_price_outside_tolerance,exception
POL001845,PO00392,4,100% Linen Slub 125 GSM 58 inch Firozi,,Firozi,125,58,600,Mtr,INR 270.48,,2026-07-30,clean_exact_match,easy
POL001846,PO00392,5,100% Viscose Print Base 105 GSM 44 inch Grey Melange,,Grey Melange,105,44,800,MTR,117.07,,2026-08-19,clean_exact_match,easy
POL001847,PO00393,1,"100% Cotton, Canvas Bottom, 225 GSM, W-58",,,225,,~600,MTRS,180.83/mtr,,2026-07-27,multiple_possible_sku_matches,hard
POL001848,PO00393,2,"denim cloth - 63""",,,,,200,M,263.16,,2026-08-01,ambiguous_product_match,hard
POL001849,PO00393,3,100% Combed Cotton/Oxford/160gsm/44 inch/Royal Blue,,Royal Blue,160,,2000,mts,144.49,,2026-07-17,small_acceptable_price_variation,easy
POL001850,PO00393,4,S. Blue/W-58/Plain/160 gm/70/30 Modal Cotton,,Light Blue,160,,"1,500",M,250.8,,2026-08-01,minor_naming_variation,easy
POL001851,PO00393,5,100% Cotton - Canvas Bottom - 225gsm - 58in - Dark Green,,Bottle Green,225,,1500,mts,254.42,,2026-07-17,wrong_price_outside_tolerance,exception
POL001852,PO00393,6,100%  C0tf0n Knit Me1ange Jersey GSM 160 60 inch 8eige,,Beige,60 ###,,80,Kilo,309.78,,2026-07-27,poor_quality_document,hard
POL001853,PO00393,7,98/2 cotton lycra denim  stretch  gsm 370  63'  rust,,Rust,370,,~600,M,197.12,Rate as per last PO,2026-08-01,wrong_price_outside_tolerance,exception
POL001854,PO00393,8,100% Cotton Knit/Melange Jersey/160GSM/W-60,,,160,,100,KGS,309.6,,2026-07-12,multiple_possible_sku_matches,hard
POL001855,PO00393,9,60' Melange Jersey 100% Cotton Knit Beige GSM 160,,Beige,160,,100,KG,INR 308.33,,2026-07-12,minor_naming_variation,easy
POL001856,PO00393,10,Firozi  Handloom Finish  115 GSM  100% Linen,,Firozi,115,,"20,405",MTRS,276.59/mtr,,2026-07-27,unusually_large_quantity,exception
POL001857,PO00393,11,98/2 Cotton Lycra Denim - 370gsm - Rust - Stretch - 63',,Rust,370,,200,MTR,264.87/mtr,,2026-07-12,minor_naming_variation,easy
POL001858,PO00393,12,"340 g/m2, 63 inch, stretch, rust, 98/2 cotton lycra denim",,Rust,340,,150,MTRS,INR 263.26,,2026-07-22,incorrect_colour_or_gsm,hard
POL001859,PO00394,1,as per our code KAV-4740,KAV-4740,,,,200,MTR,318.29,,2026-09-15,customer_specific_product_code,medium
POL001860,PO00394,2,65/35 Poly Cotton Duck Canvas 465 g/m2 63 inches Lavender,,Lavender,465,,~1500,Mtr,280.17,,2026-09-10,minor_naming_variation,easy
POL001861,PO00395,1,100% Cotton Knit/155 gm/Firozi/Single Jersey/72 inch,,Firozi,155,,500,kgs,Rs. 291.78,,2026-06-07,small_acceptable_price_variation,easy
POL001862,PO00395,2,100% Combed Cotton Chambray 130 GSM 58 inch Baby Pink,,Baby Pink,130,58,1200,MTR,106.28 per unit,,2026-05-23,clean_exact_match,easy
POL001863,PO00395,3,100% Cotton Knit/220 g/m2/72in/Baby Pink/Waffle,,Baby Pink,220,,~80,KG,333.3,,2026-06-12,small_acceptable_price_variation,easy
POL001864,PO00395,4,Drill - Cream - 275 gm - 58' - 97/3 Cotton Spandex,,Cream,275,,300,Mtr,190.54,,2026-06-02,small_acceptable_price_variation,easy
POL001865,PO00395,5,95/5 cotton lycra knit single jersey gsm 155 w-60 peach,,Peach,155,,400,KGS,333.82/kg,"Ref our mail - actually need Mint, not as written above",2026-06-12,conflicting_information_in_po,hard
POL001866,PO00395,6,280GSM  RIB FABRIC  OLIVE,NAV-3245,,,,300,KG,434.56,,2026-05-28,customer_specific_product_code,medium
POL001867,PO00395,7,58in - Chambray - 130 GSM - Light Pink - Combed Cotton,,Lt Pink,130,,~200,Meters,Rs. 105.52,,2026-06-07,minor_naming_variation,easy
POL001868,PO00395,8,GSM 95 - 100% Combed Cotton - Peach - Poplin,,Peach,95,,"1,200",mts,81.4,,2026-06-07,no_historical_price,medium
POL001869,PO00395,9,100% COTTON KNIT 2X2 RIB 280GSM OLIVE,,Olive,280,,,KG,431.82,TBC,2026-06-07,missing_quantity,exception
POL001870,PO00395,10,Waffle  100% Cotton Knit  72'  220 GSM  Light Pink,,Light Pink,220,,500,Kg,347.99,,2026-06-07,minor_naming_variation,easy
POL001871,PO00395,11,60/40 Cotton Poly Fleece Polar 375 GSM 72 inch Charcoal,,Charcoal,375,72,50 approx,KG,INR 371.23,,2026-05-23,clean_exact_match,easy
POL001872,PO00395,12,"60IN, 275 G/M2, ECRU, 100% COTTON KNIT, 2X2 RIB",,Ecru,275,,500,Kilo,400.51/kg,,2026-05-28,minor_naming_variation,easy
POL001873,PO00396,1,Melange Jersey - 220GSM - Bottle Green - 95/5 Cotton Lycra Knit,,Bottle Green,220,,-,Kilo,468.82,Qty to be confirmed,2026-06-06,missing_quantity,exception
POL001874,PO00396,2,100% Polyester Velvet 8 Wale 330 GSM 44 inch Greige RFD,JAA-2514,Greige RFD,330,44,500,mtr,INR 223.85,,2026-05-22,clean_exact_match,easy
POL001875,PO00396,3,100% Polyester Chenille 405 g/m2 58' Olive,JAA-9637,Olive,405,,1500,M,313.26,,2026-06-21,small_acceptable_price_variation,easy
POL001876,PO00396,4,modal fabric Mint 180GSM,JAA-5739,,,,2000,mts,INR 253.61,,2026-05-17,customer_specific_product_code,medium
POL001877,PO00396,5,CAML SSUITING 58' GSM 220 55/45 P/W,JAA-6812,aCmel,220,,300 approx,Mtr,INR 216.08,,2026-05-22,spelling_errors_and_abbreviations,medium
POL001878,PO00396,6,item JAA-3404,JAA-3404,,,,2000 approx,Mtr,200.02,,2026-06-21,customer_specific_product_code,medium
POL001879,PO00397,1,"Chambray, 100% Combed Cotton, 130 gm, 58in",,,130,,400,mtr,122.51,,2026-07-31,multiple_possible_sku_matches,hard
POL001880,PO00397,2,100% Combed Cotton Dobby 140 g/m2 58 inches Royal Blue,NAK-3895,Royal Blue,140,,1200,MTRS,113.34,Rate as per last PO,2026-09-04,wrong_price_outside_tolerance,exception
POL001881,PO00398,1,Greige - Brushed - 240 gm - 100% Polyester Fleece,,Greige RFD,240,,TBC,Kilo,INR 262.71,,2026-08-03,missing_quantity,exception
POL001882,PO00398,2,item ADV-8533,ADV-8533,,,,50,kgs,263.18,,2026-08-03,customer_specific_product_code,medium
POL001883,PO00398,3,98/2 Cotton Lycra Chino 210 GSM 58 inch Charcoal,,Charcoal,210,58,2500 approx,mtr,183.46,,2026-08-18,clean_exact_match,easy
POL001884,PO00398,4,100% Polyester Fleece Brushed 240 GSM 72 inch Greige RFD,,Greige RFD,240,72,100,Kg,INR 263.46,,2026-08-18,clean_exact_match,easy
POL001885,PO00398,5,BRUSHED 100% POLYESTER FLEECE GSM 240 72 INCH GREIGE RFD,ADV-6345,Greige RFD,240,,50,kgs,272.16 per unit,,2026-08-03,small_acceptable_price_variation,easy
POL001886,PO00398,6,98/2 Cotton Lycra - Chino - 210 GSM - 58 inch - Dark Grey,,Charcoal,210,,400,Meters,181.69,,2026-07-14,minor_naming_variation,easy
POL001887,PO00398,7,100% Polyester Fleece Brushed 240 GSM 72 inch Greige RFD,ADV-3734,Greige RFD,240,72,300,KG,264.38 per unit,,2026-07-14,clean_exact_match,easy
POL001888,PO00398,8,Poly Cotton Denim Lightweight 255 GSM 58 inch White,,White,255,58,2000,Meters,177.26,,2026-07-29,clean_exact_match,easy
POL001889,PO00398,9,60/40 Cotton Poly Fleece Brushed Beige GSM 305,,Beige,305,,50,Kg,310.98,,2026-07-19,no_historical_price,medium
POL001890,PO00398,10,"Greige RFD, GSM 240, 100% Polyester Fleece, Brushed, 72 inch",,Greige RFD,240,,150,Kg,264.88,Please supply in Mint as discussed,2026-07-29,conflicting_information_in_po,hard
POL001891,PO00399,1,camel - 225 gm - canvas bottom - 100% cotton,,Camel,225,,600,Meters,Rs. 174.46,,2026-08-05,expired_historical_price,medium
POL001892,PO00399,2,60/40 COTTON POLY FLEECE/POLAR/375 GSM/ECRU,,Ecru,375,,500 approx,kgs,INR 384.87,,2026-07-31,expired_historical_price,medium
POL001893,PO00399,3,150 gsm 72' 100% CTN bKIT R.BLEU slub JSY,,Royal Blue,150,,500,kgs,Rs. 334.88,,2026-08-10,spelling_errors_and_abbreviations,medium
POL001894,PO00400,1,"Olive Suiting 58"" 55/45 Poly Wool 220GSM",,Olive,220,,2500,Mtr,214.75/mtr,,2026-07-12,partial_catalogue_match,medium
POL001895,PO00400,2,405 gm Chenille Oliive 58 nch 100% PLY,JAA-8689,Olive,405,,150,MTR,325.40,,2026-06-22,spelling_errors_and_abbreviations,medium
POL001896,PO00400,3,65/35 Poly Cotton Duck Canvas 405 g/m2 63' Bottle Green,JAA-7493,Bottle Green,405,,~1200,M,INR 258.50,,2026-07-02,small_acceptable_price_variation,easy
POL001897,PO00400,4,"95/5 Cotton Lycra Knit, Melange Jersey, GSM 220, 60"", Bottle Green",,Dark Green,220,,80,KG,INR 470.46,,2026-07-27,minor_naming_variation,easy
POL001898,PO00400,5,100% Polyester Velvet 8 Wale 330 GSM 44 inch Greige RFD,,Greige RFD,330,44,600,Meters,223.55 per unit,,2026-06-27,clean_exact_match,easy
POL001899,PO00400,6,"100% PLY/Chhenille/405 GSM/58""/Olive",JAA-9794,Olive,405,,2500,MTRS,324.80/mtr,,2026-07-02,spelling_errors_and_abbreviations,medium
POL001900,PO00400,7,100% Combed Cotton Dobby 140 GSM 58 inch Rust,JAA-8838,Rust,140,58,2500,MTRS,INR 121.69,,2026-07-02,clean_exact_match,easy
POL001901,PO00401,1,SUR-1886 - regular quality,SUR-1886,,,,2500,mts,99.80,,2026-06-04,customer_specific_product_code,medium
POL001902,PO00401,2,"58"" - GSM 110 - Satin - Firozi - 100% Polyester",,Firozi,110,,1200,Meters,99.70/mtr,"Ref our mail - actually need Coffee Brown, not as written above",2026-06-19,conflicting_information_in_po,hard
POL001903,PO00401,3,CREPE 105GSM 100% POLYESTER 58IN,,,105,,2500,MTRS,72.84,,2026-06-19,multiple_possible_sku_matches,hard
POL001904,PO00401,4,100% Polyester Satin 110 GSM 58 inch Firozi,,Firozi,110,58,600,MTRS,100.5,,2026-06-04,clean_exact_match,easy
POL001905,PO00402,1,"55/45 Linen Cotton, Handloom Finish, 160GSM, Peach",,Peach,160,,1200,MTR,332.97/mtr,,2026-08-05,expired_historical_price,medium
POL001906,PO00402,2,95/5 POLY SPANDEX  SATEEN  190GSn  W-58  TEAL,,Teal,190,,1200,Meters,Rs. 161.82,,2026-08-05,spelling_errors_and_abbreviations,medium
POL001907,PO00402,3,Wool Felt 400 GSM 72 inch Charcoal,,,,,200,kgs,115.32,,2026-08-15,unknown_product,exception
POL001908,PO00402,4,"95/5 poly spandex, sateen, 190 g/m2, 58', teal",,Teal,190,,200,Meters,INR 161.87,,2026-08-05,minor_naming_variation,easy
POL001909,PO00402,5,95/5 Poly Spandex/Sateen/GSM 190/W-58/Teal,,Teal,190,,300,mts,161.59,,2026-08-05,minor_naming_variation,easy
POL001910,PO00402,6,item UTS-4256,UTS-4256,,,,2000,MTR,161.46,,2026-07-26,customer_specific_product_code,medium
POL001911,PO00402,7,teal satin cloth 190gsm,UTS-2352,,,,200 approx,MTRS,INR 160.63,,2026-08-10,customer_specific_product_code,medium
POL001912,PO00402,8,95/5 Poly Spandex Sateen 190 GSM 58 inch Teal,,Teal,190,58,300,M,INR 161.09,,2026-08-30,clean_exact_match,easy
POL001913,PO00402,9,95/5 Poly Spandex Sateen 190 GSM 58 inch Teal,,Teal,190,58,300,Meters,160.31 per unit,,2026-08-10,clean_exact_match,easy
POL001914,PO00402,10,GSM 190 - 58' - 95/5 Poly Spandex - Sateen - Teal,,Teal,190,,~2000,MTRS,160.60,,2026-08-15,minor_naming_variation,easy
POL001915,PO00402,11,190gsm  58 inches  sateen  95/5 poly spandex,,,190,,"2,500",MTR,161.86,,2026-07-31,multiple_possible_sku_matches,hard
POL001916,PO00402,12,Sateen  95/5 Poly Spandex  W-58  GSM 190  Teal,,Teal,190,,1200,mtr,INR 166.62,,2026-07-26,small_acceptable_price_variation,easy
POL001917,PO00403,1,Cotton Sheeting 140gsm W-108 Ecru,,Ecru,140,,1500,mts,206.82,,2026-05-24,minor_naming_variation,easy
POL001918,PO00403,2,UTS-9053 - regular quality,UTS-9053,,,,500,pieces,243.44,,2026-05-24,customer_specific_product_code,medium
POL001919,PO00403,3,Rust - 160 gm - Blackout Base - 100% Polyester - 54in,,Rust,160,,150,mts,140.40,,2026-05-29,minor_naming_variation,easy
POL001920,PO00403,4,100% Cotton Sheeting GSM 140 108in Ecru,,Ecru,140,,200,mtr,Rs. 206.29,,2026-06-08,minor_naming_variation,easy
POL001921,PO00403,5,RUST - 70/30 POLY COTTON - CHENILLE - 415 GSM,,Rust,415,,as per stock,M,340.41 per unit,,2026-05-19,missing_quantity,exception
POL001922,PO00403,6,"W-58, Olive, 100% Cotton, GSM 465, Duck Canvas",,Charcoal,465,,400,Mtr,Rs. 286.94,,2026-06-03,incorrect_colour_or_gsm,hard
POL001923,PO00403,7,140 gsm  sheeting  100% cotton  108 inch  ecru,,Ecru,140,,200,M,207.97,,2026-05-24,minor_naming_variation,easy
POL001924,PO00403,8,100% Cotton Duck Canvas 465 GSM 58 inch Olive,,Olive,465,58,~2500,MTRS,INR 288.13,,2026-05-19,clean_exact_match,easy
POL001925,PO00404,1,98/2 Cotton Lycra - Chino - 210 gm - 58',,,210,,150 approx,Mtr,186.89,,2026-05-18,multiple_possible_sku_matches,hard
POL001926,PO00404,2,98/2 Cotton Lycra - Chino - 210 GSM - 58 inches - Sea Green,TAN-3091,Sea Green,210,,800,MTRS,Rs. 185.42,,2026-05-23,partial_catalogue_match,medium
POL001927,PO00404,3,GSM 210 - 98/2 CTN Lycra - 58 incxes - Chino - Dak Grey,TAN-7137,Charcoal,210,,150,Meters,185.79,,2026-05-28,spelling_errors_and_abbreviations,medium
POL001928,PO00404,4,98/2 CTN Lycra/Chino/210GSM/58'/HHARCL,TAN-9729,Charoal,210,,200,mts,186.86,,2026-05-18,spelling_errors_and_abbreviations,medium
POL001929,PO00405,1,as per our code SHR-5868,SHR-5868,,,,"1,000",mts,174.46,,2026-08-19,customer_specific_product_code,medium
POL001930,PO00405,2,Mustard Rayon Crepe Viscose 155 gm 58',,Mustard,155,,~150,mts,118.33,,2026-08-19,minor_naming_variation,easy
POL001931,PO00405,3,Georgette - Mint - 110 g/m2 - 100% Polyester,,Mint,110,,2500,M,73.04,,2026-08-24,expired_historical_price,medium
POL001932,PO00405,4,55/45 LINEN COTTON/HANDLOOM FINISH/160 G/M2/PEACH,,Peach,160,,1200,M,328.69,,2026-09-08,no_historical_price,medium
POL001933,PO00406,1,70/30 poly cotton  black  54'  upholstery jacquard  310 g/m2,,Black,310,,600,mts,INR 234.60,,2026-07-17,minor_naming_variation,easy
POL001934,PO00406,2,95/5 Viscose Lycra Rayon Slub 105 GSM 58 inch Off White,,Off White,105,58,2500,M,Rs. 87.77,,2026-07-02,clean_exact_match,easy
POL001935,PO00406,3,55/45 Linen Cotton/Handloom Finish/160 GSM/58 inches/Teal,,Teal,160,,1200 approx,mts,344.02/mtr,,2026-07-02,minor_naming_variation,easy
POL001936,PO00406,4,"P1ain, 55/45 Linen C0ft0n, Off White, 215 g/m2, 58in",,Off White,215,,400,Meters,390.30,,2026-07-17,poor_quality_document,hard
POL001937,PO00406,5,100% Combed Cotton Poplin 95 GSM 58 inch Peach,,Peach,95,58,400,MTRS,INR 84.32,,2026-08-01,clean_exact_match,easy
POL001938,PO00406,6,98/2 Cotton Lycra Drill 235 GSM 60 inch Bottle Green,,Bottle Green,235,60,800,MTR,204.86 per unit,,2026-07-07,clean_exact_match,easy
POL001939,PO00406,7,60in - 100% Cotton Knit - 2x2 Rib - Baby Pink - 230 GSM,,Baby Pink,230,,50,KGS,351.02/kg,,2026-07-17,small_acceptable_price_variation,easy
POL001940,PO00406,8,100% Polyester - Crepe - 110 GSM - 58in - Maroon,,Maroon,110,,"2,000",M,72.3,,2026-07-02,partial_catalogue_match,medium
POL001941,PO00407,1,Silk Organza 45 GSM 44 inch Gold,,,,,"1,000",Meters,117.75,,2026-06-20,unknown_product,exception
POL001942,PO00407,2,Lavender/100% Lyocell/58'/Satin/150 g/m2,,Lavender,150,,400,mts,211.10,,2026-06-20,minor_naming_variation,easy
POL001943,PO00408,1,"60"" - 55/45 Poly Wool - GSM 290 - Twill Suiting - White",,White,290,,2000,Meters,268.81,,2026-04-30,small_acceptable_price_variation,easy
POL001944,PO00409,1,98/2 Cotton Lycra Denim Rigid 300 GSM 63 inch Peach,,Peach,300,63,500,M,229.10,,2026-09-18,clean_exact_match,easy
POL001945,PO00409,2,"100% Cotton, Canvas Bottom, 225gsm, 58 inches, Navy Blue",,Sky Blue,225,,800 approx,M,178.28/mtr,,2026-10-03,incorrect_colour_or_gsm,hard
POL001946,PO00409,3,bottom fabric,,,,,1000,Mtr,258.41,,2026-09-13,ambiguous_product_match,hard
POL001947,PO00409,4,"320 g/m2, Chino, 97/3 Cotton Spandex, Camel, 58 inches",,Camel,320,,600,mtr,Rs. 268.21,,2026-08-29,small_acceptable_price_variation,easy
POL001948,PO00409,5,97/3 Cotton Spandex Chino 320 GSM 58 inch Camel,,Camel,320,58,150,mtr,256.78,,2026-08-29,clean_exact_match,easy
POL001949,PO00410,1,shirting fabric - 58',,,,,1000,mtr,92.53,,2026-07-12,ambiguous_product_match,hard
POL001950,PO00410,2,98/2 Cotton Lycra Denim Lightweight 350 GSM Brown Coffee,,Coffee Brown,350,,400,Mtr,222.39,,2026-07-22,no_historical_price,medium
POL001951,PO00410,3,95 gm - White - Combed Cotton - 58' - Poplin,,White,95,,800,Meters,92.51/mtr,,2026-07-07,minor_naming_variation,easy
POL001952,PO00410,4,"60/40 Cotton Poly Fleece, Loop Terry, GSM 375, W-60",,,375,,50,kgs,352.96,,2026-07-07,multiple_possible_sku_matches,hard
POL001953,PO00410,5,100% Combed Cotton Poplin 95 GSM 58 inch White,,White,95,58,600,Mtr,93.10,,2026-08-06,clean_exact_match,easy
POL001954,PO00410,6,interlock knit 230gsm Light Pink,VAI-8938,,,,~500,Kilo,389.51/kg,,2026-08-06,customer_specific_product_code,medium
POL001955,PO00411,1,63 INCHES  100% COTTON DENIM  GREY MELANGE  GSM 370  RIGID,,Grey Melange,370,,500,MTR,266.58,"Ref our mail - actually need Rust, not as written above",2026-06-09,conflicting_information_in_po,hard
POL001956,PO00411,2,100% Cotton Denim Rigid 370 GSM 63 inch Grey Melange,,Grey Melange,370,63,500,Mtr,268.8,,2026-06-09,clean_exact_match,easy
POL001957,PO00411,3,jeans fabric,,,,,400,M,268.64,,2026-06-09,ambiguous_product_match,hard
POL001958,PO00411,4,100% Modal Twill 130 GSM 58 inch Wine,,Wine,130,58,150,mtr,230.73/mtr,,2026-06-09,clean_exact_match,easy
POL001959,PO00411,5,100% Modal Twill 130GSM 58in,,,130,,600,mtr,228.47,,2026-05-30,multiple_possible_sku_matches,hard
POL001960,PO00411,6,"70/30 Modal Cotton, Plain, 160 gm, 58"", Firozi",,Firozee,160,,2500 approx,MTR,267.31,,2026-06-09,minor_naming_variation,easy
POL001961,PO00411,7,plain gsn 160 firozee 70/30 modal TN 58in,,Firoz,160,,400,Mtr,268.17,,2026-06-09,spelling_errors_and_abbreviations,medium
POL001962,PO00412,1,upholstery cloth GSM 415 Rust,UTS-2008,,,,200,Meters,INR 339.11,,2026-07-17,customer_specific_product_code,medium
POL001963,PO00412,2,100% Cotton - Sheeting - 140 GSM - 108in - Ecru,,Ecru,140,,~2000,mts,206.22,,2026-06-22,minor_naming_variation,easy
POL001964,PO00413,1,65/35 poly cotton - duck canvas - 405 gm - 63 inch - grey melange,,Melange Grey,405,,600,MTR,264.84,,2026-08-07,minor_naming_variation,easy
POL001965,PO00413,2,"58in, duck fabric",,,,,600,MTRS,225.4,,2026-08-17,ambiguous_product_match,hard
POL001966,PO00413,3,Recycled PET Fleece GRS Certified 300 GSM,,,,,1500 approx,MTRS,Rs. 190.37,,2026-08-22,unknown_product,exception
POL001967,PO00413,4,100% Cotton Duck Canvas 465 GSM 58 inch Baby Pink,MAN-5922,Baby Pink,465,58,1200,MTRS,267.61,,2026-08-12,clean_exact_match,easy
POL001968,PO00414,1,Grey Fabri (RFD) 44in 60/40 CTN Poly Cambri c105GMS,,Greige RFD,105,,500,M,76.82,,2026-04-14,spelling_errors_and_abbreviations,medium
POL001969,PO00414,2,Whit eMEL JSY 60' 155 GGSM 60/40 PC KNIT,,White,155,,200,kgs,297.22,,2026-05-19,spelling_errors_and_abbreviations,medium
POL001970,PO00414,3,"98/2 Cotton Lycra Drill GSM 235 60"" Mint",,Mint,235,,2000,M,193.6,,2026-04-14,partial_catalogue_match,medium
POL001971,PO00414,4,100% Cotton Knit/Navy Blue/240 gm/Waffle,,Navy Blue,240,,100,Kg,378.60,,2026-05-04,no_historical_price,medium
POL001972,PO00414,5,235 gm hite Driill 60' 98/2 CTN Lycra,,White,235,,600,mtr,187.96,,2026-04-19,spelling_errors_and_abbreviations,medium
POL001973,PO00414,6,Poly Cotton Denim - Rigid - 310 GSM - W-63 - Dark Maroon,,Marun,310,,150,Meters,INR 195.39,,2026-05-19,minor_naming_variation,easy
POL001974,PO00415,1,100% Lyocell Satin 105 GSM 58 inch White,,White,105,58,800,MTRS,168.53 per unit,,2026-08-03,clean_exact_match,easy
POL001975,PO00415,2,White  Satin  100% Lyocell  58 inches  GSM 105,,White,105,,500,mtr,162.72,,2026-07-14,small_acceptable_price_variation,easy
POL001976,PO00415,3,100% COMBED COTTON - OXFORD - 160 G/M2 - 44 INCHES,,,160,,1500 approx,Meters,129.18/mtr,,2026-07-14,multiple_possible_sku_matches,hard
POL001977,PO00415,4,"P1ain  Turqu0ise  70/30 M0da1 Cott0n  58""  160 gm ~~",,Fir0zi,1?0 |,,1200,MTRS,246.05,,2026-07-29,poor_quality_document,hard
POL001978,PO00415,5,Teal  Handloom Finish  GSM 160  55/45 Linen Cotton,,Teal,160,,1000,Mtr,331.8,,2026-08-18,expired_historical_price,medium
POL001979,PO00415,6,105  gm  58 inch  5afin  100% Lyoce1l  Whife ~~,,,,,400,Mtr,168.48/mtr,,2026-07-24,poor_quality_document,hard
POL001980,PO00415,7,"100% Lyocell  58""  GSM 105  White  Satin",OJA-5590,White,105,,400,M,Rs. 168.78,Note: rate agreed for 125 GSM quality,2026-08-18,conflicting_information_in_po,hard
POL001981,PO00415,8,Plain/160 GSM/Ferozi/70/30 Modal Cotton,OJA-3870,Firozi,160,,"1,000",M,246.17,,2026-07-24,expired_historical_price,medium
POL001982,PO00416,1,100% Polyester Printed Plain 120 GSM 58 inch Wine,,Wine,120,58,1500,mts,INR 143.62,,2026-08-07,clean_exact_match,easy
POL001983,PO00416,2,100% DL/Twill/SGM 130/58'/Marun,,Maroon,130,,1500,Mtr,Rs. 221.28,,2026-08-02,spelling_errors_and_abbreviations,medium
POL001984,PO00416,3,55/45 Poly Wool/Twill Suiting/290 gm/60 inches/White,,White,290,,"1,200",Meters,288.10,,2026-08-12,small_acceptable_price_variation,easy
POL001985,PO00416,4,ADV-1884 same as last time,ADV-1884,,,,1200 approx,Mtr,INR 104.77,,2026-08-07,customer_specific_product_code,medium
POL001986,PO00416,5,90gsm Printed Plain 100% Viscose Lt Pink,,Baby Pink,90,,"1,500",Meters,105.56,,2026-08-17,no_historical_price,medium
POL001987,PO00416,6,Crepe Beige 105 gm 100% Polyester,,Beige,105,,300,MTR,70.56,,2026-08-12,no_historical_price,medium
POL001988,PO00416,7,"65/35 poly cotton, poplin, 140gsm, 58"", white",,Navy Blue,140,,400,MTRS,96.61,,2026-08-07,incorrect_colour_or_gsm,hard
POL001989,PO00416,8,"55/45 Poly Wool, 60', 290 GSM, White, Twill Suiting",,White,290,,1500,mtr,276.63,,2026-08-17,minor_naming_variation,easy
POL001990,PO00416,9,100% Polyester Curtain Jacquard GSM 195 W-54 Rust,,Rust,195,,~2000,mtr,170.36,Width to be 54 inch as per last supply,2026-08-02,conflicting_information_in_po,hard
POL001991,PO00416,10,Till Suitin g 55/45 P/W  290gsm  White  W-60,,White,290,,"1,000",mtr,277.13,,2026-08-07,spelling_errors_and_abbreviations,medium
POL001992,PO00417,1,"Army Canvas/415 g/m2/100% Cotton/Bottle Green/58""",,Bottle Green,415,,500,mts,259.81,,2026-04-25,small_acceptable_price_variation,easy
POL001993,PO00417,2,Wine  Flannel  GSM 245  100% Cotton  58 inches,,Wine,245,,2500,mts,256.81,Rate as per last PO,2026-04-30,wrong_price_outside_tolerance,exception
POL001994,PO00417,3,80/20 Poly Viscose/Twill Suiting/235gsm/W-60/Teal,,Teal,235,,200,MTR,200.13,,2026-05-25,small_acceptable_price_variation,easy
POL001995,PO00418,1,"Black - 100% Cotton Knit - 230GSM - 2x2 Rib - 60""",,Sea Green,230,,500,kgs,400.45/kg,,2026-07-18,incorrect_colour_or_gsm,hard
POL001996,PO00418,2,"CANVAS BOTTOM  225GSM  58""  100% COTTON",,,225,,300,M,150.03,,2026-08-07,multiple_possible_sku_matches,hard
POL001997,PO00418,3,interlock knit  GSM 230  Black,URV-5937,,,,200,kgs,400.86,,2026-08-02,customer_specific_product_code,medium
POL001998,PO00419,1,95/5 Poly Spandex Sateen 175 GSM 58 inch Royal Blue,,Royal Blue,175,58,400,M,154.92,,2026-05-14,clean_exact_match,easy
POL001999,PO00419,2,95/5 Poly Spandex Sateen 175 GSM 58 inch Royal Blue,,Royal Blue,175,58,300,MTRS,155.54,,2026-06-13,clean_exact_match,easy
POL002000,PO00419,3,100% Linen Plain 215 GSM 58 inch Sea Green,,Sea Green,215,58,200,MTR,466.66,,2026-05-19,clean_exact_match,easy
POL002001,PO00419,4,COFFEE  HANDLOOM FINISH  55/45 LINEN COTTON  195GSM,,Coffee Brown,195,,27667,M,426.67,,2026-05-09,unusually_large_quantity,exception
POL002002,PO00419,5,100% Linen Plain 215 GSM 58 inch Sea Green,,Sea Green,215,58,600,M,467.54 per unit,,2026-05-24,clean_exact_match,easy
POL002003,PO00419,6,95/5 poly spandex  sateen  175 gm  58in  royal blue,,Royal Blue,175,,300,M,INR 155.24,,2026-05-09,minor_naming_variation,easy
POL002004,PO00419,7,Royal  8lue 58 inches 95/5 P0ly Spandex 175 gm Sateen,AMR-2442,,,,1200,MTR,Rs. 155.45,,2026-05-09,poor_quality_document,hard
POL002005,PO00419,8,"Coffee Brown 195gsm Hand100m Finish 58"" 55/45 Linen C0tton",AMR-6309,,,,300,M,Rs. 427.06,,2026-06-13,poor_quality_document,hard
POL002006,PO00419,9,as per our code AMR-5567,AMR-5567,,,,500,Mtr,149.68 per unit,,2026-05-09,customer_specific_product_code,medium
POL002007,PO00419,10,55/45 Linen Cotton Handloom Finish 195 GSM 58 inch Coffee Brown,,Coffee Brown,195,58,1000,MTR,425.64,,2026-06-13,clean_exact_match,easy
POL002008,PO00420,1,Combed Cotton - Chambray - 130GSM - 58 inch - Lt Pink,,Lt Pink,130,,"1,000",mtr,Rs. 125.62,,2026-06-17,minor_naming_variation,easy
POL002009,PO00420,2,100% Cotton Knit Waffle 240 GSM 60 inch Olive,ANA-4609,Olive,240,60,~250,KG,449.97,,2026-06-12,clean_exact_match,easy
POL002010,PO00420,3,jeans fabric,,,,,500,Meters,234.21,,2026-06-12,ambiguous_product_match,hard
POL002011,PO00420,4,100% Combed Cotton  Chambray  130 gm  W-58,,,130,,~300,mts,125.72/mtr,,2026-06-02,multiple_possible_sku_matches,hard
POL002012,PO00420,5,100% Cotton Knit Waffle 240 GSM 60 inch Olive,ANA-7128,Olive,240,60,400,KG,449.49,,2026-06-02,clean_exact_match,easy
POL002013,PO00421,1,390gsm - 100% Cotton - White - Duck Canvas,,White,390,,400 approx,yds,225.51,,2026-08-29,wrong_unit_of_measure,exception
POL002014,PO00422,1,Rayon Slub W-44 135 gm Charcoal 95/5 Viscose Lycra,,Dark Grey,135,,150,M,112.16,,2026-06-23,minor_naming_variation,easy
POL002015,PO00422,2,"Handloom Finish 58"" 100% Linen Camel 115 g/m2",,Camel,115,,1200,M,INR 258.76,,2026-06-23,partial_catalogue_match,medium
POL002016,PO00422,3,"Grey Melange, 100% Linen, Handloom Finish, W-58, GSM 115",,Grey Melange,115,,300,Mtr,259.37,Width to be 54 inch as per last supply,2026-06-13,conflicting_information_in_po,hard
POL002017,PO00422,4,100% Lyocell Twill 165 GSM 58 inch Bottle Green,,Bottle Green,165,58,1200,MTRS,275.89,,2026-06-13,clean_exact_match,easy
POL002018,PO00423,1,Handloom Finish 100% Linen 115 g/m2 Peach,,Peach,115,,2500,M,250.4,,2026-06-26,expired_historical_price,medium
POL002019,PO00423,2,"60/40 PC xNIT 60"" GSM 155 MEL Jersey Whote",,White,155,,300,Kilo,Rs. 307.88,,2026-06-16,spelling_errors_and_abbreviations,medium
POL002020,PO00423,3,sj knit,,,,,200,KGS,307.41/kg,,2026-07-01,ambiguous_product_match,hard
POL002021,PO00423,4,jersey knit fabric,,,,,400 approx,KG,307.67/kg,,2026-06-21,ambiguous_product_match,hard
POL002022,PO00423,5,Satin 150 GSM W-58 100% Lyocell Navy Blue,,Navy Blue,150,,300 approx,MTRS,212.1,Note: rate agreed for 130 GSM quality,2026-06-16,conflicting_information_in_po,hard
POL002023,PO00423,6,"98/2 CTN LYC DNMM, RRigid, 415 GSM, 63', CHARCL",,Charcoal,415,,2500,mts,INR 299.34,,2026-06-11,spelling_errors_and_abbreviations,medium
POL002024,PO00423,7,55/45 Linen Cotton/Plain/Mint/58'/GSM 215,,Mint,215,,2500,mts,458.29,,2026-07-16,partial_catalogue_match,medium
POL002025,PO00423,8,60/40 Poly Cotton Knit Melange Jersey 155 GSM 60 inch White,,White,155,60,~150,KGS,Rs. 306.32,,2026-06-21,clean_exact_match,easy
POL002026,PO00424,1,"100% Cotton Knit/Single Jersey/160GSM/60""/Royal Blue",,Royal Blue,160,,50,kgs,324.51,Please supply in Rust as discussed,2026-06-25,conflicting_information_in_po,hard
POL002027,PO00424,2,"PEACH 310 GSM POLY COTTON DENIM RIGID 63""",,Peach,310,,150 approx,Meters,245.32 per unit,Rate confirmed on call,2026-06-15,wrong_price_outside_tolerance,exception
POL002028,PO00424,3,100% Combed Cotton/Dobby/140gsm/Royal Blue,,Royal Blue,140,,200,MTR,Rs. 121.81,,2026-06-30,expired_historical_price,medium
POL002029,PO00424,4,Poly Cotton Denim Rigid 310 GSM 63 inch Peach,,Peach,310,63,"1,200",mts,197.68 per unit,,2026-06-15,clean_exact_match,easy
POL002030,PO00424,5,SJ knit 160gsm Royal Blue,RAJ-9517,,,,100,kgs,Rs. 325.17,,2026-07-20,customer_specific_product_code,medium
POL002031,PO00425,1,100% Polyester Satin 110 GSM 58 inch Silver Grey,,Silver Grey,110,58,200 approx,mtr,INR 86.12,,2026-05-17,clean_exact_match,easy
POL002032,PO00425,2,100% Polyester Satin 110 GSM 58 inch Silver Grey,,Silver Grey,110,58,1200,mts,85.83,,2026-05-27,clean_exact_match,easy
POL002033,PO00425,3,S.BLUE/W-58/Digital Prin Base/100% PLY/130 GSM,,Sky Blue,130,,1000,MTR,130.17 per unit,,2026-05-17,spelling_errors_and_abbreviations,medium
POL002034,PO00425,4,TEJ-8133 - regular quality,TEJ-8133,,,,400,M,INR 85.81,,2026-06-01,customer_specific_product_code,medium
POL002035,PO00425,5,"58', satin, lvender, 100% LYO, 150 g/m2",,Lavenfer,150,,800,mtr,211.65,,2026-05-12,spelling_errors_and_abbreviations,medium
POL002036,PO00425,6,"GSM 155, Rayon Crepe, Maroon, 100% Viscose",,Maroon,155,,1000,mtr,96.65,,2026-06-01,no_historical_price,medium
POL002037,PO00426,1,W-58  70/30 Modal Cotton  160gsm  Plain,,,160,,150,Mtr,Rs. 225.51,,2026-06-07,multiple_possible_sku_matches,hard
POL002038,PO00426,2,98/2 Cotton Lycra Denim Rigid 300 GSM 63 inch Peach,,Peach,300,63,150,M,237.46,,2026-06-07,clean_exact_match,easy
POL002039,PO00427,1,60/40 Cotton Poly/44 inch/105GSM/Cambric,ISH-5259,,105,,200,M,INR 90.44,,2026-04-25,multiple_possible_sku_matches,hard
POL002040,PO00427,2,Mint - Plain - 195GSM - 100% Linen,,Mint,195,,400,Meters,421.53/mtr,,2026-04-30,expired_historical_price,medium
POL002041,PO00427,3,63 inches Poly Cotton Denim 310GSM Rigid Peach,ISH-8542,Peach,310,,1200,Meters,INR 199.05,,2026-04-30,minor_naming_variation,easy
POL002042,PO00427,4,ISH-2804 same as last time,ISH-2804,,,,800,mtr,Rs. 208.33,,2026-05-05,customer_specific_product_code,medium
POL002043,PO00427,5,"JEANS FABRIC, 63 INCHES",,,,,800,MTR,199.06,,2026-04-25,ambiguous_product_match,hard
POL002044,PO00427,6,"60/40  C0ffon P0ly  Cambric  105 g/m2  44""  Roya1 Blue",ISH-2798,Royal Blue,005 |,,"1,500",MTRS,90.25,,2026-04-30,poor_quality_document,hard
POL002045,PO00427,7,"98/2 Cotton Lycra Denim, Rigid, GSM 300, 63 inches, Sea Green",ISH-7277,Sea Green,300,,150,M,235.7,,2026-04-25,minor_naming_variation,easy
POL002046,PO00427,8,100% Lyocell Satin 150gsm 58in Charcoal Grey,,Charcoal Grey,150,,500,MTRS,Rs. 225.02,,2026-05-25,minor_naming_variation,easy
POL002047,PO00427,9,"63"" Sky Blue Rigid Poly Cotton Denim 310 GSM",,Sky Blue,310,,300 approx,Meters,Rs. 220.58,,2026-05-25,small_acceptable_price_variation,easy
POL002048,PO00427,10,"63""/Poly Cotton Denim/Peach/310 g/m2/Rigid",ISH-4769,Peach,310,,400,M,190.08,,2026-05-05,small_acceptable_price_variation,easy
POL002049,PO00427,11,"Poly Cotton Denim, Lightweight, GSM 255, W-58, Royal Blue",,Royal Blue,255,,~150,MTR,184.85,,2026-04-20,minor_naming_variation,easy
POL002050,PO00428,1,Lavender - 225GSM - 100% Cotton - 58 inch - Canvas Bottom,,Lavender,225,,300,MTRS,180.9,,2026-08-01,partial_catalogue_match,medium
POL002051,PO00428,2,"100% Cotton Knit Single Jersey 125 gm 72"" Firozi",,Firozi,125,,80,Kg,Rs. 297.77,,2026-07-12,incorrect_colour_or_gsm,hard
POL002052,PO00428,3,55/45 Linen Cotton Handloom Finish 160 GSM 58 inch Teal,,Teal,160,58,150,Meters,366.64,,2026-07-17,clean_exact_match,easy
POL002053,PO00428,4,Dark Green 100% Cotton Canvas Bottom 225 gm 58 inch,,Dark Green,225,,~1000,M,INR 180.81,,2026-08-01,minor_naming_variation,easy
POL002054,PO00428,5,98/2 Cotton Lycra Denim Stretch 370 GSM 63 inch Rust,,Rust,370,63,~2000,Mtr,264.14,,2026-07-27,clean_exact_match,easy
POL002055,PO00428,6,beige melange jersey 160 gm 100% cotton knit 60 inches,,Beige,160,,50 approx,kgs,322.82,,2026-08-16,small_acceptable_price_variation,easy
POL002056,PO00429,1,63 inches  320 g/m2  Coffee Brown  65/35 Poly Cotton  Canvas,,Coffee Brown,320,,300,M,213.54/mtr,,2026-05-15,incorrect_colour_or_gsm,hard
POL002057,PO00429,2,65/35 POLY COTTON BRUSHED TWILL 170 G/M2 58 INCH MAROON,,Maroon,170,,300,mtr,133.81,,2026-05-05,partial_catalogue_match,medium
POL002058,PO00429,3,100%  Cott0n - Duck Canvas - 465 gm - 58 inches - 0live ###,,,465,,600 approx,MTRS,277.99,,2026-05-05,poor_quality_document,hard
POL002059,PO00429,4,"80/20 PV, SSiiting, 290 GSM, 60in, Rust",,uRst,290,,2000,MTRS,229.70,,2026-05-10,spelling_errors_and_abbreviations,medium
POL002060,PO00430,1,"100% Cotton - 465gsm - Ecru - Duck Canvas - 58""",SUR-3868,Ecru,465,,1500,Mtr,282.04,,2026-09-01,partial_catalogue_match,medium
POL002061,PO00430,2,65/35 Poly Cotton Poplin 140 GSM 58 inch Rust,,Rust,140,58,800,Meters,107.46,,2026-09-26,clean_exact_match,easy
POL002062,PO00430,3,100% Cotton Drill 195 GSM 60 inch Mint,,Mint,195,60,300 approx,Meters,152.64,,2026-09-11,clean_exact_match,easy
POL002063,PO00430,4,Cotton Duck Canvas 390 GSM W-63 Beige,,Beige,390,,600,M,236.55 per unit,,2026-09-11,minor_naming_variation,easy
POL002064,PO00430,5,100% CTN  Duck Canvas  465GSMM  58iin  B.PIKN,SUR-2722,Baby Pink,465,,2500,M,281.99,,2026-09-01,spelling_errors_and_abbreviations,medium
POL002065,PO00431,1,195 GSM/CREAM/60 INCH/95/5 COTTON LYCRA KNIT/WAFFLE,,Cream,195,,80,kgs,386.10,,2026-05-04,minor_naming_variation,easy
POL002066,PO00431,2,Dark Maroon/98/2 Cotton Lycra Denim/63 inch/Rigid/GSM 300,,Maroon,300,,2000,M,163.39,,2026-04-29,wrong_price_outside_tolerance,exception
POL002067,PO00431,3,Silk Organza 45 GSM 44 inch Gold,,,,,800,M,Rs. 423.24,,2026-05-04,unknown_product,exception
POL002068,PO00431,4,Peach  60 inches  195 GSM  95/5 Cotton Lycra Knit  Waffle,,Peach,195,,~500,Kilo,390.71,,2026-05-19,small_acceptable_price_variation,easy
POL002069,PO00431,5,63IN/DENIM CLOTH medium quality,,,,,200,mtr,242.52,,2026-05-04,ambiguous_product_match,hard
POL002070,PO00432,1,100% Polyester Digital Print Base 130 GSM 58 inch Olive,,Olive,130,58,150 approx,mts,INR 155.21,,2026-08-09,clean_exact_match,easy
POL002071,PO00432,2,Mint linen cloth 115 GSM,NIR-6317,,,,500,MTRS,268.9,,2026-08-24,customer_specific_product_code,medium
POL002072,PO00432,3,Sheeting 100% CTN 140 g/m2 108' N.Bye,,Navy Blue,140,,1200,M,INR 218.29,,2026-07-30,spelling_errors_and_abbreviations,medium
POL002073,PO00433,1,70/30 Poly Cotton Sheer Casement 225 GSM 110 inch Coffee Brown,,Coffee Brown,225,110,1500,Mtr,244.43/mtr,,2026-09-25,clean_exact_match,easy
POL002074,PO00433,2,70/30 Poly Cotton Upholstery Jacquard 295 GSM 58 inch Grey Melange,,Grey Melange,295,58,1500,mts,263.85,,2026-09-10,clean_exact_match,easy
POL002075,PO00433,3,70/30 Poly CTN Sheer Casement 225gsm 110 incches CCoffee,,Coffeee Brown,225,,150,mtr,242.15 per unit,,2026-08-31,spelling_errors_and_abbreviations,medium
POL002076,PO00434,1,100% VIS/PtT Plain/140 SM/58 inch/SEA GRRN,,ea Green,140,,1000,mtr,163.53,,2026-08-27,spelling_errors_and_abbreviations,medium
POL002077,PO00434,2,100% Cotton Knit Single Jersey 155 GSM 72 inch Firozi,,Firozi,155,72,200 approx,Kilo,344.4,,2026-09-06,clean_exact_match,easy
POL002078,PO00434,3,100% Cotton Knit - Single Jersey - 155gsm - Firozi - 72 inch,,Firozi,155,,200,kgs,Rs. 332.57,,2026-09-01,small_acceptable_price_variation,easy
POL002079,PO00434,4,155 GSM Single JSY Feroiz 100% CTN KNIT 72 inches,,Firozi,155,,50,Kilo,343.6,,2026-09-11,spelling_errors_and_abbreviations,medium
POL002080,PO00434,5,Handloom Finish GSM 160 55/45 Linen Cotton W-58,,,160,,400,MTRS,364.03,,2026-09-06,multiple_possible_sku_matches,hard
POL002081,PO00434,6,55/45 Poly Wool Suiting 220 GSM 58 inch White,,White,220,58,~150,mts,226.95 per unit,,2026-09-16,clean_exact_match,easy
POL002082,PO00435,1,70/30 poly cotton/ecru/225gsm/110in/blackout base,,Ecru,225,,400,mts,INR 220.08,,2026-07-30,small_acceptable_price_variation,easy
POL002083,PO00435,2,curtain cloth regular quality,,,,,300,Mtr,140.32,,2026-07-15,ambiguous_product_match,hard
POL002084,PO00435,3,70/30 poly cotton  blackout base  195 gsm  lavender,,Lavender,195,,500,mtr,171.79,,2026-07-10,expired_historical_price,medium
POL002085,PO00435,4,100% Cotton Sheeting 140 GSM 108 inch Ecru,,Ecru,140,108,500,Meters,206.72,,2026-07-30,clean_exact_match,easy
POL002086,PO00436,1,100% Cotton Knit Melange Jersey 200gsm W-72 Baby Pink,,Lt Pink,200,,400,KGS,369.74 per unit,,2026-07-30,minor_naming_variation,easy
POL002087,PO00436,2,100% Linen Plain 215 GSM 58 inch Cream,,Cream,215,58,300,MTRS,414.68,,2026-08-14,clean_exact_match,easy
POL002088,PO00436,3,100% Cotton Knit/Melange Jersey/200 gm/72 inches,,,200,,300,KGS,369.26,,2026-08-19,multiple_possible_sku_matches,hard
POL002089,PO00436,4,Lightweight Poly Cotton Denim Royal Blue W-58 255GSM,,Royal Blue,255,,~300,M,174.1,Note: rate agreed for 295 GSM quality,2026-08-09,conflicting_information_in_po,hard
POL002090,PO00436,5,100% CTN CCanvas Bpttom 225gsm 58in NAVY,,Navy Blue,225,,"1,500",MTRS,160.20,,2026-07-30,spelling_errors_and_abbreviations,medium
POL002091,PO00437,1,230gsm/2x2 Rib/60 inches/100% Cotton Knit,,,230,,50,KG,391.73,,2026-08-27,multiple_possible_sku_matches,hard
POL002092,PO00437,2,275 g/m2/Olive/97/3 Cotton Spandex/Drill/W-58,,Olive,275,,2000,Mtr,210.24,,2026-08-27,minor_naming_variation,easy
POL002093,PO00437,3,"58""/SKY BLUE/DRILL/GSM 275/97/3 COTTON SPANDEX",,Sky Blue,275,,150,MTR,247.22,Rate confirmed on call,2026-08-12,wrong_price_outside_tolerance,exception
POL002094,PO00437,4,Bottle Green  100% Cotton  58'  Canvas Bottom  225 GSM,,Bottle Green,225,,150,M,176.21,,2026-08-27,small_acceptable_price_variation,easy
POL002095,PO00438,1,"125 GSM, 58"", 65/35 POLY COTTON, POPLIN, OFF-WHITE",,Offwhite,125,,1200,mtr,88.51,,2026-08-07,minor_naming_variation,easy
POL002096,PO00438,2,65/35 Poly Cotton Flannel 210 gm 58 inches White,VRI-4150,White,210,,300 approx,Meters,168.86,,2026-08-07,minor_naming_variation,easy
POL002097,PO00438,3,100% cotton  flannel  gsm 165  58in  maroon,,Maroon,165,,~400,M,135.64,,2026-08-02,partial_catalogue_match,medium
POL002098,PO00438,4,georgette material  70GSM  Wine,VRI-6575,,,,1000,MTR,52.35,,2026-08-07,customer_specific_product_code,medium
POL002099,PO00438,5,210GSM White 65/35 Poly Cotton Flannel W-58,VRI-3260,White,210,,400,M,167.76,,2026-08-07,minor_naming_variation,easy
POL002100,PO00438,6,100% POLYESTER/BLACKOUT BASE/160GSM/54IN/RUST,VRI-9034,Rust,160,,2500,MTR,135.88 per unit,,2026-08-12,small_acceptable_price_variation,easy
POL002101,PO00438,7,PRINT BASE,,,,,1500,Meters,115.31,,2026-08-07,ambiguous_product_match,hard
POL002102,PO00438,8,50/50 Poly Cotton Percale 170 GSM 108 inch Olive,,Olive,170,108,600,mts,Rs. 230.75,,2026-08-22,clean_exact_match,easy
POL002103,PO00439,1,"100% CTN KNIT, Single JSY, 160 GSM, W-60, BTL GN",NAK-8871,Bottle Greem,160,,~50,KG,INR 330.95,,2026-08-16,spelling_errors_and_abbreviations,medium
POL002104,PO00439,2,"100% CMBD CTNN, Royal Blue, Dovby, 58"", 140 GSn",,Royal Blue,140,,150,mts,128.84,,2026-08-01,spelling_errors_and_abbreviations,medium
POL002105,PO00439,3,100% Cotton Knit 2x2 Rib 230 GSM 60 inch Wine,NAK-3385,Wine,230,60,~100,KG,Rs. 425.08,,2026-08-01,clean_exact_match,easy
POL002106,PO00439,4,63in  Rigid  Poly Cotton Denim  Marun  GSM 310,NAK-1121,Maroon,310,,800,mtr,209.9,,2026-07-27,minor_naming_variation,easy
POL002107,PO00440,1,"150gsm Marun Satin 58"" 100% Lyocell",,Maroon,150,,400 approx,mtr,Rs. 212.64,,2026-07-03,new_customer_no_history,medium
POL002108,PO00440,2,"58""  100% LYOCELL  SATIN  150GSM  NAVY",,Navy Blue,150,,"1,000",MTR,214.29,,2026-07-13,new_customer_no_history,medium
POL002109,PO00440,3,"100% Cotton Denim, Rigid, 370 gm, 63 inches, Lavender",,Lavender,370,,1500,mtr,224.24,,2026-07-03,new_customer_no_history,medium
POL002110,PO00440,4,275GSM 58 inches 97/3 Cotton Spandex Drill Olive,,Olive,275,,150,M,201.18 per unit,,2026-08-02,new_customer_no_history,medium
POL002111,PO00440,5,100% Cotton Denim Rigid 370 gm 63' Lavender,,Lavender,370,,1500,mtr,224.35,,2026-07-08,new_customer_no_history,medium
POL002112,PO00440,6,"350 GSM, 98/2 Cotton Lycra Denim, Dark Maroon, 58"", Lightweight",,Maroon,350,,500,mts,INR 227.64,,2026-07-13,new_customer_no_history,medium
POL002113,PO00440,7,Recycled PET Fleece GRS Certified 300 GSM,,,,,800,MTR,174.6,,2026-07-18,unknown_product,exception
POL002114,PO00440,8,100% Combed Cotton Chambray 130 GSM 58 inches Baby Pink,,Baby Pink,130,,2500,Mtr,105.62,,2026-07-13,new_customer_no_history,medium
POL002115,PO00440,9,Camel - 55/45 Linen Cotton - 195GSM - Handloom Finish - 58 inch,,Camel,195,,500 approx,M,Rs. 372.62,,2026-08-02,new_customer_no_history,medium
POL002116,PO00440,10,100% Lyocell/Satin/105GSM/58 inches/Musturd,,Mustard,105,,600,mts,154.26,,2026-06-28,new_customer_no_history,medium
POL002117,PO00441,1,50/50 poly cotton ecru 120 g/m2 percale,,Ecru,120,,2500,mts,Rs. 153.06,,2026-08-27,expired_historical_price,medium
POL002118,PO00441,2,100% Cotton Terry/Face Towel/415gsm/Sky Blue,,Sky Blue,415,,~200,Pcs,242.77,,2026-09-16,partial_catalogue_match,medium
POL002119,PO00441,3,100% Cotton Terry Face Towel 415 GSM 12x12 inch Rust,,Rust,415,,500,pieces,243.98,,2026-08-27,clean_exact_match,easy
POL002120,PO00441,4,Bottle Green Upholstery Jacquard 70/30 Poly Cotton 430gsm,,Bottle Green,430,,"2,000",Mtr,Rs. 323.21,,2026-09-01,no_historical_price,medium
POL002121,PO00442,1,60/40 Cotton Poly Dobby 130 GSM 44 inch Ecru,,Ecru,130,44,1000,mtr,90.91,,2026-06-24,clean_exact_match,easy
POL002122,PO00442,2,Jute Hessian Cloth 280 GSM 40 inch Natural,,,,,300,mts,INR 260.05,,2026-06-19,unknown_product,exception
POL002123,PO00442,3,Poly Cotton Denim Rigid GSM 310 Peach,,Peach,310,,400,Yards,Rs. 201.08,,2026-06-19,wrong_unit_of_measure,exception
POL002124,PO00443,1,"58"" 105GSM 100% POLYESTER FIROZI PRINT BASE",,Firozi,105,,300,Mtr,127.3,,2026-06-12,partial_catalogue_match,medium
POL002125,PO00443,2,85gsm - 58in - black - chiffon - 100% polyester,,Coffee Brown,85,,1500,mtr,Rs. 63.94,,2026-05-28,incorrect_colour_or_gsm,hard
POL002126,PO00443,3,Rayon Slub 95/5 Viscose Lycra Dark Grey 44' 135 gm,,Charcoal,135,,~600,mts,84.54,,2026-05-13,wrong_price_outside_tolerance,exception
POL002127,PO00443,4,95/5 VISCOSE LYCRA RAYON SLUB 95GSM LT PINK,,Baby Pink,95,,150,Meters,78.29,,2026-05-13,expired_historical_price,medium
POL002128,PO00443,5,modal fabric medium quality,,,,,1000 approx,MTRS,Rs. 275.91,,2026-05-18,ambiguous_product_match,hard
POL002129,PO00444,1,"White, 290gsm, 55/45 Poly Wool, Twill Suiting, 60in",,White,290,,600,MTRS,276.5,,2026-07-22,minor_naming_variation,easy
POL002130,PO00445,1,Plain/215 gm/55/45 Linen Cotton/58 inch,,,215,,2500,MTR,454.47 per unit,,2026-08-10,multiple_possible_sku_matches,hard
POL002131,PO00445,2,printing cloth - 58' normal one,,,,,400,mtr,113.37,,2026-07-11,ambiguous_product_match,hard
POL002132,PO00446,1,100% Lyocell/Satin/150GSM/58in/Maroon,,Maroon,150,,1200,MTR,256.88,,2026-07-14,small_acceptable_price_variation,easy
POL002133,PO00446,2,"95/5 VIS lyccra, rayon crepe, gsm 110, 58 inch, ceru",,Ecr,110,,150,M,91.78,,2026-07-04,spelling_errors_and_abbreviations,medium
POL002134,PO00446,3,100% POLYESTER  CREPE  GSM 70  TEAL,,Teal,70,,500,MTR,Rs. 55.38,,2026-07-24,expired_historical_price,medium
POL002135,PO00446,4,100% Viscose/Printed Plain/110gsm/58in/Baby Pink,,Baby Pink,110,,150,MTRS,119.93 per unit,,2026-07-19,incorrect_colour_or_gsm,hard
POL002136,PO00447,1,Jute Hessian Cloth 280 GSM 40 inch Natural,NIM-5503,,,,500,Mtr,132.73,,2026-04-21,unknown_product,exception
POL002137,PO00447,2,58in  Drill  Light Blue  275 GSM  97/3 Cotton Spandex,,Light Blue,275,,1200 approx,Meters,200.60,,2026-04-26,minor_naming_variation,easy
POL002138,PO00447,3,100% Lyocell Satin 150 GSM 58 inch Rust,,Rust,150,58,600,Mtr,215.87,,2026-05-06,clean_exact_match,easy
POL002139,PO00448,1,trouser cloth medium quality,,,,,2500,MTRS,166.35,,2026-04-27,ambiguous_product_match,hard
POL002140,PO00449,1,165 GSM  winter fabric  Nevy Blue,ESH-2486,,,,800,MTR,155.05,,2026-09-01,customer_specific_product_code,medium
POL002141,PO00449,2,100% Polyester Crepe 70 GSM 44 inch Beige,,Beige,70,44,1500,mtr,55.16,,2026-09-01,clean_exact_match,easy
POL002142,PO00449,3,100% C0tfon - Flanne1 - 65M 165 - 58 inch - Navy ~~,,Navy Blue,,,"2,000",Meters,155.5,,2026-09-11,poor_quality_document,hard
POL002143,PO00449,4,ESH-8075 same as last time,ESH-8075,,,,500,M,255.53,,2026-09-01,customer_specific_product_code,medium
POL002144,PO00449,5,100% Cotton Canvas Bottom 225 g/m2 Camel,,Camel,225,,400,mtr,160.66,,2026-08-22,no_historical_price,medium
POL002145,PO00450,1,Poly Cotton Denim Rigid 310GSM 63' Peach,,Peach,310,,150,mts,190.10/mtr,,2026-04-18,new_customer_no_history,medium
POL002146,PO00450,2,300gsm/98/2 Cotton Lycra Denim/Rigid/63 inch/Sea Green,,Sea Green,300,,"2,500",mts,INR 207.90,,2026-05-18,new_customer_no_history,medium
POL002147,PO00450,3,58 inches/95/5 viscose lycra/125 gm/rayon crepe/teal,,Teal,125,,300,M,95.46,,2026-04-13,new_customer_no_history,medium
POL002148,PO00450,4,"100% Polyester Satin 110 gm 58"" Sea Green",,Sea Green,110,,400,M,86.78,,2026-04-23,new_customer_no_history,medium
POL002149,PO00450,5,63in - 310gsm - Mustard - Rigid - Poly Cotton Denim,,Mustard,310,,1000,MTR,196.25,,2026-04-28,new_customer_no_history,medium
POL002150,PO00450,6,44in royal blue oxford 100% combed cotton 160 gm,,Royal Blue,160,,300,Meters,121.84,,2026-05-18,new_customer_no_history,medium
POL002151,PO00450,7,98/2 Cotton Lycra Denim Lightweight 350GSM 58 inches Camel,,Camel,350,,150,Mtr,224.54,,2026-04-23,new_customer_no_history,medium
POL002152,PO00451,1,Polar - 375 g/m2 - Teal - 60/40 Cotton Poly Fleece,,Teal,375,,50,KG,361.20,,2026-05-20,no_historical_price,medium
POL002153,PO00451,2,100% Combed Cotton - Dobby - 150 GSM - Royal Blue,,Royal Blue,150,,,MTRS,Rs. 130.26,,2026-05-20,missing_quantity,exception
POL002154,PO00452,1,58in/GSM 130/Chambray/100% Combed Cotton/Light Pink,,Lt Pink,130,,2000,Meters,INR 126.31,,2026-07-12,minor_naming_variation,easy
POL002155,PO00452,2,100% Cotton Drill 195 GSM 60 inch Teal,,Teal,195,60,150,MTRS,159.71,,2026-06-27,clean_exact_match,easy
POL002156,PO00452,3,Rust 63' Stretch 98/2 Cotton Lycra Denim 370 gm,,Rust,370,,1200,M,296.63,,2026-07-27,small_acceptable_price_variation,easy
POL002157,PO00452,4,"240GSM, Waffle, 100% Cotton Knit, Olive, 60in",,Olive,240,,150,Kg,432.22,,2026-07-12,small_acceptable_price_variation,easy
POL002158,PO00452,5,"shirting fabric, 130gsm, Baby Pink",ANA-5521,,,,600,M,INR 125.60,,2026-06-27,customer_specific_product_code,medium
POL002159,PO00452,6,denim cloth regular quality,,,,,400,mtr,285.62,,2026-07-02,ambiguous_product_match,hard
POL002160,PO00452,7,Poly Cotton Denim Rigid 310 GSM 63 inch Mustard,ANA-7808,Mustard,310,63,500,MTRS,INR 234.58,,2026-07-27,clean_exact_match,easy
POL002161,PO00452,8,100% Cotton Knit Waffle 240 GSM 60 inches Olive,ANA-3559,Olive,240,,200,Kilo,450.97,,2026-07-02,minor_naming_variation,easy
POL002162,PO00452,9,98/2 COTTON LYCRA DENIM/STRETCH/370 GM/63'/RUST,,Rust,370,,200,MTR,299.54,,2026-07-02,small_acceptable_price_variation,easy
POL002163,PO00452,10,100% Cotton Knit Waffle 240 GSM 60 inch Olive,ANA-6374,Olive,240,60,300,kgs,INR 449.80,,2026-07-27,clean_exact_match,easy
POL002164,PO00452,11,combed cotton  chambray  130gsm  58in  baby pink,,Baby Pink,130,,2500,Meters,126.39,,2026-07-07,minor_naming_variation,easy
POL002165,PO00452,12,"98/2 CTN LYC DNn, Syretch, 370 gm, 63"", Russt",ANA-9241,Rus,370,,2000,MTRS,286.9,,2026-07-12,spelling_errors_and_abbreviations,medium
POL002166,PO00453,1,100% Polyester  Printed Plain  120GSM  W-58  Mint,,Mint,120,,1200,Meters,Rs. 119.79,,2026-08-09,minor_naming_variation,easy
POL002167,PO00453,2,100% Modal/Twill/GSM 130/58in/Peach,AMR-9521,Peach,130,,200,M,Rs. 192.54,,2026-09-03,partial_catalogue_match,medium
POL002168,PO00453,3,100% Lyocell Satin 150 GSM 58 inch Maroon,,Maroon,150,58,1200,mtr,213.9,,2026-09-03,clean_exact_match,easy
POL002169,PO00454,1,-,,,,,2500,mtr,,,2026-07-04,malformed_incomplete_order,exception
POL002170,PO00454,2,100% Combed Cotton Chambray GSM 130 58in Light Pink,ANA-4631,Baby Pink,130,,2500,Meters,126.38,,2026-06-14,minor_naming_variation,easy
POL002171,PO00454,3,"100% Cotton Denim, Rigid, GSM 370, Gray Melange",,Grey Melange,370,,"1,000",Mtr,237.17,,2026-06-19,no_historical_price,medium
POL002172,PO00455,1,100% Cotton Knit Melange Jersey 160 GSM 60 inch Cream,,Cream,160,60,200,kgs,335.06,,2026-05-30,clean_exact_match,easy
POL002173,PO00455,2,"Cotton Canvas Bottom 225GSM 58"" Navy Blue",,Dark Blue,225,,800,mts,173.4,,2026-04-25,minor_naming_variation,easy
POL002174,PO00455,3,"MELANGE JERSEY 60"" CREAM 100% COTTON KNIT GSM 160",,Cream,160,,500,KGS,INR 349.85,,2026-04-25,small_acceptable_price_variation,easy
POL002175,PO00455,4,100% Polyester Velvet 8 Wale 265 GSM 44 inch Lavender,,Lavender,265,44,1500,MTR,207.16,,2026-05-05,clean_exact_match,easy
POL002176,PO00455,5,Canvas Botton Dark Blue W-58 100% CTm 225 gm,,Navy Blue,225,,800,mts,174.11,,2026-05-30,spelling_errors_and_abbreviations,medium
POL002177,PO00456,1,97/3 COTTON SPANDEX CANVAS BOTTOM 225GSM W-60 BOTTLE GREEN,,Bottle Green,225,,500,Mtr,189.81,,2026-09-17,incorrect_colour_or_gsm,hard
POL002178,PO00456,2,Satin 105GSM Greige RFD 70/30 Modal Cotton,,Greige RFD,105,,800,KG,153.14,,2026-09-02,wrong_unit_of_measure,exception
POL002179,PO00456,3,100% Cotton Denim Rigid 370 GSM 63 inch Grey Melange,,Grey Melange,370,63,"1,500",MTR,267.74,,2026-09-17,clean_exact_match,easy
POL002180,PO00456,4,100% Modal/Twill/130gsm/58 inch/Wine,,Wine,130,,2000,Meters,Rs. 224.12,,2026-09-02,minor_naming_variation,easy
POL002181,PO00456,5,98/2 COTTON LYCRA DENIM/RIGID/300GSM/SEA GREEN,,Sea Green,300,,1500,MTR,218.24/mtr,,2026-10-02,no_historical_price,medium
POL002182,PO00457,1,105 GSM/White/modal fabric,KAN-6810,,,,2500,Mtr,154.45,,2026-06-21,customer_specific_product_code,medium
POL002183,PO00457,2,Cupro Satin 90 GSM 44 inch Ivory,,,,,200,MTRS,142.10,,2026-06-06,unknown_product,exception
POL002184,PO00457,3,"100% Linen/Handloom Finish/115GSM/58""/Peach",,Peach,115,,400,mts,248.90,,2026-06-11,small_acceptable_price_variation,easy
POL002185,PO00457,4,125 GMS/Grey MEL/100% LIN/58im/Slub,,Grey Melange,125,,1200,MTRS,265.68,,2026-07-06,spelling_errors_and_abbreviations,medium
POL002186,PO00457,5,Plain Turquoise 100% Linen 195GSM,,Firozi,195,,500,MTR,371.87,,2026-06-16,no_historical_price,medium
POL002187,PO00457,6,100% Lyocell/W-58/150 GSM/Satin/Black,,Sky Blue,150,,1500,MTR,213.08,,2026-07-06,incorrect_colour_or_gsm,hard
POL002188,PO00457,7,Lightweight 58 inches 310GSM Camel 100% Cotton Denim,,Camel,310,,400,M,209.17,,2026-06-06,minor_naming_variation,easy
POL002189,PO00457,8,"100% Lyocell/Satin/150gsm/58""/Mustard",,Mustard,150,,1500,MTRS,213.80,,2026-06-21,partial_catalogue_match,medium
POL002190,PO00457,9,"155 GSM, 60in, Melange Jersey, Off White, 60/40 Poly Cotton Knit",,Off White,155,,500,KG,INR 287.84,,2026-07-06,minor_naming_variation,easy
POL002191,PO00457,10,"100% CT/Drixl/195GSM/60""/Cream",,Ceeam,195,,~200,mtr,Rs. 141.17,,2026-07-06,spelling_errors_and_abbreviations,medium
POL002192,PO00457,11,70/30 Modal Cotton Satin 105 GSM 58 inch White,,White,105,58,150,MTR,154.26,,2026-06-16,clean_exact_match,easy
POL002193,PO00457,12,150 GSM - W-58 - Marun - Satin - 100% Lyocell,,Maroon,150,,150,mtr,211.05/mtr,,2026-06-11,minor_naming_variation,easy
POL002194,PO00458,1,100% POLYESTER/105GSM/SATIN/MINT,,Mint,105,,800,Mtr,78.62 per unit,,2026-05-22,expired_historical_price,medium
POL002195,PO00458,2,print base  58 inches,,,,,400,MTR,130.42,,2026-05-07,ambiguous_product_match,hard
POL002196,PO00458,3,100% Linen Plain 215 GSM 58 inch Sea Green,,Sea Green,215,58,1200,M,Rs. 426.85,,2026-05-07,clean_exact_match,easy
POL002197,PO00458,4,100% Linen Plain 215 GSM 58 inch Off White,,Off White,215,58,200 approx,mtr,421.97,,2026-05-12,clean_exact_match,easy
POL002198,PO00458,5,100% Linen Plain 215 GSM 58 inch Sea Green,,Sea Green,215,58,"1,500",Mtr,427.69/mtr,,2026-05-27,clean_exact_match,easy
POL002199,PO00458,6,SATIN 95/5 POLY SPANDEX ROYAL BLUE 215GSM,,Royal Blue,215,,"2,000",MTR,164.15,,2026-05-27,no_historical_price,medium
POL002200,PO00458,7,100% Linen Plain 215 GSM 58 inch Off White,,Off White,215,58,2500 approx,MTRS,Rs. 419.42,,2026-05-27,clean_exact_match,easy
POL002201,PO00458,8,100% Lyocell Satin 150 gm Black,,Black,150,,500,Mtr,201.64,,2026-05-22,no_historical_price,medium
POL002202,PO00458,9,"100% Linen, Plain, 215 GSM, 58 inch, Sea Green",,Sea Green,215,,1500,mts,407.11 per unit,,2026-05-22,small_acceptable_price_variation,easy
POL002203,PO00458,10,100% Polyester Digital Print Base 130 GSM 58 inch Sky Blue,,Sky Blue,130,58,500,MTR,129.88,,2026-05-22,clean_exact_match,easy
POL002204,PO00458,11,100% Linen Plain 215 GSM 58 inch Sea Green,,Sea Green,215,58,300,Mtr,426.45,,2026-06-11,clean_exact_match,easy
POL002205,PO00458,12,100% Linen - Plain - 215 GSM - 58 inch - Sea Green,,Sea Green,215,,150,MTR,427.70,Width to be 63 inch as per last supply,2026-05-17,conflicting_information_in_po,hard
POL002206,PO00459,1,55/45 Poly Wool Twill Suiting 275 GSM 58 inch Charcoal,,Charcoal,275,58,800,MTR,246.32,,2026-05-12,clean_exact_match,easy
POL002207,PO00459,2,65/35 Poly Cotton  Blended Shirting  GSM 140  58in  Royal Blue,,Royal Blue,140,,800,Meters,93.28,,2026-06-11,partial_catalogue_match,medium
POL002208,PO00460,1,55/45 Linen Cotton Handloom Finish 195 GSM 58 inch Coffee Brown,AMR-4779,Coffee Brown,195,58,1000,M,424.58,,2026-05-16,clean_exact_match,easy
POL002209,PO00460,2,70/30 Modal Cotton Satin 105 GSM 58 inch Greige RFD,,Greige RFD,105,58,600,Meters,150.42,,2026-04-26,clean_exact_match,easy
POL002210,PO00460,3,100% Linen Plain 215 GSM 58 inch Sea Green,AMR-6112,Sea Green,215,58,600,mtr,467.77,,2026-05-16,clean_exact_match,easy
POL002211,PO00460,4,100% Linen Plain 215 GSM 58 inch Sea Green,AMR-7468,Sea Green,215,58,1000,Mtr,INR 466.23,,2026-05-11,clean_exact_match,easy
POL002212,PO00460,5,55/45 linen cotton handloom finish 195 gsm 58 inches brown coffee,,Coffee Brown,195,,800,M,Rs. 426.22,,2026-05-11,minor_naming_variation,easy
POL002213,PO00461,1,240GSM - OLIVE - 100% COTTON KNIT - WAFFLE - 60',,Olive,240,,80,kgs,Rs. 380.42,,2026-04-30,minor_naming_variation,easy
POL002214,PO00461,2,100% CTN KNIT - WAFFLE - GSM 240 - WW-60 - NEVY LBUE,,Navy Blur,240,,100,KG,INR 385.40,,2026-05-05,spelling_errors_and_abbreviations,medium
POL002215,PO00461,3,"1x1 rib olive 100% cotton knit 220 gm 72""",,Olive,220,,100,Kilo,318.99,Rate confirmed on call,2026-04-25,wrong_price_outside_tolerance,exception
POL002216,PO00461,4,100% Cotton Knit  2x2 Rib  230 g/m2  60',,,230,,150,KGS,365.87,,2026-05-20,multiple_possible_sku_matches,hard
POL002217,PO00461,5,W-63  denim cloth,,,,,800,MTRS,206.29,,2026-04-25,ambiguous_product_match,hard
POL002218,PO00462,1,80/20 Poly Cotton Poplin 145 GSM 58 inch Mint,,Mint,145,58,150,Meters,99.56,,2026-06-03,clean_exact_match,easy
POL002219,PO00463,1,70/30 Poly Cotton Upholstery Jacquard 295 GSM 58 inch Mustard,,Mustard,295,58,150,mtr,241.0,,2026-05-16,clean_exact_match,easy
POL002220,PO00463,2,"Mint 220 gm 54"" Blackout Base Poly",,Mint,220,,500,MTR,185.11,,2026-05-26,minor_naming_variation,easy
POL002221,PO00463,3,70/30 Poly Cotton Upholstery Jacquard 295 GSM 58 inch Mustard,,Mustard,295,58,400,mts,240.01,,2026-06-20,clean_exact_match,easy
POL002222,PO00463,4,100% Polyester Blackout Base 220 GSM 54 inch Mint,,Mint,220,54,"2,500",mts,183.61,,2026-06-05,clean_exact_match,easy
POL002223,PO00464,1,sofa fabric,,,,,150,M,275.98,,2026-07-22,ambiguous_product_match,hard
POL002224,PO00465,1,100% Polyester Crepe 105 GSM 58 inch Cream,,Cream,105,58,2000,MTRS,69.51,,2026-07-01,clean_exact_match,easy
POL002225,PO00465,2,95/5 Poly Spandex Satin 155 GSM 58 inch Rust,,Rust,155,58,1500,MTRS,145.5,,2026-06-16,clean_exact_match,easy
POL002226,PO00465,3,100% Cotton Duck Canvas 465 GSM 58 inch Baby Pink,,Baby Pink,465,58,300,M,257.69,,2026-06-16,clean_exact_match,easy
POL002227,PO00466,1,100% Cotton Denim - Lightweight - GSM 310 - 58' - Camel,,Camel,310,,2500,M,197.83,Width to be 36 inch as per last supply,2026-07-03,conflicting_information_in_po,hard
POL002228,PO00466,2,100% Cotton Knit Single Jersey 160 GSM 60 inch Bottle Green,,Bottle Green,160,60,150,kgs,318.33/kg,,2026-07-13,clean_exact_match,easy
POL002229,PO00466,3,100% Cotton Denim Lightweight 310 GSM 58 inch Camel,,Camel,310,58,150,MTR,198.35/mtr,,2026-07-08,clean_exact_match,easy
POL002230,PO00466,4,100% Cotton Knit Single Jersey 160gsm 60',,,160,,150 approx,KGS,316.64,,2026-07-13,multiple_possible_sku_matches,hard
POL002231,PO00466,5,"Combed Cotton, Poplin, 95gsm, 58', Teal",,Teal,95,,400,Meters,92.00,,2026-07-13,minor_naming_variation,easy
POL002232,PO00466,6,Nylon Ripstop 110 GSM 60 inch Olive,,,,,100,Kg,242.88,,2026-08-02,unknown_product,exception
POL002233,PO00466,7,Handloom Finish  195gsm  Min  55/45 Linen TN  58',,Mint,195,,400 approx,Meters,INR 391.85,,2026-07-08,spelling_errors_and_abbreviations,medium
POL002234,PO00466,8,Lavender/195 gm/linen material,RAN-4895,,,,1000,MTR,372.49,,2026-07-08,customer_specific_product_code,medium
POL002235,PO00466,9,100% Cotton Denim Lightweight 310 GSM 58 inch Camel,,Camel,310,58,"1,500",M,198.42,,2026-07-08,clean_exact_match,easy
POL002236,PO00466,10,100% Combed Cotton Poplin 95 GSM 58 inch Teal,,Teal,95,58,"1,200",MTRS,Rs. 92.33,,2026-07-03,clean_exact_match,easy
POL002237,PO00466,11,100% Combed Cotton Poplin 95 GSM 58 inch Teal,,Teal,95,58,400,MTR,INR 92.18,,2026-07-18,clean_exact_match,easy
POL002238,PO00466,12,"combed cotton, poplin, teal, 95gsm, 58 inches",,Teal,95,,300,MTRS,Rs. 91.56,,2026-07-18,minor_naming_variation,easy
POL002239,PO00467,1,twill suiting  80/20 poly viscose  235 gsm  royal blue  60in,,Royal Blue,235,,1000,M,180.1,,2026-06-16,partial_catalogue_match,medium
POL002240,PO00467,2,Twill Suiting  275 GSM  W-58  55/45 Poly Wool,,,275,,1500,MTRS,INR 262.33,,2026-06-11,multiple_possible_sku_matches,hard
POL002241,PO00467,3,80/20 PV - Txill Suiting - 235 g/m2 - 60 inch - .B Green,,Bottle Green,235,,300,MTRS,200.36,,2026-06-11,spelling_errors_and_abbreviations,medium
POL002242,PO00467,4,"70/30 PVV Twill Suiing 240 gm 60"" Liht Blue",,Sky lBue,240,,200,Mtr,176.55,,2026-06-16,spelling_errors_and_abbreviations,medium
POL002243,PO00467,5,97/3 Cotton Spandex Drill 275 GSM 58 inch Cream,,Cream,275,58,600,M,205.88,,2026-06-16,clean_exact_match,easy
POL002244,PO00467,6,Cotton Duck Canvas 390GSM 63 inches Turquoise,,Firozi,390,,200,Mtr,218.80,,2026-07-01,minor_naming_variation,easy
POL002245,PO00467,7,55/45 Poly Wool Twill Suiting 275 GSM 58 inch Charcoal,,Charcoal,275,58,500,MTR,246.53,,2026-06-01,clean_exact_match,easy
POL002246,PO00467,8,"100% Cotton, Flannel, Peach, W-58, 185gsm",,Peach,185,,600,MTR,135.22,,2026-06-11,minor_naming_variation,easy
POL002247,PO00468,1,"Dri ll195 GSM Mint 60"" 100% CTN",,int,195,,1500,M,162.50,,2026-07-25,spelling_errors_and_abbreviations,medium
POL002248,PO00468,2,GSM 145  WINE  63IN  BLENDED SHIRTING  80/20 POLY COTTON,,Wine,145,,300,M,89.01,,2026-07-15,incorrect_colour_or_gsm,hard
POL002249,PO00468,3,"Blended Shirting, 80/20 Poly Cotton, 115gsm, 63 inch",,,115,,1500,M,88.86/mtr,,2026-07-25,multiple_possible_sku_matches,hard
POL002250,PO00468,4,"Charcoal Grey/210 gm/Chino/98/2 Cotton Lycra/58""",,Dark Grey,210,,1000,M,179.68,,2026-08-19,minor_naming_variation,easy
POL002251,PO00468,5,"58"" 80/20 Poly Viscose Suiting Ecru 250 g/m2",,Ecru,250,,400,mtr,215.66,,2026-08-04,partial_catalogue_match,medium
POL002252,PO00468,6,uniform suiting/275 g/m2/charcoal grey,MAY-3532,,,,"1,500",mtr,Rs. 276.70,,2026-07-20,customer_specific_product_code,medium
POL002253,PO00469,1,fleece cloth,,,,,~500,KGS,332.26,,2026-08-26,ambiguous_product_match,hard
POL002254,PO00469,2,"60/40 Cotton Poly Fleece, Brushed, 305gsm, 60in, Brown Coffee",,Coffee,305,,80,KGS,331.07,,2026-08-16,minor_naming_variation,easy
POL002255,PO00469,3,100% Cotton Canvas Bottom 225 GSM 58 inch Bottle Green,,Bottle Green,225,58,400,M,172.05/mtr,,2026-08-26,clean_exact_match,easy
POL002256,PO00469,4,Black Waffle 95/5 Cotton Lycra Knit 60 inch 195gsm,,Black,195,,300,KG,371.83,,2026-08-26,partial_catalogue_match,medium
POL002257,PO00469,5,"97/3 COTTON SPANDEX, DRILL, GSM 275, W-58, SKY BLUE",,Black,275,,2000 approx,Meters,201.12,,2026-08-26,incorrect_colour_or_gsm,hard
POL002258,PO00469,6,as per our code NIR-9315,NIR-9315,,,,1000,MTRS,INR 200.17,,2026-08-31,customer_specific_product_code,medium
POL002259,PO00469,7,100% Cotton Knit 2x2 Rib 230gsm 60' Teal,,Teal,230,,150 approx,Kg,391.32,"Ref our mail - actually need White, not as written above",2026-08-11,conflicting_information_in_po,hard
POL002260,PO00469,8,95/5 CTN LYC 60' 195 GM Waxfle Firozi,,Firoz,195,,50,Kg,372.18,,2026-09-15,spelling_errors_and_abbreviations,medium
POL002261,PO00469,9,60/40 CTN Poly Flerce Brushed 305GSM 60 inches Coffee,,Coffee Brown,305,,300,Kilo,331.34,,2026-08-31,spelling_errors_and_abbreviations,medium
POL002262,PO00469,10,"LIGHT BLUE/DRILL/275 GM/97/3 COTTON SPANDEX/58""",,Sky Blue,275,,1200,MTR,244.30,Rate as per last PO,2026-08-16,wrong_price_outside_tolerance,exception
POL002263,PO00470,1,275GSM  58 inches  Cream  srill  97/3 CTN Spandex,,Craem,275,,1000,MTR,206.2,,2026-07-12,spelling_errors_and_abbreviations,medium
POL002264,PO00470,2,97/3 Cotton Spandex Drill 275 GSM 58 inch Cream,,Cream,275,58,800,mts,INR 207.30,,2026-07-07,clean_exact_match,easy
POL002265,PO00470,3,97/3 Cotton Spandex Drill 275 GSM 58 inch Cream,,Cream,275,58,800,MTRS,207.43,,2026-07-12,clean_exact_match,easy
POL002266,PO00471,1,GSM 220 - 55/45 /PW - White - 58' - Suiitng,,White,220,,800,mtr,207.87,,2026-06-08,spelling_errors_and_abbreviations,medium
POL002267,PO00472,1,95/5 Cotton Lycra Knit Waffle 195 GSM 60 inch Cream,,Cream,195,60,50,KGS,399.23,,2026-08-24,clean_exact_match,easy
POL002268,PO00473,1,65/35 Poly Cotton Blended Shirting 140 GSM 58 inch Black,,Black,140,58,1200,mtr,92.35/mtr,,2026-08-31,clean_exact_match,easy
POL002269,PO00473,2,65/35 Poly Cotton Duck Canvas 405 GSM 63 inch Peach,,Peach,405,63,300,MTRS,222.89/mtr,,2026-09-10,clean_exact_match,easy
POL002270,PO00473,3,70/30 Po1y Cotton 110' 5heer Casement Peach 225GSM |,,,,,600,M,199.77,,2026-09-15,poor_quality_document,hard
POL002271,PO00474,1,Win  230 gm  60 inches  100% CN KNIT  2x2 ib,,Wine,230,,~500,KGS,427.40,,2026-07-26,spelling_errors_and_abbreviations,medium
POL002272,PO00474,2,95/5 CTN LYC  Single eJrsey  155 GM  W-60  Sea Green,,Sea Green,155,,300,Kilo,Rs. 357.82,,2026-08-30,spelling_errors_and_abbreviations,medium
POL002273,PO00475,1,100% PLY Digittal Print Baes GSM 130 W-58 White,,Whhite,130,,300,MTRS,145.64,,2026-05-15,spelling_errors_and_abbreviations,medium
POL002274,PO00475,2,100% Polyester Blackout Base 160 GSM 54 inch Mustard,,Mustard,160,54,800,mts,133.60 per unit,,2026-05-25,clean_exact_match,easy
POL002275,PO00475,3,DENIM CLOTH  415GSM  GREY MELANGE,PAR-1306,,,,300,MTR,299.1,,2026-06-14,customer_specific_product_code,medium
POL002276,PO00475,4,95/5 Cotton Lycra Knit 1x1 Rib 255 GSM 72 inch Mustard,,Mustard,255,72,150,Kilo,499.55/kg,,2026-05-30,clean_exact_match,easy
POL002277,PO00475,5,95/5 Cotton Lycra Knit 1x1 Rib 255 GSM 72 inch Mustard,,Mustard,255,72,250,KG,Rs. 498.16,,2026-05-20,clean_exact_match,easy
POL002278,PO00475,6,70/30 Modal Cotton Satin 105 GSM 58 inch Navy Blue,,Navy Blue,105,58,"1,000",M,178.10,,2026-05-10,clean_exact_match,easy
POL002279,PO00476,1,60 INCHES FIROZI 80/20 POLY VISCOSE GSM 290 SUITING,,Firozi,290,,800,M,INR 236.27,,2026-08-18,minor_naming_variation,easy
POL002280,PO00476,2,"65/35 poly cotton, 200 gm, flannel, teal",,Teal,200,,~2000,MTRS,INR 142.48,,2026-08-13,no_historical_price,medium
POL002281,PO00476,3,Firozi/60'/Suiting/290 GSM/80/20 Poly Viscose,,Wine,290,,300,M,INR 236.77,,2026-07-29,incorrect_colour_or_gsm,hard
POL002282,PO00476,4,80/20 Poly Viscose  60 inches  Suiting  290 gm,,,290,,"2,000",mts,236.01 per unit,,2026-08-03,multiple_possible_sku_matches,hard
POL002283,PO00476,5,White/Twill Suiting/GSM 290/60 inch/55/45 Poly Wool,,White,290,,~400,M,Rs. 282.55,,2026-08-13,minor_naming_variation,easy
POL002284,PO00476,6,"White 55/45 P0ly Woo1 Twil1 Suiting 60"" 290gsm",,,,,600,mts,282.49/mtr,,2026-09-02,poor_quality_document,hard
POL002285,PO00476,7,WHITE  TWILL SUITING  60 INCH  290GSM  55/45 POLY WOOL,,White,290,,1200 approx,mtr,281.68,,2026-08-03,minor_naming_variation,easy
POL002286,PO00477,1,Hand Towel - 385GSM - Br0wn Coffee - 100% C0ffon Terry ###,,Coffee Brown,385,,200,PCS,193.34 per unit,,2026-06-19,poor_quality_document,hard
POL002287,PO00477,2,Royal Blue 100% Cotton Terry 425gsm Hand Towel,,Royal Blue,425,,~100,pc,190.5,,2026-06-24,no_historical_price,medium
POL002288,PO00477,3,100% Cotton Terry Hand Towel 385 GSM 12x12 inch Coffee Brown,,Coffee Brown,385,,200,NOS,194.32,,2026-07-14,clean_exact_match,easy
POL002289,PO00477,4,100% cotton terry face towel 450 gsm wine,,Wine,450,,300 approx,PCS,213.12,,2026-06-24,expired_historical_price,medium
POL002290,PO00478,1,100% Cotton Knit/Slub Jersey/150 gm/72 inch/Royal Blue,,Royal Blue,150,,500,KGS,325.13,,2026-07-23,small_acceptable_price_variation,easy
POL002291,PO00478,2,100% CTN  Twill  GS M295  W-58  Wine,,Wine,295,,150,MTRS,222.82,,2026-07-23,spelling_errors_and_abbreviations,medium
POL002292,PO00479,1,Rayon Slub - 95 GSM - W-58 - 95/5 Viscose Lycra - Baby Pink,,Baby Pink,95,,1200,M,Rs. 77.41,Please supply in Greige RFD as discussed,2026-09-06,conflicting_information_in_po,hard
POL002293,PO00479,2,97/3 CTN Spandex Canvas Bottom 195 gm W-60 Lsvender,,Lavender,195,,600,Mtr,155.21,,2026-09-06,spelling_errors_and_abbreviations,medium
POL002294,PO00479,3,97/3 Cotton Spandex Canvas Bottom 195 GSM 60 inch Lavender,,Lavender,195,60,"2,000",mtr,156.55,,2026-08-27,clean_exact_match,easy
POL002295,PO00479,4,100% Cotton Terry  Ecru  Hand Towel  425 GSM,,Ecru,425,,100,Pcs,Rs. 227.34,Rate as per last PO,2026-10-01,wrong_price_outside_tolerance,exception
POL002296,PO00480,1,"100% Lyocell, Satin, 150 GSM, W-58, Lavender",,Lavender,150,,1200,MTR,217.80,,2026-05-08,small_acceptable_price_variation,easy
POL002297,PO00480,2,100% Polyester/Printed Plain/140 gm/Ecru,,Ecru,140,,150,Meters,INR 138.47,,2026-06-12,expired_historical_price,medium
POL002298,PO00480,3,item TEJ-2153,TEJ-2153,,,,2000,MTRS,INR 138.68,,2026-05-23,customer_specific_product_code,medium
POL002299,PO00481,1,100% CN Terrry Hand Towel 385gsm Coffee Brown,,Coffee Brown,385,,300 approx,Pcs,193.69 per unit,,2026-07-29,spelling_errors_and_abbreviations,medium
POL002300,PO00481,2,"405gsm, Grey Melange, canvas cloth",DEV-4441,,,,2500,Mtr,236.06,,2026-07-29,customer_specific_product_code,medium
POL002301,PO00481,3,100% Cotton Terry Hand Towel 385 GSM 12x12 inch Coffee Brown,,Coffee Brown,385,,1500,PCS,193.46,,2026-06-24,clean_exact_match,easy
POL002302,PO00481,4,"100% COTTON TERRY, COFFEE BROWN, HAND TOWEL, 385 G/M2",,Coffee Brown,385,,100 approx,pc,Rs. 200.38,,2026-06-29,small_acceptable_price_variation,easy
POL002303,PO00481,5,65/35 POLY COTTON/DUCK CANVAS/GSM 405/63 INCH,,,405,,2500,MTR,Rs. 234.87,,2026-07-14,multiple_possible_sku_matches,hard
POL002304,PO00481,6,terry towel pcs,,,,,200,NOS,INR 193.10,,2026-06-24,ambiguous_product_match,hard
POL002305,PO00481,7,"65/35 PC, Duvk Canvas, GSSM 405, 63in, MEL Grey",,Greyy Melange,405,,600,MTRS,235.85,,2026-07-09,spelling_errors_and_abbreviations,medium
POL002306,PO00482,1,95/5 Viscose Lycra Rayon Slub 105 GSM 58 inch Off White,,Off White,105,58,2500,MTRS,89.98,,2026-07-03,clean_exact_match,easy
POL002307,PO00482,2,100% Linen Plain 215 GSM 58 inch Off White,,Off White,215,58,800 approx,Meters,455.60,,2026-06-18,clean_exact_match,easy
POL002308,PO00482,3,OFF-WHITE LINEN CLOTH GSM 215,DEV-7522,,,,300,mtr,Rs. 458.09,,2026-06-18,customer_specific_product_code,medium
POL002309,PO00482,4,100% viscose  printed plain  60 g/m2  58 inches  mustard,,Mustard,60,,150,M,110.73,,2026-07-03,incorrect_colour_or_gsm,hard
POL002310,PO00482,5,Rayon Slub  95/5 VIS Lycra  58 inches  Off-Whote  GSM 105,,Off White,105,,~1200,mtr,Rs. 90.00,,2026-06-08,spelling_errors_and_abbreviations,medium
POL002311,PO00482,6,"Rust, GSM 150, Satin, 100% Lyocell",,Rust,150,,400,mtr,245.84,,2026-06-03,expired_historical_price,medium
POL002312,PO00483,1,100%  Linen  Hand10om Finish  22065M  W-58  8eige |,,,820 ###,,1200,Mtr,432.80,,2026-06-21,poor_quality_document,hard
POL002313,PO00483,2,58' 220GSM Handloom Finish 100% Linen Beige,,Beige,220,,600,Mtr,432.68 per unit,,2026-07-01,minor_naming_variation,easy
POL002314,PO00483,3,100% C0tton Knit/Melange Jersey/200 GSM/72 inch/Silver 6rey,,Silver Grey,201 (illegible),,100,Kg,402.4,,2026-07-06,poor_quality_document,hard
POL002315,PO00484,1,98/2 CTN Lycra/Drill/Bronx Cofffee/235 g/m2/60',,Coffee Browwn,235,,800,MTR,189.01/mtr,,2026-08-27,spelling_errors_and_abbreviations,medium
POL002316,PO00484,2,Silk Organza 45 GSM 44 inch Gold,,,,,2000,MTRS,431.94,,2026-08-12,unknown_product,exception
POL002317,PO00484,3,98/2 CTN Lyycta - Drill - 235 GSn - 60in - Coffee,,Cofffee Brown,235,,~300,mtr,188.05,,2026-08-27,spelling_errors_and_abbreviations,medium
POL002318,PO00484,4,305 GSM 60' BRUSHED COFFEE BROWN 60/40 COTTON POLY FLEECE,,Coffee Brown,305,,200,KG,Rs. 345.60,,2026-08-12,minor_naming_variation,easy
POL002319,PO00484,5,60/40 Cotton Poly  Ecru  130gsm  Dobby,,Ecru,130,,1500,MTR,90.85,,2026-08-12,no_historical_price,medium
POL002320,PO00485,1,Satin 215gsm 95/5 Poly Spandex Royal Blue,,Royal Blue,215,,1200,M,172.7,,2026-06-15,no_historical_price,medium
POL002321,PO00485,2,100% PLY/GSM 110/x-58/GREGE/SATIN,,Greige RFD,110,,~600,MTRS,88.55,,2026-07-05,spelling_errors_and_abbreviations,medium
POL002322,PO00485,3,100 G/M2/44'/PRINTED PLAIN/NAVY BLUE/100% POLYESTER,,Off White,100,,800,MTR,107.91,,2026-06-05,incorrect_colour_or_gsm,hard
POL002323,PO00485,4,printing cloth 100 gm Navy,SAT-8475,,,,~600,mtr,108.13,,2026-06-15,customer_specific_product_code,medium
POL002324,PO00485,5,100% Polyester Printed Plain 100 GSM 44 inch Navy Blue,,Navy Blue,100,44,1500,mts,108.08,,2026-06-15,clean_exact_match,easy
POL002325,PO00485,6,Jute Hessian Cloth 280 GSM 40 inch Natural,,,,,1000,MTR,INR 406.33,,2026-05-31,unknown_product,exception
POL002326,PO00486,1,"100% Cotton Knit, Single Jersey, 155gsm, Lavender",,Lavender,155,,5307,Kg,344.61,,2026-08-14,unusually_large_quantity,exception
POL002327,PO00487,1,RFD - VOILE - 44IN - 130GM - 60/40 CTN POLY,,Greige RFD,130,,800,mts,88.68,,2026-07-09,spelling_errors_and_abbreviations,medium
POL002328,PO00487,2,58 incehs - Peachh - Poplin - 100% CMBD CTN - 95 GSM,ANA-1042,Peach,95,,2500,Meters,87.89,,2026-07-14,spelling_errors_and_abbreviations,medium
POL002329,PO00487,3,98/2 Cotton Lycra Denim Rigid 300 GSM 63 inch Peach,,Peach,300,63,800,MTR,223.30,,2026-07-09,clean_exact_match,easy
POL002330,PO00487,4,"98/2 Cotton Lycra, Drill, 235 GSM, 60 inches, Bottle Green",ANA-8628,Grey Melange,235,,2000,mts,191.83/mtr,,2026-07-19,incorrect_colour_or_gsm,hard
POL002331,PO00487,5,98/2 Cotton Lycra Denim Lightweight 350 GSM 58 inch Wine,ANA-2246,Wine,350,58,600,Meters,243.36 per unit,,2026-08-13,clean_exact_match,easy
POL002332,PO00488,1,100% Polyester Chenille 320 GSM 58 inch Peach,,Peach,320,58,600,mtr,265.45/mtr,,2026-09-17,clean_exact_match,easy
POL002333,PO00489,1,"Ecru, Rayon Crepe, 110 gm, W-58, 95/5 Viscose Lycra",,Ecru,110,,500 approx,MTRS,95.43,,2026-04-27,small_acceptable_price_variation,easy
POL002334,PO00489,2,100% Viscose Rayon Crepe 155 GSM 58 inch Mustard,,Mustard,155,58,500,Mtr,117.94,,2026-04-12,clean_exact_match,easy
POL002335,PO00489,3,sattin fabric,,,,,"2,500",Mtr,157.85,,2026-05-17,ambiguous_product_match,hard
POL002336,PO00489,4,"175 GSM/Sateen/58""/Cream/95/5 Poly Spandex",,Cream,175,,400,MTR,Rs. 136.78,,2026-04-12,wrong_price_outside_tolerance,exception
POL002337,PO00490,1,GSM 275 2X2 RIB TEAL 100% COTTON KNIT W-60,,Teal,275,,150,kgs,450.7,Note: rate agreed for 255 GSM quality,2026-06-23,conflicting_information_in_po,hard
POL002338,PO00490,2,Poly Cotton Denim Rigid 310 GSM 63 inch Silver Grey,,Silver Grey,310,63,400,Meters,Rs. 213.60,,2026-05-29,clean_exact_match,easy
POL002339,PO00491,1,100% Hemp Canvas 320 GSM 58 inch Natural,,,,,"2,000",mts,179.8,,2026-05-02,unknown_product,exception
POL002340,PO00491,2,50/50 Poly Cotton Percale 210 GSM 90 inch Cream,,Cream,210,90,600,MTRS,256.93,,2026-05-17,clean_exact_match,easy
POL002341,PO00491,3,100% Cotton Terry/Charcoal/380 GSM/Hand Towel,,Charcoal,380,,~1500,pieces,202.4,,2026-04-12,small_acceptable_price_variation,easy
POL002342,PO00491,4,100% Cotton Terry Hand Towel 380 GSM 30x60 inch Charcoal,,Charcoal,380,,1000,pc,INR 193.92,,2026-05-17,clean_exact_match,easy
POL002343,PO00491,5,100% Cotton Terry Hand Towel 380GSM Dark Grey,,Charcoal,380,,2000,pc,194.42,,2026-05-02,minor_naming_variation,easy
POL002344,PO00491,6,70/30 POLY COTTON  CHENILLE  415 G/M2  LAVENDER,,Lavender,415,,"1,000",MTR,INR 298.19,,2026-04-17,expired_historical_price,medium
POL002345,PO00491,7,"50/50 Poly Cotton, Percale, 210 g/m2, 90"", Cream",,Cream,210,,500,Mtr,Rs. 256.05,,2026-04-17,minor_naming_variation,easy
POL002346,PO00491,8,50/50 Poly CTN Percalle 210 GSM 90in xream,,Crema,210,,~800,Meters,256.74,,2026-04-27,spelling_errors_and_abbreviations,medium
POL002347,PO00492,1,350 g/m2  58in  100% Polyester  Chenille,,,350,,400,M,INR 311.65,,2026-07-12,multiple_possible_sku_matches,hard
POL002348,PO00492,2,"70/30 Poly Cotton, Chenille, 415 gm, Rust",,Rust,415,,150,MTR,288.48,,2026-07-07,no_historical_price,medium
POL002349,PO00492,3,100% Cotton - Duck Canvas - 465 g/m2 - W-58 - Olive,,Olive,465,,600 approx,Meters,287.81,,2026-07-17,small_acceptable_price_variation,easy
POL002350,PO00492,4,70/30 Poly Cotton Blackout Base 195 GSM 54 inch Lavender,,Lavender,195,54,2500,MTRS,INR 162.23,,2026-07-07,clean_exact_match,easy
POL002351,PO00493,1,"Poly Cotton Denim, Rigid, 310 GSM, Light Blue",,Sky Blue,310,,"2,500",Mtr,213.75,,2026-06-05,expired_historical_price,medium
POL002352,PO00493,2,100% Combed Cotton Dobby 150 GSM 58 inch Royal Blue,,Royal Blue,150,58,400,Meters,140.28,,2026-06-20,clean_exact_match,easy
POL002353,PO00493,3,100% MBD CTN/Dobby/150 hm/58 inch/R.BLUE,,Royal Bluue,150,,"2,000",Meters,140.40 per unit,,2026-06-20,spelling_errors_and_abbreviations,medium
POL002354,PO00493,4,Olive/275 gm/97/3 Cotton Spandex/58in/Drill,,Olive,275,,150,Mtr,240.86,,2026-06-05,small_acceptable_price_variation,easy
POL002355,PO00493,5,58 inches - 100% CCTN - Wine - 295 g/m2 - Twill,,Wine,295,,300,Meters,Rs. 224.14,,2026-05-31,spelling_errors_and_abbreviations,medium
POL002356,PO00493,6,as per our code VAS-4990,VAS-4990,,,,500,Meters,INR 232.85,,2026-06-15,customer_specific_product_code,medium
POL002357,PO00493,7,"Loop Terry, 60/40 Cotton Poly Fleece, Navy, GSM 375",,Navy Blue,375,,as per stock,KG,413.29,,2026-06-10,missing_quantity,exception
POL002358,PO00494,1,100% Cotton 245 gm Flannel Royal Blue 58 inch,,Royal Blue,245,,~1500,mts,199.86,,2026-06-30,partial_catalogue_match,medium
POL002359,PO00494,2,100% Cotton Flannel 245 GSM 58 inch Teal,,Teal,245,58,~200,Mtr,200.64,,2026-06-20,clean_exact_match,easy
POL002360,PO00494,3,295 g/m2 100% cotton cream twill 58 inch,,Cream,295,,500,mts,222.94,,2026-07-05,partial_catalogue_match,medium
POL002361,PO00495,1,Poly CTN Drnim Lightweight SM 255 58 inch Sea Green,,Sea Green,255,,2500,MTRS,171.79/mtr,,2026-06-05,spelling_errors_and_abbreviations,medium
POL002362,PO00495,2,100% polyester  grey melange  lining twill  gsm 55  36 inch,VRI-2000,Grey Melange,55,,150,Meters,46.36/mtr,,2026-06-20,incorrect_colour_or_gsm,hard
POL002363,PO00495,3,"Prinf  8ase 0ffwhife 100% Visc0se 44"" 105 gm",,Off White,105,,1200,MTR,Rs. 114.93,,2026-05-31,poor_quality_document,hard
POL002364,PO00495,4,55/45 Linen Cotton  Handloom Finish  GSM 195  58in  Off White,VRI-8501,Off White,195,,~500,MTR,426.14,,2026-06-10,partial_catalogue_match,medium
POL002365,PO00495,5,VRI-9811 - regular quality,VRI-9811,,,,"1,200",mts,INR 137.40,,2026-06-15,customer_specific_product_code,medium
POL002366,PO00495,6,100% Cotton Corduroy 8 Wale 270 GSM 44 inch Firozi,,Firozi,270,44,300,mtr,206.88/mtr,,2026-06-10,clean_exact_match,easy
POL002367,PO00496,1,100% Cotton Canvas Bottom 225 GSM 58 inch Navy Blue,,Navy Blue,225,58,150,mts,159.65,,2026-07-10,clean_exact_match,easy
POL002368,PO00496,2,60 inch  t-shirt knit,,,,,400,KGS,310.21,,2026-06-25,ambiguous_product_match,hard
POL002369,PO00497,1,80/20 Poly Viscose - Suiting - 250gsm - 58 inches - Firozee,,Firozi,250,,2000 approx,MTRS,199.49,,2026-06-30,minor_naming_variation,easy
POL002370,PO00497,2,65/35 poly cotton  poplin  125gsm  light blue,MEG-3620,Sky Blue,125,,?,Meters,75.84,As per availability,2026-06-20,missing_quantity,exception
POL002371,PO00497,3,80/20 Poly Viscose Suiting 250 GSM 58 inch Firozi,MEG-5755,Firozi,250,58,400,mts,INR 199.21,,2026-06-25,clean_exact_match,easy
POL002372,PO00498,1,BOTTOM FABRIC - W-60 medium quality,,,,,150,MTR,INR 166.13,,2026-08-19,ambiguous_product_match,hard
POL002373,PO00498,2,"DRILL/60""/GSM 195/WINE/100% COTTON",,Wine,195,,800,Meters,155.28,,2026-09-08,partial_catalogue_match,medium
POL002374,PO00498,3,"Drill, hSM 195, 60', 100% CCTN, Cream",,Cream,195,,800,mts,156.2,,2026-09-08,spelling_errors_and_abbreviations,medium
POL002375,PO00498,4,100% Cotton Knit 2x2 Rib 275 GSM 60 inch Teal,,Teal,275,60,500,Kg,473.57,,2026-09-03,clean_exact_match,easy
POL002376,PO00498,5,"BBABY PINK, -WW72, 280GSM, 100% CTN KNIT, 2X2 RIB",,Baby Pink,280,,250,Kg,INR 481.59,,2026-09-03,spelling_errors_and_abbreviations,medium
POL002377,PO00498,6,ea Green - W-60 - GSM 195 - 97/3 CTN Spandex - Canvas Bottom,,Sea Grene,195,,500,MTR,INR 166.14,,2026-09-23,spelling_errors_and_abbreviations,medium
POL002378,PO00498,7,100% Cotton Knit Melange Jersey 160 GSM Cream,,Cream,160,,250,Kg,INR 283.12,,2026-08-24,no_historical_price,medium
POL002379,PO00498,8,"97/3 Cotton Spandex Canvas Bottom 195GSM 60"" Sea Green",,Sea Green,195,,1200,M,INR 165.97,,2026-09-03,minor_naming_variation,easy
POL002380,PO00498,9,97/3 Cotton Spandex - Canvas Bottom - 195gsm - W-60,,,195,,1500,mtr,165.31,,2026-09-23,multiple_possible_sku_matches,hard
POL002381,PO00499,1,Off White  Duck Canvas  65/35 Poly Cotton  465 GSM,,Off White,465,,300,MTR,INR 236.01,,2026-05-18,no_historical_price,medium
POL002382,PO00499,2,100% Cotton Terry  380GSM  Charcoal  Hand Towel,,Charcoal,380,,2000,NOS,Rs. 185.41,,2026-05-28,no_historical_price,medium
POL002383,PO00499,3,SOFA FABRIC  350GSM  DARK GREEN,SAA-8884,,,,1200,Mtr,305.34,,2026-05-18,customer_specific_product_code,medium
POL002384,PO00500,1,100% Linen Slub 125 GSM 58 inch Firozi,,Firozi,125,58,400,M,269.07,,2026-06-20,clean_exact_match,easy
POL002385,PO00500,2,100% Viscose/Print Base/GSM 105/Melange Grey,,Grey Melange,105,,1000,Thaan,116.90,,2026-05-16,wrong_unit_of_measure,exception
POL002386,PO00500,3,"100%  Viscose  Prinf Base  GSM 105  44""  Mel. 6rey",,Grey Melange,,,200,Meters,116.57 per unit,,2026-05-26,poor_quality_document,hard
POL002387,PO00500,4,100% Viscose Print Base 105 GSM 44 inch Grey Melange,,Grey Melange,105,44,~150,mts,116.63,,2026-05-31,clean_exact_match,easy
POL002388,PO00500,5,44in  100% VIIS  Prrint Base  GSM 105  MrL Grey,,Grey Melange,105,,200,MTRS,116.25,,2026-06-20,spelling_errors_and_abbreviations,medium
POL002389,PO00500,6,"100% Polyester, Digital Print Base, 130 g/m2, 58in, White",,White,130,,1000,Meters,127.11 per unit,Please supply in Bottle Green as discussed,2026-05-21,conflicting_information_in_po,hard
POL002390,PO00500,7,100% Linen - 51ub - 12565M - 58 inches - Fir0zee,,,125,,300,Meters,INR 270.17,,2026-05-21,poor_quality_document,hard
POL002391,PO00500,8,100% VISCOSE PRINT BASE 105GSM W-44,,,105,,1000 approx,mts,116.31,,2026-05-31,multiple_possible_sku_matches,hard
POL002392,PO00500,9,"95/5 POLY SPANDEX, SATIN, GSM 155, SILVER",,Silver Grey,155,,1500,MTR,124.56,,2026-05-26,expired_historical_price,medium
POL002393,PO00500,10,100% Linen Slub 125 GSM 58 inch Firozi,,Firozi,125,58,"1,500",Mtr,INR 270.36,,2026-06-20,clean_exact_match,easy
POL002394,PO00500,11,"100% Linen Slub 125gsm 58"" Firozi",,Firozi,125,,1000 approx,Mtr,261.71,,2026-05-31,small_acceptable_price_variation,easy
POL002395,PO00500,12,100% Viscose Print Base 105 GSM 44 inch Grey Melange,,Grey Melange,105,44,500,Meters,116.95,,2026-05-21,clean_exact_match,easy
POL002396,PO00501,1,55/45 Poly Wool Twill Suiting 230 GSM 58 inch Rust,,Rust,230,58,1000,MTRS,226.58,,2026-06-03,clean_exact_match,easy
POL002397,PO00501,2,100% bIS - Rubia Cloth - GdM 80 - 36' - Blacx,VRI-5659,Balck,80,,800,mtr,45.41/mtr,,2026-06-03,spelling_errors_and_abbreviations,medium
POL002398,PO00501,3,95/5 Viscose Lycra Rayon Plain 110 GSM 44 inch Charcoal,VRI-3192,Charcoal,110,44,2500 approx,Meters,INR 91.14,,2026-06-08,clean_exact_match,easy
POL002399,PO00501,4,95/5 Viscose Lycra Rayon Plain 110 GSM 44 inch Charcoal,VRI-3720,Charcoal,110,44,2000,MTRS,91.55,,2026-06-28,clean_exact_match,easy
POL002400,PO00501,5,100% Polyester Crepe 70 GSM 44 inch Wine,VRI-5084,Wine,70,44,150,M,52.45,,2026-06-08,clean_exact_match,easy
POL002401,PO00501,6,65/35  P01y Coft0n  Flannel  210 gm  58 inch  Whife ~~,,Whife,210,,2500,Meters,Rs. 168.82,,2026-06-28,poor_quality_document,hard
POL002402,PO00501,7,100% Cotton Corduroy 8 Wale 215 GSM 58 inch Sky Blue,,Sky Blue,215,58,2500,mts,178.31,,2026-06-08,clean_exact_match,easy
POL002403,PO00501,8,100% Cotton Corduroy 8 Wale 215 GSM 58 inch Sky Blue,,Sky Blue,215,58,1500,MTRS,Rs. 178.04,,2026-05-29,clean_exact_match,easy
POL002404,PO00502,1,"97/3 Cotton Spandex - Canvas Bottom - GSM 195 - 60"" - Dark Green",,Dark Green,195,,1500,Mtr,INR 166.44,,2026-05-05,minor_naming_variation,easy
POL002405,PO00502,2,100% CTN Twill 295GSM W-58 Wine,,Win,295,,800,MTRS,204.47,,2026-05-10,spelling_errors_and_abbreviations,medium
POL002406,PO00502,3,100% Cotton Knit  Single Jersey  160 gm  W-60  Mint,,Mint,160,,500 approx,KG,304.75,,2026-05-15,small_acceptable_price_variation,easy
POL002407,PO00502,4,100% Cotton Knit Single Jersey 160gsm 60 inches Mint,,Mint,160,,500,KGS,Rs. 328.81,,2026-05-15,small_acceptable_price_variation,easy
POL002408,PO00503,1,100% Polyester Curtain Jacquard 160 GSM 54 inch Charcoal,,Charcoal,160,54,150 approx,mts,INR 134.20,,2026-08-27,clean_exact_match,easy
POL002409,PO00503,2,100% Polyester Curtain Jacquard 160 GSM 54 inch Charcoal,,Charcoal,160,54,~200,MTRS,134.44/mtr,,2026-09-26,clean_exact_match,easy
POL002410,PO00503,3,Black Chenille 58 inches 100% Polyester 350GSM,,Black,350,,500,MTRS,321.5,,2026-09-26,small_acceptable_price_variation,easy
POL002411,PO00503,4,Chenille - Black - 100% Polyester - W-58 - 350 gm,,Black,350,,1500,Mtr,Rs. 311.20,,2026-08-27,minor_naming_variation,easy
POL002412,PO00503,5,100% POLYESTER - 160 G/M2 - 54 INCHES - CHARCOAL - CURTAIN JACQUARD,,Dark Grey,160,,1000,MTR,133.55,,2026-09-11,minor_naming_variation,easy
POL002413,PO00504,1,58 inches trouser cloth usual,,,,,~800,MTRS,167.15 per unit,,2026-06-16,ambiguous_product_match,hard
POL002414,PO00504,2,100% cotton knit/single jersey/160gsm/w-60/camel,,Camel,160,,200,Kilo,303.83,,2026-06-16,partial_catalogue_match,medium
POL002415,PO00504,3,Lt Grey Poly Cotton Denim 255gsm Lightweight,,Silver Grey,255,,-,mts,173.6,Qty to be confirmed,2026-07-01,missing_quantity,exception
POL002416,PO00504,4,Poly Cotton Denim - Rigid - 310 GSM - Camel,,Camel,310,,TBC,MTRS,206.57,,2026-07-01,missing_quantity,exception
POL002417,PO00505,1,"415 GSM/98/2 Cotton Lycra Denim/Rust/Rigid/63""",,Rust,415,,2500,Meters,273.36,,2026-08-05,new_customer_no_history,medium
POL002418,PO00505,2,Nylon Ripstop 110 GSM 60 inch Olive,,,,,200,KGS,79.62,,2026-07-31,unknown_product,exception
POL002419,PO00505,3,Rigid/Sky Blue/Poly Cotton Denim/63 inches/310 g/m2,,Sky Blue,310,,800,Mtr,192.62,,2026-08-15,new_customer_no_history,medium
POL002420,PO00505,4,98/2 COTTON LYCRA DENIM STRETCH 370GSM 63IN MINT,,Mint,370,,~2000,Mtr,Rs. 241.37,,2026-08-10,new_customer_no_history,medium
POL002421,PO00505,5,325 GSM - 60/40 Cotton Poly Fleece - 60 inches - Dark Blue - Loop Terry,,Navy Blue,325,,300,Kilo,319.03,,2026-08-30,new_customer_no_history,medium
POL002422,PO00505,6,Recycled PET Fleece GRS Certified 300 GSM,,,,,1500,mts,335.29,,2026-08-10,unknown_product,exception
POL002423,PO00505,7,"325gsm, Olive, Loop Terry, 60/40 Cotton Poly Fleece, 60in",,Olive,325,,50 approx,KGS,316.76,,2026-08-30,new_customer_no_history,medium
POL002424,PO00505,8,Silk Organza 45 GSM 44 inch Gold,,,,,50,Kilo,225.32/kg,,2026-08-05,unknown_product,exception
POL002425,PO00506,1,130 g/n2 - S.BpUEE - Digital Print Base - 58' - 100% PLY,,SSky Blue,130,,200 approx,M,130.44,,2026-06-13,spelling_errors_and_abbreviations,medium
POL002426,PO00506,2,100% Polyester - 58 inch - Digital Print Base - 130 g/m2,,,130,,1500,mtr,130.4,,2026-06-08,multiple_possible_sku_matches,hard
POL002427,PO00506,3,"100% Linen/Plain/215gsm/58""",,,215,,600,Meters,439.38,,2026-06-13,multiple_possible_sku_matches,hard
POL002428,PO00506,4,100% Polyester Satin 110 GSM 58 inch Silver Grey,,Silver Grey,110,58,800,Mtr,85.38,,2026-05-29,clean_exact_match,easy
POL002429,PO00506,5,Neoprene Bonded Scuba 380 GSM Black,,,,,800,mts,59.47,,2026-06-13,unknown_product,exception
POL002430,PO00506,6,100% Linen Plain 215 GSM 58 inch Sea Green,,Sea Green,215,58,600,MTR,435.93,,2026-06-13,clean_exact_match,easy
POL002431,PO00506,7,100% Polyester Satin 110 GSM 58 inch Silver Grey,,Silver Grey,110,58,150 approx,M,85.51,,2026-06-03,clean_exact_match,easy
POL002432,PO00507,1,100% cotton terry hand towel 385gsm silver grey,,Silver Grey,385,,750,pc,173.41,,2026-04-29,small_acceptable_price_variation,easy
POL002433,PO00507,2,"100% Polyester, Chenille, GSM 350, 58"", Black",,Firozi,350,,2500,Meters,294.31,,2026-04-14,incorrect_colour_or_gsm,hard
POL002434,PO00508,1,97/3 Cotton Spandex Canvas Bottom 195 GSM 60 inch Beige,,Beige,195,60,300,mts,INR 159.35,,2026-05-23,clean_exact_match,easy
POL002435,PO00508,2,Sea Green  195 gm  60'  Canvas Bottom  97/3 Cotton Spandex,,Sea Green,195,,1200,Mtr,184.62,,2026-04-18,small_acceptable_price_variation,easy
POL002436,PO00508,3,SEA GREEN - CANVAS BOTTOM - 60IN - 97/3 COTTON SPANDEX - 195 GM,,Sea Green,195,,"1,000",MTRS,177.59,Note: rate agreed for 220 GSM quality,2026-05-23,conflicting_information_in_po,hard
POL002437,PO00508,4,97/3 Cotton Spandex Canvas Bottom 195 GSM 60 inch Lavender,,Lavender,195,60,400,MTRS,167.83,,2026-04-28,clean_exact_match,easy
POL002438,PO00508,5,100% cotton knit waffle 220 gsm 72' olive,,Olive,220,,400 approx,Kg,346.74,,2026-04-23,partial_catalogue_match,medium
POL002439,PO00508,6,as per our code RAN-6616,RAN-6616,,,,2000,Mtr,189.22,,2026-04-23,customer_specific_product_code,medium
POL002440,PO00508,7,"97/3 cotton spandex, canvas bottom, 195gsm, 60"", silver grey",,Silver Grey,195,,~600,M,177.76,,2026-04-18,partial_catalogue_match,medium
POL002441,PO00508,8,97/3 cotton spandex 195 g/m2 beige canvas bottom 60 inch,,Beige,195,,400 approx,M,INR 158.87,,2026-05-03,minor_naming_variation,easy
POL002442,PO00508,9,Poly Cotton Denim Lightweight 255 GSM 58 inch Olive,,Olive,255,58,600,Mtr,INR 176.71,,2026-04-23,clean_exact_match,easy
POL002443,PO00508,10,"60""/97/3 Coffon Spandex/Canvas Bottom/195gsm/Beige |",,8eige,,,600,Mtr,Rs. 159.47,,2026-05-03,poor_quality_document,hard
POL002444,PO00508,11,Canvas Bottom - 60 inch - 97/3 Cotton Spandex - 195 GSM,,,195,,1200,Mtr,176.47,,2026-05-08,multiple_possible_sku_matches,hard
POL002445,PO00508,12,97/3 Cotton Spandex 60 inch Lavender 195 g/m2 Canvas Bottom,,Grey Melange,195,,500,Meters,INR 169.09,,2026-04-23,incorrect_colour_or_gsm,hard
POL002446,PO00509,1,58  inches - 5afin - 150G5M - 100% Lyocel1 - Rusf,,,850 (illegible),,"2,500",MTRS,254.21 per unit,,2026-07-10,poor_quality_document,hard
POL002447,PO00509,2,W-58/Rustt/150fSM/100% LY/Satin,FAL-3856,uRst,150,,400,Mtr,254.12,,2026-07-05,spelling_errors_and_abbreviations,medium
POL002448,PO00509,3,100% Polyester GSM 105 Satin Mint,,Mint,105,,1500,mts,Rs. 83.05,,2026-08-09,no_historical_price,medium
POL002449,PO00510,1,"100% Cotton Knit, Waffle, GSM 240, 60"", Peach",,Peach,240,,400,KG,378.95,,2026-08-23,small_acceptable_price_variation,easy
POL002450,PO00510,2,"95/5 Cotton Lycra Knit, Single Jersey, 155gsm, Grey Fabric (RFD)",,Greige RFD,155,,~300,Kilo,290.15,,2026-08-08,expired_historical_price,medium
POL002451,PO00510,3,220GSM 100% Polyester Sateen Royal Blue,,Royal Blue,220,,1500,Mtr,147.3,,2026-08-18,no_historical_price,medium
POL002452,PO00510,4,"gsm 330 olive 100% polyester velvet 8 wale 44""",,Olive,330,,200,MTR,225.55,,2026-08-03,minor_naming_variation,easy
POL002453,PO00510,5,60in/Camel/235 g/m2/Drill/98/2 Cotton Lycra,,Camel,235,,~2000,Mtr,204.59,,2026-08-18,partial_catalogue_match,medium
POL002454,PO00510,6,100% COTTON  ARMY CANVAS  415GSM  58 INCHES  MUSTARD,,Mustard,415,,200,MTRS,211.08,,2026-08-03,small_acceptable_price_variation,easy
POL002455,PO00510,7,BEDSHEET FABRIC/115 GSM/50/50 POLY COTTON/W-108,,,115,,2000,MTR,142.32,,2026-08-08,multiple_possible_sku_matches,hard
POL002456,PO00510,8,as per our code OJA-4549,OJA-4549,,,,300,mtr,84.28/mtr,,2026-08-23,customer_specific_product_code,medium
POL002457,PO00510,9,100% Cotton Terry Hand Towel 385 GSM 12x12 inch Rust,,Rust,385,,300 approx,PCS,179.23,,2026-08-03,clean_exact_match,easy
POL002458,PO00510,10,Sea Green - Plain - 100% Linen - 215gsm,,Sea Green,215,,1200,mtr,Rs. 415.61,,2026-08-23,no_historical_price,medium
POL002459,PO00511,1,97/3 COTTON SPANDEX  CHINO  320GSM  OW,,Off White,320,,1000,Yards,252.36,,2026-08-06,wrong_unit_of_measure,exception
POL002460,PO00511,2,rigid  300gsm  sea green  98/2 cotton lycra denim  63 inches,,Sea Green,300,,600,Mtr,217.95,,2026-07-27,minor_naming_variation,easy
POL002461,PO00511,3,100% Cotton Knit Single Jersey 160 GSM 60 inch Mint,,Mint,160,60,150,KGS,311.44,,2026-08-06,clean_exact_match,easy
POL002462,PO00511,4,100% Cotton Knit Waffle 240 GSM 60 inch Peach,,Peach,240,60,150,Kg,379.98 per unit,,2026-08-16,clean_exact_match,easy
POL002463,PO00511,5,"320 GSM, 97/3 Cotton Spandex, W-58, Chino",,,320,,1500,MTRS,234.54,,2026-08-11,multiple_possible_sku_matches,hard
POL002464,PO00511,6,jeans fabric 300GSM Sea Green,GIR-2984,,,,2000 approx,Meters,Rs. 218.57,,2026-08-11,customer_specific_product_code,medium
POL002465,PO00512,1,100% Cotton Knit 1x1 Rib 220 GSM 72 inch Lavender,,Lavender,220,72,200,Kilo,388.7,,2026-06-19,clean_exact_match,easy
POL002466,PO00512,2,W-44 GSM 105 60/40 Cotton Poly Camel Cambric,,Camel,105,,300 approx,MTR,Rs. 90.05,,2026-07-14,minor_naming_variation,easy
POL002467,PO00513,1,Modal Twill Wine 130 GSM 58 inches,,Wine,130,,400,mts,229.53,,2026-06-08,minor_naming_variation,easy
POL002468,PO00513,2,modal fabric,,,,,300,Meters,230.3,,2026-06-13,ambiguous_product_match,hard
POL002469,PO00514,1,95/5 Pol ySapndex  Sateen  205 gm  W-58  Light Blue,,Sky Bleu,205,,~800,mts,INR 158.38,,2026-06-18,spelling_errors_and_abbreviations,medium
POL002470,PO00515,1,97/3 Cotton Spandex Drill 275 g/m2 W-58 Grey Melange,,Grey Melange,275,,2500,M,231.41,,2026-08-24,partial_catalogue_match,medium
POL002471,PO00515,2,100% Polyester Fleece/Polar/250 GSM/W-60/Dark Grey,,Charcoal,250,,500,Kg,375.3,,2026-08-29,wrong_price_outside_tolerance,exception
POL002472,PO00515,3,60/40 Poly Cotton Knit  Melange Jersey  155GSM  60 inches  White,,White,155,,400,Kilo,298.86,,2026-09-08,small_acceptable_price_variation,easy
POL002473,PO00515,4,firozi/63in/98/2 cotton lycra denim/rigid/270gsm,,Firozi,270,,500,Mtr,238.66,,2026-09-08,incorrect_colour_or_gsm,hard
POL002474,PO00515,5,375gsm/60/40 Cotton Poly Fleece/72 inch/Polar/Teal,,Teal,375,,500,Kg,404.73,,2026-09-08,minor_naming_variation,easy
POL002475,PO00515,6,"Charcoal, Polar, 250 gm, 100% Polyester Fleece, 60""",,Charcoal Grey,250,,500,KGS,270.0,,2026-08-29,minor_naming_variation,easy
POL002476,PO00515,7,98/2 CCTN Lycra Drilp 235 g/m2 60in BTL GRN,,Bottle Green,235,,300,Mtr,206.03,,2026-09-03,spelling_errors_and_abbreviations,medium
POL002477,PO00515,8,60/40 Cotton Poly Fleece Loop Terry 325 GSM 60 inch Charcoal,,Charcoal,325,60,250,KGS,INR 370.02,,2026-09-28,clean_exact_match,easy
POL002478,PO00515,9,60/40 Poly Cotton Knit Melange Jersey 155 GSM 60 inch White,,White,155,60,500 approx,Kg,306.96,,2026-08-24,clean_exact_match,easy
POL002479,PO00515,10,100% POLYESTER FLEECE/250 G/M2/POLAR/DARK GREY,,Charcoal,250,,400,MTR,270.93,,2026-09-13,wrong_unit_of_measure,exception
POL002480,PO00516,1,100% Cotton Drill 195 GSM 60 inch Mint,,Mint,195,60,1500,MTRS,161.1,,2026-06-02,clean_exact_match,easy
POL002481,PO00516,2,65/35 Poly Cotton Blended Twill 145 GSM 58 inch Ecru,,Ecru,145,58,2500,mts,103.57,,2026-07-07,clean_exact_match,easy
POL002482,PO00516,3,"97/3 Cotton Spandex, Chino, 320 g/m2, W-58, Off White",,Off White,320,,"1,000",MTR,INR 240.81,,2026-06-17,small_acceptable_price_variation,easy
POL002483,PO00516,4,80/20 Poly Cotton Blended Shirting 115 GSM 63 inch Wine,,Wine,115,63,1200,Mtr,86.92 per unit,,2026-06-12,clean_exact_match,easy
POL002484,PO00517,1,sofa fabric medium quality,,,,,500,MTR,239.92,,2026-06-18,ambiguous_product_match,hard
POL002485,PO00517,2,100% Cotton - Duck Canvas - Beige - 390 gm,,Beige,390,,300,mtr,216.93,,2026-05-19,expired_historical_price,medium
POL002486,PO00517,3,GSM 295  58 inches  70/30 Poly Cotton  Upholstery Jacquard  Musturd,,Haldi,295,,"2,500",MTR,INR 241.18,,2026-06-03,minor_naming_variation,easy
POL002487,PO00517,4,NIR-6765 - regular quality,NIR-6765,,,,300,Meters,309.6,,2026-05-19,customer_specific_product_code,medium
POL002488,PO00517,5,70/30 poly cotton chenille 415gsm 58in,,,415,,150,MTRS,Rs. 309.76,,2026-05-29,multiple_possible_sku_matches,hard
POL002489,PO00518,1,63 inches Grey Melange 370 gm Rigid 100% Cotton Denim,,Grey Melange,370,,1000,mts,234.93 per unit,,2026-07-20,small_acceptable_price_variation,easy
POL002490,PO00519,1,"100% PLY Fleeec - Polqr - 250 g/m2 - 60"" - Dark Gey",,Charcoal,250,,200,Kg,INR 283.09,,2026-09-05,spelling_errors_and_abbreviations,medium
POL002491,PO00519,2,305 gm 60/40 Cotton Poly Fleece Coffee 60' Brushed,,Coffee,305,,50,KGS,347.45/kg,,2026-09-30,minor_naming_variation,easy
POL002492,PO00519,3,100% Polyester Fleece Polar 250 GSM 60 inch Charcoal,,Charcoal,250,60,150,Kilo,INR 283.67,,2026-09-15,clean_exact_match,easy
POL002493,PO00519,4,100% CTN KNIT  60 inches  160 g/m2  Min  Single JSY,,Miint,160,,100,kgs,334.0,,2026-09-05,spelling_errors_and_abbreviations,medium
POL002494,PO00519,5,60in/t-shirt knit,,,,,250,KG,333.59,,2026-09-05,ambiguous_product_match,hard
POL002495,PO00519,6,60 inches/Single Jersey/Mint/160 gm/100% Cotton Knit,,Mint,160,,400,Kg,346.6,,2026-08-26,small_acceptable_price_variation,easy
POL002496,PO00519,7,"Charcoal, Polar, 100% Polyester Fleece, 250 g/m2",,Charcoal,250,,100,Mtrs,Rs. 283.88,,2026-08-31,wrong_unit_of_measure,exception
POL002497,PO00519,8,"100%  Polyesfer Fleece Polar 25065M 60"" Charcoal |",,,250,,80,KG,283.59,,2026-09-15,poor_quality_document,hard
POL002498,PO00519,9,100% Cotton Knit Single Jersey 160 GSM 60 inch Mint,,Mint,160,60,250,kgs,333.04,,2026-08-31,clean_exact_match,easy
POL002499,PO00519,10,60in  gsm 305  60/40 cotton poly fleece  brushed,,,305,,400,kgs,347.74,,2026-09-15,multiple_possible_sku_matches,hard
POL002500,PO00520,1,60/40 CTN Poly Fleece  Brushed  305 g/m2  60 niches  Brown Cofffee,,Coffee Browb,305,,300 approx,Kg,Rs. 331.58,,2026-08-31,spelling_errors_and_abbreviations,medium
POL002501,PO00520,2,60/40 Cotton Poly Fleece/Loop Terry/325gsm/60in,,,325,,500,Kg,324.2,,2026-07-27,multiple_possible_sku_matches,hard
POL002502,PO00520,3,"60/40 Cotton Poly Fleece, Brushed, 305 gm, 60"", Sea Green",,Sea Green,305,,150,Kilo,331.83/kg,,2026-08-11,partial_catalogue_match,medium
POL002503,PO00520,4,Drill 97/3 Cotton Spandex 58 inch Olive 275 g/m2,,Olive,275,,500,MTR,211.10,,2026-07-27,minor_naming_variation,easy
POL002504,PO00520,5,Drill  97/3 Cotton Spandex  Beige  275 g/m2  58 inch,,Beige,275,,150,MTR,209.77,,2026-08-01,partial_catalogue_match,medium
POL002505,PO00521,1,60'/195 gm/Canvas Bottom/97/3 Cotton Spandex/Sea Green,,Sea Green,195,,500,Mtr,Rs. 164.99,,2026-08-07,minor_naming_variation,easy
POL002506,PO00521,2,"Canvas Bottom, W-60, 195 GSM, 97/3 Cotton Spandex, Sea Green",,Sea Green,195,,500,mtr,166.2,,2026-08-17,minor_naming_variation,easy
POL002507,PO00521,3,100% Cotton Knit 2x2 Rib 275 GSM 60 inch Teal,,Teal,275,60,250,kgs,471.99 per unit,,2026-07-28,clean_exact_match,easy
POL002508,PO00522,1,Silk Organza 45 GSM 44 inch Gold,,,,,500,Mtr,Rs. 440.45,,2026-05-21,unknown_product,exception
POL002509,PO00522,2,"Poplin 80/20 Poly Cotton 58"" Mint 145 GSM",,Mint,145,,2000 approx,Meters,Rs. 99.77,,2026-06-25,minor_naming_variation,easy
POL002510,PO00522,3,100% Linen Handloom Finish 220 GSM 58 inch Off White,,Off White,220,58,1200,MTRS,Rs. 433.45,,2026-06-10,clean_exact_match,easy
POL002511,PO00522,4,65/35 Poly Cotton Poplin GSM 125 58 inch Olive,ISH-9576,Grey Melange,125,,200,Meters,INR 87.88,,2026-06-25,incorrect_colour_or_gsm,hard
POL002512,PO00522,5,100% Linen Handloom Finish 220 GSM 58 inch Off White,,Off White,220,58,2000 approx,mtr,433.59/mtr,,2026-06-10,clean_exact_match,easy
POL002513,PO00523,1,100% PLY/Digital Print Base/130GSM/58 inches/MMarun,,Maroon,130,,400,MTRS,130.56,,2026-05-13,spelling_errors_and_abbreviations,medium
POL002514,PO00523,2,100% Lyocell Satin 105 GSM 58 inch Mustard,,Mustard,105,58,600,MTRS,178.25,,2026-05-23,clean_exact_match,easy
POL002515,PO00523,3,70GSM  georgette material  Silver Grey,OOR-5343,,,,600,Mtr,49.09 per unit,,2026-05-03,customer_specific_product_code,medium
POL002516,PO00523,4,95/5 Poly Spandex Sateen 190 GSM 58 inch Teal,,Teal,190,58,1000,MTRS,162.34,,2026-05-08,clean_exact_match,easy
POL002517,PO00523,5,100% polyester crepe 105 gm 58 inches baby pink,,Baby Pink,105,,1200,Mtr,75.17,Please supply in Maroon as discussed,2026-05-03,conflicting_information_in_po,hard
POL002518,PO00524,1,97/3 Cotton Spandex/Canvas Bottom/Lavender/195GSM,,Lavender,195,,150,Mtr,160.06/mtr,,2026-08-06,no_historical_price,medium
POL002519,PO00524,2,55/45 Linen Cotton  Handloom Finish  195 GSM  Rust,,Rust,195,,1000,KG,413.60,,2026-08-11,wrong_unit_of_measure,exception
POL002520,PO00524,3,100% Linen Handloom Finish 115 GSM 58 inch Firozi,,Firozi,115,58,1200,mtr,Rs. 260.27,,2026-08-16,clean_exact_match,easy
POL002521,PO00524,4,Firozi  115 GSM  linen material,CHA-6710,,,,1500,MTR,Rs. 260.56,,2026-08-11,customer_specific_product_code,medium
POL002522,PO00524,5,GM 415/98/2 CTN LYC fNM/RIGID/W-63/BEIGw,,Beige,415,,~150,MTR,INR 318.82,,2026-08-16,spelling_errors_and_abbreviations,medium
POL002523,PO00524,6,310 GSM - Poly Cotton Denim - Light Blue - Rigid,,Sky Blue,310,,800,MTRS,213.02,,2026-08-16,expired_historical_price,medium
POL002524,PO00524,7,100% Cotton Knit/Single Jersey/155 GSM/72 inch/Sea Green,,Sea Green,155,,200,Kg,344.86,,2026-08-01,minor_naming_variation,easy
POL002525,PO00525,1,100% Polyester Print Base 105 GSM 58 inch Teal,,Teal,105,58,1000,mts,INR 113.17,,2026-08-12,clean_exact_match,easy
POL002526,PO00525,2,"W-58, 105 g/m2, Poly, Teal, Print Base",,Teal,105,,200,mtr,112.55,,2026-08-17,minor_naming_variation,easy
POL002527,PO00525,3,55/45 linen cotton  handloom finish  160gsm  58 inches  peach,,Peach,160,,1000,Mtr,INR 333.97,,2026-09-01,minor_naming_variation,easy
POL002528,PO00525,4,160 G/M2/PEACH/HANDLOOM FINISH/55/45 LINEN COTTON/58',,Camel,160,,300,Mtr,332.16,,2026-08-17,incorrect_colour_or_gsm,hard
POL002529,PO00525,5,GSM 145/55/45 Linen Cotton/Peach/58 inches/Handloom Finish,,Peach,145,,500,MTRS,331.97/mtr,,2026-08-22,incorrect_colour_or_gsm,hard
POL002530,PO00525,6,"100% vyNN CORD, 8 Wale, 270 g/m2, 44', White",,Whiite,270,,300,Mtr,190.58,,2026-08-27,spelling_errors_and_abbreviations,medium
POL002531,PO00525,7,100% Lyocell Satin 150 GSM 58 inch Maroon,,Maroon,150,58,600,MTR,INR 217.14,,2026-08-22,clean_exact_match,easy
POL002532,PO00525,8,70/30 Poly Cotton Blackout Base 195 GSM 54 inch Lavender,,Lavender,195,54,600,mtr,163.96,,2026-09-01,clean_exact_match,easy
POL002533,PO00525,9,100% Lyocell Satin 150 GSM 58 inch Maroon,,Maroon,150,58,150,mts,216.09,,2026-09-16,clean_exact_match,easy
POL002534,PO00525,10,100% Combed Cotton Oxford 160 GSM 44 inch Royal Blue,,Royal Blue,160,44,1200,Mtr,132.56/mtr,,2026-09-01,clean_exact_match,easy
POL002535,PO00526,1,Poly  Blackout Base  220GSM  54 inches  Mint,,Mint,220,,800,Meters,183.50,,2026-08-14,minor_naming_variation,easy
POL002536,PO00526,2,as per our code NIR-1954,NIR-1954,,,,150,M,183.98,,2026-08-19,customer_specific_product_code,medium
POL002537,PO00526,3,Ecru - 100% PLY - 58 inhes - Chenillle - 350 gm,,Ecru,350,,400,MTRS,270.24,,2026-09-03,spelling_errors_and_abbreviations,medium
POL002538,PO00526,4,50/50 poly CTN/sheeting/210 gm/90ib/beiige,,Beige,210,,800,MTRS,Rs. 225.42,,2026-09-03,spelling_errors_and_abbreviations,medium
POL002539,PO00526,5,curtain cloth,,,,,800,mts,201.08,,2026-08-24,ambiguous_product_match,hard
POL002540,PO00526,6,baby pink 100% cotton terry hand towel 470gsm,,Baby Pink,470,,1500,PCS,INR 221.93,,2026-08-29,partial_catalogue_match,medium
POL002541,PO00527,1,"80/20 POLY COTTON, BLENDED SHIRTING, 115 GM, 63 INCHES, WINE",,Wine,115,,1000,MTR,Rs. 83.03,,2026-06-03,minor_naming_variation,easy
POL002542,PO00527,2,65/35 PC 170 GSM R.BLUE -W58 BRUSHED TIWLL,,Royal Blue,170,,400,Meters,134.54,,2026-05-04,spelling_errors_and_abbreviations,medium
POL002543,PO00527,3,63in  Duck Canvsa  100% CTN  Firozee  390GSM,,Firoozi,390,,600,Mtr,Rs. 225.05,,2026-05-19,spelling_errors_and_abbreviations,medium
POL002544,PO00528,1,97/3 CTN Spandex - Dirll - 275 GSM - 58' - Olive,,Olive,275,,500,mts,216.3,,2026-07-13,spelling_errors_and_abbreviations,medium
POL002545,PO00528,2,95/5 Cotton Lycra Knit/Single Jersey/155 GSM/Sea Green,NAK-2582,Sea Green,155,,80,MTR,357.29,,2026-06-13,wrong_unit_of_measure,exception
POL002546,PO00528,3,W-58 trouser cloth normal one,NAK-7500,,,,2000,M,217.82,,2026-07-13,ambiguous_product_match,hard
POL002547,PO00528,4,60/40 Cotton Poly Fleece - 325 GSM - 60in - Loop Terry,,,325,,150,Kg,343.48,,2026-06-28,multiple_possible_sku_matches,hard
POL002548,PO00528,5,60'  GSM 160  Bottle Green  100% Cotton Knit  Single Jersey,NAK-7111,Bottle Green,160,,150,Kilo,316.57 per unit,,2026-06-28,small_acceptable_price_variation,easy
POL002549,PO00528,6,100% Cotton Knit Single Jersey 160 GSM 60 inch Bottle Green,NAK-1979,Bottle Green,160,60,150,Kilo,Rs. 326.47,,2026-06-28,clean_exact_match,easy
POL002550,PO00528,7,Maroonn - Rigid - Poly TN Denin - 310 GSM - 63 inch,,Maaroon,310,,800,MTR,Rs. 208.71,,2026-06-28,spelling_errors_and_abbreviations,medium
POL002551,PO00528,8,fleece cloth/60 inch,NAK-7148,,,,500,Kilo,342.68,,2026-06-28,ambiguous_product_match,hard
POL002552,PO00528,9,60/40 cotton poly fleece loop terry gsm 325 60 inch sky blue,NAK-2195,Sky Blue,325,,250 approx,kgs,330.98,,2026-06-18,small_acceptable_price_variation,easy
POL002553,PO00528,10,155gsm/Single Jersey/95/5 Cotton Lycra Knit/Sea Green,,Sea Green,155,,as per stock,kgs,INR 356.49,,2026-06-28,missing_quantity,exception
POL002554,PO00528,11,95/5 Cotton Lycra Knit Single Jersey 155 GSM 60 inch Sea Green,,Sea Green,155,60,80,kgs,356.64 per unit,,2026-06-13,clean_exact_match,easy
POL002555,PO00528,12,100% Combed Cotton Chambray 130 GSM 58 inch Baby Pink,NAK-5432,Baby Pink,130,58,150,M,Rs. 122.46,,2026-06-18,clean_exact_match,easy
POL002556,PO00529,1,100% Cotton Denim  Lightweight  310 gm  W-58  Camel,,Camel,310,,"2,500",Mtr,Rs. 288.48,Rate confirmed on call,2026-06-02,wrong_price_outside_tolerance,exception
POL002557,PO00529,2,98/2 Cotton Lycra Chino 230gsm 58in White,,White,230,,500,mts,159.12,,2026-05-23,incorrect_colour_or_gsm,hard
POL002558,PO00529,3,Ecru 58' Chino 97/3 Cotton Spandex 320gsm,,Ecru,320,,"1,500",M,INR 231.93,,2026-05-18,minor_naming_variation,easy
POL002559,PO00529,4,ROYAL BLUE/160 G/M2/100% COTTON KNIT/SINGLE JERSEY,,Royal Blue,160,,"10,177",KG,316.74,,2026-05-28,unusually_large_quantity,exception
POL002560,PO00529,5,60/40 Cotton Poly Fleece Loop Terry 325 GSM 60 inch Sky Blue,,Sky Blue,325,60,500,KGS,323.88,,2026-05-23,clean_exact_match,easy
POL002561,PO00529,6,100% Polyester Fleece Brushed 240 GSM 72 inch Camel,,Camel,240,72,~150,Kg,INR 250.52,,2026-06-02,clean_exact_match,easy
POL002562,PO00529,7,TEAL - 155 GM - JERSEY KNIT FABRIC,GIR-8855,,,,80,KGS,INR 325.01,,2026-05-18,customer_specific_product_code,medium
POL002563,PO00529,8,DENIM CLOTH,,,,,200,MTR,218.85,,2026-05-13,ambiguous_product_match,hard
POL002564,PO00529,9,97/3 Cotton Spandex Chino 320 GSM 58 inch Camel,,Camel,320,58,600,Mtr,267.63 per unit,,2026-05-28,clean_exact_match,easy
POL002565,PO00529,10,bottom fabric - 58in,,,,,"1,200",mts,201.90/mtr,,2026-06-02,ambiguous_product_match,hard
POL002566,PO00530,1,100% POLYESTER CREPE 105GSM 58 INCH,,,105,,800 approx,Meters,INR 72.57,,2026-08-05,multiple_possible_sku_matches,hard
POL002567,PO00530,2,ROYAL BLUE 58' 245 GSM 95/5 POLY SPANDEX SATIN,,Royal Blue,245,,300,MTRS,184.96/mtr,,2026-08-15,incorrect_colour_or_gsm,hard
POL002568,PO00530,3,"95/5 Poly Spandex Satin 215GSM 58"" Royal Blue",,Royal Blue,215,,300,Meters,192.12,,2026-08-05,small_acceptable_price_variation,easy
POL002569,PO00531,1,100% Polyester  Crepe  105 GSM  58 inches  Beige,,Beige,105,,~300,Meters,71.43,Width to be 60 inch as per last supply,2026-09-02,conflicting_information_in_po,hard
POL002570,PO00531,2,100% LIN - Hadloom Finish - 115gsm - -W58 - Gray MEL,,Geey Melange,115,,~500,mtr,INR 269.31,,2026-09-07,spelling_errors_and_abbreviations,medium
POL002571,PO00531,3,95/5 Poly Spandex Satin 155 GSM 58 inch Rust,,Rust,155,58,150,Mtr,INR 146.57,,2026-09-12,clean_exact_match,easy
POL002572,PO00531,4,100% Linen Handloom Finish 115 GSM 58 inch Grey Melange,,Grey Melange,115,58,200,mtr,Rs. 267.37,,2026-09-02,clean_exact_match,easy
POL002573,PO00531,5,100% Linen Slub 125 gm 58 inch Camel,,Camel,125,,2500,M,289.25,,2026-09-12,partial_catalogue_match,medium
POL002574,PO00531,6,125 G/M2/RAYON CREPE/ECRU/95/5 VISCOSE LYCRA,,Ecru,125,,600,Mtr,Rs. 94.64,,2026-08-28,no_historical_price,medium
POL002575,PO00531,7,125 GSM  Bottle Green  Rayon Crepe  95/5 Viscose Lycra,,Bottle Green,125,,"1,500",mts,97.40,,2026-09-02,no_historical_price,medium
POL002576,PO00531,8,100% POLYESTER  CREPE  105 GM  58'  FIROZI,,Firozi,105,,150,mts,71.5,,2026-09-12,partial_catalogue_match,medium
POL002577,PO00531,9,"100% Linen/58""/Handloom Finish/115gsm/Grey Melange",,Grey Melange,115,,1000 approx,MTRS,267.04,"Ref our mail - actually need Sea Green, not as written above",2026-08-23,conflicting_information_in_po,hard
POL002578,PO00531,10,"100% LIN Slub 125SGM 58"" Mel. Greu",,Gey Melange,125,,800,Meters,Rs. 288.83,,2026-08-28,spelling_errors_and_abbreviations,medium
POL002579,PO00532,1,470GSM/Hand Towel/100% Cotton Terry/Peach,,Peach,470,,1000,pieces,207.88,,2026-08-26,no_historical_price,medium
POL002580,PO00533,1,"100% Lyocell - 58"" - Satin - 150GSM - Dark Grey",,Charcoal,150,,1200,Mtr,200.44,,2026-08-06,new_customer_no_history,medium
POL002581,PO00533,2,100% Polyester Crepe 85 g/m2 58in Off White,,Off White,85,,300,MTRS,56.29,,2026-08-06,new_customer_no_history,medium
POL002582,PO00533,3,"55/45 Poly Wool Suiting GSM 220 58"" Camel",,Camel,220,,1200,mtr,178.26,,2026-09-10,new_customer_no_history,medium
POL002583,PO00534,1,"100% Lyocell, Satin, 105 GSM, 58 inch, Charcoal Grey",,Dark Grey,105,,800,mtr,173.35,,2026-06-23,minor_naming_variation,easy
POL002584,PO00535,1,50/50 Poly Cotton  Percale  GSM 170  108 inches,,,170,,"1,000",MTRS,220.56/mtr,,2026-09-15,multiple_possible_sku_matches,hard
POL002585,PO00535,2,65/35 Pv DUUCx CANVAS GSM 405 63 INCHES GREY MEL,MAN-2374,Grey Melange,405,,600,Meters,INR 264.89,,2026-09-30,spelling_errors_and_abbreviations,medium
POL002586,PO00535,3,100% Cotton Terry - Hand Towel - 470 GSM - Charcoal Grey,MAN-2090,Charcoal,470,,2000 approx,pieces,262.11/pc,,2026-09-05,expired_historical_price,medium
POL002587,PO00535,4,as per our code MAN-8098,MAN-8098,,,,2000 approx,mtr,225.58,,2026-09-30,customer_specific_product_code,medium
POL002588,PO00535,5,percale/50/50 poly cotton/170gsm/peach/108 inch,,Peach,170,,2000,Meters,Rs. 220.72,,2026-08-31,minor_naming_variation,easy
POL002589,PO00535,6,65/35 Poly Cotton Canvas 375 GSM 58 inch Baby Pink,,Baby Pink,375,58,~1000,MTRS,INR 225.05,,2026-09-15,clean_exact_match,easy
POL002590,PO00536,1,Face Toowel 450gsm Charcoal Grey 100% CTN Tery,,Charcoal,450,,300,pieces,222.38,,2026-07-26,spelling_errors_and_abbreviations,medium
POL002591,PO00536,2,as per our code BHO-2963,BHO-2963,,,,750,pc,220.79 per unit,,2026-07-26,customer_specific_product_code,medium
POL002592,PO00536,3,100% Cotton Terry Hand Towel 470 GSM 27x54 inch Silver Grey,,Silver Grey,470,,2000,Pcs,241.7,,2026-08-30,clean_exact_match,easy
POL002593,PO00537,1,"97/3 Cotton Spandex, Drill, Bottle Green, 275 GSM",KAV-6878,Bottle Green,275,,150,mts,213.20/mtr,,2026-08-02,no_historical_price,medium
POL002594,PO00537,2,65/35 Poly Cotton Duck Canvas 465 GSM 63 inch Bottle Green,KAV-6175,Bottle Green,465,63,1000 approx,M,275.12,,2026-08-07,clean_exact_match,easy
POL002595,PO00537,3,65/35 Poly Cotton  Poplin  110 g/m2  58in  Cream,,Peach,110,,2000,mtr,80.16 per unit,,2026-08-17,incorrect_colour_or_gsm,hard
POL002596,PO00537,4,65/35 Poly Cotton Duck Canvas 465 GSM 63 inch Off White,KAV-1383,Off White,465,63,600,Mtr,275.67,,2026-09-06,clean_exact_match,easy
POL002597,PO00537,5,65/35 Poly Cotton Duck Canvas 465 GSM 63 inch Off White,KAV-6746,Off White,465,63,150,Mtr,INR 275.66,,2026-09-06,clean_exact_match,easy
POL002598,PO00537,6,Duck Canvas/Lt Pink/100% Cotton/GSM 465,,Baby Pink,465,,~500,M,283.4,,2026-08-22,expired_historical_price,medium
POL002599,PO00538,1,MIH-7941 - regular quality,MIH-7941,,,,2500,Meters,Rs. 164.65,,2026-05-24,customer_specific_product_code,medium
POL002600,PO00538,2,Satin/RR.BLU/EW-58/105gsm/100% LYO,,Royal Bleu,105,,2000,MTRS,166.15,,2026-05-09,spelling_errors_and_abbreviations,medium
POL002601,PO00538,3,GSM 165/100% Lyocell/Twill/Royal Blue,,Royal Blue,165,,~1500,Meters,249.9,,2026-06-13,expired_historical_price,medium
POL002602,PO00538,4,100% LYOCELL - SATIN - GSM 150 - 58IN - NAVY BLUE,,Navy Blue,150,,500 approx,Meters,224.35,,2026-05-19,minor_naming_variation,easy
POL002603,PO00538,5,bottom fabric usual,,,,,500,MTR,180.94,,2026-05-24,ambiguous_product_match,hard
POL002604,PO00538,6,"100% CTN KNIT, Melange Jersry, 200GSM, W-72, WWhite",,xhite,200,,400 approx,Kilo,373.95,,2026-05-09,spelling_errors_and_abbreviations,medium
POL002605,PO00538,7,100% Lt/O105 gm/58'/Royal Blue/Satin,,Royal Bluue,105,,400,mts,164.81,,2026-05-14,spelling_errors_and_abbreviations,medium
POL002606,PO00538,8,98/2 Cotton Lycra/Chino/210 gm/58'/White,,White,210,,200,M,Rs. 173.71,,2026-06-13,small_acceptable_price_variation,easy
POL002607,PO00538,9,100% Cotton Knit Melange Jersey 200 GSM 72 inch White,,White,200,72,200,KGS,INR 376.37,,2026-05-09,clean_exact_match,easy
POL002608,PO00538,10,98/2 Cotton Lycra Denim/Rigid/GSM 300/Firozee,,Firozi,300,,1500,mts,226.97/mtr,,2026-06-13,expired_historical_price,medium
POL002609,PO00539,1,320 g/m2/Peach/100% Polyester/Chenille,,Peach,320,,,MTRS,265.67,As per availability,2026-07-27,missing_quantity,exception
POL002610,PO00539,2,100% Polyester Curtain Jacquard 160 GSM 54 inch Charcoal,,Charcoal,160,54,1200,Meters,133.35,,2026-07-22,clean_exact_match,easy
POL002611,PO00539,3,RID-5401 - regular quality,RID-5401,,,,800,mtr,Rs. 265.53,,2026-08-06,customer_specific_product_code,medium
POL002612,PO00539,4,100%  P0lyester Peach Cheni1le 58in 320gsm,,Plach,,,200,M,266.63/mtr,,2026-07-22,poor_quality_document,hard
POL002613,PO00539,5,W-54 145gsm Curtain Jacquard Charcoal 100% Polyester,,Charcoal,145,,~400,MTRS,133.70,,2026-07-17,incorrect_colour_or_gsm,hard
POL002614,PO00539,6,100% Polyester  Chenille  320GSM  58'  Peach,,Peach,320,,150 approx,Meters,330.86,Rate confirmed on call,2026-08-01,wrong_price_outside_tolerance,exception
POL002615,PO00539,7,100% Cotton Duck Canvas GSM 465 Royal Blue,,Royal Blue,465,,55097,MTR,248.66,,2026-07-17,unusually_large_quantity,exception
POL002616,PO00540,1,velvet cloth,,,,,1500,MTR,164.16,,2026-06-01,ambiguous_product_match,hard
POL002617,PO00540,2,W-63/465GSM/DUCK CANVAS/65/35 POLY COTTON/LAVENDER,,Lavender,465,,300,Mtr,242.51,,2026-06-06,minor_naming_variation,easy
POL002618,PO00540,3,as per our code OOR-7814,OOR-7814,,,,150,Mtr,95.42,,2026-06-01,customer_specific_product_code,medium
POL002619,PO00540,4,95/5 Cotton Lycra Knit 1x1 Rib 255 GSM 72 inch Sky Blue,,Sky Blue,255,72,80,kgs,INR 438.64,,2026-06-06,clean_exact_match,easy
POL002620,PO00540,5,380 GSM - Royal Blue - Chenille - 70/30 Poly Cotton,,Royal Blue,380,,2500,mtr,280.38,,2026-05-22,no_historical_price,medium
POL002621,PO00540,6,100% Linen Handloom Finish 115 GSM 58 inch Coffee Brown,,Coffee Brown,115,58,"2,500",mtr,251.51,,2026-06-21,clean_exact_match,easy
POL002622,PO00540,7,100% Cotton Flannel 185 GSM 58 inch Baby Pink,,Baby Pink,185,58,1200 approx,M,129.29,,2026-06-06,clean_exact_match,easy
POL002623,PO00541,1,100% Cotton Knit - 2x2 Rib - 280 g/m2 - 72 inches - Wine,,White,280,,100,Kilo,Rs. 445.14,,2026-08-27,incorrect_colour_or_gsm,hard
POL002624,PO00541,2,item BHA-7525,BHA-7525,,,,150,Kilo,327.17,,2026-08-27,customer_specific_product_code,medium
POL002625,PO00541,3,60/40 Cotton Poly Fleece Loop Terry 325 GSM 60 inch Navy Blue,,Navy Blue,325,60,300,KG,Rs. 328.52,,2026-07-28,clean_exact_match,easy
POL002626,PO00541,4,100% Cotton Knit Waffle 220 GSM 72 inch Greige RFD,,Greige RFD,220,72,250,Kg,Rs. 331.23,,2026-07-23,clean_exact_match,easy
POL002627,PO00541,5,rayon cloth  95gsm  baby pink,BHA-4367,,,,400,M,77.21,,2026-07-23,customer_specific_product_code,medium
POL002628,PO00541,6,55/45 Poly Wool/Suiting/220GSM/Ecru,,Ecru,220,,400,YDS,191.7,,2026-08-12,wrong_unit_of_measure,exception
POL002629,PO00542,1,100% Cotton Canvas Bottom 225 GSM 58 inch Navy Blue,,Navy Blue,225,58,600,Meters,178.03,,2026-08-15,clean_exact_match,easy
POL002630,PO00542,2,100% Cotton  Twill  295 g/m2  Bottle Green,,Bottle Green,295,,400,mtr,227.74,,2026-07-31,expired_historical_price,medium
POL002631,PO00542,3,225gms Canvas Bottom 58' 100% CTN Navy,,avy Blue,225,,150,MTR,178.8,,2026-08-05,spelling_errors_and_abbreviations,medium
POL002632,PO00543,1,55/45 poly wool - suiting - 220gsm - 58in - light pink,,Light Pink,220,,600,mtr,INR 218.97,,2026-08-18,minor_naming_variation,easy
POL002633,PO00543,2,100% Cotton Flannel 165 GSM 58 inch Black,,Black,165,58,500,mts,143.1,,2026-07-24,clean_exact_match,easy
POL002634,PO00543,3,"100% Cotton, 58', GSM 165, Flannel",,,165,,500,M,142.33,,2026-07-24,multiple_possible_sku_matches,hard
POL002635,PO00543,4,70/30 PV  twill suiting  240 gsm  60 inch  laavender,,Lavendet,240,,400,MTR,187.89,,2026-08-18,spelling_errors_and_abbreviations,medium
POL002636,PO00543,5,"70/30 Poly Viscose, Twill Suiting, 240gsm, W-60, Lavender",KAV-7878,Lavender,240,,1500,MTRS,Rs. 187.78,,2026-07-24,minor_naming_variation,easy
POL002637,PO00543,6,Black 165GSM W-58 Flannel 100% Cotton,KAV-7772,Black,165,,500,MTRS,137.56,,2026-08-18,small_acceptable_price_variation,easy
POL002638,PO00543,7,"Suiting  220 GSM  58""  55/45 Poly Wool  Baby Pink",,Baby Pink,220,,800,MTR,INR 212.96,,2026-07-29,small_acceptable_price_variation,easy
POL002639,PO00543,8,55/45 poly wool/220gsm/suiting/light pink,KAV-2510,Baby Pink,220,,,Mtr,219.38,Qty to be confirmed,2026-07-29,missing_quantity,exception
POL002640,PO00544,1,"44"" 70 g/m2 Grey Melange Crepe Poly",,Melange Grey,70,,400,Mtr,51.5,,2026-05-06,minor_naming_variation,easy
POL002641,PO00544,2,100% VIS RUBIA CLOTx 80 GSM 36 INCH SEA GREEN,,Sea Greenn,80,,"1,200",Meters,47.38,,2026-05-16,spelling_errors_and_abbreviations,medium
POL002642,PO00544,3,"80/20 PC  blended shirtibg  115gsm  63""  charcoal",,Chsrcoal,115,,200,mts,Rs. 85.32,,2026-05-06,spelling_errors_and_abbreviations,medium
POL002643,PO00544,4,SATEEN LAVENDER 95/5 POLY SPANDEX 175GSM,,Lavender,175,,?,MTR,INR 153.91,TBC,2026-06-10,missing_quantity,exception
POL002644,PO00544,5,100% Polyester Lining Twill 70 GSM 36 inch Firozi,,Firozi,70,36,400,Meters,Rs. 45.81,,2026-05-26,clean_exact_match,easy
POL002645,PO00544,6,same as last order,,,,,"1,000",mtr,,,2026-06-10,malformed_incomplete_order,exception
POL002646,PO00544,7,"Firozi  36""  Lining TTwill  70 g/m2  100% PL",,Firrozi,70,,200,Meters,Rs. 45.74,,2026-05-06,spelling_errors_and_abbreviations,medium
POL002647,PO00545,1,100% COTTON KNIT - 230 GM - WINE - 2X2 RIB,,Wine,230,,500,Kg,366.04,,2026-06-28,no_historical_price,medium
POL002648,PO00545,2,98/2 Cotton Lycra Denim Rigid 415 GSM 63 inch Grey Melange,MEG-6788,Grey Melange,415,63,2500,M,301.21,,2026-07-18,clean_exact_match,easy
POL002649,PO00545,3,100% cotton knit  1x1 rib  220 gsm  w-72  olive,MEG-3785,Olive,220,,300,kgs,368.74,,2026-06-28,small_acceptable_price_variation,easy
POL002650,PO00545,4,"Olive, 1x1 iRb, 72', 100% CCTN KNIT, 220 GSM",MEG-8546,Olive,220,,200,KG,Rs. 359.69,,2026-07-18,spelling_errors_and_abbreviations,medium
POL002651,PO00546,1,95/5 Poly Spandex Sateen 190 GSM 58 inch Teal,,Teal,190,58,600,MTRS,160.62 per unit,,2026-05-30,clean_exact_match,easy
POL002652,PO00547,1,60'  Drill  GSM 235  Maroon  98/2 Cotton Lycra,,Maroon,235,,1200,mts,Rs. 205.80,,2026-05-11,small_acceptable_price_variation,easy
POL002653,PO00547,2,98/2 CTN Lycra Drill 235gssssm 60' Marooon,,Maroon,235,,1200 approx,Meters,200.25,,2026-06-05,spelling_errors_and_abbreviations,medium
POL002654,PO00548,1,as per our code ZAR-4579,ZAR-4579,,,,50,Kg,461.24,,2026-06-22,customer_specific_product_code,medium
POL002655,PO00548,2,"275 GSM/58""/Olive/Drill/97/3 Cotton Spandex",,Olive,275,,500,MTRS,213.25,Please supply in Baby Pink as discussed,2026-06-27,conflicting_information_in_po,hard
POL002656,PO00549,1,terry towel pcs,,,,,1500 approx,pc,244.86,,2026-07-29,ambiguous_product_match,hard
POL002657,PO00549,2,70/30 Poly Cotton Upholstery Jacquard 295 GSM 58 inch White,,White,295,58,1000 approx,MTR,266.57/mtr,,2026-07-24,clean_exact_match,easy
POL002658,PO00549,3,215 gm - Wine - casement fabric,ZEN-1370,,,,200,Mtr,230.41,,2026-07-29,customer_specific_product_code,medium
POL002659,PO00549,4,70/30 Poly Cotton Sheer Casement 215 GSM 110 inch Wine,,Wine,215,110,~2000,mts,INR 229.84,,2026-07-24,clean_exact_match,easy
POL002660,PO00549,5,70/30 Poly Cotton Upholstery Jacquard 295 GSM 58 inch White,,White,295,58,1000,MTRS,267.10,,2026-08-18,clean_exact_match,easy
POL002661,PO00549,6,fabric,,,,,200,Meters,INR 193.62,,2026-07-24,malformed_incomplete_order,exception
POL002662,PO00549,7,70/30 Poly CTN  pholstery Jacquard  295GSM  58 icnhes  Whiet,,Whhite,295,,1200,MTRS,268.44,,2026-07-19,spelling_errors_and_abbreviations,medium
POL002663,PO00549,8,Face Towel 100% CTN Terrry 415gsm Rut,,Rust,415,,~100,pc,Rs. 243.57,,2026-08-18,spelling_errors_and_abbreviations,medium
POL002664,PO00550,1,DEV-1298 same as last time,DEV-1298,,,,300,Pcs,INR 220.61,,2026-07-14,customer_specific_product_code,medium
POL002665,PO00550,2,"Coffee Brown - 65/35 Poly Cotton - Canvas - 58"" - 375 g/m2",,Coffee Brown,375,,500,MTRS,224.07,"Ref our mail - actually need Navy Blue, not as written above",2026-07-04,conflicting_information_in_po,hard
POL002666,PO00551,1,65/35 Poly Cotton Poplin 125 GSM 58 inch Olive,,Olive,125,58,2500,mts,87.33,,2026-06-09,clean_exact_match,easy
POL002667,PO00551,2,100% Polyester Velvet 8 Wale 330 GSM W-44 Greige RFD,JAA-1906,Sea Green,330,,~500,M,222.28,,2026-05-15,incorrect_colour_or_gsm,hard
POL002668,PO00551,3,100% Cotton Lining Plain 105 GSM 58 inch Peach,,Peach,105,58,~800,mts,62.7,,2026-05-15,clean_exact_match,easy
POL002669,PO00551,4,65/35 POLY COTTON - POPLIN - 125 GM - 58 INCHES - FIROZI,JAA-4641,Firozi,125,,2500 approx,Mtr,87.46,,2026-06-09,partial_catalogue_match,medium
POL002670,PO00551,5,100% Polyester Velvet 8 Wale 330 GSM 44 inch Greige RFD,,Greige RFD,330,44,150,Meters,223.01,,2026-06-09,clean_exact_match,easy
POL002671,PO00551,6,65/35 Px - 63 INCHES - DUCK CANVAS - B. RGEEN - 405 GSM,,Bottle Green,405,,600,Meters,246.25,,2026-06-09,spelling_errors_and_abbreviations,medium
POL002672,PO00552,1,70/30 Modal TCN - it - Satin - 180GSM - 58',,Mint,180,,2000,M,283.8,,2026-08-14,spelling_errors_and_abbreviations,medium
POL002673,PO00552,2,pant material,,,,,~150,MTR,INR 181.29,,2026-08-04,ambiguous_product_match,hard
POL002674,PO00552,3,100% Lyocell Satin 150 GSM 58 inch Maroon,BHA-4782,Maroon,150,58,2500,MTR,257.03,,2026-08-09,clean_exact_match,easy
POL002675,PO00552,4,Poly Cotton Denim Lightweight 255 GSM 58 inch Sea Green,BHA-2086,Sea Green,255,58,600,Meters,195.29,,2026-07-30,clean_exact_match,easy
POL002676,PO00552,5,"98/2 Cofton Lycra Dri1l 235G5M 60"" Bottle Green",,,23l,,150,M,221.23,,2026-08-09,poor_quality_document,hard
POL002677,PO00553,1,print base - 58 inches normal one,,,,,500,Meters,140.34,,2026-05-14,ambiguous_product_match,hard
POL002678,PO00553,2,tencel type fabric 180 gm Musturd,OJA-5555,,,,300,mts,268.04 per unit,,2026-05-24,customer_specific_product_code,medium
POL002679,PO00553,3,95/5 VISCOSE LYCRA RAYON SLUB 105GSM 58 INCH OFF WHITE,,Off White,105,,400,M,Rs. 82.98,"Ref our mail - actually need Peach, not as written above",2026-05-19,conflicting_information_in_po,hard
POL002680,PO00553,4,Rayon Slub  95/5 Viscose Lycra  105 GSM  Off White  W-58,,Off White,105,,600,Mtr,98.10,Rate as per last PO,2026-05-14,wrong_price_outside_tolerance,exception
POL002681,PO00553,5,155 gm - Coffee Brown - 100% Viscose - 58' - Rayon Crepe,OJA-6440,Coffee Brown,155,,1000,MTRS,110.67,Please supply in Mustard as discussed,2026-05-19,conflicting_information_in_po,hard
POL002682,PO00554,1,95/5 Viscose Lycra Rayon Slub 135 GSM 44 inch Navy Blue,OJA-3169,Navy Blue,135,44,~800,M,100.84,,2026-06-26,clean_exact_match,easy
POL002683,PO00554,2,"VISCOSE RAYON CREPE 155 GSM 58"" COFFEE",OJA-7708,Coffee,155,,800,mtr,INR 110.35,,2026-07-06,minor_naming_variation,easy
POL002684,PO00554,3,"44in, nevy blue, rayon slub, 95/5 viscose lycra, 135 gsm",OJA-9445,Navy Blue,135,,800,MTRS,Rs. 100.75,,2026-06-21,minor_naming_variation,easy
POL002685,PO00554,4,"Coffee Brown, 58"", GSM 115, Handloom Finish, Linen",OJA-4548,Coffee,115,,1500,Meters,251.94,,2026-06-16,minor_naming_variation,easy
POL002686,PO00554,5,95/5 VI SLycraa  Rayon Slub  105 GSM  58 inch  White,,White,105,,400,M,75.73,,2026-07-01,spelling_errors_and_abbreviations,medium
POL002687,PO00554,6,"Ecru, 110GSM, viscos fabric",OJA-7512,,,,1200,Mtr,93.70,,2026-07-01,customer_specific_product_code,medium
POL002688,PO00555,1,100% Polyester Blackout Base 160 GSM 54 inch Cream,,Cream,160,54,150,Meters,Rs. 130.76,,2026-06-20,clean_exact_match,easy
POL002689,PO00555,2,SAN-5363 - regular quality,SAN-5363,,,,1500,mtr,208.34,,2026-06-20,customer_specific_product_code,medium
POL002690,PO00555,3,"65/35 Poly Cotton, Duck Canvas, 310 g/m2, Lavender",,Lavender,310,,as per stock,Mtr,200.98,,2026-06-15,missing_quantity,exception
POL002691,PO00555,4,65/35 poly cotton canvas 375 gm 58' greige rfd,,Greige RFD,375,,150,M,199.52,,2026-06-05,small_acceptable_price_variation,easy
POL002692,PO00555,5,100% Polyester Curtain Jacquard 160 GSM 54 inch Wine,,Wine,160,54,800,Mtr,140.12,,2026-06-25,clean_exact_match,easy
POL002693,PO00555,6,65/35 POLY COTTON CANVAS 350 GSM LT GREY,,Silver Grey,350,,800,mtr,206.08,,2026-06-20,expired_historical_price,medium
POL002694,PO00555,7,"100% PLY, chenille, 320ggsm, w-58, light bllu",,Sky Blur,320,,~2000,mts,257.6,,2026-06-20,spelling_errors_and_abbreviations,medium
POL002695,PO00555,8,65/35 Poly Cotton Canvas 350gsm Brown Coffee,,Coffee Brown,350,,200,MTR,196.14,,2026-06-20,expired_historical_price,medium
POL002696,PO00556,1,98/2 Cotton Lycra Denim Stretch GSM 370 W-63,NIM-5061,,370,,~150,mtr,242.56,,2026-08-27,multiple_possible_sku_matches,hard
POL002697,PO00556,2,98/2 CTN LYC DNM stretc 370gsm rust 63 inch,,Rust,370,,400,mts,INR 243.09,,2026-08-17,spelling_errors_and_abbreviations,medium
POL002698,PO00556,3,denim cloth  310 GSM  Silver,NIM-9590,,,,800,MTRS,189.66,,2026-08-27,customer_specific_product_code,medium
POL002699,PO00556,4,"Bottle Green, 100% Lyocell, GSM 150, 58"", Satin",NIM-5940,Bottle Green,150,,400,Meters,213.05,,2026-08-27,partial_catalogue_match,medium
POL002700,PO00556,5,"415GSM 98/2 Cotton Lycra Denim Rigid 63""",NIM-3244,,415,,1200,mtr,275.96,,2026-08-27,multiple_possible_sku_matches,hard
POL002701,PO00556,6,"95/5 COTTON LYCRA KNIT, SINGLE JERSEY, 155 G/M2, 60 INCH, CHARCOAL",NIM-9361,Charcoal,155,,150,KG,317.66,"Ref our mail - actually need Olive, not as written above",2026-08-17,conflicting_information_in_po,hard
POL002702,PO00556,7,97/3 CTN SPANDEX  DRILL  58 INCH  LuGHT BLUE  GSM 275,,Sky Blue,275,,1200,mts,INR 200.59,,2026-09-11,spelling_errors_and_abbreviations,medium
POL002703,PO00556,8,as per our code NIM-4997,NIM-4997,,,,1500,MTR,INR 218.17,,2026-09-11,customer_specific_product_code,medium
POL002704,PO00556,9,98/2 Cotton Lycra Denim Rigid 415 GSM 63 inch Rust,,Rust,415,63,800,mts,Rs. 298.34,,2026-08-22,clean_exact_match,easy
POL002705,PO00556,10,rigid - poly cotton denim - 63in - gsm 310,NIM-5478,,310,,2500,MTRS,INR 196.24,,2026-08-07,multiple_possible_sku_matches,hard
POL002706,PO00557,1,210GSM Mustard 50/50 Poly Cotton 90in Percale,,Mustard,210,,600,mts,242.11,,2026-08-05,small_acceptable_price_variation,easy
POL002707,PO00557,2,"Haaldi, 50/50 Pol yCTN, 90 inches, 210 gm, Percal",,Mustar,210,,400,MTR,249.78,,2026-08-05,spelling_errors_and_abbreviations,medium
POL002708,PO00557,3,65/35 Poly Cotton Canvas 350 GSM 63 inch Coffee Brown,,Coffee Brown,350,63,500,M,204.25,,2026-09-09,clean_exact_match,easy
POL002709,PO00557,4,50/50 Poly Cotton - Percale - 210 g/m2 - Mustard,,Mustard,210,,"1,000",Kgs,249.44,,2026-08-20,wrong_unit_of_measure,exception
POL002710,PO00557,5,100% LPY/Chenille/350 GSM/58un/Black,,BBlack,350,,800,MTR,297.77,,2026-08-15,spelling_errors_and_abbreviations,medium
POL002711,PO00557,6,canvas cloth,,,,,300,Meters,204.42 per unit,,2026-08-10,ambiguous_product_match,hard
POL002712,PO00557,7,210 g/m2  50/50 Poly Cotton  90in  Rust  Sheeting,,Rust,210,,400 approx,Meters,250.15,,2026-08-15,partial_catalogue_match,medium
POL002713,PO00557,8,65/35 Poly Cotton  Canvas  GSM 330  63in  Coffee Brown,,Coffee Brown,330,,300,mts,205.3,,2026-08-25,incorrect_colour_or_gsm,hard
POL002714,PO00557,9,towel,,,,,"2,000",pieces,Rs. 183.78,,2026-08-15,ambiguous_product_match,hard
POL002715,PO00557,10,50/50 Poly Cotton Sheeting 210 GSM 90 inch Charcoal,,Charcoal,210,90,500,MTR,249.99,,2026-08-05,clean_exact_match,easy
POL002716,PO00558,1,130GSM/60/40 Cotton Poly/Rust/Voile/44 inches,,Rust,130,,1500,MTR,95.00,,2026-08-18,partial_catalogue_match,medium
POL002717,PO00559,1,Sateen W-58 95/5 Poly Spandex 190 gm,,,190,,600,MTR,160.80,,2026-07-30,multiple_possible_sku_matches,hard
POL002718,PO00559,2,95/5 Poly Spandex Sateen 190 GSM 58 inch Teal,,Teal,190,58,2500,mts,161.57/mtr,,2026-08-29,clean_exact_match,easy
POL002719,PO00559,3,95/5 Poly Spandex Sateen 205gsm W-58 Teal,,Teal,205,,600,Meters,INR 161.08,,2026-08-04,incorrect_colour_or_gsm,hard
POL002720,PO00559,4,95/5 Poly Spandex Sateen 190 GSM 58 inch Teal,,Teal,190,58,1200,Meters,160.92,,2026-08-29,clean_exact_match,easy
POL002721,PO00560,1,"155GSM, Rayon Crepe, 100% Viscose, Greige RFD, 58in",FAL-1233,Greige RFD,155,,1200,mts,INR 131.98,,2026-08-01,partial_catalogue_match,medium
POL002722,PO00560,2,"Grey Melange, 155 GSM, 58 inches, Rayon Crepe, 100% Viscose",,Grey Melange,155,,400,Meters,INR 132.09,,2026-08-06,partial_catalogue_match,medium
POL002723,PO00560,3,"95/5 Poly Spandex Sateen GSM 175 58""",FAL-7404,,175,,2500,MTRS,INR 158.29,,2026-08-16,multiple_possible_sku_matches,hard
POL002724,PO00560,4,viscose rayon crepe 155 gsm 58' dark maroon,FAL-3073,Marun,155,,2000,mtr,132.6,,2026-08-16,minor_naming_variation,easy
POL002725,PO00560,5,printing cloth usual,FAL-5890,,,,1000,Meters,149.39,,2026-08-16,ambiguous_product_match,hard
POL002726,PO00561,1,"UPHOLSTERY JACQUARD 70/30 POLY COTTON 58"" 295 GSM BLACK",,Black,295,,500,M,251.49 per unit,,2026-07-30,partial_catalogue_match,medium
POL002727,PO00561,2,70/30 poly cotton - upholstery jacquard - 295 g/m2 - 58' - rust,,Rust,295,,200,mtr,251.55 per unit,,2026-09-03,minor_naming_variation,easy
POL002728,PO00561,3,100% Polyester - Curtain Jacquard - GSM 195 - Rust,,Rust,195,,500,mts,Rs. 144.87,,2026-09-03,no_historical_price,medium
POL002729,PO00562,1,"55/45 POLY WOOL, SUITING, GSM 220, 58IN, BOTTLE GREEN",,Greige RFD,220,,300 approx,Mtr,211.26,,2026-09-08,incorrect_colour_or_gsm,hard
POL002730,PO00562,2,Wool Felt 400 GSM 72 inch Charcoal,,,,,~250,Kilo,271.40,,2026-09-03,unknown_product,exception
POL002731,PO00562,3,Mel. Grey 98/2 Cotton Lycra Denim Rigid 63 inch 415GSM,,Melange Grey,415,,600 approx,Meters,307.07,,2026-09-08,minor_naming_variation,easy
POL002732,PO00562,4,70/30 Modal Cotton Satin 105 GSM 58 inch Navy Blue,,Navy Blue,105,58,2000,M,Rs. 179.55,,2026-09-03,clean_exact_match,easy
POL002733,PO00562,5,Haldi  160GSM  54in  Blackout Base  100% Polyester,,Mustard,160,,500,mtr,92.71,,2026-10-03,wrong_price_outside_tolerance,exception
POL002734,PO00562,6,55/45 Poly Wool Suiting 220 GSM 58 inch Bottle Green,,Bottle Green,220,58,1500,M,211.22,,2026-09-08,clean_exact_match,easy
POL002735,PO00562,7,"130 gm/58""/100% Polyester/White/Digital Print Base",,White,130,,2000,mtr,144.61/mtr,,2026-10-03,minor_naming_variation,easy
POL002736,PO00563,1,"Olive, 95/5 Viscose Lycra, Rayon Slub, 58 inches, 110gsm",,Olive,110,,2000,Mtr,83.26,,2026-07-23,incorrect_colour_or_gsm,hard
POL002737,PO00563,2,100% polyester - printed plain - 120 gm - 58 inch - coffee brown,,Coffee Brown,120,,1200,Mtr,134.23,,2026-07-28,partial_catalogue_match,medium
POL002738,PO00563,3,"110 g/m2/Rayon Plain/Royal Blue/95/5 Viscose Lycra/44""",,Royal Blue,110,,1200 approx,MTR,86.85,,2026-08-27,small_acceptable_price_variation,easy
POL002739,PO00563,4,95/5 Viscose Lycra Rayon Slub 95 GSM 58 inch Olive,,Olive,95,58,~600,MTRS,83.33,,2026-08-07,clean_exact_match,easy
POL002740,PO00564,1,"100% cotton  canvas bottom  225gsm  58""",,,225,,"1,500",mtr,176.14,,2026-08-11,multiple_possible_sku_matches,hard
POL002741,PO00564,2,"100% Linen, Slub, 125gsm, Firozee",,Firozi,125,,500,Yards,293.33/mtr,,2026-08-21,wrong_unit_of_measure,exception
POL002742,PO00564,3,100% Linen/Slub/GSM 125/W-58/Firozee,,Firozee,125,,~2500,Mtr,INR 294.01,,2026-08-21,minor_naming_variation,easy
POL002743,PO00564,4,Bottlle Green - Canvas Botttom - 225 gm - 58' - 100% CTN,,Bottle Green,225,,200,Mtr,175.46,,2026-08-06,spelling_errors_and_abbreviations,medium
POL002744,PO00564,5,PU Coated Leatherette 450 GSM Tan,,,,,100,Kg,219.98 per unit,,2026-08-21,unknown_product,exception
POL002745,PO00565,1,430 gm - UPH Jacquardd - 70/30 Poly CTN - W-54 - Seea Green,,Sea Green,430,,1000,mts,285.38,,2026-08-22,spelling_errors_and_abbreviations,medium
POL002746,PO00565,2,"220 GSM, Ecru, W-58, 55/45 Poly Wool, Suiting",,Ecru,220,,400,mts,183.05,,2026-09-11,small_acceptable_price_variation,easy
POL002747,PO00565,3,425 gm Ecru 100% Cotton Terry Hand Towel,,Ecru,425,,1500,pc,193.66,,2026-08-22,small_acceptable_price_variation,easy
POL002748,PO00565,4,95/5 Viscose Lycra Rayon Slub GSM 95 Lt Pink,,Baby Pink,95,,"2,000",KG,77.31,,2026-08-22,wrong_unit_of_measure,exception
POL002749,PO00565,5,65/35 Poly Cotton - Flannel - 190gsm - W-58 - Camel,,Camel,190,,600 approx,Meters,INR 158.86,,2026-08-27,incorrect_colour_or_gsm,hard
POL002750,PO00565,6,63 inch/GSM 405/Duck Canvas/Bottle Green/65/35 Poly Cotton,,Bottle Green,405,,400,mts,229.51,,2026-09-06,small_acceptable_price_variation,easy
POL002751,PO00565,7,65/35 PC/Camel/58'/210GMS/Flanenl,,Canel,210,,500,MTRS,Rs. 158.88,,2026-09-26,spelling_errors_and_abbreviations,medium
POL002752,PO00565,8,100% Cotton Knit Waffle 220 GSM 72 inch Greige RFD,,Greige RFD,220,72,50,Kg,333.24/kg,,2026-09-26,clean_exact_match,easy
POL002753,PO00565,9,65/35 poly cotton/flannel/210gsm/58 inch,,,210,,500,mtr,159.39,,2026-09-11,multiple_possible_sku_matches,hard
POL002754,PO00565,10,70/30 Poly Cotton Sheer Casement 215 GSM 110 inch Wine,,Wine,215,110,600,MTRS,INR 211.07,,2026-09-06,clean_exact_match,easy
POL002755,PO00566,1,pant material normal one,,,,,300,M,148.15,,2026-06-05,ambiguous_product_match,hard
POL002756,PO00566,2,Dril1 - 60 inches - Cream - 100% C0ffon - 6SM 195,,Cream,,,500,MTRS,Rs. 148.13,,2026-06-15,poor_quality_document,hard
POL002757,PO00566,3,98/2 Cotton Lycra Chino 210 GSM 58 inch Mint,,Mint,210,58,300,Meters,166.47,,2026-05-26,clean_exact_match,easy
POL002758,PO00566,4,pant material/210GSM/Mint,NAK-5512,,,,500,M,166.07,,2026-06-30,customer_specific_product_code,medium
POL002759,PO00566,5,100% Cotton Canvas Bottom 225 GSM 58 inch Navy Blue,,Navy Blue,225,58,"1,000",mts,Rs. 168.99,,2026-06-30,clean_exact_match,easy
POL002760,PO00566,6,"195gsm, trouser cloth, dark green",NAK-4460,,,,2500,MTRS,162.65,,2026-05-31,customer_specific_product_code,medium
POL002761,PO00566,7,Poly Cotton Denim Rigid GSM 310 63in Camel,,Camel,310,,"2,000",MTR,INR 222.51,,2026-06-30,minor_naming_variation,easy
POL002762,PO00566,8,pant material 60 inches normal one,,,,,300,Mtr,163.34 per unit,,2026-05-31,ambiguous_product_match,hard
POL002763,PO00566,9,w-58 bottom fabric,,,,,600,MTRS,Rs. 166.77,,2026-06-10,ambiguous_product_match,hard
POL002764,PO00566,10,"POLY COTTON DENIM, RIGID, 310GSM, 63'",,,310,,150 approx,MTR,222.66,,2026-06-05,multiple_possible_sku_matches,hard
POL002765,PO00567,1,95/5 Poly Spandex/Sateen/205 g/m2/58in/Charcoal,,Charcoal,205,,600,mtr,168.89,Note: rate agreed for 245 GSM quality,2026-06-16,conflicting_information_in_po,hard
POL002766,PO00567,2,AAR-4388 - regular quality,AAR-4388,,,,2500,M,93.0,,2026-05-27,customer_specific_product_code,medium
POL002767,PO00567,3,175 g/m2  58 inch  Ecru  95/5 Poly Spandex  Sateen,AAR-1313,Ecru,175,,400,mts,137.93,,2026-06-01,small_acceptable_price_variation,easy
POL002768,PO00567,4,Ferozi 125 GSM 100% Linen Slub,,Firozi,125,,5808,MTRS,253.55,,2026-05-17,unusually_large_quantity,exception
POL002769,PO00567,5,44 inches  70 gm  Rust  Crepe  100% Polyester,,Rust,70,,1000,MTRS,48.06,,2026-06-01,partial_catalogue_match,medium
POL002770,PO00568,1,Poplin OW GSM 110 65/35 Poly Cotton,,Off White,110,,"2,500",mts,Rs. 80.41,,2026-07-03,expired_historical_price,medium
POL002771,PO00568,2,100% LYOCELL  150 G/M2  LAVENDER  SATIN  58IN,,Lavender,150,,400,MTR,INR 233.84,,2026-07-28,minor_naming_variation,easy
POL002772,PO00568,3,"70/30 Modal Cotton, Satin, 180gsm, 58 inch, Mustard",,Musturd,180,,800,mts,290.02/mtr,,2026-06-28,minor_naming_variation,easy
POL002773,PO00568,4,Poplin/65/35 Poly Cotton/110 g/m2/Off White,,Off White,110,,600 approx,M,80.21,,2026-07-28,expired_historical_price,medium
POL002774,PO00568,5,100% Cotton Corduroy 8 Wale 215 GSM 58 inch Greige RFD,,Greige RFD,215,58,~1000,MTR,168.89,,2026-06-28,clean_exact_match,easy
POL002775,PO00568,6,98/2 Cotton Lycra Denim - Rigid - 300gsm - 63',,,300,,1200,mtr,247.65,,2026-07-28,multiple_possible_sku_matches,hard
POL002776,PO00568,7,63in - GSM 115 - 80/20 Poly Cotton - Blended Shirting - Wine,,Wine,115,,1200,Meters,Rs. 91.06,,2026-06-28,minor_naming_variation,easy
POL002777,PO00569,1,Poly Cotton Denim Rigid 310 GSM 63 inch Camel,,Camel,310,63,1200,M,Rs. 228.10,,2026-04-29,clean_exact_match,easy
POL002778,PO00569,2,Recycled PET Fleece GRS Certified 300 GSM,,,,,1500,mts,216.18/mtr,,2026-04-29,unknown_product,exception
POL002779,PO00569,3,W-63  Came1 Po1y Cott0n Denim Rigid GSM 310 ....,,Came1 ~~,3?0,,1000,Mtr,227.14,,2026-04-19,poor_quality_document,hard
POL002780,PO00569,4,63 inch camel 310 gsm p0ly c0ft0n denim rigid,,Came1,,,500 approx,Mtr,227.2,,2026-05-04,poor_quality_document,hard
POL002781,PO00569,5,RIGID CAMEL 310 GSM 63 INCHES POLY COTTON DENIM,,Camel,310,,800,mtr,236.80 per unit,,2026-04-29,small_acceptable_price_variation,easy
POL002782,PO00569,6,"Poly CTb Denim - Rigi d- 310 GSM - 63"" - Came",,Camel,310,,500,mtr,226.80,,2026-05-24,spelling_errors_and_abbreviations,medium
POL002783,PO00569,7,Poly Cotton Denim Rigid 310 GSM 63 inch Camel,,Camel,310,63,2500 approx,MTR,Rs. 228.77,,2026-05-24,clean_exact_match,easy
POL002784,PO00569,8,Poly Cotton Denim - Rigid - 63in - Camel - 310GSM,,Camel,310,,500,MTR,Rs. 226.77,,2026-04-29,minor_naming_variation,easy
POL002785,PO00569,9,Poly Cotton Denim Rigid 310 GSM 63 inch Camel,,Camel,310,63,800 approx,M,228.8,,2026-04-24,clean_exact_match,easy
POL002786,PO00569,10,"Pooly CTN Demim/Rigid/310 g/m2/63""/xamel",,Camel,310,,500,mtr,227.53,,2026-05-24,spelling_errors_and_abbreviations,medium
POL002787,PO00570,1,gsm 210 w-58 98/2 CTNN lycr achino CHARCL,,Charcoal,210,,1200,Meters,171.1,,2026-06-28,spelling_errors_and_abbreviations,medium
POL002788,PO00570,2,Ecrru/55/45 P/W/220 g/2m/58 inches/Suiting,,Ecru,220,,2000,MTRS,200.07,,2026-07-03,spelling_errors_and_abbreviations,medium
POL002789,PO00570,3,65/35 Poly Cotton Flannel 185 GSM W-58 Silver Grey,,Silver Grey,185,,600,Meters,INR 154.57,,2026-07-08,incorrect_colour_or_gsm,hard
POL002790,PO00570,4,PV cloth  GSM 290  White,MAN-9299,,,,1200,MTR,283.09,,2026-07-03,customer_specific_product_code,medium
POL002791,PO00570,5,55/45 Poly Wool Twill Suiting 290 GSM 60 inch White,,White,290,60,300,MTRS,282.03,,2026-06-23,clean_exact_match,easy
POL002792,PO00570,6,bottom fabric - Dark Grey - 210 GSM,MAN-3365,,,,200,Mtr,170.5,,2026-07-03,customer_specific_product_code,medium
POL002793,PO00570,7,55/45 poly wool  suiting  220 gsm  58 inches  ecru,,Ecru,220,,1000,mtr,Rs. 208.33,,2026-07-08,small_acceptable_price_variation,easy
POL002794,PO00570,8,97/3 Cotton Spandex Canvas Bottom 195 GSM 60 inch Lavender,,Lavender,195,60,500,Meters,169.61/mtr,,2026-06-23,clean_exact_match,easy
POL002795,PO00570,9,55/45 Poly Wool Suiting 220gsm 58 inch Ecru,,Ecru,220,,~1000,MTR,Rs. 201.04,,2026-07-23,minor_naming_variation,easy
POL002796,PO00570,10,"suiting cloth, W-58",,,,,1000,mtr,200.83,,2026-06-28,ambiguous_product_match,hard
POL002797,PO00571,1,160  g/m2/Sea Green/Melange Jersey/100% Cofton Knif/60',,5ea  Green,165,,150,KG,INR 319.05,,2026-06-02,poor_quality_document,hard
POL002798,PO00571,2,160GSM - Oxford - 100% Combed Cotton - 44in - Royal Blue,,Royal Blue,160,,2500,MTRS,131.45,,2026-05-13,small_acceptable_price_variation,easy
POL002799,PO00572,1,Black/130 g/m2/100% CMBD CT/58'/Chambrayy,,Black,130,,300,MTR,126.18 per unit,,2026-07-06,spelling_errors_and_abbreviations,medium
POL002800,PO00572,2,"Chambray, 58 inches, 100% Combed Cotton, Wine, 130GSM",,Wine,130,,1200,M,INR 126.55,,2026-07-01,partial_catalogue_match,medium
POL002801,PO00572,3,shirting fabric,,,,,1000,M,125.94,,2026-06-26,ambiguous_product_match,hard
POL002802,PO00572,4,jeans fabric usual,,,,,300 approx,M,INR 270.89,,2026-07-01,ambiguous_product_match,hard
POL002803,PO00572,5,"Black, 130 GSM, Chambray, 100% CMBD CTNN, 58'",,Black,130,,"1,200",mtr,Rs. 126.44,,2026-06-26,spelling_errors_and_abbreviations,medium
POL002804,PO00572,6,100% Combed Cotton/Chambray/130 gm/58in,,,130,,1500,mts,126.43,,2026-07-01,multiple_possible_sku_matches,hard
POL002805,PO00572,7,"100% COMBED COTTON, BLACK, CHAMBRAY, 130GSM, 58 INCHES",,Black,130,,~150,MTRS,120.56,,2026-06-16,small_acceptable_price_variation,easy
POL002806,PO00573,1,100% Cotton Terry Face Towel 415 GSM 12x12 inch Rust,,Rust,415,,100,pieces,Rs. 242.55,,2026-08-05,clean_exact_match,easy
POL002807,PO00573,2,"Chenille, 70/30 Poly Cotton, OW, 380GSM",,Off White,380,,200,Yards,279.30 per unit,,2026-07-31,wrong_unit_of_measure,exception
POL002808,PO00573,3,100% Cotton Terry Hand Towel 380 gm Mel. Grey,,Grey Melange,380,,2000,pieces,Rs. 195.93,,2026-08-20,no_historical_price,medium
POL002809,PO00573,4,Wine curtain cloth 215 gm,ZEN-3904,,,,2000,Mtr,230.02,,2026-07-16,customer_specific_product_code,medium
POL002810,PO00573,5,100% Cotton Terry Face Towel 415GSM Rust,,Rust,415,,1000,pc,233.35,,2026-07-16,small_acceptable_price_variation,easy
POL002811,PO00573,6,WHITE/70/30 POLY CTN/58'/UPH JACQUARD/295 GaM,,Whit,295,,2000,Meters,INR 268.77,,2026-07-31,spelling_errors_and_abbreviations,medium
POL002812,PO00573,7,"70/30 Poly Cotton, Sheer Casement, 215gsm, 110 inch, Wine",,Wine,215,,1200,MTR,230.61,,2026-07-16,minor_naming_variation,easy
POL002813,PO00573,8,Greige 425 g/m2 100% Cotton Terry Hand Towel,,Greige RFD,425,,1500,pieces,201.70/pc,,2026-07-31,expired_historical_price,medium
POL002814,PO00573,9,"70/30 Poly CN, Sheer Casement, 215 GSM, 110 iinches, Wine",,Wine,215,,800,Mtr,INR 229.04,,2026-07-31,spelling_errors_and_abbreviations,medium
POL002815,PO00573,10,"70/30 Poly Cotton, Sheer Casement, 215 GSM, 110', Wine",,Wine,215,,150,mtr,Rs. 229.39,,2026-07-16,minor_naming_variation,easy
POL002816,PO00574,1,"Rigid, 98/2 Cotton Lycra Denim, 415gsm, 63 inch, Rust",,Rust,415,,"1,000",mtr,274.51,,2026-06-27,new_customer_no_history,medium
POL002817,PO00574,2,"100% Cotton Knit, 1x1 Rib, 220gsm, 72 inch, Cream",,Cream,220,,50,Kg,332.55,,2026-07-12,new_customer_no_history,medium
POL002818,PO00575,1,70/30 Poly Cotton/Upholstery Jacquard/430GSM/W-54/Ecru,,Ecru,430,,1000,MTR,Rs. 335.60,,2026-09-17,partial_catalogue_match,medium
POL002819,PO00575,2,Percale/108'/GSM 170/50/50 Poly Cotton,,,170,,1500,mtr,224.2,,2026-08-23,multiple_possible_sku_matches,hard
POL002820,PO00576,1,Beige  70 gm  gtte fabric,DEV-7738,,,,600,M,52.23,,2026-05-29,customer_specific_product_code,medium
POL002821,PO00576,2,150 GSM - Gray Melange - 100% Lyocell - Satin,,Grey Melange,150,,2000,Mtr,241.4,,2026-06-28,expired_historical_price,medium
POL002822,PO00576,3,100% Linen Plain 215 GSM 58 inch Off White,,Off White,215,58,2500,MTR,459.99,,2026-06-13,clean_exact_match,easy
POL002823,PO00576,4,"58"" linen material normal one",,,,,~800,MTR,457.84,,2026-05-24,ambiguous_product_match,hard
POL002824,PO00576,5,100% lyocell satin 150gsm w-58 charcoal,,Charcoal,150,,800,M,236.08,Please supply in Rust as discussed,2026-06-13,conflicting_information_in_po,hard
POL002825,PO00576,6,100% viscose printed plain 90gsm 58' white,,White,90,,2500,MTR,110.37/mtr,,2026-05-29,partial_catalogue_match,medium
POL002826,PO00576,7,modal fabric - 58 inches,,,,,1500,M,237.51,,2026-05-29,ambiguous_product_match,hard
POL002827,PO00576,8,100% Lyocell Satin 150 GSM 58 inch Charcoal,,Charcoal,150,58,1200,MTR,237.35,,2026-05-29,clean_exact_match,easy
POL002828,PO00577,1,100% Polyester  Crepe  105GSM  58 inch  Cream,,Cream,105,,1200,mts,67.42,,2026-04-26,small_acceptable_price_variation,easy
POL002829,PO00577,2,100% Polyester Curtain Jacquard 195 GSM 54 inch Rust,,Rust,195,54,~2500,M,166.50 per unit,,2026-05-01,clean_exact_match,easy
POL002830,PO00577,3,Chenille/58'/Cream/Poly/320 g/m2,,Cream,320,,1000 approx,M,INR 266.08,,2026-04-26,minor_naming_variation,easy
POL002831,PO00577,4,215 GS R.BLUE 95/5 Poly Spandx 58in Satin,,Royal Blue,215,,"1,500",Meters,189.56,,2026-04-21,spelling_errors_and_abbreviations,medium
POL002832,PO00577,5,"100% P0LYESTER VELVET, 21 WALE, 22565M, 44', DARK 8LUE",,Navy  8lue ###,225,,500,MTR,159.51,,2026-04-21,poor_quality_document,hard
POL002833,PO00577,6,95/5 Poly Spandex  Satin  215 g/m2  58 inches  Royal Blue,,Royal Blue,215,,150,Meters,196.0,,2026-05-11,small_acceptable_price_variation,easy
POL002834,PO00577,7,100% Cotton Terry Face Towel 575 GSM 30x60 inch Mustard,,Mustard,575,,1000,pieces,286.0,,2026-04-21,clean_exact_match,easy
POL002835,PO00577,8,50/50 POLY CTN  PERCALE  120 G/M2  90I  SEA GREEN,,Sea Geen,120,,1500,mts,INR 152.83,,2026-05-26,spelling_errors_and_abbreviations,medium
POL002836,PO00577,9,Percalle - 120 g/m2 - 50/50 Poly vNT - SEA GRN - 90 inches,,Sea Green,120,,1500 approx,Mtr,153.64,,2026-05-01,spelling_errors_and_abbreviations,medium
POL002837,PO00578,1,"65/35 PC  Duck Canvas  310gsm  63""  SSEA GRN",,Sea Green,310,,150,mtr,Rs. 198.40,,2026-06-17,spelling_errors_and_abbreviations,medium
POL002838,PO00578,2,100% Cotton Duck Canvas 465 GSM 58 inch Olive,,Olive,465,58,1000,M,288.51 per unit,,2026-07-07,clean_exact_match,easy
POL002839,PO00578,3,gs m415/58 nich/100% CTN/BTL GRN/army canvas,,Bottle Green,415,,150 approx,Mtr,230.27,,2026-06-02,spelling_errors_and_abbreviations,medium
POL002840,PO00579,1,58 inch  Canvas  65/35 Poly Cotton  GSM 375  Brown Coffee,,Coffee Brown,375,,2000,MTR,INR 225.09,,2026-08-26,minor_naming_variation,easy
POL002841,PO00580,1,98/2 Cotton Lycra Drill 235 GSM 60 inch White,,White,235,60,400,M,INR 194.46,,2026-05-31,clean_exact_match,easy
POL002842,PO00580,2,98/2 Cotton Lycra Drill 235 GSM 60 inch Bottle Green,,Bottle Green,235,60,1000,M,Rs. 200.36,,2026-05-26,clean_exact_match,easy
POL002843,PO00581,1,Recycled PET Fleece GRS Certified 300 GSM,,,,,500,mtr,188.41 per unit,,2026-08-01,unknown_product,exception
POL002844,PO00581,2,100% Cotton Knit Melange Jersey 160 GSM 60 inch Beige,,Beige,160,60,400,KGS,290.63,,2026-07-22,clean_exact_match,easy
POL002845,PO00581,3,1x1 Rib 72 inch 220 gm 100% Cotton Knit,,,220,,100,KGS,INR 358.10,,2026-07-22,multiple_possible_sku_matches,hard
POL002846,PO00581,4,"155 G/M2 - 95/5 CTN LC - SINGLE JSYY - CHARCOAL - 60""",,Charcoal,155,,100,KG,318.86/kg,,2026-07-22,spelling_errors_and_abbreviations,medium
POL002847,PO00581,5,NIM-8886 - regular quality,NIM-8886,,,,150,KG,INR 365.66,,2026-07-22,customer_specific_product_code,medium
POL002848,PO00581,6,240 GSM  60 inch  100% Cotton Knit  Waffle  Rust,,Rust,240,,50,Kilo,Rs. 382.81,,2026-08-21,partial_catalogue_match,medium
POL002849,PO00581,7,"160 g/m2 - Beige - 100% CTNN KNIT - Mleange Jerseu - 60""",,veige,160,,400,Kg,291.8,,2026-08-06,spelling_errors_and_abbreviations,medium
POL002850,PO00582,1,58 inch - 100% LIN - Peach - 220 gm - Handloom Finissh,,ePach,220,,400,M,452.45,,2026-09-05,spelling_errors_and_abbreviations,medium
POL002851,PO00582,2,t-shirt knit,,,,,100,Kilo,304.24,,2026-08-31,ambiguous_product_match,hard
POL002852,PO00582,3,100% Combed Cotton Oxford 160 GSM 44 inch Royal Blue,,Royal Blue,160,44,400,mts,INR 142.68,,2026-09-15,clean_exact_match,easy
POL002853,PO00582,4,shirting fabric - 160GSM - Royal Blue,TAN-5748,,,,1500,M,Rs. 142.27,,2026-09-10,customer_specific_product_code,medium
POL002854,PO00583,1,"poly CTN denim, rigi,d 310gsm, 63 inch, peach",,Paech,310,,800 approx,Mtr,196.45,,2026-06-15,spelling_errors_and_abbreviations,medium
POL002855,PO00583,2,Rigid  Poly Cotton Denim  63in  Cream  310gsm,,Cream,310,,~1000,M,196.8,,2026-05-26,partial_catalogue_match,medium
POL002856,PO00583,3,130  6SM 100% Combed Cotton 58 inches B1ack Chambray ###,,Black,?30,,800,MTRS,102.71,,2026-05-11,poor_quality_document,hard
POL002857,PO00583,4,58IN PLAIN ROYAL BLUE 100% LINEN 215 GM,,Royal Blue,215,,~2500,mts,Rs. 374.23,Rate confirmed on call,2026-05-26,wrong_price_outside_tolerance,exception
POL002858,PO00583,5,peach 310 gs mrigid 63 inch poly CTN dnim,,Peach,310,,500,MTR,INR 197.59,,2026-05-21,spelling_errors_and_abbreviations,medium
POL002859,PO00584,1,"98/2 Cotton Lycra Denim/Rigid/GSM 300/63""/Sea Green",,Sea Green,300,,1200,MTR,Rs. 227.21,,2026-08-15,small_acceptable_price_variation,easy
POL002860,PO00584,2,rigid/grey melange/98/2 cotton lycra denim/63'/415 g/m2,,Camel,415,,1500,Mtr,302.06,,2026-09-04,incorrect_colour_or_gsm,hard
POL002861,PO00584,3,63'/DENIM CLOTH,,,,,600,Meters,212.46,,2026-08-05,ambiguous_product_match,hard
POL002862,PO00584,4,"60/40 CTN Poly, W-44, 105 gm, Cambri,c Royla Blue",,Royal vlue,105,,800,mts,INR 90.58,,2026-09-04,spelling_errors_and_abbreviations,medium
POL002863,PO00585,1,Poly Cotton Denim Lightweight 255 GSM 58 inch Royal Blue,,Royal Blue,255,58,800,mts,186.16,,2026-09-18,clean_exact_match,easy
POL002864,PO00585,2,CAM8RIC/44 INCH/60/40 COTTON P0LY/105GSM/ROYAL BLUE ###,,Royal 8lue,,,1200,M,90.04 per unit,,2026-08-29,poor_quality_document,hard
POL002865,PO00585,3,Royal Blue/160GSM/Oxford/100% Combed Cotton,ISH-8695,Royal Blue,160,,"1,500",Mtr,121.75,,2026-09-18,no_historical_price,medium
POL002866,PO00585,4,"jeans fabric, 415gsm, Grey Melange",ISH-1127,,,,500,Mtr,Rs. 303.43,,2026-09-03,customer_specific_product_code,medium
POL002867,PO00585,5,"Poly Cotton Denim, Rigid, 310 gm, 63 inches, Peach",,Peach,310,,1200,M,Rs. 199.54,,2026-08-19,minor_naming_variation,easy
POL002868,PO00586,1,"80/20 Poly Viscose, Rust, 60"", 290GSM, Suiting",,Rust,290,,200,MTRS,234.95,,2026-07-05,minor_naming_variation,easy
POL002869,PO00586,2,duck fabric 390gsm Beige,LAK-3902,,,,150,Meters,243.14,,2026-07-30,customer_specific_product_code,medium
POL002870,PO00586,3,65/35 Poly Cotton Duck Canvas 310 GSM 63 inch Sea Green,,Sea Green,310,63,200,MTR,Rs. 189.64,,2026-06-25,clean_exact_match,easy
POL002871,PO00586,4,110GSM Poplin CCrema 58in 65/35 PC,,Cream,110,,"1,200",M,82.92,,2026-06-30,spelling_errors_and_abbreviations,medium
POL002872,PO00586,5,100% Cotton Duck Canvas 390 GSM 63 inch Beige,,Beige,390,63,1500,mtr,244.0,,2026-06-30,clean_exact_match,easy
POL002873,PO00586,6,Kevlar Blend Industrial Fabric 500 GSM,,,,,200,MTR,213.4,,2026-06-30,unknown_product,exception
POL002874,PO00586,7,98/2 Cotton Lycra/Drill/235 GSM/Maroon,,Maroon,235,,500,mtr,188.68,,2026-07-10,no_historical_price,medium
POL002875,PO00586,8,duck canvas/baby pink/310 gm/65/35 poly cotton,,Baby Pink,310,,2500,M,179.59,,2026-07-05,no_historical_price,medium
POL002876,PO00586,9,70/30 POLY VISCOSE  TWILL SUITING  240 G/M2  60 INCH  BLACK,,Black,240,,200,Mtr,211.70,,2026-06-25,small_acceptable_price_variation,easy
POL002877,PO00586,10,70/30 Poly Viscose Twill Suiting 240 GSM W-60 Black,,Black,240,,1000,mtr,INR 195.94,,2026-07-10,small_acceptable_price_variation,easy
POL002878,PO00587,1,duck canvsa  gsm 310  63 iches  65/35 PC  lavenedr,,Lavenfer,310,,300,Mtr,INR 209.30,,2026-09-08,spelling_errors_and_abbreviations,medium
POL002879,PO00587,2,DUCK FABRIC medium quality,,,,,~2000,MTR,209.59 per unit,,2026-08-09,ambiguous_product_match,hard
POL002880,PO00587,3,100% Cotton Terry Face Towel 575 GSM 27x54 inch Teal,,Teal,575,,300,PCS,Rs. 315.59,,2026-08-24,clean_exact_match,easy
POL002881,PO00587,4,"70/30 Poly Cotton, Blackout Base, GSM 195, 54in, Lavender",,Lavender,195,,~400,MTR,178.39 per unit,,2026-09-08,minor_naming_variation,easy
POL002882,PO00587,5,Chenille Rust 415 GSM 70/30 Poly Cotton 58 inches,,Rust,415,,"1,500",mts,Rs. 338.62,,2026-08-09,small_acceptable_price_variation,easy
POL002883,PO00587,6,100% Cotton Terry Hand Towel 380 GSM 30x60 inch Grey Melange,,Grey Melange,380,,"2,000",PCS,225.92,,2026-08-09,clean_exact_match,easy
POL002884,PO00587,7,100% Cotton Duck Canvas 465 GSM 58 inch Olive,,Olive,465,58,~400,MTR,291.36 per unit,,2026-08-04,clean_exact_match,easy
POL002885,PO00588,1,85 gm Off-White georgette material,ADV-2743,,,,400 approx,Meters,69.66,,2026-08-12,customer_specific_product_code,medium
POL002886,PO00589,1,"baby pink, 485 gsm, 100% cotton, 58 inches, duck canvas",KAV-5016,Baby Pink,485,,1200,Meters,284.48/mtr,,2026-06-26,incorrect_colour_or_gsm,hard
POL002887,PO00590,1,"100% COTTON - 225GSM - CAMEL - CANVAS BOTTOM - 58""",,Camel,225,,2000,MTR,INR 154.10,,2026-06-07,new_customer_no_history,medium
POL002888,PO00590,2,GSM 160 HANDLOOM FINISH SILVER 58 INCH 55/45 LINEN COTTON,,Silver Grey,160,,1000,Meters,INR 319.15,,2026-05-03,new_customer_no_history,medium
POL002889,PO00590,3,100% Lyocell  Satin  150GSM  58 inches  Rust,,Rust,150,,500,MTRS,215.62,,2026-06-07,new_customer_no_history,medium
POL002890,PO00590,4,60/40 Cotton Poly Cambric GSM 105 44' Royal Blue,,Royal Blue,105,,2500 approx,M,81.04/mtr,,2026-05-13,new_customer_no_history,medium
POL002891,PO00590,5,"Lavender - 370GSM - 63"" - Rigid - 100% Cotton Denim",,Lavender,370,,150,Meters,226.0,,2026-05-18,new_customer_no_history,medium
POL002892,PO00590,6,60/40 cotton poly/dobby/130 gsm/44in/navy,,Navy Blue,130,,300,MTRS,INR 94.82,,2026-05-13,new_customer_no_history,medium
POL002893,PO00591,1,"SHIRTING FABRIC, 130 GM, BLACK",SAN-2189,,,,300,Mtr,119.5,,2026-06-04,customer_specific_product_code,medium
POL002894,PO00591,2,"160GSM, 58"", 70/30 Modal Cotton, Plain, Firozi",,Firozi,160,,2000,mts,217.81/mtr,Rate confirmed on call,2026-06-29,wrong_price_outside_tolerance,exception
POL002895,PO00591,3,70/30 Modal vTN/Stin/180gsm/58 inchse/Sky Blue,,ky Blue,180,,1200,Mtr,INR 298.26,,2026-06-14,spelling_errors_and_abbreviations,medium
POL002896,PO00592,1,55/45 Poly Wool - Twill Suiting - 275gsm - Charcoal,,Charcoal,275,,10323,MTR,Rs. 275.06,,2026-08-24,unusually_large_quantity,exception
POL002897,PO00592,2,"58"" - Ferozi - 250 GSSn - Siiting - 80/20 PV",,Firozi,250,,600,M,216.12,,2026-08-09,spelling_errors_and_abbreviations,medium
POL002898,PO00592,3,"GSM 115/Blended Shirting/Baby Pink/80/20 Poly Cotton/63""",,Baby Pink,115,,150,MTRS,88.7,,2026-07-30,partial_catalogue_match,medium
POL002899,PO00592,4,suiting cloth,,,,,~2500,MTR,215.9,,2026-07-20,ambiguous_product_match,hard
POL002900,PO00592,5,80/20 Poly Cotton Blended Shirting 115 GSM 63 inch Wine,,Wine,115,63,500,MTRS,88.79,,2026-08-24,clean_exact_match,easy
POL002901,PO00592,6,Blended Twill - 115 gm - Ecru - 65/35 Poly Cotton - 58',,Ecru,115,,300,M,106.23,,2026-07-30,incorrect_colour_or_gsm,hard
POL002902,PO00592,7,80/20 Poly Cotton Blended Shirting 115 GSM 63 inch Wine,,Wine,115,63,400,MTR,89.2,,2026-08-24,clean_exact_match,easy
POL002903,PO00593,1,"100% Cotton, Drill, 225 GSM, 60 inches, Cream",,Cream,225,,150,mts,Rs. 152.33,,2026-06-23,incorrect_colour_or_gsm,hard
POL002904,PO00593,2,"97/3 Cotton Spandex, Drill, GSM 275, 58in, Sky Blue",,Sky Blue,275,,600,mts,Rs. 214.23,,2026-07-08,small_acceptable_price_variation,easy
POL002905,PO00593,3,97/3 Cotton Spandex Drill 275 GSM 58 inch Sky Blue,,Sky Blue,275,58,150,MTR,Rs. 223.56,,2026-07-23,clean_exact_match,easy
POL002906,PO00593,4,"80/20 Poly Cotton, Blended Twill, 130GSM, 63"", Rust",,Rust,130,,200,mts,96.51,,2026-06-23,small_acceptable_price_variation,easy
POL002907,PO00593,5,UTS-2726 same as last time,UTS-2726,,,,800,M,INR 186.06,,2026-07-08,customer_specific_product_code,medium
POL002908,PO00593,6,S. lBue - 275 gm - 97/3 CTN Spandex - Drilll - 58 inch,,Sky Bluee,275,,1200,mtr,INR 224.79,,2026-07-08,spelling_errors_and_abbreviations,medium
POL002909,PO00593,7,100% Cotton Drill 195 gm W-60 Cream,,Cream,195,,600,MTR,157.28 per unit,,2026-06-28,small_acceptable_price_variation,easy
POL002910,PO00593,8,100% Cotton Canvas Bottom 225GSM 58 inch Bottle Green,,Bottle Green,225,,1200,mtr,INR 191.89,,2026-06-23,small_acceptable_price_variation,easy
POL002911,PO00593,9,"97/3 Cotton Spandex, Drill, 275GSM, 58"", S. Blue",,Light Blue,275,,300,MTR,223.61,,2026-07-08,minor_naming_variation,easy
POL002912,PO00594,1,"100% Cotton Knit, 2x2 Rib, 230 g/m2, 60', Teal",,Teal,230,,500,Kilo,394.41,,2026-04-18,minor_naming_variation,easy
POL002913,PO00594,2,97/3 Cotton Spandex Drill 275 GSM 58 inch Olive,,Olive,275,58,500,Meters,210.8,,2026-05-23,clean_exact_match,easy
POL002914,PO00595,1,100% cotton knit/w-60/160 g/m2/melange jersey/rust,,Rust,160,,250,KGS,347.01,Note: rate agreed for 185 GSM quality,2026-06-20,conflicting_information_in_po,hard
POL002915,PO00595,2,"Crepe, 58', 85 gm, 100% Polyester",,,85,,400,mts,61.45/mtr,,2026-06-15,multiple_possible_sku_matches,hard
POL002916,PO00595,3,100% Polyester Lining Twill 70 GSM 36 inch Coffee Brown,,Coffee Brown,70,36,150,Mtr,47.75,,2026-05-31,clean_exact_match,easy
POL002917,PO00595,4,215 GSM Black 55/45 Linen Cotton 58' Plain,,Black,215,,600,MTR,487.54,,2026-06-10,minor_naming_variation,easy
POL002918,PO00595,5,50/50 Poly Cotton Percale 120 GSM 90 inch Beige,,Beige,120,90,300,Meters,161.32,,2026-06-15,clean_exact_match,easy
POL002919,PO00596,1,100% Cotton Knit Single Jersey 160 GSM 60 inch Bottle Green,,Bottle Green,160,60,100,kgs,INR 325.32,,2026-05-22,clean_exact_match,easy
POL002920,PO00596,2,item NAK-2118,NAK-2118,,,,800,mtr,208.15,,2026-05-27,customer_specific_product_code,medium
POL002921,PO00596,3,60/40 Cotton Poly Fleece Loop Terry 325 GSM 60 inch Sky Blue,,Sky Blue,325,60,200,Kilo,344.08/kg,,2026-05-22,clean_exact_match,easy
POL002922,PO00596,4,325gsm Sky Blue W-60 Loop Terry 60/40 Cotton Poly Fleece,,Sky Blue,325,,80,Kg,344.79,Please supply in Teal as discussed,2026-05-17,conflicting_information_in_po,hard
POL002923,PO00597,1,Bamboo Terry Knit 240 GSM Off White,,,,,500,MTRS,246.69,,2026-09-09,unknown_product,exception
POL002924,PO00597,2,60/40 Poly Cotton Knit Melange Jersey White 185 gm 60in,,White,185,,150,KGS,310.91,,2026-08-05,incorrect_colour_or_gsm,hard
POL002925,PO00597,3,98/2 Cotton Lycra Denim  Rigid  300gsm  63 inches  Ferozi,,Firozee,300,,2000,mts,Rs. 236.81,,2026-09-09,minor_naming_variation,easy
POL002926,PO00597,4,"Drill, 98/2 Cotton Lycra, 60"", Maroon, 235gsm",,Maroon,235,,400,M,199.80,Please supply in Sky Blue as discussed,2026-08-15,conflicting_information_in_po,hard
POL002927,PO00598,1,"105 g/m2, 44in, Sky Blue, 100% Viscose, Print Base",,Sky Blue,105,,2000,Mtr,116.57,,2026-05-29,partial_catalogue_match,medium
POL002928,PO00598,2,100% Viscose Print Base 105 GSM 44 inch Grey Melange,,Grey Melange,105,44,150,Mtr,117.14,,2026-06-23,clean_exact_match,easy
POL002929,PO00598,3,"100% VIS lrint base 105gsmm 44"" grey MELL",,Grey Melange,105,,1000,mts,116.19,,2026-05-24,spelling_errors_and_abbreviations,medium
POL002930,PO00598,4,"100% Linen Slub 125 GSM 58"" Turquoise",,Firozi,125,,400,MTR,299.39,Rate confirmed on call,2026-06-23,wrong_price_outside_tolerance,exception
POL002931,PO00598,5,Wool Felt 400 GSM 72 inch CHARCL,,,,,800,Mtr,61.98,,2026-06-03,unknown_product,exception
POL002932,PO00599,1,98/2 Cotton Lycra Denim Stretch 370 GSM 63 inch Rust,,Rust,370,63,500,Mtr,229.28,,2026-06-12,clean_exact_match,easy
POL002933,PO00599,2,"95/5 Cotton Lycra Knit/Single Jersey/GSM 155/60""/Charcoal",,Charcoal,155,,50,KG,301.47,"Ref our mail - actually need Rust, not as written above",2026-06-07,conflicting_information_in_po,hard
POL002934,PO00599,3,95/5 Cotton Lycra Knit Waffle 195 GSM 60 inch Olive,,Olive,195,60,500,Kg,Rs. 337.47,,2026-05-28,clean_exact_match,easy
POL002935,PO00599,4,fleece cloth usual,,,,,300,kgs,INR 241.51,,2026-06-27,ambiguous_product_match,hard
POL002936,PO00599,5,60 inches 220gsm 95/5 Cotton Lycra Knit Melange Jersey Wine,,Wine,220,,400,KG,454.99,,2026-06-02,minor_naming_variation,easy
POL002937,PO00599,6,72 INCHES  255 GM  95/5 CTN LYC  FIRZOI  1X1 RIB,,Firozi,255,,250,kgs,454.76,,2026-06-12,spelling_errors_and_abbreviations,medium
POL002938,PO00599,7,100% Cotton Denim Lightweight 310 GSM 58 inch Mint,,Mint,310,58,~1000,Meters,193.18,,2026-06-02,clean_exact_match,easy
POL002939,PO00599,8,95/5 Cotton Lycra Knit 1x1 Rib 255 GSM 72 inch Firozi,,Firozi,255,72,100,KG,453.94,,2026-05-23,clean_exact_match,easy
POL002940,PO00599,9,Mint  denim cloth  370 GSM,CHA-2044,,,,1000 approx,mtr,228.76,,2026-06-07,customer_specific_product_code,medium
POL002941,PO00599,10,2x2 Rib 100% Cotton Knit 230gsm W-60 White,,White,230,,200,Kilo,340.69,,2026-05-23,partial_catalogue_match,medium
POL002942,PO00599,11,Poly Cotton Denim Lightweight GSM 255 58 inch,,,255,,200,M,149.51,,2026-06-27,multiple_possible_sku_matches,hard
POL002943,PO00599,12,"GSM 255, 72"", Firozi, 95/5 Cotton Lycra Knit, 1x1 Rib",,Turquoise,255,,100,Kilo,Rs. 451.69,,2026-05-28,minor_naming_variation,easy
POL002944,PO00600,1,70/30 Poly Cotton Blackout Base 195 GSM 54 inch Lavender,,Lavender,195,54,300,M,163.21,,2026-08-14,clean_exact_match,easy
POL002945,PO00600,2,printing cloth,,,,,1500,Meters,112.66 per unit,,2026-09-18,ambiguous_product_match,hard
POL002946,PO00601,1,58IN  70/30 MODAL COTTON  SATIN  GSM 180,,,180,,500,M,INR 298.34,,2026-05-24,multiple_possible_sku_matches,hard
POL002947,PO00601,2,"130GSM, BLACK, COMBED COTTON, 58IN, CHAMBRAY",,Black,130,,600,mtr,119.38,,2026-05-24,minor_naming_variation,easy
POL002948,PO00601,3,"63""/100% Cotton Denim/Lavender/Rigid/370 g/m2",,Lavender,370,,1200,Mtr,267.94,,2026-05-24,minor_naming_variation,easy
POL002949,PO00602,1,Rust 58' 55/45 Poly Wool 230GSM Twill Suiting,,Rust,230,,200,M,Rs. 208.20,"Ref our mail - actually need Lavender, not as written above",2026-05-07,conflicting_information_in_po,hard
POL002950,PO00602,2,65/35 Poly Cotton - Canvas - 350 g/m2 - 63' - Silver Grey,,Silver Grey,350,,300,Meters,Rs. 185.85,,2026-05-07,small_acceptable_price_variation,easy
POL002951,PO00602,3,55/45 Poly Wool Twill Suiting 230 GSM 58 inch Rust,,Rust,230,58,150,M,207.45 per unit,,2026-06-11,clean_exact_match,easy
POL002952,PO00603,1,65/35 Poly Cotton  Duck Canvas  465 GSM  W-63  Bottle Green,,Bottle Green,465,,300 approx,MTRS,281.61 per unit,,2026-07-19,minor_naming_variation,easy
POL002953,PO00603,2,item KAV-3467,KAV-3467,,,,300,KG,Rs. 316.10,,2026-07-29,customer_specific_product_code,medium
POL002954,PO00603,3,canvas cloth/465 g/m2/Dark Green,KAV-1250,,,,800,MTRS,INR 281.15,,2026-07-19,customer_specific_product_code,medium
POL002955,PO00603,4,63in - Duck Canvas - GSM 465 - 65/35 Poly Cotton - Bottle Green,,Bottle Green,465,,200,MTRS,271.07/mtr,,2026-08-18,small_acceptable_price_variation,easy
POL002956,PO00603,5,100% Cotton Knit - Melange Jersey - 160 gm - W-60 - Cream,,Cream,160,,200,KGS,308.94,,2026-08-18,small_acceptable_price_variation,easy
POL002957,PO00603,6,"95/5 POLY SPANDEX, SATEEN, 175GSM, 58', ECRU",,Ecru,175,,"1,000",mtr,155.63 per unit,Width to be 54 inch as per last supply,2026-07-29,conflicting_information_in_po,hard
POL002958,PO00604,1,65/35 Poly Cotton Brushed Twill 170 GSM 58 inch Royal Blue,,Royal Blue,170,58,2000,M,134.86,,2026-05-09,clean_exact_match,easy
POL002959,PO00605,1,"375GSM, Coffer, 65/35 PC, 58', aCnvas",,Coffee Brown,375,,2000,Meters,220.19,,2026-05-12,spelling_errors_and_abbreviations,medium
POL002960,PO00605,2,item SAA-1928,SAA-1928,,,,500,pieces,191.79 per unit,,2026-05-27,customer_specific_product_code,medium
POL002961,PO00605,3,"100% Cotton Terry, 380 gm, Grey Melange, Hand Towel",,Mint,380,,300,NOS,190.85,,2026-05-22,incorrect_colour_or_gsm,hard
POL002962,PO00605,4,"65/35 Poly Cotton, Canvas, GSM 350, Silver",,Silver Grey,350,,150,mtr,181.2,,2026-06-11,no_historical_price,medium
POL002963,PO00605,5,Silk Organza 45 GSM 44 inch Gold,,,,,1500,MTRS,230.20,,2026-05-22,unknown_product,exception
POL002964,PO00606,1,98/2 Cotton Lycra Denim Rigid 300 GSM 63 inch Maroon,,Maroon,300,63,500,MTR,Rs. 240.46,,2026-04-13,clean_exact_match,easy
POL002965,PO00606,2,98/2  C0ft0n Lycra Denim  Rigid  300 gm  63 inch  Marun |,,Mar0on,300,,300,Meters,Rs. 240.78,,2026-05-03,poor_quality_document,hard
POL002966,PO00606,3,70/30 Modal Cotton/Satin/180 gm/58in/Lavender,,Lavender,180,,"1,000",mts,288.56,,2026-04-23,minor_naming_variation,easy
POL002967,PO00606,4,tencel type fabric,,,,,400,M,287.86,,2026-04-28,ambiguous_product_match,hard
POL002968,PO00606,5,70/30 Modal Cotton Satin 180 gm 58 inches,,,180,,150,mts,INR 289.18,,2026-04-23,multiple_possible_sku_matches,hard
POL002969,PO00606,6,70/30 Modal Cotton Satin 180 GSM 58 inch Lavender,,Lavender,180,58,150,MTRS,289.76/mtr,,2026-05-18,clean_exact_match,easy
POL002970,PO00606,7,300 GSM - W-63 - Rigid - 98/2 CTN kY CDNM - Marun,,Maroo,300,,2500,MTRS,240.50,,2026-05-03,spelling_errors_and_abbreviations,medium
POL002971,PO00607,1,65/35 Poly Cotton Poplin GSM 125 58 inches Off White,,Off White,125,,1000,mtr,78.99/mtr,,2026-05-05,small_acceptable_price_variation,easy
POL002972,PO00607,2,5ea Green 58 inch 140 6SM Blended 5hirting 65/35 Poly Cotf0n,,,145 |,,150,M,92.58 per unit,,2026-05-10,poor_quality_document,hard
POL002973,PO00607,3,"Ecru, 55/45 Poly Wool, 230 gm, Twill Suiting, 58'",,Ecru,230,,500,mtr,Rs. 200.47,,2026-05-10,partial_catalogue_match,medium
POL002974,PO00608,1,95/5 CN LYC - Waffle - GSM 195 - 60 inch - Crream,,Crem,195,,80,Kg,369.20,,2026-06-22,spelling_errors_and_abbreviations,medium
POL002975,PO00608,2,"98/2 Cotton Lycra Denim  58""  Lightweight  GSM 350  Wine",,Wine,350,,300,M,253.77,,2026-07-22,small_acceptable_price_variation,easy
POL002976,PO00608,3,denim cloth - GSM 350 - Wine,ADV-7455,,,,600,mtr,Rs. 260.19,,2026-06-17,customer_specific_product_code,medium
POL002977,PO00608,4,60/40 CTN Poly Fleece - Lool Trry - 375gsm - W-60 - Haaldi,,Musyard,375,,400,KGS,390.62,,2026-06-17,spelling_errors_and_abbreviations,medium
POL002978,PO00608,5,"98/2 Cotton Lycra Denim, Lightweight, 350gsm, 58', Wine",,Wine,350,,200,mtr,261.83,,2026-06-17,minor_naming_variation,easy
POL002979,PO00608,6,"60/40 CTN Poly Fleece, Loop Terr,y 375 GSM, 60', Musturd",,MMustard,375,,500,Kilo,389.98/kg,,2026-07-02,spelling_errors_and_abbreviations,medium
POL002980,PO00608,7,60/40 Cotton Poly Fleece Loop Terry 375 GSM 60 inch Mustard,,Mustard,375,60,~300,KG,392.17,,2026-06-17,clean_exact_match,easy
POL002981,PO00608,8,"Poly CTN Denim, Riid, 310 gm, 63', Silver",,Silver Grey,310,,2000,mtr,Rs. 213.75,,2026-07-02,spelling_errors_and_abbreviations,medium
POL002982,PO00608,9,98/2 Cotton Lycra Denim 58in Firozi 350 GSM Lightweight,,Firozi,350,,600,Meters,259.74/mtr,,2026-06-17,partial_catalogue_match,medium
POL002983,PO00609,1,jersey knit fabric/W-60,,,,,300,Kg,INR 451.93,,2026-07-06,ambiguous_product_match,hard
POL002984,PO00609,2,100% Lyocell Satin 150 GSM 58 inch Navy Blue,,Navy Blue,150,58,400,MTRS,INR 222.39,,2026-06-26,clean_exact_match,easy
POL002985,PO00609,3,100% Lyocell Satin 150 GSM 58 inch Navy Blue,,Navy Blue,150,58,800,mtr,223.84/mtr,,2026-06-21,clean_exact_match,easy
POL002986,PO00609,4,100% LYOCELL/165 GM/TWILL/ROYAL BLUE/W-58,,Royal Blue,165,,~2500,Meters,269.37,,2026-07-06,small_acceptable_price_variation,easy
POL002987,PO00609,5,100% Lyocell Twill 165 GSM 58 inch Royal Blue,,Royal Blue,165,58,500 approx,Meters,256.88,,2026-07-06,clean_exact_match,easy
POL002988,PO00609,6,Satin 100% Lyocell GSM 150 58 inch Navy Blue,,Navy Blue,150,,1500,M,223.10,,2026-07-06,minor_naming_variation,easy
POL002989,PO00609,7,"58 inch, 150gsm, 100% Lyocell, Cream, Satin",,Cream,150,,200,mtr,222.04,,2026-07-01,partial_catalogue_match,medium
POL002990,PO00609,8,97/3 COTTON SPANDEX/DRILL/275GSM/LIGHT BLUE,,Sky Blue,275,,1000,mtr,188.2,,2026-07-01,no_historical_price,medium
POL002991,PO00609,9,t-shirt knit,,,,,50,Kg,378.34,,2026-06-26,ambiguous_product_match,hard
POL002992,PO00609,10,"60"" Dil 235gsm 98/2 CTN Lycra White",,Whitte,235,,200,Meters,180.25,,2026-07-21,spelling_errors_and_abbreviations,medium
POL002993,PO00609,11,95/5 Cotton Lycra Knit Melange Jersey 220 GSM 60 inch Camel,,Camel,220,60,80,KGS,455.33,,2026-06-21,clean_exact_match,easy
POL002994,PO00609,12,"navy  blue/100% 1y0ce11/58""/safin/gsm 150",,Navy Blue,,,800,MTRS,222.47,,2026-07-01,poor_quality_document,hard
POL002995,PO00610,1,100% Lyocell Twill 165 GSM W-58 B. Green,,Dark Green,165,,150 approx,mtr,276.48,,2026-05-10,minor_naming_variation,easy
POL002996,PO00611,1,100% modal twill gsm 130 58 inches ecru,,Ecru,130,,800 approx,MTRS,214.37,,2026-04-18,partial_catalogue_match,medium
POL002997,PO00611,2,WHITE - 235GSM - 98/2 COTTON LYCRA - DRILL,,White,235,,500,M,187.73,,2026-04-28,no_historical_price,medium
POL002998,PO00612,1,160GSM Plaaib 58 inches 70/30 Modla CTN Ferozi,,Firozi,160,,600,M,262.21,,2026-08-21,spelling_errors_and_abbreviations,medium
POL002999,PO00612,2,"98/2 Cotton Lycra Chino 210 g/m2 58"" Mint",,Mint,210,,600,mts,182.78,,2026-08-26,minor_naming_variation,easy
POL003000,PO00612,3,55/45 Linen Cotton Handloom Finish 160 GSM 58 inch Peach,,Peach,160,58,300,MTR,351.07,,2026-09-05,clean_exact_match,easy
POL003001,PO00612,4,160 gm/Handloom Finish/W-58/Peach/55/45 Linen Cotton,,Peach,160,,200,MTR,349.4,,2026-08-16,minor_naming_variation,easy
POL003002,PO00612,5,"97/3 CTN spandexx, canav bottom, 195 gm, 60', b. green",,Botle Green,195,,150,mtr,188.68,,2026-09-05,spelling_errors_and_abbreviations,medium
POL003003,PO00612,6,linen material 58in usual,,,,,2000,mts,INR 350.25,,2026-09-05,ambiguous_product_match,hard
POL003004,PO00612,7,70/30 Modal Cotton Plain 160 GSM 58 inch Firozi,,Firozi,160,58,1500,Mtr,263.44,,2026-09-20,clean_exact_match,easy
POL003005,PO00613,1,Teal/575 GSM/towel,BHO-8020,,,,1500,pc,299.50,,2026-09-01,customer_specific_product_code,medium
POL003006,PO00613,2,100% Cotton Terry Face Towel 575 GSM 27x54 inch Teal,,Teal,575,,2000,pieces,297.39,,2026-09-01,clean_exact_match,easy
POL003007,PO00613,3,100% COTTON TERRY/FACE TOWEL/575 GSM/TEAL,,Teal,575,,2000,NOS,INR 298.51,,2026-08-17,minor_naming_variation,easy
POL003008,PO00614,1,DEV-6684 - regular quality,DEV-6684,,,,2000,mtr,Rs. 203.94,,2026-06-14,customer_specific_product_code,medium
POL003009,PO00614,2,"jersey knit fabric, 160 gm, Mint",DEV-5593,,,,80,KG,317.80 per unit,,2026-06-19,customer_specific_product_code,medium
POL003010,PO00614,3,60/40 Cotton Poly Fleece Brushed 305GSM 60 inches Camel,,Wine,305,,50,Kg,Rs. 315.52,,2026-06-14,incorrect_colour_or_gsm,hard
POL003011,PO00614,4,JERSEY KNIT FABRIC,,,,,~250,Kg,325.56,,2026-06-29,ambiguous_product_match,hard
POL003012,PO00614,5,"60/40 Cotton Poly Fleece, Brushed, 305GSM, 60""",,,305,,500,KGS,313.94 per unit,,2026-06-09,multiple_possible_sku_matches,hard
POL003013,PO00614,6,100% Cotton Knit - Single Jersey - 170 GSM - 72in - Firozi,,Firozi,170,,~300,Kilo,306.28,,2026-06-19,incorrect_colour_or_gsm,hard
POL003014,PO00614,7,60/40 Cotton Poly Fleece Brushed 305 GSM 60 inch Camel,,Camel,305,60,150,Kg,314.27,,2026-06-29,clean_exact_match,easy
POL003015,PO00614,8,Csmel/60 inchhes/Brushed/GSM 305/60/40 CTN Poly Fleece,,Caamel,305,,250,kgs,INR 314.98,,2026-07-14,spelling_errors_and_abbreviations,medium
POL003016,PO00614,9,60/40 Cotton Poly Fleece Brushed 305 gm 60in Camel,,Camel,305,,80,KG,315.87,,2026-06-24,minor_naming_variation,easy
POL003017,PO00614,10,60/40 C0tfon Poly Fleece/8rushed/305 g/m2/60in/Came1,,,305,,250 approx,KG,314.14,,2026-06-09,poor_quality_document,hard
POL003018,PO00615,1,70/30 Poly Viscose Twill Suiting 240 GSM 60 inch Black,,Black,240,60,600,mts,201.42,,2026-08-27,clean_exact_match,easy
POL003019,PO00615,2,Ducx Canvas 100% CTN Beige 63 inch 390 GSM,,Beige,390,,1500,M,244.83,,2026-08-17,spelling_errors_and_abbreviations,medium
POL003020,PO00615,3,70/30 Poly Viscose Twill Suiting 240 GSM 60 inch Black,,Black,240,60,150,mts,INR 201.63,,2026-08-27,clean_exact_match,easy
POL003021,PO00616,1,300 gm/98/2 Cotton Lycra Denim/Sea Green/Rigid,,Sea Green,300,,1500,MTR,INR 230.33,,2026-05-30,expired_historical_price,medium
POL003022,PO00616,2,63 inch/98/2 Coffon Lycra Denim/Rigid/65M 415/Dark Grey,,Charcoal,,,600,mts,299.6,,2026-05-30,poor_quality_document,hard
POL003023,PO00616,3,denim cloth/Dark Grey/415gsm,MAN-1821,,,,2000,M,298.96,,2026-06-04,customer_specific_product_code,medium
POL003024,PO00616,4,98/2 CTN LYC DbM rrigid dark grey 415 gm 63 inch,,Charcoal,415,,200,Meters,297.50,,2026-05-30,spelling_errors_and_abbreviations,medium
POL003025,PO00616,5,Sea Green Rigid 63in 98/2 Cotton Lycra Denim 415 g/m2,,Sea Green,415,,500,Meters,Rs. 298.26,,2026-06-14,partial_catalogue_match,medium
POL003026,PO00616,6,60/40 Cotton Poly Cambric 105 GSM 44 inch Beige,,Beige,105,44,1500,MTRS,84.8,,2026-06-14,clean_exact_match,easy
POL003027,PO00616,7,98/2 Cotton Lycra  235gsm  Marun  Drill,,Maroon,235,,800,MTRS,180.6,,2026-05-30,no_historical_price,medium
POL003028,PO00616,8,Charcoal Grey/415 g/m2/63'/Rigid/98/2 Cotton Lycra Denim,,Charcoal Grey,415,,1200,mts,299.57,,2026-05-30,minor_naming_variation,easy
POL003029,PO00616,9,415 GSM - Charcoal - 63 inch - Rigid - 98/2 Cotton Lycra Denim,,Dark Grey,415,,600,MTR,300.28,,2026-06-14,minor_naming_variation,easy
POL003030,PO00616,10,W-63 415 gm Sea Green 98/2 Cotton Lycra Denim Rigid,,Sea Green,415,,1500,mts,297.77,,2026-05-30,partial_catalogue_match,medium
POL003031,PO00617,1,100% Cotton Twill 295 GSM 58 inch Bottle Green,MEG-2496,Bottle Green,295,58,400,Mtr,229.41,,2026-05-14,clean_exact_match,easy
POL003032,PO00617,2,98/2 Cotton Lycra Denim Rigid 415 GSM 63 inch Grey Melange,MEG-2275,Grey Melange,415,63,800,mts,297.25,,2026-05-04,clean_exact_match,easy
POL003033,PO00617,3,220 g/m2 - 100% Cotton Knit - Olive - 1x1 Rib,MEG-2726,Olive,220,,100,MTR,INR 351.08,,2026-06-08,wrong_unit_of_measure,exception
POL003034,PO00617,4,100% Cotton Knit  Melange Jersey  GSM 160  Beige,,Beige,160,,400,Kilo,INR 284.78,,2026-05-19,no_historical_price,medium
POL003035,PO00617,5,60/40 Poly Cotton Knit Melange Jersey 155 gm 60 inches OW,MEG-1999,Off White,155,,100,KG,Rs. 180.55,,2026-05-14,wrong_price_outside_tolerance,exception
POL003036,PO00617,6,72'/Olive/1x1 Rib/220GSM/100% Cotton Knit,MEG-8341,Olive,220,,200,kgs,340.33,,2026-05-24,small_acceptable_price_variation,easy
POL003037,PO00618,1,"100% Cotton Knit/Waffle/240GSM/60""/Peach",,Peach,240,,200,Kilo,527.84,,2026-05-02,wrong_price_outside_tolerance,exception
POL003038,PO00618,2,100% Cotton Knit Waffle 240 GSM 60 inch Peach,,Peach,240,60,80,kgs,415.11,,2026-05-02,clean_exact_match,easy
POL003039,PO00618,3,loopknit fabric usual,,,,,100 approx,Kilo,423.67,,2026-05-02,ambiguous_product_match,hard
POL003040,PO00618,4,100% CTN KNIT - 2x2 Rin - 230 GSM - 60' - Blck,,Black,230,,150,kgs,401.77,,2026-05-22,spelling_errors_and_abbreviations,medium
POL003041,PO00619,1,POLY COTTON DENIM  LIGHTWEIGHT  255 GSM  58IN  SEA GREEN,BHA-9425,Sea Green,255,,800,MTR,186.40,,2026-08-19,small_acceptable_price_variation,easy
POL003042,PO00619,2,"Poly Cotton Denim, Lightweight, 255 gm, 58 inches, Sea Green",BHA-5083,Sea Green,255,,1000 approx,Mtr,INR 194.37,,2026-08-19,minor_naming_variation,easy
POL003043,PO00619,3,denim cloth usual,,,,,1200,mts,Rs. 248.74,,2026-08-19,ambiguous_product_match,hard
POL003044,PO00619,4,100% Lyocell Satin 150 GSM 58 inch Maroon,,Maroon,150,58,"1,000",MTR,256.24,,2026-08-29,clean_exact_match,easy
POL003045,PO00619,5,GSM 150 100% Lyocell Satin 58' Maroon,,Maroon,150,,150,mtr,256.98,"Ref our mail - actually need Bottle Green, not as written above",2026-09-13,conflicting_information_in_po,hard
POL003046,PO00619,6,Cupro Satin 90 GSM 44 inch Ivory,,,,,150,Meters,207.1,,2026-08-24,unknown_product,exception
POL003047,PO00619,7,"JEANS FABRIC, 255 G/M2, SEA GREEN",BHA-7309,,,,200,M,195.32,,2026-08-29,customer_specific_product_code,medium
POL003048,PO00619,8,SATIN 58 INCH 150 GM 100% LYOCELL MAROON,,Maroon,150,,1200,Mtr,263.08,,2026-09-13,small_acceptable_price_variation,easy
POL003049,PO00620,1,65/35 Poly Cotton Canvas 350 GSM 63 inch Maroon,,Maroon,350,63,150,mtr,Rs. 212.98,,2026-06-24,clean_exact_match,easy
POL003050,PO00620,2,450 gsm/faxe towel/100% CTN terry/dark marpon,,Maroon,450,,750,PCS,203.33 per unit,,2026-06-29,spelling_errors_and_abbreviations,medium
POL003051,PO00620,3,"70/30 Poly Cotton Upholstery Jacquard GSM 295 58"" Mel. Grey",,Grey Melange,295,,400,MTR,247.46,,2026-07-09,minor_naming_variation,easy
POL003052,PO00621,1,WHITE  W-58  255GSM  LIGHTWEIGHT  POLY COTTON DENIM,,White,255,,500,MTRS,178.15/mtr,,2026-09-04,minor_naming_variation,easy
POL003053,PO00621,2,98/2 CTN Lycra Chino 210GSM 58 inchse Charcoal,ADV-4757,Chracoal,210,,1200,Meters,181.9,,2026-09-24,spelling_errors_and_abbreviations,medium
POL003054,PO00621,3,Poly Cotton Denim Lightweight 255 GSM 58 inch White,ADV-6166,White,255,58,~1200,M,177.27,,2026-09-09,clean_exact_match,easy
POL003055,PO00621,4,"60/40 CTN POLY, BEoGE, 105 GS, CAMBRIC, 44'",,Beige,105,,~300,mtr,92.37,,2026-08-25,spelling_errors_and_abbreviations,medium
POL003056,PO00621,5,98/2 Cotton Lycra Chino 210 GSM 58 inch Charcoal,,Charcoal,210,58,800,MTR,181.95,,2026-09-24,clean_exact_match,easy
POL003057,PO00622,1,MIH-1594 - regular quality,MIH-1594,,,,200,mtr,Rs. 165.54,,2026-08-08,customer_specific_product_code,medium
POL003058,PO00622,2,Poly Cotton Denim Lightweight 255 GSM 58 inch Sea Green,,Sea Green,255,58,150,Mtr,Rs. 166.81,,2026-09-07,clean_exact_match,easy
POL003059,PO00622,3,95/5 Cotton Lycra Knit Melange Jersey 220 GSM 60 inch Camel,,Camel,220,60,400,Kilo,Rs. 450.71,,2026-08-18,clean_exact_match,easy
POL003060,PO00622,4,98/2 Cotton Lycra Drill 235 GSM 60 inch Bottle Green,,Bottle Green,235,60,2500,M,195.78,,2026-08-18,clean_exact_match,easy
POL003061,PO00622,5,"58',  Royal B1ue, 100% Lyocell, 165 6SM, Twill",,Royal  8lue,165,,300,M,257.91,,2026-09-07,poor_quality_document,hard
POL003062,PO00622,6,235 g/m2 Drill White 60in 98/2 Cotton Lycra,,White,235,,300,Meters,187.62 per unit,Please supply in Royal Blue as discussed,2026-08-23,conflicting_information_in_po,hard
POL003063,PO00622,7,Poly Cotton Denim Lightweight 255 GSM 58 inch Sea Green,,Sea Green,255,58,200,MTRS,Rs. 166.61,,2026-08-13,clean_exact_match,easy
POL003064,PO00622,8,100% Cotton Knit Melange Jersey 200 g/m2 72' Mustard,,Mustard,200,,100,KG,379.71,,2026-08-03,partial_catalogue_match,medium
POL003065,PO00623,1,"70/30 MODAL COTTON, PLAIN, 160GSM, 58', DARK GREY",,Charcoal,160,,1500,MTRS,230.25,,2026-08-16,minor_naming_variation,easy
POL003066,PO00623,2,"GSM 130, 60/40 Cotton Poly, Dobby, 44in",,,130,,400,mtr,91.04 per unit,,2026-08-11,multiple_possible_sku_matches,hard
POL003067,PO00624,1,"95/5 VIS Ltcra - GSM 95 - Rayon Slub - 58"" - Lt Pinkk",,Baby Pink,95,,500,Meters,77.22,,2026-09-05,spelling_errors_and_abbreviations,medium
POL003068,PO00624,2,65/35 Poly Cotton Duck Canvas 405 GSM 63 inch Bottle Green,,Bottle Green,405,63,800,Mtr,237.83,,2026-09-20,clean_exact_match,easy
POL003069,PO00624,3,100% Cotton Knit 2x2 Rib 280 GSM 72 inch Wine,,Wine,280,72,500,Kilo,445.87/kg,,2026-08-26,clean_exact_match,easy
POL003070,PO00624,4,100% Cotton Knit - 2x2 Rib - 295gsm - 72 inches - Wine,,Wine,295,,~250,KG,INR 445.28,,2026-09-20,incorrect_colour_or_gsm,hard
POL003071,PO00625,1,65/35 Poly Cotton Poplin 140 GSM 58 inch White,,White,140,58,1000,mts,85.97/mtr,,2026-06-17,clean_exact_match,easy
POL003072,PO00625,2,"georgette material, 110 GSM, Ecru",OJA-8967,,,,800,MTR,72.62,,2026-07-07,customer_specific_product_code,medium
POL003073,PO00625,3,100% PLLY Crepe 110gsm 58 inch Eru,,Eccru,110,,2500 approx,MTR,72.6,,2026-06-27,spelling_errors_and_abbreviations,medium
POL003074,PO00625,4,50/50 Poly Cotton/Bedsheet Fabric/GSM 115/Maroon,,Maroon,115,,150,Yards,142.06,,2026-07-02,wrong_unit_of_measure,exception
POL003075,PO00625,5,item OJA-4536,OJA-4536,,,,50,Kg,290.22/kg,,2026-06-17,customer_specific_product_code,medium
POL003076,PO00625,6,viscos fabric regular quality,,,,,800,MTRS,87.2,,2026-07-02,ambiguous_product_match,hard
POL003077,PO00625,7,50/50 Poly Cotton Bedsheet Fabric 115 GSM 108 inch Maroon,,Maroon,115,108,800,M,INR 143.04,,2026-07-07,clean_exact_match,easy
POL003078,PO00626,1,60/40 Cotton Poly Fleece Polar 375 GSM 72 inch Teal,,Teal,375,72,300,KG,389.97,,2026-08-19,clean_exact_match,easy
POL003079,PO00626,2,"Poly Cotton Denim, Rigid, 310 GSM, 63 inch, Dark Maroon",,Maroon,310,,1000,Meters,283.91,Rate confirmed on call,2026-08-09,wrong_price_outside_tolerance,exception
POL003080,PO00627,1,Mustard  100% Polyester Velvet  44'  21 Wale  250gsm,,Musturd,250,,600,MTR,196.28,,2026-05-16,minor_naming_variation,easy
POL003081,PO00627,2,Poly Blackout Base 160gsm 54' Haldi,,Mustard,160,,1000,Meters,133.04,,2026-05-21,minor_naming_variation,easy
POL003082,PO00627,3,70/30 Modal Cotton Satin 105 GSM 58 inch Navy Blue,,Navy Blue,105,58,1000,MTR,176.6,,2026-06-10,clean_exact_match,easy
POL003083,PO00627,4,70/30 Modal Cotton  Sky Blue  Satin  W-58  105GSM,,Sky Blue,105,,400,Meters,177.02,,2026-05-06,partial_catalogue_match,medium
POL003084,PO00627,5,98/2 Cotton Lycra Denim Rigid 415 GSM 63 inch Grey Melange,,Grey Melange,415,63,1000,MTRS,296.80,,2026-05-16,clean_exact_match,easy
POL003085,PO00627,6,as per sample given,,,,,400,M,INR 144.45,,2026-06-10,malformed_incomplete_order,exception
POL003086,PO00627,7,100% Polyester Velvet 21 Wale 250 GSM 44 inch Mustard,,Mustard,250,44,800 approx,Meters,195.9,,2026-05-26,clean_exact_match,easy
POL003087,PO00627,8,100% Polyester Blackout Base 160 GSM 54 inch Mustard,,Mustard,160,54,1000,Mtr,133.29,,2026-05-26,clean_exact_match,easy
POL003088,PO00627,9,"rib fabric  72"" regular quality",,,,,200,Kilo,501.5,,2026-05-26,ambiguous_product_match,hard
POL003089,PO00627,10,58'/Bottle Green/Suiting/235gsm/55/45 Poly Wool,,Bottle Green,235,,500,mtr,208.49,,2026-05-06,incorrect_colour_or_gsm,hard
POL003090,PO00628,1,"98/2 Cotton Lycra/Drill/235 g/m2/60""/Coffee",,Coffee,235,,2500,MTRS,202.96 per unit,,2026-07-07,minor_naming_variation,easy
POL003091,PO00628,2,98/2 Cotton Lycra Denim Lightweight 350 gm 58 inch Wine,,Wine,350,,400,mtr,241.87,,2026-06-17,minor_naming_variation,easy
POL003092,PO00628,3,98/2 Cotton Lycra Denim Lightweight 350gsm 58 inches,,,350,,1500,MTR,242.50,,2026-06-22,multiple_possible_sku_matches,hard
POL003093,PO00628,4,100% Cotton Canvas Bottom 225 GSM 58 inch Camel,,Camel,225,58,1500,MTR,164.7,,2026-06-17,clean_exact_match,easy
POL003094,PO00628,5,Mint/Waffle/220gsm/100% Cotton Knit,,Mint,220,,50 approx,Kilo,Rs. 346.21,,2026-06-07,no_historical_price,medium
POL003095,PO00629,1,100% Polyester Lining Twill 70GSM 36 inch Ecru,,Ecru,70,,800,M,41.8,,2026-08-16,small_acceptable_price_variation,easy
POL003096,PO00629,2,Blackout Base/Mint/Poly/220 g/m2/54 inch,,Mint,220,,1000,mts,165.39,,2026-08-16,minor_naming_variation,easy
POL003097,PO00629,3,100% Polyester GSM 70 Lining Twill Ecru 36 inches,,Ecru,70,,~1000,M,25.64,Rate confirmed on call,2026-08-16,wrong_price_outside_tolerance,exception
POL003098,PO00629,4,OOR-4944 - regular quality,OOR-4944,,,,750,Pcs,222.64,,2026-09-05,customer_specific_product_code,medium
POL003099,PO00629,5,Kevlar Blend Industrial Fabric 500 GSM,,,,,400,Mtr,58.48,,2026-09-20,unknown_product,exception
POL003100,PO00629,6,"63 inc, Poly CTN DDenim, 310 g/m2, Hldi, Rigid",,Mustard,310,,~150,MTR,196.41,,2026-09-20,spelling_errors_and_abbreviations,medium
POL003101,PO00629,7,100% oLY/Geogette/110 GSM/44 inches/Mint,,Mint,110,,500,Meters,70.37 per unit,,2026-09-05,spelling_errors_and_abbreviations,medium
POL003102,PO00630,1,50/50 Poly Cotton Bedsheet Fabric 115 GSM 108 inch Maroon,,Maroon,115,108,300,MTR,142.0,,2026-07-06,clean_exact_match,easy
POL003103,PO00630,2,55/45 Linen Cotton Handloom Finish 160 GSM 58 inch Teal,,Teal,160,58,150,M,Rs. 341.40,,2026-07-21,clean_exact_match,easy
POL003104,PO00630,3,58 INCHES PRINT BASE SKY BLUE 100% POLYESTER 105 GM,,Sky Blue,105,,~800,Meters,111.29,,2026-08-10,partial_catalogue_match,medium
POL003105,PO00630,4,gsm 85 100% polyester crepe off white 58 inches,,Offwhite,85,,1200,mtr,59.19,,2026-07-21,minor_naming_variation,easy
POL003106,PO00630,5,140 GSM Black 65/35 Poly Cotton Blended Shirting 58',,Black,140,,500,MTR,92.4,,2026-08-10,minor_naming_variation,easy
POL003107,PO00630,6,SATIN CLOTH,,,,,2000,Mtr,Rs. 143.14,,2026-07-16,ambiguous_product_match,hard
POL003108,PO00630,7,100% cotton terry  face towel  575 g/m2  beige,,Beige,575,,200,PCS,INR 260.72,,2026-07-11,minor_naming_variation,easy
POL003109,PO00630,8,"95/5 POLY SPANDEX SATEEN 190GSM 58"" TEAL",,Teal,190,,600,mts,150.41,"Ref our mail - actually need Olive, not as written above",2026-07-06,conflicting_information_in_po,hard
POL003110,PO00630,9,Blended Shirting  65/35 PC  140gsm  Black  58 ices,,Blavk,140,,200,M,92.32,,2026-07-11,spelling_errors_and_abbreviations,medium
POL003111,PO00630,10,"115 g/m2, 50/50 Poly Cotton, 108in, Bedsheet Fabric, Maroon",,Maroon,115,,2500,mtr,Rs. 142.45,,2026-07-16,minor_naming_variation,easy
POL003112,PO00631,1,"100% Cotton, Canvas Bottom, 225 GSM, W-58, Camel",,Camel,225,,2500,Meters,164.73,,2026-08-04,minor_naming_variation,easy
POL003113,PO00631,2,100% Cotton Knit Single Jersey 155 GSM 72 inch Lavender,,Lavender,155,72,250,KG,328.79,,2026-08-24,clean_exact_match,easy
POL003114,PO00631,3,"Rigid 310GSM 63"" Poly Cotton Denim Mustard",,Mustard,310,,600,mts,Rs. 228.01,,2026-08-24,small_acceptable_price_variation,easy
POL003115,PO00631,4,100% Polyester Fleece Brushed 240 GSM 72 inch Greige RFD,,Greige RFD,240,72,200,kgs,Rs. 241.94,,2026-07-20,clean_exact_match,easy
POL003116,PO00631,5,Jute Hessian Cloth 280 GSM 40 inch Natural,,,,,~2500,mtr,81.61,,2026-08-04,unknown_product,exception
POL003117,PO00632,1,xford - 100% CMBD CTN - 44 inches - R.BUE - 160gsm,,Royal nlue,160,,~600,Mtr,122.06,,2026-04-28,spelling_errors_and_abbreviations,medium
POL003118,PO00632,2,97/3 Cotton Spandex Chino 320 GSM 58 inch Ecru,OJA-8612,Ecru,320,58,1500,mtr,247.59,,2026-05-18,clean_exact_match,easy
POL003119,PO00632,3,"100% CTNN DNM - RIGID - 370 G/M2 - 63"" - GttEY MEL",,Grey Mleange,370,,~1500,MTR,Rs. 227.99,,2026-04-18,spelling_errors_and_abbreviations,medium
POL003120,PO00632,4,98/2 Cotton Lycra Chino 210 GSM 58 inch Charcoal,OJA-5493,Charcoal,210,58,2000,mts,158.68,,2026-05-18,clean_exact_match,easy
POL003121,PO00632,5,bottom fabric - 275 g/m2 - Sky Blue,OJA-8692,,,,400 approx,Meters,198.84,,2026-05-03,customer_specific_product_code,medium
POL003122,PO00632,6,Drill  W-60  Teal  195GSM  100% Cotton,OJA-6206,Teal,195,,600,mtr,139.13,,2026-04-18,minor_naming_variation,easy
POL003123,PO00632,7,"100% Cotton Knit, 160gsm, Cream, 60', Melange Jersey",,Cream,160,,100,KGS,285.07,,2026-05-18,minor_naming_variation,easy
POL003124,PO00632,8,Bamboo Terry Knit 240 GSM Off White,,,,,600,mts,265.13,,2026-04-23,unknown_product,exception
POL003125,PO00632,9,"100% Cotton Knit, Melange Jersey, 160 gm, Rust",,Rust,160,,500 approx,Kg,294.27,,2026-04-28,no_historical_price,medium
POL003126,PO00633,1,80/20 poly viscose  twill suiting  235gsm  60in  bottle green,,Bottle Green,235,,200,MTRS,191.44,,2026-06-28,small_acceptable_price_variation,easy
POL003127,PO00633,2,60 inches White 235 g/m2 80/20 Poly Viscose Twill Suiting,,White,235,,"2,000",Meters,200.85,,2026-07-03,partial_catalogue_match,medium
POL003128,PO00633,3,80/20 Poly Cotton - Blended Shirting - 95 g/m2 - 63 inch - Wine,,Wine,95,,800,MTR,87.16,,2026-08-02,incorrect_colour_or_gsm,hard
POL003129,PO00633,4,80/20 Poly Viscose - Suiting - 250 g/m2 - 58 inches - Firozee,,Firozi,250,,1200,mts,INR 215.43,,2026-07-18,minor_naming_variation,easy
POL003130,PO00633,5,80/20 Poly Viscose Twill Suiting 235 GSM 60 inch Bottle Green,,Bottle Green,235,60,1200,MTR,200.02,,2026-07-18,clean_exact_match,easy
POL003131,PO00633,6,55/45 Poly Wool Twill Suiting 275 GSM 58 inch Charcoal,,Charcoal,275,58,400,Meters,275.17,,2026-07-08,clean_exact_match,easy
POL003132,PO00633,7,item MAY-1394,MAY-1394,,,,200,Meters,160.43,,2026-07-13,customer_specific_product_code,medium
POL003133,PO00633,8,"97/3 Cotton Spandex  58""  Off White  Chino  320 GSM",,Mint,320,,1200,MTRS,249.93,,2026-08-02,incorrect_colour_or_gsm,hard
POL003134,PO00633,9,Blended Twill  Coffee Brown  63 inch  130 g/m2  80/20 Poly Cotton,,Coffee Brown,130,,200,MTRS,90.71,,2026-07-18,partial_catalogue_match,medium
POL003135,PO00633,10,97/3 Cotton Spandex Chino 320 g/m2 58in Teal,,Teal,320,,1200,M,250.90,,2026-07-18,partial_catalogue_match,medium
POL003136,PO00634,1,70/30 poly viscose - twill suiting - gsm 240 - 60in - black,,Black,240,,600,Mtr,196.95,Width to be 36 inch as per last supply,2026-07-03,conflicting_information_in_po,hard
POL003137,PO00634,2,flannel cloth,,,,,2000,MTRS,Rs. 176.92,,2026-06-18,ambiguous_product_match,hard
POL003138,PO00634,3,SEA GRN 65/35 PC Duck CCanvas 63' 310gsm,,Sea Green,310,,200,MTR,Rs. 193.14,,2026-06-13,spelling_errors_and_abbreviations,medium
POL003139,PO00634,4,B. Green - 235 g/m2 - Brushed Twill - 100% Cotton,,Bottle Green,235,,~2000,M,185.9,,2026-06-13,expired_historical_price,medium
POL003140,PO00634,5,"63 INCHES, DUCK CANVAS, 100% COTTON, BEIGE, 390 G/M2",,Beige,390,,1200,Mtr,143.27,,2026-06-13,wrong_price_outside_tolerance,exception
POL003141,PO00634,6,80/20 Poly Viscose Suiting 290 GSM 60 inch Rust,,Rust,290,60,2000,mtr,229.63,,2026-06-08,clean_exact_match,easy
POL003142,PO00634,7,80/20 Poly Viscose Suiting 290 GSM 60 inch Rust,,Rust,290,60,2500 approx,mts,227.70,,2026-06-13,clean_exact_match,easy
POL003143,PO00634,8,55/45 Poly Wool - Suiting - GSM 220 - 58 inches - Camel,,Camel,220,,600,mtr,306.19,Rate confirmed on call,2026-05-29,wrong_price_outside_tolerance,exception
POL003144,PO00635,1,camel - gsm 220 - 95/5 cotton lycra knit - melange jersey - w-60,,Camel,220,,150,kgs,587.71,Rate as per last PO,2026-07-12,wrong_price_outside_tolerance,exception
POL003145,PO00635,2,MIH-9478 - regular quality,MIH-9478,,,,250,KGS,Rs. 381.14,,2026-06-07,customer_specific_product_code,medium
POL003146,PO00635,3,98/2 Cotton Lycra Chino 210 GSM 58 inch White,,White,210,58,600,MTR,Rs. 170.75,,2026-06-22,clean_exact_match,easy
POL003147,PO00635,4,Poly xNT Denim/Lightweight/255 g/m2/58 inches/SEA GRN,,Sea Green,255,,500,Mtr,161.29,,2026-06-17,spelling_errors_and_abbreviations,medium
POL003148,PO00635,5,100% Lyocell Satin 105 GSM 58 inch Royal Blue,,Royal Blue,105,58,2000,MTRS,INR 165.79,,2026-06-07,clean_exact_match,easy
POL003149,PO00636,1,100% Cotton Knit 1x1 Rib 220 GSM 72 inch Olive,,Olive,220,72,100,kgs,352.66 per unit,,2026-06-05,clean_exact_match,easy
POL003150,PO00636,2,"RIB FABRIC, 220 G/M2, OLIVE",MEG-7943,,,,300,Kg,353.10,,2026-06-05,customer_specific_product_code,medium
POL003151,PO00636,3,Waffle 195 GSM 95/5 Cotton Lycra Knit Firozi,,Firozi,195,,100,kgs,379.77,,2026-06-05,expired_historical_price,medium
POL003152,PO00636,4,MELANGE JERSEY OFF WHITE 60/40 POLY COTTON KNIT 155 GM 60 INCHES,,OW,155,,250,Kilo,Rs. 312.32,,2026-06-10,minor_naming_variation,easy
POL003153,PO00636,5,100% Cotton Knit 1x1 Rib 220 GSM 72 inch Olive,MEG-6938,Olive,220,72,400,kgs,352.00,,2026-06-30,clean_exact_match,easy
POL003154,PO00636,6,100% Cotton Twill 295 GSM 58 inch Bottle Green,MEG-9536,Bottle Green,295,58,2500,mtr,228.02,,2026-06-10,clean_exact_match,easy
POL003155,PO00637,1,chambray - 130gsm - w-58 - black - 100% combed cotton,,Black,130,,1000,MTRS,122.64,,2026-07-31,small_acceptable_price_variation,easy
POL003156,PO00637,2,100% Combed Cotton Chambray GSM 130 W-58 Ecru,,Ecru,130,,400,mts,Rs. 127.02,,2026-08-20,partial_catalogue_match,medium
POL003157,PO00637,3,100% Cotton Denim Lightweight 310 GSM 58 inch Camel,,Camel,310,58,1000,Mtr,215.72/mtr,,2026-08-15,clean_exact_match,easy
POL003158,PO00637,4,GSM 130/Black/58'/100% Combed Cotton/Chambray,,Black,130,,150,MTR,126.8,,2026-09-04,minor_naming_variation,easy
POL003159,PO00637,5,"100% Combed Cotton, Chambray, GSM 130, 58in",,,130,,600,mts,126.99 per unit,,2026-07-31,multiple_possible_sku_matches,hard
POL003160,PO00637,6,100% LINEN - HANDLOOM FINISH - 115 GM - TURQUOISE,,Firozi,115,,200,mtr,234.34/mtr,,2026-08-15,no_historical_price,medium
POL003161,PO00637,7,"125 GSM, 100% Linen, Mel. Grey, Slub",,Grey Melange,125,,"1,500",MTRS,266.23,,2026-08-20,expired_historical_price,medium
POL003162,PO00637,8,100% Combed Cotton Chambray 130 GSM 58 inch Black,,Black,130,58,800,Mtr,126.54,,2026-08-15,clean_exact_match,easy
POL003163,PO00637,9,W-58  Black  Combed Cotton  130 g/m2  Chambray,,Black,130,,800,mtr,Rs. 126.42,,2026-08-05,minor_naming_variation,easy
POL003164,PO00637,10,Chino 58in 97/3 Cotton Spandex 320 gm Sea Green,,Sea Green,320,,"2,500",Mtr,221.82,,2026-08-15,partial_catalogue_match,medium
POL003165,PO00638,1,55/45 Poly Wool Suiting Light Pink 220 g/m2,,Baby Pink,220,,1500,Mtr,INR 205.80,,2026-06-16,expired_historical_price,medium
POL003166,PO00638,2,W-58 flannel cloth normal one,,,,,500,MTRS,134.56,,2026-06-26,ambiguous_product_match,hard
POL003167,PO00638,3,58in Flannel 230 g/m2 Beige 100% Cotton,,Beige,230,,600,MTRS,169.1,,2026-06-11,incorrect_colour_or_gsm,hard
POL003168,PO00639,1,95/5 Cotton Lycra Knit Waffle 195 GSM 60 inch Firozi,,Firozi,195,60,~150,KGS,379.18/kg,,2026-07-08,clean_exact_match,easy
POL003169,PO00639,2,"100% Cotton Knit, 2x2 Rib, 230GSM, Teal",,Teal,230,,8646,KGS,Rs. 392.82,,2026-07-03,unusually_large_quantity,exception
POL003170,PO00639,3,95/5 Cotton Lycra Knit Waffle 195 GSM 60 inch Firozi,,Firozi,195,60,400,KG,378.6,,2026-06-28,clean_exact_match,easy
POL003171,PO00639,4,Teal 100% Cotton Knit 230 g/m2 2x2 Rib 60',,Maroon,230,,200,kgs,393.0,,2026-07-03,incorrect_colour_or_gsm,hard
POL003172,PO00640,1,"N.Blue, 215 g/m2, Plain, 55/45 Linen Cotton, 58 inches",,Dark Blue,215,,300,Mtr,457.94 per unit,,2026-05-12,minor_naming_variation,easy
POL003173,PO00640,2,55/45 Linen Cotton Plain 195GSM 58' Navy Blue,,Navy Blue,195,,1500,Mtr,Rs. 458.26,,2026-04-22,incorrect_colour_or_gsm,hard
POL003174,PO00640,3,55/45 LINEN COTTON/PLAIN/215GSM/W-58/CHARCOAL,,Charcoal,215,,2000,mtr,458.05,,2026-04-22,partial_catalogue_match,medium
POL003175,PO00641,1,GSM 200 - Silver Grey - 65/35 Poly Cotton - 58' - Flannel,,Silver Grey,200,,200,MTR,154.23,Please supply in Mint as discussed,2026-04-22,conflicting_information_in_po,hard
POL003176,PO00641,2,58 inchhes 65/35 PC Silver Flannnel GSM 200,,Silverr Grey,200,,2000 approx,Meters,155.40,,2026-05-07,spelling_errors_and_abbreviations,medium
POL003177,PO00641,3,FLANNEL CLOTH,,,,,200,Meters,Rs. 155.20,,2026-05-07,ambiguous_product_match,hard
POL003178,PO00641,4,"65/35 Poly Cotton, Poplin, 110GSM, OW",,Off White,110,,1500,mts,INR 75.74,,2026-05-02,expired_historical_price,medium
POL003179,PO00641,5,65/35 CP Flanne l200 GSM 58in SIL GREY,,Silver Grey,200,,"2,500",MTRS,INR 154.61,,2026-04-27,spelling_errors_and_abbreviations,medium
POL003180,PO00641,6,80/20 Poly Viscose - Twill Suiting - 235gsm - 60in - Peach,,Peach,235,,600,mtr,Rs. 241.17,Rate confirmed on call,2026-05-07,wrong_price_outside_tolerance,exception
POL003181,PO00641,7,"W-58, 98/2 Cotton Lycra, Charcoal, Chino, 210 g/m2",,Charcoal,210,,400,M,INR 166.44,,2026-05-02,small_acceptable_price_variation,easy
POL003182,PO00641,8,"65/35 Poly Cotton, Duck Canvas, 465 gm, 63', Silver Grey",,Silver Grey,465,,200,M,281.07,,2026-04-27,small_acceptable_price_variation,easy
POL003183,PO00641,9,Cotton Brushed Twill 235GSM 58' Ecru,,Ecru,235,,2000,M,176.87,,2026-05-12,minor_naming_variation,easy
POL003184,PO00642,1,"95/5 VoS Lyccra, Rayon Plain, Royal Bkue, W-44, 110gsm",,Royal Blue,110,,2500,Mtr,90.4,,2026-08-07,spelling_errors_and_abbreviations,medium
POL003185,PO00642,2,"44"", GSM 100, Light Piink, 100% PLY, Printed Plain",,Baby Pink,100,,1500 approx,MTRS,112.54,,2026-07-28,spelling_errors_and_abbreviations,medium
POL003186,PO00643,1,GSM 130 - Chambray - 100% Combed Cotton - Baby Pink - 58 inches,,Baby Pink,130,,800,MTRS,INR 114.77,,2026-08-02,small_acceptable_price_variation,easy
POL003187,PO00643,2,Recycled PET Fleece GRS Certified 300 GSM,,,,,~100,Kilo,INR 233.34,,2026-07-13,unknown_product,exception
POL003188,PO00644,1,100% Polyester/Crepe/105 GSM/58 inch/Olive,,Olive,105,,200,MTRS,67.27 per unit,,2026-06-12,partial_catalogue_match,medium
POL003189,PO00644,2,100% Lyocell - Satin - 150gsm - Rust,,Rust,150,,~500,MTRS,214.71/mtr,,2026-06-22,no_historical_price,medium
POL003190,PO00644,3,100% Polyester  58in  GSM 110  Satin,,,110,,400,Mtr,100.89,,2026-07-07,multiple_possible_sku_matches,hard
POL003191,PO00644,4,Cupro Satin 90 GSM 44 inch Ivory,,,,,1200,MTR,Rs. 333.23,,2026-06-22,unknown_product,exception
POL003192,PO00644,5,70/30  M0DAL COTT0N  58'  PLAlN  160GSM  5KY 8LUE (illegible),,,160,,"2,000",Mtr,247.93,,2026-06-07,poor_quality_document,hard
POL003193,PO00644,6,100% Lyocell Satin 105 GSM 58 inch Charcoal,,Charcoal,105,58,1000,MTRS,INR 174.05,,2026-06-17,clean_exact_match,easy
POL003194,PO00644,7,100% polyester  satin  110gsm  58in  navy blue,,Navy Blue,110,,2000,mts,100.12,,2026-07-07,partial_catalogue_match,medium
POL003195,PO00645,1,70/30 Poly Cotton  Chenille  415GSM  58 inch  Rust,,Rust,415,,300,mts,308.0,,2026-05-27,minor_naming_variation,easy
POL003196,PO00645,2,"100% Polyester, Blackout Base, 220GSM, 54"", Mint",,Mint,220,,2500,Meters,191.91,,2026-06-01,small_acceptable_price_variation,easy
POL003197,PO00645,3,CURTAIN CLOTH/220 GM/MINT,NIR-3724,,,,"1,500",mtr,183.85 per unit,,2026-05-17,customer_specific_product_code,medium
POL003198,PO00645,4,Neoprene Bonded Scuba 380 GSM Black,,,,,400,mts,145.66,,2026-05-27,unknown_product,exception
POL003199,PO00645,5,70/30 Poly CTN - UPH Jacquar d- 295 g/m2 - 58i n- Hakdi,,nustard,295,,1000,mts,240.2,,2026-05-12,spelling_errors_and_abbreviations,medium
POL003200,PO00645,6,"RUST - CHENILLE - GSM 415 - 70/30 POLY COTTON - 58""",,Rust,415,,2000,Meters,322.52,,2026-05-17,small_acceptable_price_variation,easy
POL003201,PO00645,7,58' - Chenille - Rust - 415gsm - 70/30 Poly Cotton,,Rust,415,,600,MTR,307.9,,2026-05-12,minor_naming_variation,easy
POL003202,PO00645,8,Upholstery Jacquard 58 inches 70/30 Poly Cotton 295 GSM Royal Blue,,Royal Blue,295,,400 approx,mtr,240.64,,2026-05-27,partial_catalogue_match,medium
POL003203,PO00646,1,Cream/295gsm/Drill/97/3 Cotton Spandex/58 inches,,Cream,295,,1200,mtr,206.85/mtr,,2026-07-05,incorrect_colour_or_gsm,hard
POL003204,PO00646,2,100% Cotton Twill 295 GSM 58 inch Mustard,,Mustard,295,58,800,Mtr,Rs. 212.09,,2026-07-05,clean_exact_match,easy
POL003205,PO00646,3,"twill, 58"", 295 gm, haldi, 100% cotton",,Mustard,295,,150,mts,138.73,Rate confirmed on call,2026-06-25,wrong_price_outside_tolerance,exception
POL003206,PO00646,4,60/40 Cotton Poly Fleece  Loop Terry  375GSM  60 inch  Beige,,Beige,375,,100,Kg,373.94,,2026-07-20,small_acceptable_price_variation,easy
POL003207,PO00646,5,100% COTTON KNIT/WAFFLE/240GSM/60'/CHARCOAL,,Charcoal,240,,500,KG,425.68,,2026-06-25,small_acceptable_price_variation,easy
POL003208,PO00647,1,"100% COTTON CORDUROY, 8 WALE, 215GSM, 58', ROYAL BLUE",,Royal Blue,215,,"1,000",Meters,184.63,,2026-07-15,partial_catalogue_match,medium
POL003209,PO00648,1,100% Cotton Army Canvas 415gsm 58 inches Cream,,Sky Blue,415,,1000,MTR,218.04,,2026-07-23,incorrect_colour_or_gsm,hard
POL003210,PO00649,1,100% Polyester Georgette 58 inches 85 GSM,,,85,,1000,Meters,62.91 per unit,,2026-07-05,multiple_possible_sku_matches,hard
POL003211,PO00649,2,towel,,,,,2000,NOS,INR 217.05,,2026-07-05,ambiguous_product_match,hard
POL003212,PO00649,3,120gsm  58in  Wine  Printed Plain  100% Polyester,,White,120,,800,mts,128.79,,2026-07-25,incorrect_colour_or_gsm,hard
POL003213,PO00649,4,100% Cotton Terry Hand Towel 425 GSM 27x54 inch Ecru,,Ecru,425,,1500,pieces,218.0,,2026-07-10,clean_exact_match,easy
POL003214,PO00650,1,100% Lyocell Satin 105 gm 58 inch Mustard,,Mustard,105,,600,Mtr,Rs. 154.74,,2026-07-24,new_customer_no_history,medium
POL003215,PO00650,2,100% Cotton Knit 200 g/m2 W-72 Silver Melange Jersey,,Silver Grey,200,,200,kgs,361.09 per unit,,2026-08-03,new_customer_no_history,medium
POL003216,PO00650,3,Poly Cotton Denim Rigid 310 GSM W-63 Lt Grey,,Silver Grey,310,,600,MTRS,Rs. 188.99,,2026-08-18,new_customer_no_history,medium
POL003217,PO00650,4,100% lyocell satin 105 gsm 58 inch dark grey,,Charcoal,105,,200,M,Rs. 158.64,,2026-08-03,new_customer_no_history,medium
POL003218,PO00650,5,Dark Blue 44 inches 60/40 Cotton Poly 130gsm Dobby,,Navy Blue,130,,2500,Mtr,94.28/mtr,,2026-07-14,new_customer_no_history,medium
POL003219,PO00651,1,160gsm  sea green  100% cotton knit  melange jersey  w-60,,Sea Green,160,,~100,KG,312.49,,2026-07-26,minor_naming_variation,easy
POL003220,PO00651,2,100% Cotton/Canvas Bottom/225 GSM/Beige,,Beige,225,,300,Mtr,INR 157.97,,2026-07-31,expired_historical_price,medium
POL003221,PO00651,3,100% Combed Cotton - Dobby - 150 GSM - 58in,,,150,,2500,MTRS,Rs. 125.90,,2026-08-15,multiple_possible_sku_matches,hard
POL003222,PO00651,4,60/40 Cotton Poly Voile 130 GSM 44 inch Greige RFD,,Greige RFD,130,44,200,mts,Rs. 81.84,,2026-08-05,clean_exact_match,easy
POL003223,PO00651,5,BEIGE CANVAS BOTTOM 100% COTTON 225 GM,,Beige,225,,150,MTRS,157.46,,2026-08-15,expired_historical_price,medium
POL003224,PO00651,6,shirt material Camel 105 GSM,NAK-3035,,,,600,Meters,82.34,,2026-08-30,customer_specific_product_code,medium
POL003225,PO00651,7,60/40 Cotton Poly Cambric 105 GSM 44 inch Camel,NAK-2484,Camel,105,44,150,M,82.61,,2026-08-05,clean_exact_match,easy
POL003226,PO00651,8,item NAK-5032,NAK-5032,,,,500,kgs,313.98,,2026-08-15,customer_specific_product_code,medium
POL003227,PO00652,1,"Twill 58"" Olive GSM 165 100% Lyocell",,Olive,165,,2000,M,INR 252.50,,2026-07-28,small_acceptable_price_variation,easy
POL003228,PO00652,2,PRINT BASE GSM 105 100% VISCOSE WINE 44 INCH,,Wine,105,,1000,MTRS,Rs. 74.91,,2026-07-13,wrong_price_outside_tolerance,exception
POL003229,PO00652,3,55/45 Poly Wool - Twill Suiting - GSM 230 - Light Blue,,Sky Blue,230,,-,Mtr,Rs. 209.37,Qty to be confirmed,2026-07-18,missing_quantity,exception
POL003230,PO00652,4,60 INCH  DARK GREY  250 GM  POLAR  100% POLYESTER FLEECE,,Charcoal,250,,500,KGS,Rs. 328.82,Rate as per last PO,2026-07-13,wrong_price_outside_tolerance,exception
POL003231,PO00652,5,100% POLYESTER/SATIN/105 GSM/58',,,105,,2000,MTRS,83.58 per unit,,2026-08-12,multiple_possible_sku_matches,hard
POL003232,PO00652,6,"58"" fiirzi 110 gsm crepe 100% PY",,Firoiz,110,,1500,M,Rs. 74.42,,2026-07-28,spelling_errors_and_abbreviations,medium
POL003233,PO00652,7,100% Polyester Fleece - 250 gm - Polar - Charcoal - 60',VAS-4321,Charcoal,250,,100,KGS,INR 255.93,,2026-08-12,small_acceptable_price_variation,easy
POL003234,PO00653,1,"60/40 Cotton Poly Voile 130 g/m2 44"" White",,White,130,,400,M,95.22/mtr,,2026-08-11,partial_catalogue_match,medium
POL003235,PO00654,1,230GSM 100% COTTON KNIT TEAL 60 INCHES 2X2 RIB,,Teal,230,,400,Kilo,Rs. 362.64,,2026-07-31,new_customer_no_history,medium
POL003236,PO00654,2,"60/40 Cotton Poly Fleece, Polar, 375 gm, 72 inches, Ecru",,Ecru,375,,100,KGS,356.86,,2026-07-26,new_customer_no_history,medium
POL003237,PO00654,3,100% Cotton Knit - 1x1 Rib - 220 gm - 72 inch - Wine,,Wine,220,,50,Kilo,INR 338.76,,2026-07-26,new_customer_no_history,medium
POL003238,PO00654,4,105 gm - 60/40 Cotton Poly - Beige - Cambric - 44 inches,,Beige,105,,~1200,Mtr,78.4,,2026-08-10,new_customer_no_history,medium
POL003239,PO00655,1,"97/3 Cotton Spandex, Drill, GSM 275, 58in, Cream",,Cream,275,,600,MTR,199.28,,2026-06-13,small_acceptable_price_variation,easy
POL003240,PO00655,2,97/3 Cotton Spandex 58 inch Cream GSM 275 Drill,,Cream,275,,800,MTR,206.67,,2026-06-18,minor_naming_variation,easy
POL003241,PO00655,3,275GSM DRILL CREAM 97/3 COTTON SPANDEX,,Cream,275,,36708,mtr,INR 206.77,,2026-06-18,unusually_large_quantity,exception
POL003242,PO00656,1,GSM 195 - WAFFLE - BEIGE - 60 INCH - 95/5 COTTON LYCRA KNIT,,Beige,195,,150,Kg,INR 373.59,,2026-07-09,partial_catalogue_match,medium
POL003243,PO00656,2,98/2 Cotton Lycra Denim Lightweight 350 GSM 58 inch Wine,,Wine,350,58,2500,Mtr,Rs. 260.77,,2026-07-19,clean_exact_match,easy
POL003244,PO00656,3,60/40 Cotton Poly Fleece Loop Terry 375 gm Haldi,,Mustard,375,,"13,648",KGS,391.3,,2026-07-29,unusually_large_quantity,exception
POL003245,PO00656,4,98/2 Cotton Lycra Denim Lightweight 350 GSM 58 inch Wine,,Wine,350,58,"1,000",mtr,261.41,,2026-07-29,clean_exact_match,easy
POL003246,PO00656,5,375 GSM - loopknit fabric - Mustard,ADV-7032,,,,200,kgs,390.96 per unit,,2026-07-14,customer_specific_product_code,medium
POL003247,PO00657,1,100% linen - handloom finish - 220gsm - beige,,Beige,220,,9900,mts,Rs. 413.15,,2026-06-21,unusually_large_quantity,exception
POL003248,PO00657,2,98/2 Cotton Lycra Chino 210 GSM 58 inch Charcoal,,Charcoal,210,58,300 approx,M,186.16/mtr,,2026-05-27,clean_exact_match,easy
POL003249,PO00657,3,GSM 210 W-58 98/2 Cotton Lycra Charcoal Chino,TAN-6408,Charcoal,210,,2500,Meters,178.31,,2026-06-01,small_acceptable_price_variation,easy
POL003250,PO00658,1,"Crepe, 100% Polyester, 58 inches, Greige RFD, 105 gm",,Greige RFD,105,,"1,500",MTRS,76.50,,2026-08-28,partial_catalogue_match,medium
POL003251,PO00658,2,GSM 105  Dark Maroon  Crepr  58n  100% PLY,,Marono,105,,1200 approx,MTRS,76.46,,2026-08-28,spelling_errors_and_abbreviations,medium
POL003252,PO00658,3,"100% Polyester, Crepe, 105GSM, Light Pink",,Baby Pink,105,,1000,mtr,Rs. 67.01,,2026-08-23,no_historical_price,medium
POL003253,PO00658,4,100% Polyester Crepe 105 GSM 58 inch Maroon,,Maroon,105,58,400,MTRS,76.41,,2026-08-28,clean_exact_match,easy
POL003254,PO00658,5,55/45 Linen Cotton Plain 215 GSM 58 inch Black,,Black,215,58,1500,Meters,454.80,,2026-08-28,clean_exact_match,easy
POL003255,PO00658,6,"55/45  LlNEN COTT0N PLAIN 6SM 215 58"" 8LACK ~~",,8lack,218,,500,MTRS,INR 455.21,,2026-08-08,poor_quality_document,hard
POL003256,PO00658,7,55/45 linen cotton plain 215 gm 58in black,,Black,215,,"1,000",Mtr,INR 454.63,,2026-08-13,minor_naming_variation,easy
POL003257,PO00659,1,80/20 PC - Mint - 145gsm - W-58 - Poolin,,Min,145,,"1,200",mtr,102.15,,2026-07-04,spelling_errors_and_abbreviations,medium
POL003258,PO00659,2,LINEN MATERIAL regular quality,,,,,200,Mtr,Rs. 436.45,,2026-07-19,ambiguous_product_match,hard
POL003259,PO00659,3,100% Linen Handloom Finish 220 GSM 58 inch Off White,,Off White,220,58,"1,500",mtr,434.33/mtr,,2026-07-24,clean_exact_match,easy
POL003260,PO00659,4,Cotton  Brushed Twill  155gsm  58in  B. Green,ISH-4308,Bottle Green,155,,1500,mtr,Rs. 132.22,,2026-07-04,minor_naming_variation,easy
POL003261,PO00659,5,Poplin 58 inches 65/35 Poly Cotton 125 g/m2 Olive,ISH-3491,Olive,125,,600,mtr,Rs. 87.60,,2026-07-04,minor_naming_variation,easy
POL003262,PO00659,6,80/20 Poly Viscose Suiting 250 GSM 58 inch Beige,,Beige,250,58,1200,MTR,222.19/mtr,,2026-07-04,clean_exact_match,easy
POL003263,PO00660,1,"55/45 Poly Wool/Twill Suiting/275GSM/58""/Charcoal",,Charcoal,275,,1500,Mtr,INR 229.72,Rate confirmed on call,2026-09-08,wrong_price_outside_tolerance,exception
POL003264,PO00660,2,100% Cotton Knit 1x1 Rib 220gsm 72 inch Lavender,,Lavender,220,,400,Kilo,384.52,,2026-09-08,small_acceptable_price_variation,easy
POL003265,PO00660,3,Wine - curtain cloth - 215GSM,SAM-2056,,,,400,mtr,227.67 per unit,,2026-08-14,customer_specific_product_code,medium
POL003266,PO00660,4,Silk Organza 45 GSM 44 inch Gold,,,,,300,Kilo,108.72,,2026-08-19,unknown_product,exception
POL003267,PO00660,5,100% PLY Flecee Brushed GSM 275 60 niches COFFEE,,Coffee Brown,275,,200,KG,310.8,,2026-08-04,spelling_errors_and_abbreviations,medium
POL003268,PO00661,1,50/50 Poly Cotton Bedsheet Fabric 180 GSM 108 inch Teal,,Teal,180,108,200,mtr,259.11,,2026-09-05,clean_exact_match,easy
POL003269,PO00661,2,100% Polyester Chenille 320gsm 58',,,320,,600,M,283.72,,2026-08-06,multiple_possible_sku_matches,hard
POL003270,PO00662,1,SINGLE JERSEY 160GSM 60 INCH 100% COTTON KNIT GREY MELANGE,,Grey Melange,160,,150,Kg,302.42,,2026-05-06,partial_catalogue_match,medium
POL003271,PO00662,2,98/2 Cotton Lycra Drill 235 GSM 60 inch Maroon,,Maroon,235,60,"1,000",Meters,Rs. 182.04,,2026-05-01,clean_exact_match,easy
POL003272,PO00662,3,100% COTTON/CANVAS BOTTOM/GSM 225/58IN/WINE,,Wine,225,,~150,M,Rs. 158.11,,2026-05-21,partial_catalogue_match,medium
POL003273,PO00662,4,BHA-1622 same as last time,BHA-1622,,,,80,KG,255.19,,2026-05-01,customer_specific_product_code,medium
POL003274,PO00662,5,100% Combed Cotton Chambray 130 GSM 58 inch Sea Green,,Sea Green,130,58,400,MTRS,INR 105.68,,2026-05-01,clean_exact_match,easy
POL003275,PO00662,6,"130GSM/44""/60/40 COTTON POLY/DOBBY",,,130,,400,MTR,91.44,,2026-04-16,multiple_possible_sku_matches,hard
POL003276,PO00662,7,"195gsm, irozi, 60', Wafffke, 95/5 CTN LYC",,Firrozi,195,,300 approx,KGS,Rs. 352.72,,2026-04-21,spelling_errors_and_abbreviations,medium
POL003277,PO00662,8,95/5 Cotton Lycra Knit 1x1 Rib 255 GSM 72 inch Firozi,,Firozi,255,72,250 approx,KGS,435.62,,2026-04-16,clean_exact_match,easy
POL003278,PO00662,9,CAEML - RoGID - 310GSM - 63IN - POLY CTN DENIM,,Cael,310,,300,Mtr,Rs. 194.61,,2026-04-16,spelling_errors_and_abbreviations,medium
POL003279,PO00662,10,60/40 Cotton Poly/Voile/GSM 130/Greige,,Greige RFD,130,,1000,MTR,82.36/mtr,,2026-04-26,no_historical_price,medium
POL003280,PO00663,1,"50/50 Po1y C0tton, 8edsheet Fabric, 115 GSM, 108"", Maroon",,,115,,"1,500",MTRS,145.03 per unit,,2026-06-05,poor_quality_document,hard
POL003281,PO00663,2,"denim cloth, 310 gm, Camel",UTS-6577,,,,2500,Meters,195.70/mtr,,2026-06-05,customer_specific_product_code,medium
POL003282,PO00663,3,"80/20 Poly Cotton, Blended Twill, 130gsm, 63', Baby Pink",,Baby Pink,130,,1500,MTRS,INR 86.69,,2026-05-21,partial_catalogue_match,medium
POL003283,PO00664,1,"98/2 Cotton Lycra Denim, Rigid, GSM 300, W-63, Firozi",,Firozi,300,,500,mts,258.40/mtr,,2026-06-20,small_acceptable_price_variation,easy
POL003284,PO00664,2,"100% LINEN HANDLOOM FINISH 220 GSM 58"" MAROON",,Maroon,220,,800,Mtr,INR 455.98,,2026-07-05,partial_catalogue_match,medium
POL003285,PO00664,3,"100% CTN Coruroy - 8 Wale - GSM 215 - 58"" - Whit",,Whiet,215,,500,mtr,184.75/mtr,,2026-06-15,spelling_errors_and_abbreviations,medium
POL003286,PO00664,4,100% Po1yesfer Crepe 70 GSM 44 inch Sky 8lue (illegible),,,,,2000,MTR,INR 54.76,,2026-06-25,poor_quality_document,hard
POL003287,PO00664,5,70/30 Poly Cotton  Upholstery Jacquard  295 g/m2  58in  White,,White,295,,200,Meters,253.2,"Ref our mail - actually need Bottle Green, not as written above",2026-07-05,conflicting_information_in_po,hard
POL003288,PO00664,6,GSM 295 Upholstery Jacquard White W-58 70/30 Poly Cotton,,Lavender,295,,~2500,Mtr,252.36,,2026-07-20,incorrect_colour_or_gsm,hard
POL003289,PO00664,7,Chenille 100% Polyester Sky Blue 320GSM W-58,,Sky Blue,320,,1000,mtr,302.16,,2026-06-25,small_acceptable_price_variation,easy
POL003290,PO00665,1,cqmel - rigiid - poly CTN denim - 63 inches - gsm 310,,Camel,310,,2000,MTR,227.84,,2026-05-25,spelling_errors_and_abbreviations,medium
POL003291,PO00665,2,Poly Cotton Denim Rigid 310 GSM 63 inch Camel,,Camel,310,63,500,MTR,228.0,,2026-06-09,clean_exact_match,easy
POL003292,PO00665,3,"Poly CTN Denim, ame, 310gsm, 63', Rigid",,Camel,310,,"2,000",MTRS,Rs. 228.87,,2026-05-25,spelling_errors_and_abbreviations,medium
POL003293,PO00665,4,"310 g/m2, 63 inch, Poly Cotton Denim, Rigid, Camel",,Camel,310,,200,Mtr,228.40,,2026-06-04,minor_naming_variation,easy
POL003294,PO00666,1,W-60 225gsm 100% Cotton Knit Navy Blue Waffle,,Navy Blue,225,,500,KGS,387.55,,2026-08-14,incorrect_colour_or_gsm,hard
POL003295,PO00666,2,"100% Cotton Knit, Waffle, GSM 240, 60', N.Blue",,Navy,240,,500 approx,KG,386.3,,2026-07-15,minor_naming_variation,easy
POL003296,PO00666,3,DENIM CLOTH,,,,,600,MTRS,Rs. 210.46,,2026-07-15,ambiguous_product_match,hard
POL003297,PO00666,4,100% Cotton Knit 1x1 Rib 220 GSM 72 inch Olive,,Olive,220,72,50,Kilo,356.46,,2026-08-14,clean_exact_match,easy
POL003298,PO00667,1,58IN/175GSM/WHITE/95/5 POLY SPANDEX/SATEEN,,White,175,,1500,mts,153.14,,2026-05-24,partial_catalogue_match,medium
POL003299,PO00667,2,100% Polyester Printed Plain 140 GSM W-58 Dark Maroon,,Maroon,140,,1200,MTRS,159.09,,2026-06-23,minor_naming_variation,easy
POL003300,PO00667,3,100% Polyester  Crepe  44in  5i1ver 6rey  70 gm,,,70,,600,Mtr,49.24,,2026-05-19,poor_quality_document,hard
POL003301,PO00667,4,"Satin, Silver Grey, 95/5 Poly Spandex, 155 g/m2, 58""",,Silver Grey,155,,~150,mtr,144.65,,2026-05-29,small_acceptable_price_variation,easy
POL003302,PO00667,5,LT PINK 105 G/M2 100% POLYESTER CREPE 58 INCH,,Baby Pink,105,,400,MTRS,47.33,,2026-06-23,wrong_price_outside_tolerance,exception
POL003303,PO00667,6,"Teal, 190GSM, satin cloth",OOR-4443,,,,2000,M,162.05,,2026-06-23,customer_specific_product_code,medium
POL003304,PO00667,7,Lt Grey  44 inches  Crepe  100% Polyester  70GSM,,Lt Grey,70,,2000,mtr,49.4,,2026-06-03,minor_naming_variation,easy
POL003305,PO00667,8,"100% LYOCELL/SATIN/105 GSM/58""/MUSTARD",,Mustard,105,,2500,MTRS,Rs. 170.02,,2026-05-24,small_acceptable_price_variation,easy
POL003306,PO00668,1,BOTTLE GREEN  165 GM  100% LYOCELL  58 INCHES  TWILL,,Cream,165,,200,mtr,276.1,,2026-08-08,incorrect_colour_or_gsm,hard
POL003307,PO00668,2,"100% Lyocell Twill 165gsm 58""",,,165,,300,Mtr,276.04 per unit,,2026-08-23,multiple_possible_sku_matches,hard
POL003308,PO00668,3,"Bottle Green/58""/Twill/100% Lyocell/165 gm",,Bottle Green,165,,1500,Mtr,276.26,,2026-08-13,minor_naming_variation,easy
POL003309,PO00668,4,98/2 CTN lycra drill 235 gsm 60 nch COFxEE,,Coffeee Brown,235,,1200,M,205.50,,2026-09-07,spelling_errors_and_abbreviations,medium
POL003310,PO00668,5,100% Lyocell Twill 165 GSM 58 inch Bottle Green,,Bottle Green,165,58,150,mts,Rs. 277.73,,2026-08-13,clean_exact_match,easy
POL003311,PO00668,6,98/2 Cotton Lycra Denim/300 GSM/Rigid/63',,,300,,800,M,236.14,,2026-08-08,multiple_possible_sku_matches,hard
POL003312,PO00669,1,65/35 Poly Cotton  Canvas  350 g/m2  63 inches  Bottle Green,,Bottle Green,350,,1000,MTRS,213.65,,2026-06-24,partial_catalogue_match,medium
POL003313,PO00669,2,Beige Duck Canvas 390 g/m2 63in Cotton,,Beige,390,,2500,M,Rs. 243.80,,2026-06-29,minor_naming_variation,easy
POL003314,PO00669,3,97/3 Cotton Spandex 275 g/m2 Drill Sky Blue,,Sky Blue,275,,2000,MTRS,208.14,,2026-07-09,no_historical_price,medium
POL003315,PO00669,4,PU Coated Leatherette 450 GSM Tan,,,,,600,mtr,193.05,,2026-06-24,unknown_product,exception
POL003316,PO00669,5,100% Cotton Duck Canvas 465 GSM 58 inch Olive,,Olive,465,58,200,MTR,282.56,,2026-07-14,clean_exact_match,easy
POL003317,PO00669,6,65/35 Poly Cotton Duck Canvas 310 GSM 63in Silver Grey,,Silver Grey,310,,1200,Mtr,190.3,,2026-07-14,partial_catalogue_match,medium
POL003318,PO00669,7,item LAK-4713,LAK-4713,,,,2500,MTRS,82.95/mtr,,2026-06-29,customer_specific_product_code,medium
POL003319,PO00670,1,100% Cotton Knit Melange Jersey 160 GSM 60 inch Sea Green,,Sea Green,160,60,80,Kg,335.93/kg,,2026-05-07,clean_exact_match,easy
POL003320,PO00670,2,"105 GSM, 58"", Satin, Ecru, 100% pYO",,Ecru,105,,"1,200",M,170.27,,2026-05-07,spelling_errors_and_abbreviations,medium
POL003321,PO00670,3,"100% Modal Twill 130 gm 58""",,,130,,800,Meters,207.25,,2026-05-12,multiple_possible_sku_matches,hard
POL003322,PO00670,4,100% Cotton Knit Melange Jersey 160 GSM 60 inch Sea Green,,Sea Green,160,60,400,KGS,Rs. 334.65,,2026-05-17,clean_exact_match,easy
POL003323,PO00670,5,100% Lyocell  Satin  GSM 105  Ecru  58 inches,,Ecru,105,,800,MTR,170.64,,2026-05-12,minor_naming_variation,easy
POL003324,PO00670,6,98/2 Cotton Lycra Denim Rigid GSM 415 Rust,,Rust,415,,2000,MTRS,INR 305.61,,2026-05-17,expired_historical_price,medium
POL003325,PO00670,7,"100% Cotton Knit, Melange Jersey, 160GSM, 60in, Sea Green",,Sea Green,160,,200,Kg,343.3,,2026-05-27,small_acceptable_price_variation,easy
POL003326,PO00670,8,100% Linen Slub 125GSM Ferozi,,Firozi,125,,600,Mtr,283.83,,2026-05-27,expired_historical_price,medium
POL003327,PO00670,9,100% Cotton Knit Melange Jersey 160 GSM 60 inch Sea Green,,Sea Green,160,60,200,Kg,Rs. 335.21,,2026-05-12,clean_exact_match,easy
POL003328,PO00670,10,100% Lyocell Satin 105 GSM 58 inch Ecru,,Ecru,105,58,200,Meters,171.0,,2026-05-17,clean_exact_match,easy
POL003329,PO00671,1,70/30 Poly Cotton Blackout Base 225gsm 110 inches Ecru,,Ecru,225,,500,M,220.9,,2026-05-29,small_acceptable_price_variation,easy
POL003330,PO00671,2,Canvas 375GSM 58' Brown Coffee 65/35 Poly Cotton,,Coffee Brown,375,,200,MTR,242.47,,2026-06-18,wrong_price_outside_tolerance,exception
POL003331,PO00671,3,65/35 Poly Cotton Canvas 350 GSM 63 inch Maroon,,Maroon,350,63,200,Mtr,211.92/mtr,,2026-06-03,clean_exact_match,easy
POL003332,PO00671,4,"65/35 Poly Cotton, Canvas, 375 GSM, 58"", Coffee Brown",,Brown Coffee,375,,300,MTR,219.09/mtr,,2026-07-03,minor_naming_variation,easy
POL003333,PO00672,1,"Flannel, 65/35 Poly Cotton, 210GSM, 58 inch, White",,White,210,,150,Meters,Rs. 168.90,Please supply in Ecru as discussed,2026-06-01,conflicting_information_in_po,hard
POL003334,PO00672,2,58 inch  210GSM  White  65/35 Poly Cotton  Flannel,VRI-6230,White,210,,300,MTRS,169.15/mtr,,2026-06-01,minor_naming_variation,easy
POL003335,PO00672,3,Twill Suiting - Rust - 55/45 Poly Wool - 230 g/m2 - 58',VRI-1485,Rust,230,,1500,mts,227.16 per unit,"Ref our mail - actually need Sea Green, not as written above",2026-06-06,conflicting_information_in_po,hard
POL003336,PO00672,4,Flannel/GSM 210/White/65/35 Poly Cotton,VRI-1553,White,210,,200,Yards,168.88,,2026-06-21,wrong_unit_of_measure,exception
POL003337,PO00672,5,65/35 Poly Cotton 210gsm Flannel White,,White,210,,as per stock,M,Rs. 168.26,,2026-07-06,missing_quantity,exception
POL003338,PO00673,1,100% Polyester Digital Print Base 130 GSM 58 inch Sky Blue,,Sky Blue,130,58,400,Meters,132.12,,2026-04-16,clean_exact_match,easy
POL003339,PO00673,2,"100% LIN Plani 215 /m2 58"" Haldi",,Mustard,215,,~300,M,INR 401.06,,2026-04-11,spelling_errors_and_abbreviations,medium
POL003340,PO00673,3,TEJ-3831 same as last time,TEJ-3831,,,,2500,MTRS,85.91,,2026-04-21,customer_specific_product_code,medium
POL003341,PO00673,4,Merino Wool Jersey 180 GSM Navy,,,,,2500,Meters,461.03,,2026-05-16,unknown_product,exception
POL003342,PO00673,5,100% LIN Plan GSM 215 58' Seaa Green,,Sea Geren,215,,150,MTR,427.44,,2026-05-01,spelling_errors_and_abbreviations,medium
POL003343,PO00673,6,100% Linen Plain 215 GSM 58 inch Sea Green,,Sea Green,215,58,2000,mtr,Rs. 427.20,,2026-05-01,clean_exact_match,easy
POL003344,PO00673,7,100% Polyester Satin GSM 110 58in Silver Grey,,Silver,110,,800,M,85.76,,2026-04-21,minor_naming_variation,easy
POL003345,PO00673,8,"100% polyester, digital print base, 130gsm, 58"", sky blue",,Sky Blue,130,,800,Meters,131.87,Width to be 54 inch as per last supply,2026-04-16,conflicting_information_in_po,hard
POL003346,PO00674,1,50/50 Poly Cotton - Percale - 210 g/m2 - W-90,,,210,,200,Mtr,234.17,,2026-05-24,multiple_possible_sku_matches,hard
POL003347,PO00674,2,100% COTTON TERRY/FACE TOWEL/GREY MELANGE/575 GM,,Grey Melange,575,,2000,pieces,284.33,,2026-05-04,partial_catalogue_match,medium
POL003348,PO00674,3,greige  rfd/50/50 poly c0ff0n/w-90/perca1e/210 gm,MAN-5884,,,,2500,MTR,234.87,,2026-05-04,poor_quality_document,hard
POL003349,PO00674,4,Sheer Casement  Rust  70/30 Poly Cotton  225 g/m2  W-110,,Rust,225,,1200,mtr,224.08,"Ref our mail - actually need Charcoal, not as written above",2026-05-24,conflicting_information_in_po,hard
POL003350,PO00674,5,100% cotton terry face towel 575 g/m2,,,575,,2000,pieces,284.17,,2026-05-09,multiple_possible_sku_matches,hard
POL003351,PO00675,1,100% Cotton Knit Waffle 240 gm W-60 Navy Blue,,Navy Blue,240,,250,Kg,Rs. 369.67,,2026-06-07,small_acceptable_price_variation,easy
POL003352,PO00675,2,95/5 Cotton Lycra Knit Single Jersey 155 GSM 60 inch Charcoal,,Charcoal,155,60,50 approx,KGS,INR 316.80,,2026-06-02,clean_exact_match,easy
POL003353,PO00675,3,GSM 230 100% COTTON KNIT 2X2 RIB 60IN COFFEE BROWN,,Coffee,230,,200,KGS,INR 365.66,,2026-06-22,minor_naming_variation,easy
POL003354,PO00676,1,98/2 Cotton Lycra Denim Rigid 300 GSM 63 inch Peach,,Peach,300,63,600 approx,mts,Rs. 229.35,,2026-07-27,clean_exact_match,easy
POL003355,PO00676,2,Bamboo Terry Knit 240 GSM O/W,,,,,500,Kg,148.62,,2026-08-11,unknown_product,exception
POL003356,PO00676,3,"98/2 CTN LYC DNM Rigis 300 GSM 63"" Peacch",,Pesch,300,,1500,Mtr,230.05,,2026-07-07,spelling_errors_and_abbreviations,medium
POL003357,PO00676,4,NIM-2206 - regular quality,NIM-2206,,,,250,KGS,328.96,,2026-07-22,customer_specific_product_code,medium
POL003358,PO00676,5,FLEECE CLOTH normal one,,,,,50,Kilo,333.23/kg,,2026-07-22,ambiguous_product_match,hard
POL003359,PO00676,6,58'  Navy Blue  Canvas Bottom  100% Cotton  225 gm,,Navy Blue,225,,1500,Meters,186.13/mtr,,2026-07-07,small_acceptable_price_variation,easy
POL003360,PO00676,7,"Cqmel  97/3 CTN Sandex  320 gm  58""  Chino",,Camel,320,,1500,Mtr,258.3,,2026-07-27,spelling_errors_and_abbreviations,medium
POL003361,PO00676,8,320 GSM Camel Chino 97/3 Cotton Spandex,,Camel,320,,400,Yards,257.96,,2026-08-11,wrong_unit_of_measure,exception
POL003362,PO00676,9,COTTON NAVY BLUE CANVAS BOTTOM 225 G/M2 W-58,,N.Blue,225,,500,MTRS,178.35,,2026-07-12,minor_naming_variation,easy
POL003363,PO00676,10,100% CTN - 225 gm - canvas bottom - NAc - 58',,Navyy Blue,225,,200,M,178.46,,2026-07-17,spelling_errors_and_abbreviations,medium
POL003364,PO00677,1,100% Polyester Crepe 105 GSM 58 inch Cream,,Cream,105,58,~1000,M,69.97,,2026-07-24,clean_exact_match,easy
POL003365,PO00677,2,100% Polyester Crepe 105 GSM 58 inch Cream,AMR-4038,Cream,105,58,500,Mtr,69.71,,2026-07-29,clean_exact_match,easy
POL003366,PO00677,3,"215 GSM, SEA GREEN, PLAIN, LINEN, 58'",,Sea Green,215,,2000,Meters,Rs. 469.55,,2026-08-08,minor_naming_variation,easy
POL003367,PO00678,1,"Mint, 98/2 Cotton Lycra Denim, GSM 370, Stretch",NIM-2810,Mint,370,,200,M,Rs. 242.77,,2026-06-09,no_historical_price,medium
POL003368,PO00678,2,"95/5 Cotton Lycra Knit, Single Jersey, 155 gm, 60in, Sea Green",,Sea Green,155,,80,Kilo,318.31,Width to be 63 inch as per last supply,2026-05-15,conflicting_information_in_po,hard
POL003369,PO00678,3,100% cotton knit  single jersey  160 gm  60'  mint,,Mint,160,,80 approx,Kg,299.34,,2026-06-09,minor_naming_variation,easy
POL003370,PO00678,4,Poly Cotton Denim Lightweight 255 GSM 58 inch Sea Green,,Sea Green,255,58,1500,MTRS,Rs. 167.60,,2026-05-05,clean_exact_match,easy
POL003371,PO00678,5,70/30 MODAL CTN SSAITN 180GSM W-58 S. BLUE,,Sky Blue,180,,150 approx,M,258.10 per unit,,2026-05-15,spelling_errors_and_abbreviations,medium
POL003372,PO00678,6,W-44 CABRIC CAMEL 60/40 CTN PPOLY GSM 105,,Camel,105,,1200,mts,82.02,,2026-05-15,spelling_errors_and_abbreviations,medium
POL003373,PO00678,7,98/2 COTTON LYCRA 235 GSM DRILL B. GREEN,NIM-2775,Bottle Green,235,,2500,MTRS,184.1,,2026-05-10,no_historical_price,medium
POL003374,PO00679,1,65/35 PC CNAVAS GMSS 350 63' BROWN COFFEE,,Coffee Brown,350,,2500,MTR,Rs. 204.26,,2026-07-31,spelling_errors_and_abbreviations,medium
POL003375,PO00679,2,350 GSM  Poly  Black  W-58  Chenille,,Black,350,,1200 approx,MTR,299.86,,2026-08-15,minor_naming_variation,easy
POL003376,PO00680,1,duck fabric usual,,,,,1500,Mtr,225.57/mtr,,2026-07-31,ambiguous_product_match,hard
POL003377,PO00680,2,"50/50 Poly Cotton Sheeting 180GSM 108"" White",,White,180,,800,MTRS,Rs. 216.12,,2026-07-16,partial_catalogue_match,medium
POL003378,PO00680,3,50/50 Poly Cotton/Sheeting/180GSM/108',,,180,,"1,200",Meters,216.19 per unit,,2026-07-06,multiple_possible_sku_matches,hard
POL003379,PO00681,1,63in 465GSM Sky Blue Duck Canvas 65/35 Poly Cotton,,Wine,465,,2000 approx,mts,262.56,,2026-06-27,incorrect_colour_or_gsm,hard
POL003380,PO00681,2,160 G/M2/CURTAIN JACQUARD/54 INCHES/100% POLYESTER,,,160,,800,MTR,143.18,,2026-05-23,multiple_possible_sku_matches,hard
POL003381,PO00681,3,100% Cotton Duck Canvas 390 GSM 63 inch Beige,,Beige,390,63,500,mts,220.35,,2026-06-12,clean_exact_match,easy
POL003382,PO00681,4,"100% Cotton Terry, Hand Towel, 425GSM, Beige",,Beige,425,,200,NOS,195.42,,2026-05-28,partial_catalogue_match,medium
POL003383,PO00682,1,55/45 Poly Wool Twill Suiting 290 GSM 60 inch Navy Blue,VAS-9160,Navy Blue,290,60,1000,mtr,272.06,,2026-05-18,clean_exact_match,easy
POL003384,PO00682,2,70/30 POLY CTN 225GSM 110' BLCAKOUTT ABSE ECRU,,Ecru,225,,"1,000",Mtr,219.20,,2026-05-13,spelling_errors_and_abbreviations,medium
POL003385,PO00682,3,55/45 Poly Wool Twill Suiting 290 GSM 60 inch Navy Blue,VAS-8904,Navy Blue,290,60,~1500,Mtr,Rs. 272.99,,2026-05-23,clean_exact_match,easy
POL003386,PO00682,4,100% Cotton Knit - 2x2 Rib - 230gsm - W-60 - Teal,VAS-4619,Royal Blue,230,,100,KGS,418.69 per unit,,2026-05-23,incorrect_colour_or_gsm,hard
POL003387,PO00682,5,100% Cotton Knit 2x2 Rib 230 GSM 60 inch Teal,,Teal,230,60,250,kgs,416.91/kg,,2026-06-07,clean_exact_match,easy
POL003388,PO00683,1,215 G/M2 WHITE 58 INCHES SATIN 95/5 POLY SPANDEX,,White,215,,600,Meters,INR 177.96,,2026-04-24,minor_naming_variation,easy
POL003389,PO00683,2,Poly Georgette GSM 110 44in RFD,,Greige,110,,~150,Mtr,65.40 per unit,,2026-04-14,minor_naming_variation,easy
POL003390,PO00684,1,100% VISCOSE - PRINTED PLAIN - 140 GM - 58 INCH,,,140,,600,mtr,143.44,,2026-09-27,multiple_possible_sku_matches,hard
POL003391,PO00684,2,95/5 Viscose Lycra  Rayon Slub  135 gm  W-44  Navy Blue,OJA-5034,N.Blue,135,,300 approx,Meters,101.04/mtr,,2026-08-23,minor_naming_variation,easy
POL003392,PO00684,3,70/30 Modal Cotton/Satin/180 gm/58 inches/Haldi,,Mustard,180,,2000 approx,MTR,193.44,Rate as per last PO,2026-09-02,wrong_price_outside_tolerance,exception
POL003393,PO00684,4,95/5 viscose lycra  rayon crepe  110 gsm  58in  ecru,OJA-3820,Ecru,110,,600,M,INR 102.58,Rate as per last PO,2026-08-28,wrong_price_outside_tolerance,exception
POL003394,PO00684,5,OJA-2078 - regular quality,OJA-2078,,,,2000,Meters,59.71,,2026-09-07,customer_specific_product_code,medium
POL003395,PO00684,6,printing cloth  Dark Grey  140 g/m2,OJA-9563,,,,"2,000",Mtr,142.85,,2026-08-23,customer_specific_product_code,medium
POL003396,PO00684,7,95/5 Poly Spandex Sateen 205 GSM 58 inch Baby Pink,,Baby Pink,205,58,400,MTRS,INR 174.20,,2026-09-12,clean_exact_match,easy
POL003397,PO00684,8,130GSM Digital Print Base 100% Polyester Off White,,Off White,130,,800,MTRS,140.32,,2026-09-12,expired_historical_price,medium
POL003398,PO00684,9,item OJA-7229,OJA-7229,,,,1200,Mtr,299.28,,2026-09-27,customer_specific_product_code,medium
POL003399,PO00684,10,Mustard 70/30 Modal Cotton 180 g/m2 Satin 58in,OJA-9467,Mustard,180,,800,MTRS,260.29/mtr,,2026-09-27,small_acceptable_price_variation,easy
POL003400,PO00685,1,"98/2 Cotton Lycra Denim, Rigid, 300 gm, 63""",,,300,,500,MTRS,INR 228.38,,2026-05-02,multiple_possible_sku_matches,hard
POL003401,PO00685,2,denim cloth 63 inches,,,,,1200,MTR,229.72/mtr,,2026-04-27,ambiguous_product_match,hard
POL003402,PO00685,3,98/2 cotton lycra denim rigid 300 g/m2 63 inches peach,,Peach,300,,150,mtr,229.78,Please supply in Coffee Brown as discussed,2026-04-22,conflicting_information_in_po,hard
POL003403,PO00685,4,98/2 Cotton Lycra Denim Rigid 300GSM 63 inch,,,300,,400,Mtr,Rs. 227.87,,2026-05-07,multiple_possible_sku_matches,hard
POL003404,PO00686,1,100% Lyocell Satin 58 inch Royal Blue 105 GSM,,Royal Blue,105,,800,M,175.30/mtr,,2026-09-02,minor_naming_variation,easy
POL003405,PO00686,2,as per our code PRA-7117,PRA-7117,,,,"1,500",M,146.06,,2026-10-02,customer_specific_product_code,medium
POL003406,PO00686,3,pant material  195 gsm  mint,PRA-6918,,,,150 approx,mtr,145.39,,2026-09-12,customer_specific_product_code,medium
POL003407,PO00686,4,100% Cotton - Drill - 195 g/m2 - 60' - Mint,,Mint,195,,200,mts,145.54 per unit,,2026-10-02,minor_naming_variation,easy
POL003408,PO00686,5,100% Lyocell Satin 105 GSM 58 inch Royal Blue,,Royal Blue,105,58,300,mts,174.6,,2026-09-02,clean_exact_match,easy
POL003409,PO00686,6,100% Lyocell Satin 105 GSM 58 inch Royal Blue,,Royal Blue,105,58,300,MTRS,174.75,,2026-09-12,clean_exact_match,easy
POL003410,PO00687,1,95/5 Cotton Lycra Knit Waffle 195 GSM 60 inch Olive,,Olive,195,60,~250,KGS,379.51,,2026-08-10,clean_exact_match,easy
POL003411,PO00687,2,poly  cotton denim 1ightweighf 255 g/m2 w-58 sea green,,5ea  Green,25 ....,,300,Mtr,171.43,,2026-07-31,poor_quality_document,hard
POL003412,PO00687,3,Silk Organza 45 GSM 44 inch Gold,,,,,100,KG,216.1,,2026-07-26,unknown_product,exception
POL003413,PO00687,4,"100%  Polyesfer Fleece  Po1ar  250 6SM  60""  Charcoa1 6rey",,Charcoal,550 (illegible),,400,Kg,271.51,,2026-08-30,poor_quality_document,hard
POL003414,PO00687,5,KRI-1268 same as last time,KRI-1268,,,,150,mtr,172.32,,2026-08-05,customer_specific_product_code,medium
POL003415,PO00687,6,BOTTOM FABRIC normal one,,,,,1500,MTRS,199.24/mtr,,2026-08-10,ambiguous_product_match,hard
POL003416,PO00687,7,98/2 COTTON LYCRA DENIM TURQUOISE RIGID 300 GSM 63IN,,Firozee,300,,2500,MTR,237.93,,2026-08-15,minor_naming_variation,easy
POL003417,PO00688,1,98/2 Cotton Lycra Denim Rigid 300 GSM 63 inch Firozi,,Firozi,300,63,"1,000",mts,233.79,,2026-05-07,clean_exact_match,easy
POL003418,PO00688,2,55/45 Poly Wool Twill Suiting 275 GSM 58 inch Royal Blue,,Royal Blue,275,58,600 approx,Meters,265.75,,2026-05-02,clean_exact_match,easy
POL003419,PO00689,1,100% Polyester Digital Print Base 130 GSM 58 inch Sky Blue,,Sky Blue,130,58,300,M,130.15,,2026-08-09,clean_exact_match,easy
POL003420,PO00689,2,55/45 LINEN COTTON/215 GM/NAVY BLUE/PLAIN,,Navy Blue,215,,1500,mts,389.7,,2026-08-19,expired_historical_price,medium
POL003421,PO00689,3,"100% Polyester, Digital Print Base, 100GSM, 58"", Sky Blue",,Sky Blue,100,,300,MTRS,130.41,,2026-08-24,incorrect_colour_or_gsm,hard
POL003422,PO00689,4,100% Linen Plain 215 GSM 58 inch Off White,,Off White,215,58,600 approx,M,421.74,,2026-08-04,clean_exact_match,easy
POL003423,PO00689,5,100% Polyester Digital Print Base 130 GSM 58 inch Sky Blue,,Sky Blue,130,58,400,Meters,129.80,,2026-08-04,clean_exact_match,easy
POL003424,PO00689,6,140 g/m2 - Cream - 100% Viscose - Printed Plain,,Cream,140,,500 approx,Yards,148.91,,2026-09-08,wrong_unit_of_measure,exception
POL003425,PO00689,7,PLAIN - LINEN - 215GSM - 58IN - OFF-WHITE,,Offwhite,215,,1500,MTR,Rs. 422.30,,2026-08-14,minor_naming_variation,easy
POL003426,PO00690,1,100% Cotton/Drill/195 gm/60 inches,HAR-5247,,195,,800,mts,142.44,,2026-07-24,multiple_possible_sku_matches,hard
POL003427,PO00690,2,60/40 Cotton Poly Voile 130 GSM 44 inch Royal Blue,HAR-2558,Royal Blue,130,44,600,MTRS,104.67,,2026-08-08,clean_exact_match,easy
POL003428,PO00690,3,"60/40 Cotton Poly Fleece, Loop Terry, GSM 375, W-60, Beige",,Beige,375,,300,Kilo,INR 311.00,Rate as per last PO,2026-08-28,wrong_price_outside_tolerance,exception
POL003429,PO00690,4,60/40 Cotton Poly Fleece Polar 375 GSM 72 inch Navy Blue,HAR-7467,Navy Blue,375,72,500,Kg,409.77,,2026-08-13,clean_exact_match,easy
POL003430,PO00690,5,1X1 RIB - W-72 - GSM 255 - 95/5 COTTON LYCRA KNIT,HAR-2240,,255,,300 approx,kgs,Rs. 455.46,,2026-08-28,multiple_possible_sku_matches,hard
POL003431,PO00690,6,single jersey rust gsm 155 72' 100% cotton knit,,Rust,155,,250,KG,357.25,,2026-07-29,partial_catalogue_match,medium
POL003432,PO00690,7,"98/2 CTN LYC DNM  lightweigh  350 g/m2  58""  brown coffee",HAR-6323,Coffeee Brown,350,,1500,mtr,232.77/mtr,,2026-07-29,spelling_errors_and_abbreviations,medium
POL003433,PO00690,8,polar  72in  375gsm  dark blue  60/40 cotton poly fleece,,Navy Blue,375,,300,Kilo,569.45,Rate as per last PO,2026-08-03,wrong_price_outside_tolerance,exception
POL003434,PO00690,9,100% Cotton Knit  Single Jersey  155 g/m2  W-72  Lavender,,Lavender,155,,100,kgs,355.80,,2026-08-13,minor_naming_variation,easy
POL003435,PO00690,10,60/40 Cotton Poly Fleece Loop Terry 375 GSM 60 inch Beige,,Beige,375,60,80,Kilo,406.0,,2026-08-03,clean_exact_match,easy
POL003436,PO00691,1,"98/2 Cotton Lycra Denim, Rigid, 415gsm, 63in, Beige",VAI-5577,Beige,415,,1000,MTRS,259.21,,2026-06-09,small_acceptable_price_variation,easy
POL003437,PO00691,2,"60/40 Cotton Poly Fleece/Polar/395 g/m2/72""/Baby Pink",,Baby Pink,395,,100,Kilo,383.18 per unit,,2026-05-30,incorrect_colour_or_gsm,hard
POL003438,PO00691,3,"100% CTN KNIT, 22X RIB, GSM 275, x-60, ECRU",,Ecru,275,,200,kgs,INR 404.85,,2026-05-30,spelling_errors_and_abbreviations,medium
POL003439,PO00692,1,100% Polyester  Blackout Base  160 g/m2  W-54,,,160,,1200,mts,140.63,,2026-04-16,multiple_possible_sku_matches,hard
POL003440,PO00692,2,"70/30 Poly Cofton, Chenil1e, 415gsm, 58 inches, Rust ....",,,41 ###,,2500,Mtr,339.60,,2026-04-11,poor_quality_document,hard
POL003441,PO00692,3,sheeting fabric,,,,,600,mts,Rs. 207.25,,2026-04-16,ambiguous_product_match,hard
POL003442,PO00693,1,"Maroon, Canvas, 350 gm, 65/35 Poly Cotton, 63'",,Maroon,350,,600,M,Rs. 207.30,,2026-06-28,small_acceptable_price_variation,easy
POL003443,PO00693,2,465 GSM - 65/35 PC - Duck Canva s- Off-White - x-63,,Off Whire,465,,500,M,Rs. 241.04,,2026-06-28,spelling_errors_and_abbreviations,medium
POL003444,PO00693,3,65/35 POLY COTTON - CANVAS - 350GSM - W-63 - ECRU,,Ecru,350,,"1,500",Meters,213.64,,2026-06-18,partial_catalogue_match,medium
POL003445,PO00693,4,50/50 Poly Cotton Percale 170 GSM 108 inch Olive,,Olive,170,108,2000,mts,213.62,,2026-07-23,clean_exact_match,easy
POL003446,PO00693,5,100% Cotton Terry Hand Towel 380 GSM 30x60 inch Grey Melange,,Grey Melange,380,,200,Pcs,Rs. 191.68,,2026-07-03,clean_exact_match,easy
POL003447,PO00694,1,Black  55/45 Linen Cotton  215 g/m2  Plain,,Black,215,,800,M,427.54,,2026-07-28,no_historical_price,medium
POL003448,PO00694,2,100% CTN/Canvs Bottom/225 GSM/W-58/BTL RGN,,Bottle Green,225,,300,Mtr,Rs. 175.14,,2026-07-28,spelling_errors_and_abbreviations,medium
POL003449,PO00694,3,100% Cotton Canvas Bottom 225 GSM 58 inch Bottle Green,,Bottle Green,225,58,400,Meters,175.35,,2026-08-22,clean_exact_match,easy
POL003450,PO00694,4,100% COTTON CANVAS BOTTOM 225GSM W-58,,,225,,400,Meters,INR 175.29,,2026-07-23,multiple_possible_sku_matches,hard
POL003451,PO00694,5,100% Cotton Canvas Bottom 225 GSM 58 inch Bottle Green,,Bottle Green,225,58,200,M,Rs. 175.69,,2026-08-07,clean_exact_match,easy
POL003452,PO00694,6,"225GSM, 100% Cotton, Canvas Bottom, 58 inch",,,225,,1200,Mtr,175.00,,2026-07-28,multiple_possible_sku_matches,hard
POL003453,PO00694,7,B. Green 225GSM 100% Cotton Canvas Bottom,,Bottle Green,225,,"4,529",Meters,176.42,,2026-08-07,unusually_large_quantity,exception
POL003454,PO00694,8,58 inch 195GSM Canvas Bottom Bottle Green 100% Cotton,,Bottle Green,195,,2500,mts,175.34/mtr,,2026-08-07,incorrect_colour_or_gsm,hard
POL003455,PO00694,9,Dark Green - Canvas Bottom - 100% Cotton - GSM 225 - W-58,,Bottle Green,225,,150 approx,Mtr,199.68,Rate as per last PO,2026-07-28,wrong_price_outside_tolerance,exception
POL003456,PO00694,10,"215GSM, Plain, 100% Linen, Musturd",,Mustard,215,,1200,MTRS,438.31,,2026-07-28,no_historical_price,medium
POL003457,PO00695,1,"63 inch, 65/35 Poly Cotton, Canvas, 350 GSM",,,350,,150,M,204.92/mtr,,2026-05-21,multiple_possible_sku_matches,hard
POL003458,PO00695,2,Curtain Jacquard 100% Polyester GSM 195 Beige,,Beige,195,,"1,200",M,137.01,,2026-05-16,no_historical_price,medium
POL003459,PO00695,3,100% Cotton Terry Hand Towel 385 GSM 27x54 inch Silver Grey,,Silver Grey,385,,300,PCS,181.2,,2026-05-11,clean_exact_match,easy
POL003460,PO00695,4,"70/30 poly cotton, chenille, gsm 415, rust",,Rust,415,,1200,mtr,272.79,,2026-06-05,no_historical_price,medium
POL003461,PO00695,5,100% Cotton Terry Hand Towel 385 GSM 27x54 inch Silver Grey,,Silver Grey,385,,"2,000",pieces,181.88,,2026-05-11,clean_exact_match,easy
POL003462,PO00695,6,70/30 Poly Cotton  225 GSM  110 inches  Blackout Base  Maroon,,Maroon,225,,300,MTRS,186.4,,2026-05-11,partial_catalogue_match,medium
POL003463,PO00695,7,100% Cotton Terry Hand Towel 385 GSM 27x54 inch Silver Grey,,Silver Grey,385,,500 approx,NOS,INR 181.93,,2026-05-21,clean_exact_match,easy
POL003464,PO00695,8,65/35 Poly Cotton - Canvas - 350gsm - 63 inches - Brown Coffee,,Brown Coffee,350,,2000,MTRS,204.67,,2026-05-11,minor_naming_variation,easy
POL003465,PO00695,9,65/35 Poly Cotton Canvas 350 GSM 63 inch Coffee Brown,,Coffee Brown,350,63,2000 approx,MTRS,205.03,,2026-05-01,clean_exact_match,easy
POL003466,PO00695,10,100% Cotton Terry - Hand Towel - GSM 385 - Silver,,Silver Grey,385,,1000,NOS,181.7,,2026-05-11,minor_naming_variation,easy
POL003467,PO00696,1,100% Polyester Crepe 85gsm W-58 Off-White,,Off White,85,,1000,MTRS,57.5,,2026-07-25,wrong_price_outside_tolerance,exception
POL003468,PO00696,2,100% Polyester Crepe 85 GSM 58 inch Off White,,Off White,85,58,2500,mts,INR 69.14,,2026-07-20,clean_exact_match,easy
POL003469,PO00696,3,georgette material - 85gsm - OW,ADV-6173,,,,600,MTR,69.40,,2026-08-04,customer_specific_product_code,medium
POL003470,PO00696,4,100% Polyester Crepe 85gsm 58 inches Off White,,Off White,85,,1500,Mtr,67.42,,2026-07-30,small_acceptable_price_variation,easy
POL003471,PO00696,5,100% Polyester  Crepe  85GSM  W-58  Off White,,OW,85,,200,mtr,69.15,,2026-08-24,minor_naming_variation,easy
POL003472,PO00696,6,100% Polyester  Crepe  85GSM  58in  Off White,,Off White,85,,200,MTRS,71.92,,2026-07-20,small_acceptable_price_variation,easy
POL003473,PO00696,7,georgette material/85GSM/Off-White,ADV-5759,,,,200,M,69.57,,2026-08-24,customer_specific_product_code,medium
POL003474,PO00696,8,100% Polyester/Crepe/85GSM/58in/Off White,,Off White,85,,2500,Meters,69.41,Width to be 36 inch as per last supply,2026-08-09,conflicting_information_in_po,hard
POL003475,PO00697,1,100% Cotton Terry/Teal/Face Towel/575GSM,,Teal,575,,2000,NOS,433.62,,2026-09-11,wrong_price_outside_tolerance,exception
POL003476,PO00697,2,100% Cotton Terry Hand Towel 380 GSM 30x60 inch Grey Melange,,Grey Melange,380,,100,NOS,225.7,,2026-08-27,clean_exact_match,easy
POL003477,PO00697,3,terry towel pcs medium quality,,,,,1500,NOS,315.6,,2026-08-07,ambiguous_product_match,hard
POL003478,PO00698,1,100% Linen  Handloom Finish  220 GSM  58 inches  Off White,,Sky Blue,220,,200,MTR,434.07,,2026-08-04,incorrect_colour_or_gsm,hard
POL003479,PO00698,2,80/20 P0ly Cotfon/Poplin/145 g/m2/58'/Mint,,Mint,,,2000,Meters,102.7,,2026-07-25,poor_quality_document,hard
POL003480,PO00698,3,80/20 Poly Cotton Poplin 145gsm 58 inch Mint,,Mint,145,,150,MTRS,102.22,,2026-08-14,minor_naming_variation,easy
POL003481,PO00698,4,250 gm  80/20 Poly Viscose  Beige  58 inch  Suiting,ISH-9331,Beige,250,,800,MTRS,Rs. 232.46,,2026-07-25,small_acceptable_price_variation,easy
POL003482,PO00698,5,brushed twill gsm 155 bottle green 100% cotton,,Bottle Green,155,,9391,M,132.29/mtr,,2026-07-30,unusually_large_quantity,exception
POL003483,PO00699,1,YAS-1283 same as last time,YAS-1283,,,,500 approx,mts,INR 113.40,,2026-05-22,customer_specific_product_code,medium
POL003484,PO00699,2,"70/30 Modal Cotton, Light Blue, Satin, 180gsm",,Sky Blue,180,,600,mts,258.26,,2026-05-07,no_historical_price,medium
POL003485,PO00699,3,Poly  Crepe  105 gm  W-58  Dark Maroon,,Marun,105,,400,mts,INR 76.42,,2026-04-22,minor_naming_variation,easy
POL003486,PO00700,1,"100% vTN KNIT - 2x2 Rbi - 230 GSM - 60"" - Black",,Blackk,230,,150 approx,Kg,400.04,,2026-07-13,spelling_errors_and_abbreviations,medium
POL003487,PO00700,2,230GSM - Black - 60 inch - 100% Cotton Knit - 2x2 Rib,,Black,230,,150,KG,INR 414.74,,2026-07-23,small_acceptable_price_variation,easy
POL003488,PO00700,3,"72 inches, GSM 305, Brushed, 100% Polyester Fleece",,,305,,150 approx,KGS,295.20,,2026-07-13,multiple_possible_sku_matches,hard
POL003489,PO00701,1,100% Linen Handloom Finish 115 GSM 58 inch Peach,NIM-2066,Peach,115,58,400,M,233.43,,2026-06-15,clean_exact_match,easy
POL003490,PO00701,2,W-58 - 150gsm - 100% Combed Cotton - Sea Green - Dobby,,Sea Green,150,,~200,MTRS,125.57,,2026-06-15,partial_catalogue_match,medium
POL003491,PO00702,1,"58 inches, Blended Twill, 65/35 Poly Cotton, 145gsm",NIR-5763,,145,,1200,mts,91.80 per unit,,2026-08-28,multiple_possible_sku_matches,hard
POL003492,PO00703,1,70/30 Poly Cotton Upholstery Jacquard 310 GSM 54 inch Black,,Black,310,54,800,MTRS,232.56,,2026-07-03,clean_exact_match,easy
POL003493,PO00703,2,65/35 Poly Cotton Blended Twill 145 GSM 58 inch Beige,,Beige,145,58,~500,mtr,Rs. 88.25,,2026-07-23,clean_exact_match,easy
POL003494,PO00703,3,W-58 - Grey Melange - 215gsm - 95/5 Poly Spandex - Satin,,Gray Melange,215,,2500,MTRS,173.44,,2026-07-23,minor_naming_variation,easy
POL003495,PO00704,1,55/45 Linen Cotton Handloom Finish 195 GSM 58 inch Rust,,Rust,195,58,800,M,410.33,,2026-07-12,clean_exact_match,easy
POL003496,PO00704,2,POLY COTTON DENIM  RIGID  310GSM  LIGHT BLUE,,Sky Blue,310,,1000,mts,211.8,,2026-07-22,expired_historical_price,medium
POL003497,PO00704,3,98/2 Cotton Lycra Denim Rigid 415 GSM 63 inch Beige,,Beige,415,63,500,MTR,321.16,,2026-07-07,clean_exact_match,easy
POL003498,PO00704,4,LINEN CLOTH medium quality,,,,,~1000,M,264.59,,2026-07-22,ambiguous_product_match,hard
POL003499,PO00704,5,Fer0zi   100% Linen  58'  115 6SM  Handlo0m Finish ###,,Fir0zi,115,,2500,mts,264.57,,2026-07-02,poor_quality_document,hard
POL003500,PO00704,6,"150GSM 58"" Royal Blue 100% Combed Cotton Dobby",,Royal Blue,150,,~400,Mtr,146.52,,2026-07-02,small_acceptable_price_variation,easy
POL003501,PO00705,1,55/45 Linen Cotton Peach Handloom Finish 160 GSM,,Peach,160,,1200,MTR,328.29,,2026-06-18,no_historical_price,medium
POL003502,PO00705,2,60/40 Cotton Poly Cambric 105GSM W-44 Camel,,Camel,105,,1500,Mtr,96.81,Width to be 44 inch as per last supply,2026-06-23,conflicting_information_in_po,hard
POL003503,PO00705,3,"100% Cotton Knit 72"" Single Jersey Off White 155 g/m2",,Off White,155,,200 approx,KGS,334.66,,2026-06-28,partial_catalogue_match,medium
POL003504,PO00706,1,70/30 Modal Cotton - Satin - 180 gm - 58 inches - Sky Blue,,S. Blue,180,,"1,200",Meters,295.67,,2026-07-26,minor_naming_variation,easy
POL003505,PO00706,2,100% Cotton Denim Rigid 370 GSM 63 inch Lavender,,Lavender,370,63,150 approx,MTR,270.2,,2026-07-26,clean_exact_match,easy
POL003506,PO00706,3,100% CN KNIT SINGLE JS Y155GSM 72 INCHES TEAL,SAN-6760,Teal,155,,100,KGS,INR 348.73,,2026-07-11,spelling_errors_and_abbreviations,medium
POL003507,PO00706,4,"LIGHTTWEIGHT, 100% vTN DNM, MMINT, W-58, 310 G/M2",,Mnit,310,,2000,MTR,Rs. 212.29,,2026-07-16,spelling_errors_and_abbreviations,medium
POL003508,PO00706,5,linen material 115 gsm mint,SAN-8579,,,,800 approx,mts,272.79,,2026-08-10,customer_specific_product_code,medium
POL003509,PO00706,6,Sea Green  Handloom Finish  160 gm  55/45 Linen Cotton  58',SAN-3450,Sea Green,160,,2500,mtr,368.28,,2026-07-16,minor_naming_variation,easy
POL003510,PO00707,1,100% Cotton Knit 2x2 Rib 280 GSM 72' Wine,,Wine,280,,500,KG,501.77/kg,,2026-09-04,minor_naming_variation,easy
POL003511,PO00707,2,rib fabric,,,,,150,Kg,INR 501.69,,2026-10-04,ambiguous_product_match,hard
POL003512,PO00707,3,"100% Cotton 225gsm 58"" Canvas Bottom Camel",,Camel,225,,~600,mts,232.8,,2026-10-04,wrong_price_outside_tolerance,exception
POL003513,PO00707,4,"100% Cotton Knit/2x2 Rib/280GSM/72""",,,280,,400,KG,499.60,,2026-09-14,multiple_possible_sku_matches,hard
POL003514,PO00707,5,"100% Cotton Knit/2x2 Rib/280gsm/72""/Wine",,Wine,280,,400 approx,kgs,501.10,Width to be 36 inch as per last supply,2026-09-19,conflicting_information_in_po,hard
POL003515,PO00708,1,50/50 Poly Cotton Sheeting 180 GSM 108 inch Navy Blue,,Navy Blue,180,108,1500,mts,214.35,,2026-05-23,clean_exact_match,easy
POL003516,PO00708,2,100% CTN 63' 390gsm Duck Cnvad White,,White,390,,~2000,Mtr,Rs. 225.40,,2026-05-23,spelling_errors_and_abbreviations,medium
POL003517,PO00708,3,WHITE   390 G/M2  100% COTT0N  DUCK CANVA5  63IN |,,Whife ~~,390,,"1,500",Meters,225.1,,2026-05-08,poor_quality_document,hard
POL003518,PO00708,4,50/50 Poly Cotton Percale 120 GSM 90 inch Ecru,,Ecru,120,90,600,mts,149.96,,2026-04-18,clean_exact_match,easy
POL003519,PO00708,5,"180 g/m2 108"" Sheefing 50/50 Poly C0fton Dark B1ue",,Navy 8lue,,,800,Mtr,215.4,,2026-05-03,poor_quality_document,hard
POL003520,PO00709,1,275 gsm 97/3 cotton spandex 58 inch drill olive,,Olive,275,,800,Mtr,233.05,Width to be 60 inch as per last supply,2026-07-15,conflicting_information_in_po,hard
POL003521,PO00709,2,Royal Blue  Dobby  100% Combed Cotton  58in  150 g/m2,,Grey Melange,150,,600,Meters,140.27 per unit,,2026-07-15,incorrect_colour_or_gsm,hard
POL003522,PO00710,1,100% Polyester White Chenille W-58 350GSM,,White,350,,1200,MTR,313.63,,2026-07-27,partial_catalogue_match,medium
POL003523,PO00710,2,100% POLYESTER CURTAIN JACQUARD 180 G/M2 W-54 BEIGE,,Beige,180,,2000 approx,MTRS,169.25,,2026-07-17,incorrect_colour_or_gsm,hard
POL003524,PO00710,3,100% Cotton Duck Canvas 465 GSM 58 inch Olive,,Olive,465,58,1200,mts,278.50,,2026-07-12,clean_exact_match,easy
POL003525,PO00710,4,"100% PLY, CURr jacquard, 195 gm, 54in, beige",,Beige,195,,1000,Mtr,169.69/mtr,,2026-07-07,spelling_errors_and_abbreviations,medium
POL003526,PO00710,5,Jute Hessian Cloth 280 GSM 40 inch Natural,,,,,400,MTR,INR 301.55,,2026-07-17,unknown_product,exception
POL003527,PO00710,6,curtain cloth,,,,,"2,500",Mtr,162.09,,2026-07-17,ambiguous_product_match,hard
POL003528,PO00710,7,Curtain Jacquard - Beige - 54in - 100% PLY - 195 f/m2,,Beigge,195,,200,MTRS,169.28 per unit,,2026-07-27,spelling_errors_and_abbreviations,medium
POL003529,PO00711,1,"55/45 Poly Wool, Twill Suiting, 230 GSM, Peach",,Peach,230,,150,Meters,194.02,,2026-04-17,no_historical_price,medium
POL003530,PO00711,2,MAN-6138 same as last time,MAN-6138,,,,~1200,mts,226.53,,2026-04-27,customer_specific_product_code,medium
POL003531,PO00711,3,W-58  GSM 125  65/35 PC  Poplin  lOiive,,Olive,125,,1500,MTRS,Rs. 79.53,,2026-04-27,spelling_errors_and_abbreviations,medium
POL003532,PO00711,4,65/35 PC  w-58  brushed twill  R.LE  170 gm,,Roya lBlue,170,,1500,mts,INR 133.79,,2026-04-12,spelling_errors_and_abbreviations,medium
POL003533,PO00711,5,170 GSM 58 inch Brushed Twill Royal Blue 65/35 Poly Cotton,,Royal Blue,170,,1000,M,Rs. 134.16,Please supply in Bottle Green as discussed,2026-05-02,conflicting_information_in_po,hard
POL003534,PO00711,6,65/35 Poly Cotton/Blended Shirting/Cream/140 gm,,Cream,140,,1200,Yards,94.30/mtr,,2026-04-27,wrong_unit_of_measure,exception
POL003535,PO00711,7,"100% vTN Dck Canvas 390gsm 63"" Turquoies",,Furozi,390,,500,MTRS,226.57,,2026-04-27,spelling_errors_and_abbreviations,medium
POL003536,PO00711,8,63 inches 100% Cotton Duck Canvas 390 GSM Bottle Green,,Bottle Green,390,,200,Mtr,226.41 per unit,,2026-04-27,partial_catalogue_match,medium
POL003537,PO00711,9,80/20 Poly Cotton Blended Shirting 115 GSM 63 inch Wine,,Wine,115,63,2500,mts,83.1,,2026-05-17,clean_exact_match,easy
POL003538,PO00711,10,65/35 Poly Cotton/58'/Cream/140 GSM/Blended Shirting,,Cream,140,,2500,Mtr,94.06/mtr,,2026-05-17,minor_naming_variation,easy
POL003539,PO00712,1,SHIRT MATERIAL,,,,,800 approx,mts,INR 97.06,,2026-06-20,ambiguous_product_match,hard
POL003540,PO00712,2,100% CTN KINT  155 GM  SINGLE JERSEY  72IN  SEA GREEN,,Sea Green,155,,250,KGS,335.20,,2026-07-15,spelling_errors_and_abbreviations,medium
POL003541,PO00713,1,63 inches  350GSM  Coffee Brown  Canvas  65/35 Poly Cotton,,Coffee Brown,350,,2500,MTR,206.11,Width to be 54 inch as per last supply,2026-04-21,conflicting_information_in_po,hard
POL003542,PO00713,2,65/35  poly cotfon - canvas - 350 gsm - 63' - coffee br0wn,,C0ffee  Brown,310 ~~,,800,Mtr,Rs. 205.90,,2026-05-01,poor_quality_document,hard
POL003543,PO00713,3,100% Cotton Terry Hand Towel 385 GSM 27x54 inch Silver Grey,,Silver Grey,385,,~2000,PCS,181.19/pc,,2026-05-06,clean_exact_match,easy
POL003544,PO00713,4,50/50 Poly Cotton Sheeting 210 GSM 90 inch Charcoal,,Charcoal,210,90,150,mts,250.1,,2026-05-01,clean_exact_match,easy
POL003545,PO00713,5,100% Cotton Terry Hand Towel 385gsm Silver Grey,,Silver Grey,385,,1500,pc,173.66,,2026-05-06,small_acceptable_price_variation,easy
POL003546,PO00713,6,50/50 Poly CTN oerrcale 210 g/m2 90 iinch Haldi,,Mustard,210,,400 approx,mtr,250.29,,2026-05-21,spelling_errors_and_abbreviations,medium
POL003547,PO00713,7,100% COTTON TERRY HAND TOWEL 385GSM SILVER GREY,,Silver Grey,385,,100,Mtrs,180.68/pc,,2026-05-21,wrong_unit_of_measure,exception
POL003548,PO00714,1,linen material - GSM 195 - Coffee Brown,OOR-6075,,,,300,Meters,416.52,,2026-06-20,customer_specific_product_code,medium
POL003549,PO00714,2,63 inch - Rigid - GSM 300 - 98/2 Cotton Lycra Denim - Peach,,Peach,300,,"1,000",mtr,INR 235.65,,2026-06-15,minor_naming_variation,easy
POL003550,PO00714,3,55/45 Linen CTN 58in Handlpom Finsh Brown Coffee GSM 195,OOR-2598,Coffee Brown,195,,300,Mtr,412.65 per unit,,2026-06-20,spelling_errors_and_abbreviations,medium
POL003551,PO00714,4,linen cloth,,,,,200,MTR,INR 415.30,,2026-06-10,ambiguous_product_match,hard
POL003552,PO00714,5,55/45 linen cotton - handloom finish - 195 gm - 58' - coffee brown,,Coffee Brown,195,,~400,mtr,INR 413.98,,2026-07-10,minor_naming_variation,easy
POL003553,PO00714,6,63in/Peach/300 GSM/Rigid/98/2 Cotton Lycra Denim,,Peach,300,,600,Mtr,235.44,,2026-06-20,minor_naming_variation,easy
POL003554,PO00714,7,70/30 Modal Cotton Plain 160 GSM 58 inch Greige RFD,OOR-5842,Greige RFD,160,58,1200,Meters,224.94,,2026-06-20,clean_exact_match,easy
POL003555,PO00714,8,70/30 MODAL COTTON W-58 160 G/M2 PLAIN,OOR-3277,,160,,1500,Mtr,225.00/mtr,,2026-07-10,multiple_possible_sku_matches,hard
POL003556,PO00715,1,55/45 POLY WOOL SUITING 220GSM W-58,KAV-5443,,220,,300,Mtr,196.72,,2026-05-19,multiple_possible_sku_matches,hard
POL003557,PO00715,2,8EIGE/BLENDED TWlLL/65/35 POLY COTTON/145 G5M/58 INCHE5,,Beige,145,,400,M,88.40 per unit,,2026-06-03,poor_quality_document,hard
POL003558,PO00715,3,"100% CTN, xlannel, 165 GSM, 58 inch, Bkack",,Black,165,,300,MTR,134.39,,2026-05-29,spelling_errors_and_abbreviations,medium
POL003559,PO00715,4,58 inches - Suiting - 220GSM - 55/45 /W - Light Pnk,,Baby Pin,220,,1500,mtr,206.60,,2026-05-29,spelling_errors_and_abbreviations,medium
POL003560,PO00716,1,100% Cotton Knit Melange Jersey 200 GSM 72 inch Baby Pink,,Baby Pink,200,72,400,kgs,370.84,,2026-05-31,clean_exact_match,easy
POL003561,PO00716,2,T-SHIRT KNIT medium quality,,,,,500 approx,Kg,370.37,,2026-05-16,ambiguous_product_match,hard
POL003562,PO00716,3,200GSM Melange Jersey 100% Cotton Knit Light Pink,,Baby Pink,200,,300,MTR,Rs. 367.70,,2026-06-20,wrong_unit_of_measure,exception
POL003563,PO00716,4,Poly Cotton Denim Lightweight 255 GSM 58 inch Royal Blue,,Royal Blue,255,58,1000,MTR,INR 174.99,,2026-06-05,clean_exact_match,easy
POL003564,PO00716,5,97/3 Cotton Spandex  S. Blue  Drill  GSM 275,,Sky Blue,275,,1000,M,188.41/mtr,,2026-05-21,no_historical_price,medium
POL003565,PO00716,6,"100%  8inen, P1ain8215 g/m2, 58"",Cream",,,215,,150,Meters,Rs. 412.23,,2026-05-26,poor_quality_document,hard
POL003566,PO00716,7,60/40 Poly Cotton Knit Melange Jersey 155 GSM 60 inch Off White,,Off White,155,60,200,KG,311.50,,2026-05-21,clean_exact_match,easy
POL003567,PO00717,1,110 GSM  Rust  65/35 Poly Cotton  58'  Poplin,KAV-6243,Rust,110,,1500,Mtr,80.04,,2026-07-11,partial_catalogue_match,medium
POL003568,PO00717,2,65/35 Poly Cotton  Poplin  110 g/m2  58 inch  Cream,KAV-7177,Cream,110,,300,Mtr,79.80,"Ref our mail - actually need Firozi, not as written above",2026-07-16,conflicting_information_in_po,hard
POL003569,PO00717,3,Poplin/110gsm/Royal Blue/58 inch/65/35 Poly Cotton,,Royal Blue,110,,200,mts,Rs. 91.28,Rate as per last PO,2026-07-16,wrong_price_outside_tolerance,exception
POL003570,PO00717,4,PC SHIRTING/W-58,,,,,400,MTRS,Rs. 78.33,,2026-08-10,ambiguous_product_match,hard
POL003571,PO00717,5,58n/Cream/65/35 PC/Poplin/110 GSM,,Cream,110,,~150,MTRS,79.73,,2026-07-16,spelling_errors_and_abbreviations,medium
POL003572,PO00718,1,100% COTTON KNIT  2X2 RIB  275 G/M2  60',,,275,,200,Kilo,INR 472.80,,2026-07-20,multiple_possible_sku_matches,hard
POL003573,PO00718,2,100% Polyester Fleece - Brushed - 275 GSM - 60 inches,,,275,,300,Kg,292.78,,2026-07-25,multiple_possible_sku_matches,hard
POL003574,PO00718,3,100% Cotton Knit 2x2 Rib 280GSM 72 inch Baby Pink,,Ecru,280,,150,KG,479.80,,2026-07-20,incorrect_colour_or_gsm,hard
POL003575,PO00718,4,"97/3 Cotton Spandex, Canvas Bottom, 195GSM, 60in, Sea Green",,Sea Green,195,,1000,Mtr,INR 165.31,,2026-07-20,minor_naming_variation,easy
POL003576,PO00719,1,"Satin - Lavender - 58"" - 95/5 Poly Spandex - 215 g/m2",,Lavender,215,,800,mtr,157.10,Note: rate agreed for 190 GSM quality,2026-05-30,conflicting_information_in_po,hard
POL003577,PO00719,2,Satin 110 g/m2 Silver Grey 100% Polyester 58 inch,,Silver Grey,110,,~2000,M,89.74,,2026-06-19,small_acceptable_price_variation,easy
POL003578,PO00720,1,CREAM 90GSM 100% VISCOSE PRINTED PLAIN W-58,,Cream,90,,800,mtr,99.17,,2026-07-29,minor_naming_variation,easy
POL003579,PO00720,2,50/50 Poly Cotton Sheeting 210 GSM 90 inch Bottle Green,,Bottle Green,210,90,400,mts,235.47,,2026-07-29,clean_exact_match,easy
POL003580,PO00720,3,100% Cotton/Duck Canvas/465gsm/Royal Blue,,Royal Blue,465,,200,Mtr,246.96,,2026-07-29,no_historical_price,medium
POL003581,PO00720,4,100% Cotton/Brushed Twill/235GSM/Dark Maroon,,Maroon,235,,600,Meters,Rs. 162.41,,2026-07-24,no_historical_price,medium
POL003582,PO00720,5,MINT - 110GSM - GEORGETTE - 100% POLYESTER,,Mint,110,,,M,Rs. 70.15,,2026-08-23,missing_quantity,exception
POL003583,PO00720,6,"100% Polyester Crepe 85 gm 58""",,,85,,150,mts,61.6,,2026-08-23,multiple_possible_sku_matches,hard
POL003584,PO00720,7,80/20 Poly Viscose Suiting 290 GSM 60 inch Rust,,Rust,290,60,600,mts,INR 222.43,,2026-08-23,clean_exact_match,easy
POL003585,PO00720,8,98/2 Cotton Lycra Denim - Rigid - Sea Green - GSM 300,,Sea Green,300,,600,Mtr,232.65,,2026-07-24,expired_historical_price,medium
POL003586,PO00720,9,marun/50/50 poly cotton/108'/115gsm/bedsheet fabric,,Dark Maroon,115,,800,M,163.79,,2026-07-19,minor_naming_variation,easy
POL003587,PO00720,10,"100% Polyester Velvet, 21 Wale, 225gsm, 44 inches",,,225,,400,mtr,Rs. 162.01,,2026-08-08,multiple_possible_sku_matches,hard
POL003588,PO00720,11,GSn 200 W-58 65/35 PC Lt Gry Flannel,,Silver Grey,200,,1500,M,145.76,,2026-07-24,spelling_errors_and_abbreviations,medium
POL003589,PO00720,12,"100% LIN Hanldoom Finish GSM 115 58"" Coffee",,Coffee Brown,115,,200,mts,250.43,,2026-07-24,spelling_errors_and_abbreviations,medium
POL003590,PO00721,1,95/5 Cotton Lycra Knit Melange Jersey 220GSM 60in Camel,AAS-1576,Camel,220,,300,Kilo,461.73,,2026-06-11,small_acceptable_price_variation,easy
POL003591,PO00722,1,100% Polyester Fleece Brushed 240 GSM 72 inch Olive,,Olive,240,72,80,Kg,253.88,,2026-07-29,clean_exact_match,easy
POL003592,PO00722,2,fleece cloth/240gsm/greige rfd,GIR-1176,,,,150,kgs,224.0,,2026-08-23,customer_specific_product_code,medium
POL003593,PO00722,3,60 inch/Canvas Bottom/Sea Green/97/3 Cotton Spandex/195 gm,,Sea Green,195,,1200 approx,M,INR 106.26,Rate confirmed on call,2026-07-19,wrong_price_outside_tolerance,exception
POL003594,PO00722,4,JEANS FABRIC 58 INCH,,,,,800,Meters,221.93/mtr,,2026-08-03,ambiguous_product_match,hard
POL003595,PO00722,5,Poly Cotton Denim - 255GSM - 58 inch - Lightweight - Silver,,Silver,255,,150,mtr,Rs. 164.89,,2026-08-23,minor_naming_variation,easy
POL003596,PO00722,6,97/3 Cotton Spandex Canvas Bottom 195 GSM 60 inch Sea Green,,Sea Green,195,60,800,Mtr,Rs. 170.88,,2026-07-19,clean_exact_match,easy
POL003597,PO00722,7,98/2 Cotton Lycra Denim Lightweight 350 GSM 58 inch Coffee Brown,,Coffee Brown,350,58,400,mtr,231.56,,2026-08-03,clean_exact_match,easy
POL003598,PO00722,8,Poly Cotton Denim/Lightweight/255 g/m2/W-58/Silver Grey,,Silver Grey,255,,2500 approx,MTRS,Rs. 210.85,Rate confirmed on call,2026-07-29,wrong_price_outside_tolerance,exception
POL003599,PO00722,9,"60""/95/5 Cotton Lycra Knit/Single Jersey/Sea Green/155 gm",,Sea Green,155,,300,kgs,333.22,Note: rate agreed for 195 GSM quality,2026-07-19,conflicting_information_in_po,hard
POL003600,PO00723,1,LAVENDER 465 GSM 65/35 POLY COTTON DUCK CANVAS 63IN,,Lavender,465,,150,mts,274.69,,2026-05-23,small_acceptable_price_variation,easy
POL003601,PO00723,2,97/3 Cotton Spandex Canvas Bottom 195 GSM 60 inch Cream,,Cream,195,60,300,mtr,168.49,,2026-06-02,clean_exact_match,easy
POL003602,PO00723,3,58'  375gsm  65/35 P01y Coffon  Light Pink  Canvas,,,,,2500 approx,Meters,Rs. 224.72,,2026-06-07,poor_quality_document,hard
POL003603,PO00724,1,"SJ knit, Sea Green, 160gsm",SUR-9483,,,,400,KGS,333.30,,2026-04-18,customer_specific_product_code,medium
POL003604,PO00724,2,?,,,,,1200,M,145.15,,2026-05-23,malformed_incomplete_order,exception
POL003605,PO00724,3,1056SM/Satin/58'/Ecru/100%  Lyoce11,,,10?,,400,MTR,INR 170.12,,2026-05-03,poor_quality_document,hard
POL003606,PO00724,4,100% COTTON KNIT/MELANGE JERSEY/GSM 160/60IN,,,160,,500 approx,KG,334.15,,2026-04-18,multiple_possible_sku_matches,hard
POL003607,PO00725,1,SJ KNIT - 155 G/M2 - TEAL,NIM-9844,,,,150,kgs,Rs. 299.79,,2026-06-06,customer_specific_product_code,medium
POL003608,PO00725,2,"Rust, 415gsm, Rigid, 98/2 Cotton Lycra Denim",,Rust,415,,400,MTRS,295.7,,2026-05-07,expired_historical_price,medium
POL003609,PO00725,3,60/40 Poly Cotton Knit/Melange Jersey/Off White/155 g/m2,NIM-6031,Off White,155,,250,kgs,288.95,,2026-06-06,no_historical_price,medium
POL003610,PO00725,4,100% Lyocell Satin 150 GSM 58 inch Maroon,NIM-6010,Maroon,150,58,200,Mtr,225.26,,2026-05-12,clean_exact_match,easy
POL003611,PO00725,5,Drill  Olivee  58 inches  97/3 CTN Spandex  275 GSM,,Olive,275,,400,mtr,200.12,,2026-05-07,spelling_errors_and_abbreviations,medium
POL003612,PO00725,6,100% CTN KKNIT - Single Jersey - 160 GSM - 60 inchs - B. Green,NIM-7319,Bottle Green,160,,200,kgs,306.17,,2026-05-02,spelling_errors_and_abbreviations,medium
POL003613,PO00725,7,97/3  Cotton Spandex 195gsm 60 inches Canvas 80ttom Lavender,,,895,,1500,mts,153.02,,2026-05-02,poor_quality_document,hard
POL003614,PO00725,8,55/45 Linen Cotton Handloom Finish 160GSM 58 inch,,,160,,500,MTR,316.55 per unit,,2026-05-22,multiple_possible_sku_matches,hard
POL003615,PO00725,9,98/2 CTN LYC DNM - ilghtwright - 350 gm - 58 inhc - wine,NIM-1855,Wine,350,,400,mts,243.10,,2026-05-02,spelling_errors_and_abbreviations,medium
POL003616,PO00725,10,"70/30 modal cotton plain 190 gsm 58"" charcoal",,Charcoal,190,,300,mts,227.25,,2026-06-06,incorrect_colour_or_gsm,hard
POL003617,PO00726,1,65/35 Poly Cotton Duck Canvas 310 GSM 63 inch Lavender,,Lavender,310,63,800,mts,200.62,,2026-08-04,clean_exact_match,easy
POL003618,PO00726,2,65/35 Poly Cotton Canvas 375 GSM 58 inch Greige RFD,,Greige RFD,375,58,800,Mtr,Rs. 210.61,,2026-08-04,clean_exact_match,easy
POL003619,PO00726,3,65/35 Poly Cotton Blended Twill 145 GSM Ecru,,Ecru,145,,2000,mts,91.65,,2026-07-20,no_historical_price,medium
POL003620,PO00726,4,65/35 poly cotton  blended shirting  140gsm  58 inches,,,140,,2500,mtr,106.48,,2026-08-24,multiple_possible_sku_matches,hard
POL003621,PO00726,5,Wool Felt 400 GSM 72 inch Charcoal,,,,,~1000,mtr,INR 157.91,,2026-07-30,unknown_product,exception
POL003622,PO00726,6,Olive/100% CTN/Duck Canvass/58'/465 gm,,Oliive,465,,400,MTR,INR 280.96,,2026-07-20,spelling_errors_and_abbreviations,medium
POL003623,PO00726,7,80/20 Poly Cotton/58 inches/Mint/145 g/m2/Poplin,,Mint,145,,1500,M,107.33,,2026-08-09,minor_naming_variation,easy
POL003624,PO00727,1,100% Linen Plain 215 GSM 58 inch Cream,,Cream,215,58,150,mts,415.83,,2026-08-31,clean_exact_match,easy
POL003625,PO00727,2,58 inches Dark Blue 225 GSM Canvas Bottom Cotton,,Navy Blue,225,,1200,Mtr,160.46,,2026-08-31,minor_naming_variation,easy
POL003626,PO00727,3,100% Cotton Canvas Bottom 225 GSM 58 inch Navy Blue,,Navy Blue,225,58,"1,000",MTRS,159.3,,2026-09-15,clean_exact_match,easy
POL003627,PO00727,4,100% Cotton Canvas Bottom 225 GSM 58 inch Navy Blue,,Navy Blue,225,58,600,Meters,159.98,,2026-08-31,clean_exact_match,easy
POL003628,PO00727,5,Poly Cotton Denim Lightweight 255 gm Royal Blue,,Royal Blue,255,,800,Bales,174.1,,2026-09-15,wrong_unit_of_measure,exception
POL003629,PO00727,6,100% Cotton 58 inches Canvas Bottom 225 gm Baby Pink,,Baby Pink,225,,400,M,160.63,,2026-08-16,partial_catalogue_match,medium
POL003630,PO00727,7,100% Cotton Knit Melange Jersey 200 GSM 72 inch Baby Pink,,Baby Pink,200,72,400,KGS,368.25,,2026-09-15,clean_exact_match,easy
POL003631,PO00727,8,100% Cotton Canvas Bottom 225 GSM 58 inch Navy Blue,,Navy Blue,225,58,500 approx,MTRS,159.13/mtr,,2026-09-15,clean_exact_match,easy
POL003632,PO00728,1,60/40 Cotton Poly Fleece Polar 375 GSM 72 inch Teal,,Teal,375,72,400,Kg,420.5,,2026-06-13,clean_exact_match,easy
POL003633,PO00728,2,97/3 Cotton Spandex Drill 275 GSM 58 inch Sky Blue,,Sky Blue,275,58,1500,MTR,INR 221.30,,2026-06-18,clean_exact_match,easy
POL003634,PO00728,3,W-63 - 65/35 Poly Cotton - Camel - Duck Canvas - GSM 405,,Camel,405,,300,MTR,243.01,,2026-07-03,partial_catalogue_match,medium
POL003635,PO00728,4,115gsm - charcoal grey - 63in - blended shirting - 80/20 poly cotton,,Dark Grey,115,,300,M,Rs. 85.21,,2026-07-03,minor_naming_variation,easy
POL003636,PO00728,5,115 gm  63 inch  Blended Shirting  Charcoal Grey  80/20 Poly Cotton,,Dark Grey,115,,150,mtr,85.37,,2026-07-03,minor_naming_variation,easy
POL003637,PO00729,1,WINE  100% COTTON TERRY  FACE TOWEL  450GSM,,Wine,450,,750,Pcs,Rs. 212.39,,2026-04-27,minor_naming_variation,easy
POL003638,PO00729,2,100% Cotton Terry Hand Towel 470 gm Bottle Green,,Bottle Green,470,,750,pc,228.93 per unit,Width to be 44 inch as per last supply,2026-05-02,conflicting_information_in_po,hard
POL003639,PO00729,3,100% Cotton Terry Face Towel 450 GSM 16x24 inch Wine,,Wine,450,,100,PCS,INR 212.68,,2026-04-22,clean_exact_match,easy
POL003640,PO00729,4,100% cotton terry white 470 gm hand towel,,White,470,,1000,NOS,INR 229.26,,2026-05-12,partial_catalogue_match,medium
POL003641,PO00729,5,100% Cotton Terry Face Towel 450 GSM 16x24 inch Wine,,Wine,450,,"2,000",pieces,214.29,,2026-04-22,clean_exact_match,easy
POL003642,PO00729,6,vOFFEE Canvas 375gsm 65/35 PC -58,,Coffe Brown,375,,1500,mtr,214.98,,2026-05-07,spelling_errors_and_abbreviations,medium
POL003643,PO00729,7,100% Cotton Terry Hand Towel 385 GSM 12x12 inch Coffee Brown,,Coffee Brown,385,,200,pieces,Rs. 191.35,,2026-05-27,clean_exact_match,easy
POL003644,PO00729,8,"Wine, Face Towel, GSM 450, 100% Cotton Terry",,Wine,450,,~100,Pcs,Rs. 213.73,,2026-04-27,minor_naming_variation,easy
POL003645,PO00729,9,coffee brown/100% cotton terry/hand towel/385gsm,,Coffee Brown,385,,500,pc,196.39,,2026-04-22,small_acceptable_price_variation,easy
POL003646,PO00729,10,375 g/m2 - White - 65/35 Poly Cotton - W-58 - Canvas,,White,375,,~400,Meters,214.64,,2026-05-27,partial_catalogue_match,medium
POL003647,PO00730,1,100% MDL TWLLL 130 G/M2 58 IINCH SEA GRN,,Sea Green,130,,1200,MTR,208.22,,2026-08-14,spelling_errors_and_abbreviations,medium
POL003648,PO00730,2,100% MODAL - TWILL - 130GSM - SEA GREEN,,Sea Green,130,,150,YDS,INR 209.47,,2026-08-04,wrong_unit_of_measure,exception
POL003649,PO00730,3,100% PLY PTR Plain 100 GMS 44 inches B.PINKK,,Baby Pink,100,,2000,mtr,INR 113.35,,2026-07-30,spelling_errors_and_abbreviations,medium
POL003650,PO00731,1,58 inch  GSM 125  95/5 Viscose Lycra  Rayon Crepe  Silver Grey,,Silver Grey,125,,600 approx,Meters,Rs. 106.58,,2026-05-15,partial_catalogue_match,medium
POL003651,PO00731,2,95/5 Viscose Lycra Rayon Crepe 125 GSM 58 inch Bottle Green,,Bottle Green,125,58,500,mtr,INR 106.83,,2026-05-25,clean_exact_match,easy
POL003652,PO00731,3,as per our code SUR-1896,SUR-1896,,,,~2500,Meters,72.70,,2026-05-20,customer_specific_product_code,medium
POL003653,PO00731,4,"Rayon Crepe 95/5 Viscose Lycra GSM 125 58""",,,125,,600,Mtr,106.3,,2026-05-10,multiple_possible_sku_matches,hard
POL003654,PO00732,1,"95/5 CTN LYC/60""/Olivee/Waffle/195gsmm",,Olive,195,,200,kgs,337.29,,2026-08-20,spelling_errors_and_abbreviations,medium
POL003655,PO00732,2,240 gm  interlock knit  Nevy Blue,CHA-6747,,,,150,KGS,357.67,,2026-08-25,customer_specific_product_code,medium
POL003656,PO00732,3,98/2 Cotton Lycra Chino 210 GSM 58 inch Charcoal,,Charcoal,210,58,400,Meters,153.2,,2026-08-20,clean_exact_match,easy
POL003657,PO00732,4,Cotton Drill 195 gm W-60 Teal,,Teal,195,,500,mtr,139.97,,2026-08-25,minor_naming_variation,easy
POL003658,PO00733,1,180 g/m2/70/30 modal cotton/58 inch/s. blue/satin,,Light Blue,180,,600,Meters,297.41,,2026-06-21,minor_naming_variation,easy
POL003659,PO00733,2,"70/30 Modal Cotton - Satin - 180GSM - 58""",SAN-6464,,180,,600,Meters,INR 298.43,,2026-07-01,multiple_possible_sku_matches,hard
POL003660,PO00733,3,100% Hemp Canvas 320 GSM 58 inch Natural,,,,,1200,MTR,308.2,,2026-06-26,unknown_product,exception
POL003661,PO00734,1,plain 215gsm linen sea green 58',,Sea Green,215,,2500,MTR,439.45,,2026-09-04,minor_naming_variation,easy
POL003662,PO00734,2,"100% POLYESTER, DIGITAL PRINT BASE, W-58, 130GSM",,,130,,800,M,130.1,,2026-09-19,multiple_possible_sku_matches,hard
POL003663,PO00734,3,100% Lyocell Satin 150 GSM 58 inch Lavender,,Lavender,150,58,~1500,mts,Rs. 216.30,,2026-09-04,clean_exact_match,easy
POL003664,PO00734,4,print base - W-58 medium quality,,,,,1200,Meters,Rs. 130.57,,2026-09-04,ambiguous_product_match,hard
POL003665,PO00735,1,"100% Lyocell, Satin, GSM 150, Peach",OJA-4193,Peach,150,,300,MTR,235.50,,2026-05-27,expired_historical_price,medium
POL003666,PO00735,2,"Dark Gre, 60 inches, 98/2 CTN Lycra, GSM 235, Drill",,Bottle Geen,235,,"1,200",MTRS,191.14 per unit,,2026-06-01,spelling_errors_and_abbreviations,medium
POL003667,PO00735,3,Black GSM 160 100% Combed Cotton W-44 Oxford,OJA-4171,Black,160,,1500,Mtr,129.96,,2026-06-11,partial_catalogue_match,medium
POL003668,PO00735,4,130 gm/100% Modal/Marun/Twill,OJA-2837,Maroon,130,,150,Mtr,INR 209.42,,2026-06-06,expired_historical_price,medium
POL003669,PO00735,5,linen cloth,OJA-4110,,,,800,mtr,236.2,,2026-06-01,ambiguous_product_match,hard
POL003670,PO00735,6,100% Combed Cotton Poplin 95GSM 58 inches Teal,,Teal,95,,400,M,49.07,,2026-06-01,wrong_price_outside_tolerance,exception
POL003671,PO00735,7,Maroon Satin 150 g/m2 58 inches 100% Lyocell,,Dark Maroon,150,,1200,Mtr,212.64,,2026-05-22,minor_naming_variation,easy
POL003672,PO00736,1,"105gsm, Grey ML, 44 inch, 100% VIS, Print Base",,Grey Melange,105,,800,mts,Rs. 117.20,,2026-08-05,spelling_errors_and_abbreviations,medium
POL003673,PO00736,2,Turquoise Crepe 110 GSM 100% Polyester,,Firozi,110,,500 approx,mtr,INR 76.11,,2026-08-20,expired_historical_price,medium
POL003674,PO00736,3,"GSM 125, linen material, Turquoise",ADV-5718,,,,300,MTRS,268.54,,2026-08-05,customer_specific_product_code,medium
POL003675,PO00737,1,100% Polyester Georgette 110 GSM 44 inch Mint,,Mint,110,44,300,Mtr,75.58,,2026-05-17,clean_exact_match,easy
POL003676,PO00737,2,ecru - 100% cotton terry - 425 gm - hand towel,,Ecru,425,,1000,pc,INR 215.99,,2026-05-17,minor_naming_variation,easy
POL003677,PO00737,3,as per our code NIR-1244,NIR-1244,,,,300,NOS,215.20,,2026-04-17,customer_specific_product_code,medium
POL003678,PO00738,1,Poly Cotton Denim Rigid 310 GSM 63 inch Camel,,Camel,310,63,200,mts,223.86,,2026-07-06,clean_exact_match,easy
POL003679,PO00738,2,Poly Cotton Denim Rigid 310 GSM 63 inch Camel,,Camel,310,63,1500,mts,INR 222.03,,2026-06-11,clean_exact_match,easy
POL003680,PO00739,1,100% Polyester/Satin/105 GSM/Mint,,Mint,105,,1500,Meters,78.04,,2026-07-10,expired_historical_price,medium
POL003681,PO00739,2,100% Lyocell  Satin  GSM 150  Lavender,,Lavender,150,,1500,MTR,210.16,,2026-07-30,expired_historical_price,medium
POL003682,PO00739,3,100% POLYESTER - DIGITAL PRINT BASE - 145 GSM - 58 INCHES - SKY BLUE,,Sky Blue,145,,1000,Meters,130.22,,2026-07-30,incorrect_colour_or_gsm,hard
POL003683,PO00739,4,58 INC/HPLAIN/100% ILN/215GSM/SEA GREEN,,Sea reen,215,,600,mts,438.94,,2026-07-20,spelling_errors_and_abbreviations,medium
POL003684,PO00739,5,58in SSea rGeen Plain GSM 215 100% LIN,,Sea GGreen,215,,2000,mts,437.89,,2026-08-14,spelling_errors_and_abbreviations,medium
POL003685,PO00739,6,100% Linen Plain 215 GSM 58 inch Sea Green,,Sea Green,215,58,2000 approx,mtr,Rs. 438.70,,2026-08-14,clean_exact_match,easy
POL003686,PO00739,7,100% Viscose Printed Plain 140 GSM 58 inch Cream,,Cream,140,58,500,Meters,147.73,,2026-07-20,clean_exact_match,easy
POL003687,PO00739,8,100% Linen  Plain  215gsm  58 inches  Sea Green,,Sea Green,215,,300,mts,436.55,,2026-07-30,minor_naming_variation,easy
POL003688,PO00739,9,"100% polyester, digital print base, 130gsm, 58in, peach",,Peach,130,,600,Meters,Rs. 129.77,,2026-07-30,partial_catalogue_match,medium
POL003689,PO00740,1,100% POLYESTER LINING TWILL 70 G/M2 TURQUOISE,,Firozi,70,,"12,878",M,39.75,,2026-07-11,unusually_large_quantity,exception
POL003690,PO00740,2,100% Polyester/Blackout Base/220 GSM/54 inches/Ecru,,Ecru,220,,150,mts,156.62,,2026-07-11,minor_naming_variation,easy
POL003691,PO00740,3,70/30 Poly Cotton Upholstery Jacquard 310 GSM 54 inch Black,,Black,310,54,200,MTR,233.95,,2026-07-16,clean_exact_match,easy
POL003692,PO00740,4,60 INCES 240 G/M2 S. BLUE TTWILLL SUITING 70/30 PV,,Sky Blue,240,,1200,MTRS,169.19,,2026-07-16,spelling_errors_and_abbreviations,medium
POL003693,PO00740,5,Single Jersey - 155 GSM - Grey Fabric (RFD) - 95/5 Cotton Lycra Knit,,Greige RFD,155,,50 approx,Kilo,291.51/kg,,2026-08-05,expired_historical_price,medium
POL003694,PO00740,6,55/45 Liinen CTN - HHandloom Finish - 160GSM - 58in - Teal,,Teeal,160,,200,Meters,344.00,,2026-07-06,spelling_errors_and_abbreviations,medium
POL003695,PO00740,7,"100% Cotton Knit, Melange Jersey, 160 GSM, Beige",,Beige,160,,100,kgs,Rs. 282.83,,2026-07-21,no_historical_price,medium
POL003696,PO00741,1,100% COTTON - TWILL - GSM 295 - HALDI,,Mustard,295,,?,MTR,232.64/mtr,As per availability,2026-04-24,missing_quantity,exception
POL003697,PO00742,1,"100% Viscose, 90GSM, Printed Plain, 58 inches",,,90,,500 approx,MTR,Rs. 103.51,,2026-08-21,multiple_possible_sku_matches,hard
POL003698,PO00742,2,100% Polyester  Crepe  85gsm  OW,,Off White,85,,,MTRS,INR 69.70,TBC,2026-09-05,missing_quantity,exception
POL003699,PO00743,1,55/45 Linen Cotton Handloom Finish 195 GSM 58 inch Coffee Brown,,Coffee Brown,195,58,1000,Mtr,Rs. 424.74,,2026-07-05,clean_exact_match,easy
POL003700,PO00743,2,Handloom Finish/55/45 Linen Cotton/Coffee/195 GSM/58',AMR-3398,Coffee,195,,200 approx,Mtr,427.39,,2026-06-20,minor_naming_variation,easy
POL003701,PO00743,3,55/45 Linen Cotton Plain GSM 215 Off-White,,Off White,215,,150,Meters,Rs. 389.25,,2026-07-05,no_historical_price,medium
POL003702,PO00744,1,Rigid 98/2 xyN LYC DNM B. Green 300 g/m2 W-63,,Bottle Green,300,,150,M,211.94,,2026-05-31,spelling_errors_and_abbreviations,medium
POL003703,PO00744,2,100% Cotton Denim Rigid 370 GSM 63 inch Grey Melange,,Grey Melange,370,63,800,mts,Rs. 228.67,,2026-05-11,clean_exact_match,easy
POL003704,PO00744,3,"Cambric - 44"" - 60/40 Cotton Poly - Royal Blue - 105gsm",,Royal Blue,105,,500,MTRS,Rs. 84.24,,2026-05-31,small_acceptable_price_variation,easy
POL003705,PO00744,4,TROUSER CLOTH,,,,,500,M,200.10,,2026-05-31,ambiguous_product_match,hard
POL003706,PO00745,1,97/3 Cotton Spandex Chino 320 g/m2 58 inches OW,,Off-White,320,,~300,Mtr,244.59 per unit,,2026-06-01,minor_naming_variation,easy
POL003707,PO00746,1,Mustard/GSM 310/63 inches/Poly Cotton Denim/Rigid,,Mustard,310,,2000,M,209.36 per unit,,2026-04-25,small_acceptable_price_variation,easy
POL003708,PO00746,2,100% Cotton Knit 2x2 Rib 230 GSM 60 inch Coffee Brown,,Coffee Brown,230,60,200,Kg,379.96,,2026-05-10,clean_exact_match,easy
POL003709,PO00747,1,98/2 Cotton Lycra Denim Lightweight 350 GSM 58 inch Wine,,Wine,350,58,1000,mts,245.27,,2026-05-29,clean_exact_match,easy
POL003710,PO00747,2,63 INCHES - POLY COTTON DENIM - MUSTARD - RIGID - 310 GM,,Mustard,310,,1200,Mtr,INR 216.19,Please supply in Mint as discussed,2026-05-14,conflicting_information_in_po,hard
POL003711,PO00747,3,GSM 230 - 2x2 Rib - 100% Cotton Knit - Wine,,Wine,230,,200,KGS,368.1,,2026-04-29,no_historical_price,medium
POL003712,PO00747,4,100% Cotton Knit 2x2 Rib 230 GSM 60 inch Coffee Brown,,Coffee Brown,230,60,80,KGS,381.0,,2026-05-29,clean_exact_match,easy
POL003713,PO00748,1,"Hladi - Twill - 58"" - GaM 295 - 100% CTN",,Mustar,295,,300,MTR,223.17,,2026-06-14,spelling_errors_and_abbreviations,medium
POL003714,PO00748,2,TEAL - FLANNEL - 100% COTTON - GSM 245 - 58IN,,Teal,245,,"1,200",MTR,199.37,,2026-06-24,minor_naming_variation,easy
POL003715,PO00748,3,295GSM  Twil1 58' 100% Coft0n Musfurd,,,95,,800,M,222.49,,2026-06-09,poor_quality_document,hard
POL003716,PO00749,1,LIGHT  PlNK 100% C0TTON KNIT 60 INCHES 230 6M 2X2 RIB |,,,230,,~100,KG,387.38,,2026-07-19,poor_quality_document,hard
POL003717,PO00749,2,100% Combed Cotton Baby Pink Chambray 130 gm 58 inch,,Baby Pink,130,,150,Meters,112.91,,2026-07-09,small_acceptable_price_variation,easy
POL003718,PO00749,3,"100% COMBED COTTON CHAMBRAY 130 GM 58"" BABY PINK",,Baby Pink,130,,500,mts,123.34,,2026-07-09,small_acceptable_price_variation,easy
POL003719,PO00749,4,130 gm 100% Combed Cotton 58' Chambray Lt Pink,,Light Pink,130,,150,MTR,118.49,,2026-07-19,minor_naming_variation,easy
POL003720,PO00749,5,100% Combed Cotton Dobby 150 GSM 58 inch Wine,,Wine,150,58,2000,MTRS,130.77,,2026-07-24,clean_exact_match,easy
POL003721,PO00750,1,100% Cotton Knit Single Jersey 160 GSM 60 inch Mint,,Mint,160,60,400,kgs,338.31 per unit,,2026-08-12,clean_exact_match,easy
POL003722,PO00750,2,100% Polyester Fleece - Brushed - 305 GSM - W-72 - Royal Blue,,Camel,305,,150,kgs,Rs. 330.55,,2026-08-07,incorrect_colour_or_gsm,hard
POL003723,PO00750,3,Peach  63 inches  300 gm  98/2 Cotton Lycra Denim  Rigid,,Peach,300,,500,MTRS,228.8,,2026-09-11,minor_naming_variation,easy
POL003724,PO00750,4,Mint Single JSY 160 gm 60' 100% CT NKIT,,Mitn,160,,250,Kg,INR 338.59,,2026-08-07,spelling_errors_and_abbreviations,medium
POL003725,PO00750,5,100% Cotton/Canvas Bottom/225 GSM/58 inch/Navy Blue,,Navy Blue,225,,600,mts,173.12,,2026-09-11,small_acceptable_price_variation,easy
POL003726,PO00751,1,65/35 Poly Cotton Duck Canvas 405 GSM 63 inch Grey Melange,,Grey Melange,405,63,200,Mtr,228.70 per unit,,2026-07-05,clean_exact_match,easy
POL003727,PO00751,2,55/45 Poly Wool Twill Suiting 230 GSM 58 inch Rust,KAV-1350,Rust,230,58,150,MTR,Rs. 196.93,,2026-06-25,clean_exact_match,easy
POL003728,PO00751,3,58 inch - Canvas - 65/35 Poly Cotton - Off White - 375gsm,KAV-3278,Off White,375,,~2500,mts,214.53/mtr,,2026-06-30,small_acceptable_price_variation,easy
POL003729,PO00751,4,W-58 - 100% Cotton - Flannel - 165 GSM,,,165,,"1,500",MTRS,134.83,,2026-06-20,multiple_possible_sku_matches,hard
POL003730,PO00751,5,65/35 Poly Cotton Poplin 125 GSM 58 inch Sky Blue,KAV-5336,Sky Blue,125,58,150,MTR,80.04,,2026-07-10,clean_exact_match,easy
POL003731,PO00751,6,60 INCH/240GSM/70/30 POLY VISCOSE/TWILL SUITING/LAVENDER,,Lavender,240,,1500,mtr,171.85,,2026-07-05,small_acceptable_price_variation,easy
POL003732,PO00751,7,bottom fabric,KAV-2483,,,,1500,Mtr,Rs. 157.95,,2026-06-25,ambiguous_product_match,hard
POL003733,PO00751,8,58in - 145gsm - msyurd - 65/35 PC - blended twill,,Mustrad,145,,500,MTRS,91.2,,2026-06-30,spelling_errors_and_abbreviations,medium
POL003734,PO00751,9,Canvas Bottom W-60 Lavendr 195GSM 97/3 CTN Spandex,KAV-5155,pavender,195,,"2,500",Mtr,154.33,,2026-07-05,spelling_errors_and_abbreviations,medium
POL003735,PO00751,10,97/3 Cotton Spandex - Drill - 275GSM - 58 inches,KAV-5792,,275,,500,Meters,197.80,,2026-07-25,multiple_possible_sku_matches,hard
POL003736,PO00751,11,"100% Cotton, 165 gm, Flannel, 58 inch, Peach",,Peach,165,,"1,200",Meters,INR 135.37,,2026-06-30,partial_catalogue_match,medium
POL003737,PO00751,12,97/3 COTTON SPANDEX CANVAS BOTTOM 195 GM 60 INCH LAVENDER,,Lavender,195,,500,mtr,154.23,,2026-06-25,minor_naming_variation,easy
POL003738,PO00752,1,330 gm  8 wale  olive  100% polyester velvet  44 inch,,Olive,330,,1500,mts,Rs. 232.79,,2026-08-08,minor_naming_variation,easy
POL003739,PO00752,2,"100% Polyester Velvet 8 Wale 330 gm 44"" Olive",,Olive,330,,400,mtr,INR 232.01,,2026-07-19,minor_naming_variation,easy
POL003740,PO00752,3,rib fabric 240gsm Charcoal,UTS-3736,,,,400,Kilo,418.23,,2026-08-08,customer_specific_product_code,medium
POL003741,PO00752,4,shirt material,,,,,1500,mtr,Rs. 96.13,,2026-07-04,ambiguous_product_match,hard
POL003742,PO00752,5,60in/160 gm/100% Cotton Knit/Cream/Melange Jersey,,Cream,160,,500,KG,INR 312.59,,2026-07-04,small_acceptable_price_variation,easy
POL003743,PO00752,6,100% COTTON TERRY/HAND TOWEL/GSM 385/RUST,UTS-7486,Rust,385,,~750,pieces,170.82,,2026-07-09,no_historical_price,medium
POL003744,PO00753,1,"100% Lyocell  Twill  165 GSM  58""  B. Green",,B. Green,165,,"2,000",MTRS,INR 277.02,,2026-06-15,minor_naming_variation,easy
POL003745,PO00753,2,100% Combed Cotton Dobby 140 GSM 58 inch Royal Blue,,Royal Blue,140,58,800,Mtr,127.94,,2026-06-30,clean_exact_match,easy
POL003746,PO00754,1,140 GM/58 INCH/RUST/65/35 POLY COTTON/POPLIN,SUR-5152,Rust,140,,400,MTRS,Rs. 106.17,,2026-06-18,minor_naming_variation,easy
POL003747,PO00754,2,70/30  P0ly Viscose Twi1l 5uiting 240GSM 60 inches Lavender ....,,,,,200 approx,M,178.33 per unit,,2026-06-18,poor_quality_document,hard
POL003748,PO00754,3,"Duck Canvas/Beige/410 g/m2/100% Cotton/63""",,Beige,410,,300,Mtr,INR 230.87,,2026-06-23,incorrect_colour_or_gsm,hard
POL003749,PO00754,4,PC shirting 58 inches medium quality,,,,,150,mtr,Rs. 106.45,,2026-06-18,ambiguous_product_match,hard
POL003750,PO00755,1,loopknit fabric,,,,,80,kgs,Rs. 308.75,,2026-07-21,ambiguous_product_match,hard
POL003751,PO00755,2,100% Cotton Knit 1x1 Rib 220 GSM 72 inch Cream,,Cream,220,72,200,Kg,367.15,,2026-07-21,clean_exact_match,easy
POL003752,PO00755,3,"100% LYO/Saatin/150 mg/58""/Peach",,Peachh,150,,800,MTR,234.12,,2026-08-15,spelling_errors_and_abbreviations,medium
POL003753,PO00755,4,SAM-7081 - regular quality,SAM-7081,,,,"1,500",mtr,Rs. 234.55,,2026-07-26,customer_specific_product_code,medium
POL003754,PO00755,5,1X1 RIB  LAVENDER  100% COTTON KNIT  220 G/M2,,Lavender,220,,250,Kilo,358.80/kg,,2026-07-21,expired_historical_price,medium
POL003755,PO00756,1,100% Cotton Canvas Bottom 225 GSM 58 inch Camel,,Camel,225,58,150 approx,mtr,INR 165.10,,2026-09-08,clean_exact_match,easy
POL003756,PO00756,2,100% Cotton Knit Single Jersey 155 GSM 72in Lavender,,Lavender,155,,500,KG,317.17,,2026-08-19,small_acceptable_price_variation,easy
POL003757,PO00756,3,100% Cotton Knit Waffle 240 GSM 60 inch Peach,,Peach,240,60,500,Kilo,394.52/kg,,2026-08-04,clean_exact_match,easy
POL003758,PO00756,4,225GSM 58in Camel Canvas Bottom 100% Cotton,,Camel,225,,300,MTR,135.32,Rate as per last PO,2026-08-14,wrong_price_outside_tolerance,exception
POL003759,PO00756,5,"100% Cotton Knit 1x1 Rib 220 g/m2 72"" Lavender",,Lavender,220,,300,Kg,383.74,,2026-08-04,minor_naming_variation,easy
POL003760,PO00756,6,"98/2 xTN pYC DNM  STRETCH  370 G/M2  63""  O/W",,Off White,370,,1500,MTRS,236.06,,2026-08-19,spelling_errors_and_abbreviations,medium
POL003761,PO00757,1,GSM 115 SHEETING FABRIC TURQUOISE,SAN-1788,,,,200 approx,mtr,143.83,,2026-08-31,customer_specific_product_code,medium
POL003762,PO00757,2,"58', Rust, 100% Cotton, GSM 465, Duck Canvas",,Rust,465,,600,M,294.93 per unit,,2026-09-10,partial_catalogue_match,medium
POL003763,PO00757,3,100% CT 58 INCH DUCK CAmVAS R.BUE GSM 465,,Royal Blue,465,,2500,Meters,INR 293.69,,2026-09-25,spelling_errors_and_abbreviations,medium
POL003764,PO00757,4,"65/35 Poly Cotton - Canvas - 350 g/m2 - 63""",,,350,,2500,Meters,211.23,,2026-08-31,multiple_possible_sku_matches,hard
POL003765,PO00757,5,"465 gm - 58"" - Baby Pink - Cotton - Duck Canvas",,Baby Pink,465,,2500,M,260.76,,2026-09-25,minor_naming_variation,easy
POL003766,PO00758,1,"Light Blue, 58"", 215 GSM, 8 Wale, 100% Cotton Corduroy",VRI-1639,Sky Blue,215,,500,Meters,178.40,,2026-07-17,minor_naming_variation,easy
POL003767,PO00758,2,95/5 Viscose Lycra  Rayon Crepe  125gsm  Sky Blue  58in,,Sky Blue,125,,400 approx,mtr,107.2,,2026-07-22,partial_catalogue_match,medium
POL003768,PO00758,3,100% Polyester Print Base 105 GSM 58 inch Peach,VRI-1116,Peach,105,58,"1,200",mtr,115.62,,2026-08-16,clean_exact_match,easy
POL003769,PO00759,1,100% LYOCELL/SATIN/105GSM/58IN/WHITE,,White,105,,600,M,158.35 per unit,,2026-05-23,small_acceptable_price_variation,easy
POL003770,PO00759,2,"interlock knit, GSM 220, Grey Fabric (RFD)",YAS-6674,,,,50,KGS,338.56,,2026-04-18,customer_specific_product_code,medium
POL003771,PO00759,3,65/35 Poly Cotton Canvas 350 GSM 63 inch Silver Grey,YAS-2155,Silver Grey,350,63,600,mtr,Rs. 191.97,,2026-05-08,clean_exact_match,easy
POL003772,PO00759,4,duck fabric,YAS-4994,,,,200,MTRS,193.20/mtr,,2026-04-23,ambiguous_product_match,hard
POL003773,PO00759,5,"GSM 235, 100% Cotton, W-58, Maroon, Brushed Twill",,Maroon,235,,600,Mtr,169.67 per unit,,2026-04-18,small_acceptable_price_variation,easy
POL003774,PO00759,6,Jute Hessian Cloth 280 GSM 40 inch Natural,,,,,2000,Meters,Rs. 152.56,,2026-05-08,unknown_product,exception
POL003775,PO00759,7,100% Cotton Knit - Waffle - 220 gm - 72',YAS-1613,,220,,400 approx,Kg,338.64,,2026-04-23,multiple_possible_sku_matches,hard
POL003776,PO00760,1,65/35 Po1y C0tton P0plin 125G5M 58in 0live ###,,0live |,,,150,M,INR 87.94,,2026-06-11,poor_quality_document,hard
POL003777,PO00760,2,145 gm Mint Poplin 80/20 Poly Cotton 58in,ISH-7551,Mint,145,,500,MTR,102.2,,2026-06-11,minor_naming_variation,easy
POL003778,PO00760,3,80/20 Poly Viscose  Suiting  290 gm  Firozi,ISH-8647,Firozi,290,,500,mts,215.8,,2026-06-11,no_historical_price,medium
POL003779,PO00760,4,65/35 Poly Cotton Poplin 125 GSM 58 inch Olive,,Olive,125,58,2500,mtr,87.31,,2026-06-11,clean_exact_match,easy
POL003780,PO00760,5,Olive/Poplin/58 inches/65/35 Poly Cotton/125 g/m2,,Olive,125,,150,Mtr,58.17/mtr,Rate confirmed on call,2026-06-16,wrong_price_outside_tolerance,exception
POL003781,PO00760,6,blended shirting cloth - 125 gsm - olive,ISH-9145,,,,300,MTRS,87.7,,2026-06-01,customer_specific_product_code,medium
POL003782,PO00760,7,Poplin - 145 GSM - Sea Green - 80/20 Poly Cotton - W-58,,Sea Green,145,,300,M,102.06,,2026-07-06,partial_catalogue_match,medium
POL003783,PO00761,1,"CHINO, 58IN, 97/3 COTTON SPANDEX, CAMEL, 320 GM",,Camel,320,,1200,Meters,232.05,,2026-09-12,new_customer_no_history,medium
POL003784,PO00761,2,95/5 Cotton Lycra Knit Single Jersey 155 g/m2 60in Dark Grey,,Charcoal,155,,~100,Kilo,317.79,,2026-08-28,new_customer_no_history,medium
POL003785,PO00761,3,Single Jersey  155 GSM  100% Cotton Knit  72 inches  Teal,,Teal,155,,500,kgs,300.64,,2026-09-02,new_customer_no_history,medium
POL003786,PO00761,4,"100% Linen, Plain, Firozee, 195 GSM, W-58",,Firozi,195,,"1,200",M,INR 372.34,,2026-09-02,new_customer_no_history,medium
POL003787,PO00761,5,100% Cotton Denim Lightweight 310 gm 58in Camel,,Camel,310,,1200,M,Rs. 187.48,,2026-08-28,new_customer_no_history,medium
POL003788,PO00762,1,"100% Polyester Fleece, 72', Brushed, Royal Blue, 305 g/m2",,Royal Blue,305,,~400,Kilo,336.01,,2026-07-07,minor_naming_variation,easy
POL003789,PO00762,2,100% CrNN - Canvas Bottom - 225gsm - 58in - NAVY,,Navy Blue,225,,400 approx,mtr,169.26,,2026-07-02,spelling_errors_and_abbreviations,medium
POL003790,PO00762,3,SHIRTING CLOTH ROYAL BLUE 150GSM,MEG-4511,,,,2500,Meters,INR 131.07,,2026-06-22,customer_specific_product_code,medium
POL003791,PO00763,1,Nylon Ripstop 110 GSM 60 inch Olive,,,,,~1000,mtr,211.79,,2026-09-08,unknown_product,exception
POL003792,PO00763,2,100% Combed Cotton Oxford 160gsm Royal Blue,,Royal Blue,160,,1200,MTR,118.29,,2026-08-19,expired_historical_price,medium
POL003793,PO00763,3,100% Polyester Fleece - Brushed - 305gsm - 72in - Sky Blue,,Sky Blue,305,,400,Kilo,276.22,,2026-09-23,partial_catalogue_match,medium
POL003794,PO00763,4,pant material  235GSM  White,CHA-4705,,,,500,Meters,INR 169.23,,2026-09-03,customer_specific_product_code,medium
POL003795,PO00764,1,100% COTTON/LINING PLAIN/105 G/M2/58 INCH/PEACH,JAA-8008,Coffee Brown,105,,800,mts,62.81,,2026-06-29,incorrect_colour_or_gsm,hard
POL003796,PO00764,2,65/35 Poly Cotton Duck Canvas 405 GSM 63 inch Bottle Green,,Bottle Green,405,63,400,M,247.89,,2026-07-19,clean_exact_match,easy
POL003797,PO00764,3,65/35 Poly Cotton/Duck Canvas/405 gm/63 inch,,,405,,600,mts,Rs. 246.37,,2026-08-03,multiple_possible_sku_matches,hard
POL003798,PO00764,4,58 inch lining material medium quality,JAA-4756,,,,300,MTRS,Rs. 62.80,,2026-08-03,ambiguous_product_match,hard
POL003799,PO00764,5,65/35 Poly Cotton - Duck Canvas - GSM 405 - 63 inches - Dark Green,JAA-2854,B. Green,405,,500,Meters,INR 246.25,,2026-07-19,minor_naming_variation,easy
POL003800,PO00764,6,105 g/m2 - 100% Cotton - Lining Plain - Peach - 58',JAA-4081,Peach,105,,"2,500",Mtr,Rs. 62.95,,2026-07-04,minor_naming_variation,easy
POL003801,PO00765,1,"Mint  100% CTN  60""  195SMM  Drikl",,Miny,195,,2500,MTRS,Rs. 136.73,,2026-07-01,spelling_errors_and_abbreviations,medium
POL003802,PO00765,2,"pant material, 58in",AAS-9526,,,,1000,mtr,INR 218.91,,2026-06-11,ambiguous_product_match,hard
POL003803,PO00765,3,60/40 CTN POLY FEECE - LLOOP TERRY - 375 G/M2 - 60 INCHES - WINE,,Wne,375,,250,kgs,386.04,,2026-05-27,spelling_errors_and_abbreviations,medium
POL003804,PO00765,4,95/5 Cotton Lycra Knit - Single Jersey - 155gsm - 60 inches - Greige RFD,AAS-9809,Rust,155,,300,KG,308.16,,2026-06-11,incorrect_colour_or_gsm,hard
POL003805,PO00765,5,100% Cotton Knit Waffle 240 GSM 60 inch Olive,AAS-3322,Olive,240,60,200 approx,kgs,370.64,,2026-07-01,clean_exact_match,easy
POL003806,PO00765,6,AAS-9592 same as last time,AAS-9592,,,,200,KGS,INR 310.66,,2026-06-01,customer_specific_product_code,medium
POL003807,PO00765,7,mint 100% c0tton knif 220 gsm waffle 72 inches |,AAS-6645,,520,,200 approx,KGS,367.44 per unit,,2026-06-06,poor_quality_document,hard
POL003808,PO00765,8,95/5 Cotton Lycra Knit Single Jersey 155gsm Greige,AAS-6680,Greige RFD,155,,80,KG,309.53,,2026-06-01,expired_historical_price,medium
POL003809,PO00765,9,100% Combed Cotton 130 gm 58 inches Chambray,AAS-6608,,130,,300,mts,INR 111.38,,2026-05-27,multiple_possible_sku_matches,hard
POL003810,PO00765,10,Olive 220 GSM 100% CT KbIT 1x1 Rib W-72,,Oliv,220,,~100,kgs,Rs. 365.12,,2026-06-11,spelling_errors_and_abbreviations,medium
POL003811,PO00765,11,"130GSM/60/40 Cotton Poly/Greige RFD/Voile/44""",,Greige RFD,130,,2500,mtr,80.11/mtr,,2026-05-27,small_acceptable_price_variation,easy
POL003812,PO00765,12,60/40 COTTON POLY/CAMBRIC/120 GSM/44IN/GREIGE RFD,AAS-6184,Greige RFD,120,,1000,MTRS,INR 80.41,,2026-05-27,incorrect_colour_or_gsm,hard
POL003813,PO00766,1,60in  fleece cloth,,,,,300,Kilo,387.85/kg,,2026-05-22,ambiguous_product_match,hard
POL003814,PO00766,2,"97/3 COTTON SPANDEX, DRILL, 275 GM, 58"", OLIVE",,Olive,275,,1000,MTRS,INR 216.18,,2026-05-02,minor_naming_variation,easy
POL003815,PO00766,3,denim cloth - 310gsm - dark maroon,NAK-4785,,,,2500,Meters,209.37,,2026-05-02,customer_specific_product_code,medium
POL003816,PO00767,1,"36 inch, lining material regular quality",,,,,800,M,46.83 per unit,,2026-06-12,ambiguous_product_match,hard
POL003817,PO00767,2,100% Modal/Twill/130 GSM/58 inch/Sea Green,,Sea Green,130,,500,Meters,INR 191.29,Please supply in Camel as discussed,2026-06-12,conflicting_information_in_po,hard
POL003818,PO00767,3,65/35 Poly Cotton Duck Canvas 405 GSM 63 inch Peach,,Peach,405,63,~800,Mtr,222.35,,2026-07-17,clean_exact_match,easy
POL003819,PO00767,4,330gsm Olive 8 Wale 100% Polyester Velvet,,Olive,330,,3892,Meters,226.7,,2026-07-02,unusually_large_quantity,exception
POL003820,PO00768,1,Poly Cotton Denim Rigid 310 GSM 63 inch Mustard,,Mustard,310,63,500,Meters,234.12,,2026-07-23,clean_exact_match,easy
POL003821,PO00768,2,jeans fabric,,,,,300,MTR,286.60,,2026-06-18,ambiguous_product_match,hard
POL003822,PO00768,3,Poly Cotton Denim Rigid 310 GSM 63 inch Mustard,ANA-7637,Mustard,310,63,1000,M,233.43,,2026-06-23,clean_exact_match,easy
POL003823,PO00769,1,98/2 Cotton Lycra Chino 210 GSM White,ISH-5397,White,210,,300,mts,153.54,,2026-06-10,no_historical_price,medium
POL003824,PO00769,2,100% Modal Twill 130 GSM 58 inch Sea Green,ISH-4075,Sea Green,130,58,150,MTR,Rs. 208.61,,2026-06-30,clean_exact_match,easy
POL003825,PO00769,3,"100% Modal, Twill, 130gsm, W-58, Sea Green",,Sea Green,130,,150,mts,214.44,,2026-06-30,small_acceptable_price_variation,easy
POL003826,PO00770,1,"100% Polyester Fleece Polar 250 GSM 60"" Lavender",,Lavender,250,,250,KGS,264.87,,2026-06-10,partial_catalogue_match,medium
POL003827,PO00770,2,100% Polyester Digital Print Base GSM 130 58 inch Olive,,Olive,130,,~300,MTR,INR 147.87,,2026-05-31,small_acceptable_price_variation,easy
POL003828,PO00770,3,100% Linen Handloom Finish GSM 115 58in Mint,,Mint,115,,800,M,271.3,,2026-06-10,minor_naming_variation,easy
POL003829,PO00770,4,60/40 Cotton Poly Fleece - Loop Terry - GSM 375 - 60' - Mustard,,Mustard,375,,80,Kilo,268.72 per unit,Rate as per last PO,2026-06-15,wrong_price_outside_tolerance,exception
POL003830,PO00770,5,100% Linen Handloom Finish 115 GSM 58 inch Mint,,Mint,115,58,~1500,Meters,INR 269.60,,2026-06-10,clean_exact_match,easy
POL003831,PO00770,6,W-58 HANDLOOM FINISH MINT 100% LINEN 115 GM,NIR-4428,Mint,115,,600,mts,269.71/mtr,,2026-06-20,minor_naming_variation,easy
POL003832,PO00770,7,100% Polyester Digital Print Base 130 GSM 58 inch Olive,,Olive,130,58,2000 approx,mtr,152.89,,2026-06-15,clean_exact_match,easy
POL003833,PO00770,8,100% LIN  Handdloom Finish  115GSM  58 inch  Mint,,Min,115,,800,mts,268.92/mtr,,2026-06-20,spelling_errors_and_abbreviations,medium
POL003834,PO00770,9,item NIR-6087,NIR-6087,,,,2000,mtr,INR 217.22,,2026-06-15,customer_specific_product_code,medium
POL003835,PO00770,10,navy blue/100% coft0n/108'/gsm 140/sheeting,,Navy Blue,140,,1500,Mtr,216.27,,2026-05-31,poor_quality_document,hard
POL003836,PO00770,11,50/50 Poly Cotton/Percale/210gsm/Cream,NIR-1028,Cream,210,,150,mts,Rs. 265.77,,2026-06-20,expired_historical_price,medium
POL003837,PO00770,12,linen material/115gsm/Mint,NIR-3212,,,,2000,Mtr,INR 268.80,,2026-06-20,customer_specific_product_code,medium
POL003838,PO00771,1,fabric,,,,,500,MTR,,,2026-09-03,malformed_incomplete_order,exception
POL003839,PO00771,2,100% Hemp Canvas 320 GSM 58 inch Natural,,,,,800,Mtr,Rs. 87.45,,2026-10-03,unknown_product,exception
POL003840,PO00771,3,97/3 Cotton Spandex Drill 275 GSM 58 inch Cream,,Cream,275,58,1200,Mtr,206.27,,2026-09-13,clean_exact_match,easy
POL003841,PO00771,4,GSM 405 Peach Duck Canvas 65/35 Poly Cotton,,Peach,405,,1500,mts,207.42/mtr,,2026-09-13,no_historical_price,medium
POL003842,PO00771,5,70/30 Poly Viscose  Twill Suiting  240gsm  Beige,,Beige,240,,1000,mtr,181.26,,2026-10-03,expired_historical_price,medium
POL003843,PO00771,6,97/3 Cotton Spandex Drill 275 GSM 58 inch Cream,,Cream,275,58,2000,MTR,206.86/mtr,,2026-09-08,clean_exact_match,easy
POL003844,PO00772,1,100% Cotton Terry Hand Towel 425 GSM 27x54 inch Cream,,Cream,425,,200,pieces,223.87,,2026-05-17,clean_exact_match,easy
POL003845,PO00772,2,100% Cotton Terry Hand Towel 425 GSM 27x54 inch Cream,,Cream,425,,1000 approx,pieces,INR 223.79,,2026-05-12,clean_exact_match,easy
POL003846,PO00772,3,andloom finish 220gsm w-58 beige 100% LIN,,Biege,220,,150,MTR,455.53,,2026-05-17,spelling_errors_and_abbreviations,medium
POL003847,PO00772,4,58 inches  100% Cotton Corduroy  White  8 Wale  215gsm,,Grey Melange,215,,2000,mtr,181.1,,2026-05-17,incorrect_colour_or_gsm,hard
POL003848,PO00772,5,UTS-5260 - regular quality,UTS-5260,,,,1200,Mtr,453.93 per unit,,2026-05-07,customer_specific_product_code,medium
POL003849,PO00772,6,100% CTb CORD 8 wale gsm 215 58 inch white,,Whit,215,,2500,MTRS,Rs. 180.72,,2026-06-06,spelling_errors_and_abbreviations,medium
POL003850,PO00772,7,100% Linen Handloom Finish 220 GSM 58 inch Beige,,Beige,220,58,600,MTR,451.95,,2026-05-02,clean_exact_match,easy
POL003851,PO00772,8,White/215 g/m2/58 inches/8 Wale/100% Cotton Corduroy,,White,215,,~2500,MTRS,180.48,,2026-05-02,minor_naming_variation,easy
POL003852,PO00772,9,velvet cloth usual,,,,,800 approx,Meters,Rs. 180.54,,2026-05-22,ambiguous_product_match,hard
POL003853,PO00772,10,100% Cotton Corduroy 8 Wale 215 GSM 58 inch White,,White,215,58,150 approx,mtr,INR 181.38,,2026-06-06,clean_exact_match,easy
POL003854,PO00772,11,100% Linen Handloom Finish 220 GSM 58 inch Beige,,Beige,220,58,2500,MTRS,Rs. 454.13,,2026-05-17,clean_exact_match,easy
POL003855,PO00772,12,100% cotton terry - hand towel - 425 g/m2 - cream,,Cream,425,,200,pieces,252.83,Rate confirmed on call,2026-05-02,wrong_price_outside_tolerance,exception
POL003856,PO00773,1,100% Cotton Duck Canvas 465 GSM 58 inches,SUR-8492,,465,,1500,MTRS,INR 282.86,,2026-09-26,multiple_possible_sku_matches,hard
POL003857,PO00774,1,60 inch/White/98/2 Cotton Lycra/Drill/235GSM,,White,235,,1200 approx,mtr,INR 187.71,,2026-06-21,new_customer_no_history,medium
POL003858,PO00774,2,"100% Linen  Plain  215 gm  58""  Sea Green",,Sea Green,215,,800,mts,433.76,,2026-06-21,new_customer_no_history,medium
POL003859,PO00774,3,Nylon Ripstop 110 GSM 60 inch Olive,,,,,~600,M,167.70/mtr,,2026-06-16,unknown_product,exception
POL003860,PO00775,1,2x2 Rib  100% Cotton Knit  Wine  60'  GSM 230,,Wine,230,,250,kgs,401.10,"Ref our mail - actually need Lavender, not as written above",2026-07-19,conflicting_information_in_po,hard
POL003861,PO00775,2,100% CTN KNIr - Single JSY - GSM 160 - W-60 - B. Greeen,,Bottle Green,160,,400,Kg,321.25,,2026-07-09,spelling_errors_and_abbreviations,medium
POL003862,PO00776,1,95/5 Cotton Lycra Knit  Royal Blue  255GSM  1x1 Rib,,Royal Blue,255,,300,kgs,467.23,,2026-04-16,no_historical_price,medium
POL003863,PO00776,2,"100% Cotton Lining Twill 80 g/m2 58"" Navy Blue",,Navy Blue,80,,800,M,Rs. 52.29,Width to be 54 inch as per last supply,2026-04-26,conflicting_information_in_po,hard
POL003864,PO00776,3,150 GSM 58 inch Sattin 100% LYO Lavendwr,,Lavedner,150,,200,M,235.6,,2026-04-21,spelling_errors_and_abbreviations,medium
POL003865,PO00776,4,Satin - 180 GSM - Mustard - 70/30 Modal Cotton - 58 inches,,Mustard,180,,200,M,160.50,,2026-05-21,wrong_price_outside_tolerance,exception
POL003866,PO00776,5,80/20 poly cotton/blended shirting/115 gm/63'/wine,,Wine,115,,1500,mts,87.71,,2026-05-21,small_acceptable_price_variation,easy
POL003867,PO00776,6,70 gm 100% polyester crepe w-44 beige,,Beige,70,,2500,Mtr,52.97,,2026-04-16,minor_naming_variation,easy
POL003868,PO00776,7,Poly 70 GSM Beige W-44 Crepe,,Beige,70,,~400,Meters,INR 53.31,,2026-05-21,minor_naming_variation,easy
POL003869,PO00776,8,80/20 Poly Cotton Blended Shirting 115 GSM 63 inch Wine,,Wine,115,63,600,MTR,90.85,,2026-04-21,clean_exact_match,easy
POL003870,PO00777,1,"72', 60/40 Cotton Poly Fleece, 375GSM, Polar, Nevy Blue",HAR-2242,Nevy Blue,375,,500 approx,KGS,408.5,,2026-06-21,minor_naming_variation,easy
POL003871,PO00777,2,60/40 Cotton Poly Fleece Loop Terry 375 GSM 60 inch Beige,,Beige,375,60,80,KGS,405.6,,2026-07-01,clean_exact_match,easy
POL003872,PO00777,3,100% Cotton Knit Single Jersey GSM 155 72in Lavender,,Lavender,155,,300,KGS,354.89/kg,,2026-07-01,minor_naming_variation,easy
POL003873,PO00777,4,"100% CTN KNIT, ssongle jersey, 155 gm, 72"", laveder",,Lavender,155,,400,KG,INR 356.10,,2026-06-26,spelling_errors_and_abbreviations,medium
POL003874,PO00777,5,60/40 Cotton Poly Fleece Loop Terry 375 GSM 60 inch Beige,,Beige,375,60,150 approx,KGS,Rs. 407.43,,2026-06-26,clean_exact_match,easy
POL003875,PO00778,1,100%  C0tf0n Terry/415gsm/O1ive/Face Towel (illegible),,0live ###,115 (illegible),,750,pc,210.35,,2026-06-19,poor_quality_document,hard
POL003876,PO00778,2,65/35 POLY COTTON  DUCK CANVAS  465 GSM  63'  ROYAL BLUE,,Royal Blue,465,,300,MTR,261.73,,2026-06-04,partial_catalogue_match,medium
POL003877,PO00778,3,100% Cotton Terry Olive 445GSM Face Towel,,Olive,445,,300,pc,209.52,,2026-05-15,incorrect_colour_or_gsm,hard
POL003878,PO00778,4,100% Cotton Terry/Hand Towel/470GSM,,,470,,300 approx,PCS,241.67,,2026-05-20,multiple_possible_sku_matches,hard
POL003879,PO00778,5,100% Polyester Curtain Jacquard 160 GSM 54 inch Charcoal,,Charcoal,160,54,"1,000",Mtr,143.35,,2026-06-19,clean_exact_match,easy
POL003880,PO00778,6,100% Cotton Terry - Face Towel - GSM 450 - Dark Blue,,Navy Blue,450,,"1,000",NOS,205.09,,2026-06-04,no_historical_price,medium
POL003881,PO00779,1,Teal 60in GSM 230 100% CTN KNNIT 2x2 Ribb,,Teal,230,,~300,KGS,Rs. 416.61,,2026-07-05,spelling_errors_and_abbreviations,medium
POL003882,PO00779,2,casement fabric,VAS-9052,,,,300,Mtr,218.17,,2026-07-05,ambiguous_product_match,hard
POL003883,PO00780,1,100% POLYESTER  CURTAIN JACQUARD  GSM 195  W-54  BEIGE,,Olive,195,,800,Meters,170.91,,2026-10-04,incorrect_colour_or_gsm,hard
POL003884,PO00780,2,"100% Cotton, Olive, 58in, 450GSM, Duck Canvas",,Olive,450,,400,mts,278.7,,2026-08-30,incorrect_colour_or_gsm,hard
POL003885,PO00780,3,"58""/100% Cotton/465 gm/Duck Canvas",,,465,,200,MTRS,INR 278.94,,2026-08-30,multiple_possible_sku_matches,hard
POL003886,PO00781,1,100% Cotton  Navy Blue  58 inch  80gsm  Lining Twill,,Navy Blue,80,,2000,MTR,40.69,Rate confirmed on call,2026-05-17,wrong_price_outside_tolerance,exception
POL003887,PO00781,2,70/30 Modal Cotton Satin 180 GSM 58 inch Mustard,,Mustard,180,58,2500,MTRS,INR 291.24,,2026-05-17,clean_exact_match,easy
POL003888,PO00781,3,70/30 Modal Cotton Satin GSM 180 W-58 Mustard,,Mustard,180,,150,mtr,280.7,,2026-04-12,small_acceptable_price_variation,easy
POL003889,PO00781,4,"100% VIS, PRINTED PLIAN, 140 G/M2, 58 INxHES, CREA",,Cream,140,,200,mts,Rs. 146.28,,2026-05-02,spelling_errors_and_abbreviations,medium
POL003890,PO00781,5,"100% Combed Cotton, Oxford, 160 GSM, 44', Royal Blue",,Royal Blue,160,,150 approx,mts,140.60,,2026-04-12,minor_naming_variation,easy
POL003891,PO00781,6,B. Green 235 gm 58' 100% Cotton Brushed Twill,,B. Green,235,,150,Mtr,193.83,,2026-04-22,minor_naming_variation,easy
POL003892,PO00782,1,KRI-5341 - regular quality,KRI-5341,,,,500,Kg,270.97,,2026-05-27,customer_specific_product_code,medium
POL003893,PO00782,2,60/40 Cotton Poly Fleece Polar 375 GSM 72 inch Teal,,Teal,375,72,~100,Kilo,413.60,,2026-06-11,clean_exact_match,easy
POL003894,PO00782,3,95/5 Cotton Lycra Knit Waffle 195 GSM 60 inch Olive,,Olive,195,60,250,kgs,377.46 per unit,,2026-07-01,clean_exact_match,easy
POL003895,PO00782,4,KRI-2037 same as last time,KRI-2037,,,,400,Kg,INR 285.23,,2026-07-01,customer_specific_product_code,medium
POL003896,PO00783,1,"97/3 cotton spandex, canvas bottom, 195 g/m2, w-60",,,195,,400,Meters,INR 162.99,,2026-06-18,multiple_possible_sku_matches,hard
POL003897,PO00783,2,100% Cotton/Canvas Bottom/225gsm/58 inch,,,225,,1200,mtr,Rs. 167.19,,2026-06-23,multiple_possible_sku_matches,hard
POL003898,PO00783,3,100% Cotton Canvas Bottom 225 GSM 58 inch Navy Blue,,Navy Blue,225,58,1000,MTRS,167.99,,2026-06-18,clean_exact_match,easy
POL003899,PO00783,4,98/2 Cotton Lycra Denim - 370 gm - Stretch - Rust,,Rust,370,,600 approx,Meters,INR 243.11,,2026-06-18,no_historical_price,medium
POL003900,PO00784,1,55/45 Poly Wool Twill Suiting 230 GSM Maroon,,Maroon,230,,"1,000",MTR,Rs. 208.23,,2026-07-10,no_historical_price,medium
POL003901,PO00784,2,"Brown Cooffee 60"" Twill Suiting 290GSM 55/45 P/W",,Coffe Brown,290,,200,mtr,274.89,,2026-07-20,spelling_errors_and_abbreviations,medium
POL003902,PO00784,3,55/45 Poly Wool  Twill Suiting  GSM 290  Coffee,,Coffee Brown,290,,as per stock,mtr,273.36/mtr,TBC,2026-07-05,missing_quantity,exception
POL003903,PO00785,1,80/20 Poly Viscose Suiting 250gsm 58 inches Beige,ISH-3729,Beige,250,,400,MTR,222.70,,2026-08-13,minor_naming_variation,easy
POL003904,PO00785,2,220 GSM Maroon 58 inches Handloom Finish 100% Linen,,Maroon,220,,~2500,MTRS,436.12,,2026-09-17,partial_catalogue_match,medium
POL003905,PO00785,3,"100% Cotton/Brushed Twill/155 GSM/58""/Bottle Green",,Bottle Green,155,,1200,MTR,127.87,,2026-09-17,small_acceptable_price_variation,easy
POL003906,PO00785,4,BEIEG/SUITING/58 INCH/250GSM/80/20 PV,ISH-9793,Beige,250,,1500,mts,222.21/mtr,,2026-08-18,spelling_errors_and_abbreviations,medium
POL003907,PO00785,5,125GSM - 95/5 VISCOSE LYCRA - 58' - RAYON CREPE,ISH-2642,,125,,1200 approx,Mtr,107.74,,2026-08-18,multiple_possible_sku_matches,hard
POL003908,PO00785,6,80/20 Poly Viscose Suiting 250 GSM 58 inch Beige,,Beige,250,58,300,mts,Rs. 221.92,,2026-08-18,clean_exact_match,easy
POL003909,PO00786,1,100% Lyocell Satin 150 GSM 58 inch Charcoal,,Charcoal,150,58,150,MTR,INR 236.27,,2026-06-30,clean_exact_match,easy
POL003910,PO00786,2,linen material/215gsm/Off-White,DEV-8838,,,,200,MTR,457.6,,2026-06-30,customer_specific_product_code,medium
POL003911,PO00786,3,100% Lyocell Satin 150 GSM 58 inch Charcoal,,Charcoal,150,58,~150,mtr,235.76,,2026-07-15,clean_exact_match,easy
POL003912,PO00786,4,100% Lyocell Satin 150 GSM 58 inch Charcoal,,Charcoal,150,58,1000,Meters,236.05 per unit,,2026-07-05,clean_exact_match,easy
POL003913,PO00786,5,100% Lyocell Satin 150 g/m2 Gray Melange,,Grey Melange,150,,800,Mtr,Rs. 241.27,,2026-07-10,expired_historical_price,medium
POL003914,PO00786,6,100% Polyester - 58 inches - Mint - 85 g/m2 - Crepe,,Mint,85,,2500,MTRS,61.66,,2026-07-15,partial_catalogue_match,medium
POL003915,PO00786,7,tencel type fabric regular quality,,,,,1500,M,237.50 per unit,,2026-07-20,ambiguous_product_match,hard
POL003916,PO00787,1,"155 GSM  58""  Mustard  100% Viscose  Rayon Crepe",,Mustard,155,,1000,MTRS,118.40/mtr,Note: rate agreed for 195 GSM quality,2026-04-28,conflicting_information_in_po,hard
POL003917,PO00787,2,print base usual,,,,,800,Mtr,140.91/mtr,,2026-05-18,ambiguous_product_match,hard
POL003918,PO00787,3,95/5 Poly Spandex Sateen 175 GSM 58 inch Ecru,,Ecru,175,58,2000,MTRS,INR 152.49,,2026-04-13,clean_exact_match,easy
POL003919,PO00787,4,"100% Polyester, Crepe, 85 g/m2, Rust",,Rust,85,,1000,Mtr,61.61,,2026-04-28,no_historical_price,medium
POL003920,PO00787,5,Printed Plain Viscose 140 gm Cream 58in,,Cream,140,,800,mtr,INR 160.35,,2026-05-03,minor_naming_variation,easy
POL003921,PO00787,6,100% Viscose  Rayon Crepe  155gsm  58'  Mustard,,Mustard,155,,2000,mts,INR 118.07,,2026-04-18,minor_naming_variation,easy
POL003922,PO00787,7,100% Modal Twill 130 GSM 58 inch Baby Pink,,Baby Pink,130,58,1200,MTRS,214.03,,2026-04-18,clean_exact_match,easy
POL003923,PO00788,1,98/2 Cotton Lycra Drill 235 gm Bottle Green,,Bottle Green,235,,500,Mtr,199.70,,2026-07-18,expired_historical_price,medium
POL003924,PO00789,1,100% MDL rwill 130GSM W-58 Sea Greeb,,Swa Green,130,,1500,MTRS,Rs. 192.43,,2026-06-08,spelling_errors_and_abbreviations,medium
POL003925,PO00789,2,60/40 Poly Cotton Knit/Melange Jersey/White/155GSM/W-60,,White,155,,~300,KG,307.34,,2026-06-13,minor_naming_variation,easy
POL003926,PO00789,3,Wool Felt 400 GSM 72 inch CHARCL,,,,,100,kgs,159.84 per unit,,2026-06-13,unknown_product,exception
POL003927,PO00789,4,55/45 Linen Cotton/Plain/GSM 215/58'/Navy Blue,,Baby Pink,215,,2000,Meters,459.11/mtr,,2026-06-13,incorrect_colour_or_gsm,hard
POL003928,PO00790,1,"95/5 Poly Spandex, Sateen, 175 GSM, 58 inch, Bottle Green",,Bottle Green,175,,2000,mtr,Rs. 156.21,,2026-07-23,partial_catalogue_match,medium
POL003929,PO00790,2,100% Polyester Crepe 85 GSM 58 inches Rust,,Royal Blue,85,,400,mts,Rs. 59.24,,2026-07-23,incorrect_colour_or_gsm,hard
POL003930,PO00790,3,100% PLY  44'  70 GSM  Crep e Wine,,Wine,70,,2000,mtr,48.39,,2026-08-17,spelling_errors_and_abbreviations,medium
POL003931,PO00790,4,70/30 Modal Cotton Satin 105 GSM 58 inch Greige RFD,,Greige RFD,105,58,2000,Meters,Rs. 150.15,,2026-07-13,clean_exact_match,easy
POL003932,PO00790,5,Bkack 100% LYO W-58 Satin 150gsm,,Bllack,150,,800,Mtr,INR 213.64,,2026-07-18,spelling_errors_and_abbreviations,medium
POL003933,PO00790,6,as per our code AMR-8594,AMR-8594,,,,400,M,Rs. 236.77,,2026-07-23,customer_specific_product_code,medium
POL003934,PO00791,1,JERSEY KNIT FABRIC - W-60 medium quality,,,,,200,Kilo,311.09,,2026-07-23,ambiguous_product_match,hard
POL003935,PO00791,2,"155 g/m2, 60"", Melange Jersey, Off White, 60/40 Poly Cotton Knit",,Off White,155,,100,KGS,299.20,,2026-08-17,small_acceptable_price_variation,easy
POL003936,PO00791,3,100% Linen Plain 215 GSM 58 inch Cream,,Cream,215,58,2500,Meters,414.6,,2026-07-28,clean_exact_match,easy
POL003937,PO00791,4,215 GSM rCeam 100% LLIN 58' Plain,,Cream,215,,300,M,412.07,,2026-07-13,spelling_errors_and_abbreviations,medium
POL003938,PO00792,1,"Navy Blue/375 g/m2/72""/Polar/60/40 Cotton Poly Fleece",,Navy Blue,375,,100,Kilo,420.79,,2026-07-27,small_acceptable_price_variation,easy
POL003939,PO00792,2,100% POLYESTER FLEECE - BRUSHED - 240 G/M2 - RFD,,Greige RFD,240,,TBC,KG,INR 240.08,,2026-07-12,missing_quantity,exception
POL003940,PO00792,3,"60/40 Cotton Poly Fleece  Loop Terry  375GSM  60""  Beige",,Beige,375,,400,KG,INR 406.83,,2026-06-22,minor_naming_variation,easy
POL003941,PO00792,4,"Poly Cotton Denim, Rigid, GSM 310, 63 inch, Ecru",,Ecru,310,,2000 approx,MTRS,197.82,,2026-07-07,partial_catalogue_match,medium
POL003942,PO00792,5,72 inch loopknit fabric,HAR-2684,,,,100,kgs,Rs. 409.06,,2026-06-22,ambiguous_product_match,hard
POL003943,PO00792,6,60/40 Cotton Poly Fleece Polar 375 GSM 72 inch Navy Blue,,Navy Blue,375,72,150 approx,Kilo,409.8,,2026-07-02,clean_exact_match,easy
POL003944,PO00792,7,60/40 Cotton Poly Fleece Loop Terry 375 GSM 60 inch Beige,,Beige,375,60,80,kgs,408.51,,2026-07-27,clean_exact_match,easy
POL003945,PO00792,8,60/40 Cotton Poly Fleece Polar 375GSM 72 inches Navy Blue,HAR-9500,Navy Blue,375,,500,KG,Rs. 409.98,"Ref our mail - actually need Wine, not as written above",2026-06-27,conflicting_information_in_po,hard
POL003946,PO00792,9,shirting cloth/44 inches,HAR-6424,,,,800,mtr,105.36,,2026-07-07,ambiguous_product_match,hard
POL003947,PO00792,10,60/40 COTTON POLY FLEECE - POLAR - 375GSM - 72' - NAVY BLUE,HAR-4679,Navy Blue,375,,500,Kg,411.47,"Ref our mail - actually need Off White, not as written above",2026-07-02,conflicting_information_in_po,hard
POL003948,PO00792,11,100% CTN KNIT  Single Jersey  155 GSM  72 inchrs  Lavrnderr,,Lavender,155,,400,KG,INR 354.43,,2026-06-27,spelling_errors_and_abbreviations,medium
POL003949,PO00793,1,100% Viscose Print Base 105 GSM 44 inch Grey Melange,,Grey Melange,105,44,1500,Mtr,117.18,,2026-09-07,clean_exact_match,easy
POL003950,PO00793,2,"Firozi, 58in, 125 GSM, 100% Linen, Slub",,Olive,125,,"2,000",MTRS,Rs. 270.32,,2026-08-18,incorrect_colour_or_gsm,hard
POL003951,PO00793,3,"Maroon, 44 inches, Print Base, 100% Viscose, 105 g/m2",,Maroon,105,,200,Meters,116.20,,2026-09-02,partial_catalogue_match,medium
POL003952,PO00793,4,100% PLY  Cihffon  85 gm  58'  Grey MEL,,Grey Melange,85,,1200,Meters,59.88,,2026-09-07,spelling_errors_and_abbreviations,medium
POL003953,PO00793,5,100% VoS  mel. gre y 44 ibches  105 g/m2  print base,,Grey nelange,105,,1200 approx,Meters,117.26 per unit,,2026-09-22,spelling_errors_and_abbreviations,medium
POL003954,PO00793,6,100% LINEN SLUB 125 GSM 58 INCHES FIROZI,,Firozi,125,,2000,Mtr,Rs. 277.33,,2026-09-22,small_acceptable_price_variation,easy
POL003955,PO00794,1,100% Polyester Georgette 85gsm 58 inches,,,85,,2500,mts,Rs. 62.44,,2026-06-04,multiple_possible_sku_matches,hard
POL003956,PO00794,2,95/5 VISCOSE LYCRA - 110 GSM - GREIGE RFD - RAYON PLAIN,,Greige RFD,110,,300,Meters,INR 71.25,,2026-06-19,expired_historical_price,medium
POL003957,PO00794,3,"Poly/Blackout Base/160 gm/54""/Maroon",,Dark Maroon,160,,800,Mtr,139.72,,2026-06-04,minor_naming_variation,easy
POL003958,PO00794,4,"Sheer Caaement - 110"" - FD - 70/30 Poly CTN - 225 hm",,Greieg RFD,225,,150,Mtr,192.71,,2026-06-04,spelling_errors_and_abbreviations,medium
POL003959,PO00795,1,100% Cotton Flannel 245 GSM 58 inch Teal,,Teal,245,58,1200,Meters,Rs. 199.25,,2026-04-29,clean_exact_match,easy
POL003960,PO00795,2,100% Cotton - Flannel - 215 GSM - 58in - Teal,,Teal,215,,~300,mtr,199.92,,2026-05-09,incorrect_colour_or_gsm,hard
POL003961,PO00795,3,100% Cotton/295GSM/Musturd/58 inches/Twill,,Musturd,295,,1500,Mtr,Rs. 223.19,,2026-05-09,minor_naming_variation,easy
POL003962,PO00796,1,Recycled PET Fleece GRS Certified 300 GSM,,,,,2000,MTRS,INR 241.73,,2026-07-13,unknown_product,exception
POL003963,PO00796,2,"130 GM, 58"", TWILL, L PINK, 100% ML",,Baby Pink,130,,300 approx,MTRS,215.23,,2026-07-13,spelling_errors_and_abbreviations,medium
POL003964,PO00796,3,"95/5 Viscose Lycra, Rayon Crepe, 110 g/m2, 58'",,,110,,400,MTR,91.34,,2026-06-08,multiple_possible_sku_matches,hard
POL003965,PO00797,1,100% Polyester Crepe 85 GSM 58 inch Off White,,Off White,85,58,500,mtr,Rs. 69.59,,2026-08-22,clean_exact_match,easy
POL003966,PO00798,1,combed cotton  dobby  150 gm  58'  wine,ANA-5963,Wine,150,,2500 approx,Mtr,127.38,,2026-05-13,minor_naming_variation,easy
POL003967,PO00798,2,"2X2 RIB, 72 INCHES, GSM 280, OLIVE, 100% COTTON KNIT",,Olive,280,,80,Kilo,Rs. 268.00,,2026-05-18,wrong_price_outside_tolerance,exception
POL003968,PO00798,3,"58', Wine, Lightweihgtt, 350 gm, 98/2 CTN LYC DNM",ANA-1161,Winw,350,,2500 approx,M,242.4,,2026-05-18,spelling_errors_and_abbreviations,medium
POL003969,PO00798,4,"100% c0mbed cott0n, d0bby, 150gsm, 58 inch, wine",ANA-4520,,150,,~150,MTRS,127.35/mtr,,2026-05-08,poor_quality_document,hard
POL003970,PO00798,5,100% Polyester Fleece Brushed 275 GSM 60 inch Black,ANA-8973,Black,275,60,500,kgs,294.26/kg,,2026-05-13,clean_exact_match,easy
POL003971,PO00799,1,Mint - GSM 195 - 100% Cotton - Drill,,Mint,195,,150,mtr,142.65,,2026-08-08,no_historical_price,medium
POL003972,PO00799,2,100% CCTN/Drill/195GSM/60in/Tela,,Teal,195,,1000,M,165.96,,2026-08-18,spelling_errors_and_abbreviations,medium
POL003973,PO00799,3,Poly Cotton Denim  Rigid  310 g/m2  W-63  Camel,,Olive,310,,200,MTRS,214.4,,2026-08-13,incorrect_colour_or_gsm,hard
POL003974,PO00799,4,Peach 98/2 Cotton Lycra Denim Rigid 300 GSM,,Peach,300,,400,Thaan,231.91,,2026-08-18,wrong_unit_of_measure,exception
POL003975,PO00799,5,"Poly Cotton Denim, Rigid, 310 GSM, 63in, Camel",,Camel,310,,500,M,213.28,,2026-08-08,minor_naming_variation,easy
POL003976,PO00799,6,100% Combed Cotton Dobby 140 GSM 58 inch Mustard,,Mustard,140,58,800 approx,M,135.18/mtr,,2026-08-18,clean_exact_match,easy
POL003977,PO00799,7,155gsm/60/40 Poly Cotton Knit/60 inch/Melange Jersey/Off White,,Off White,155,,400,kgs,INR 354.44,Please supply in Firozi as discussed,2026-08-23,conflicting_information_in_po,hard
POL003978,PO00799,8,Peach/Rigid/98/2 Cotton Lycra Denim/300 g/m2,,Peach,300,,-,MTRS,231.93,TBC,2026-08-23,missing_quantity,exception
POL003979,PO00799,9,"100% TCN, Drill, 195gsm, 60"", Tel",,Teal,195,,150,mts,165.40,,2026-08-18,spelling_errors_and_abbreviations,medium
POL003980,PO00799,10,Rigid/300 g/m2/63'/98/2 Cotton Lycra Denim/Peach,,Olive,300,,300,Mtr,231.34,,2026-08-23,incorrect_colour_or_gsm,hard
POL003981,PO00800,1,100% Cotton Terry Face Towel 450 GSM 16x24 inch Wine,,Wine,450,,750,pieces,221.43/pc,,2026-08-21,clean_exact_match,easy
POL003982,PO00800,2,"470gsm, Hand Towel, B. Green, 100% Cotton Terry",,Bottle Green,470,,"1,500",Pcs,INR 230.01,,2026-08-06,expired_historical_price,medium
POL003983,PO00800,3,65/35 Poly Cotton  Duck Canvas  405 gm  63in  Melange Grey,,Grey Melange,405,,800,mts,235.8,,2026-07-17,minor_naming_variation,easy
POL003984,PO00800,4,as per our code DEV-8731,DEV-8731,,,,800,Mtr,224.31,,2026-08-21,customer_specific_product_code,medium
POL003985,PO00801,1,Cupro Satin 90 GSM 44 inch Ivory,,,,,100,KG,Rs. 282.55,,2026-06-10,unknown_product,exception
POL003986,PO00801,2,100% COMBED COTTON/POPLIN/95 GSM/58 INCHES/TEAL,,Teal,95,,"1,500",MTRS,84.17,,2026-06-10,new_customer_no_history,medium
POL003987,PO00801,3,PU Coated Leatherette 450 GSM Tan,,,,,300,MTRS,Rs. 200.12,,2026-06-10,unknown_product,exception
POL003988,PO00801,4,Recycled PET Fleece GRS Certified 300 GSM,,,,,1000,MTRS,INR 94.68,,2026-07-15,unknown_product,exception
POL003989,PO00801,5,"310 G/M2, W-58, 100% COTTON DENIM, CAMEL, LIGHTWEIGHT",,Camel,310,,400,mts,187.96/mtr,,2026-06-30,new_customer_no_history,medium
POL003990,PO00801,6,98/2 Cotton Lycra Denim Rigid GSM 300 63' Sea Green,,Sea Green,300,,"2,500",mts,INR 208.52,,2026-06-30,new_customer_no_history,medium
POL003991,PO00801,7,"Camel - 98/2 Cotton Lycra Denim - 350 gm - 58"" - Lightweight",,Camel,350,,~500,mtr,223.1,,2026-06-20,new_customer_no_history,medium
POL003992,PO00801,8,"Dobby, 100% Combed Cotton, 58 inch, 150 gm, Royal Blue",,Royal Blue,150,,800,mts,123.54,,2026-06-20,new_customer_no_history,medium
POL003993,PO00801,9,100% Lyocell/Satin/GSM 105/58'/Ecru,,Ecru,105,,1500,mts,INR 152.05,,2026-06-30,new_customer_no_history,medium
POL003994,PO00801,10,300GSM - 98/2 Cotton Lycra Denim - Firozi - Rigid - W-63,,Firozi,300,,~150,MTRS,INR 208.87,,2026-06-25,new_customer_no_history,medium
POL003995,PO00802,1,50/50 Poly Cotton Sheeting 210 GSM 90 inch Charcoal,,Charcoal,210,90,300,mtr,251.62,,2026-09-14,clean_exact_match,easy
POL003996,PO00802,2,50/50 Poly Cotton Sheeting 210 GSM 90 inch Charcoal,,Charcoal,210,90,200,M,251.70,,2026-10-04,clean_exact_match,easy
POL003997,PO00802,3,"50/50 Poly Cotton Sheeting 210gsm 90""",,,210,,400,Mtr,251.19,,2026-09-04,multiple_possible_sku_matches,hard
POL003998,PO00803,1,65/35 Poly Cotton Flannel 210 g/m2 58 inch Black,,Black,210,,400,M,156.94/mtr,,2026-07-04,minor_naming_variation,easy
POL003999,PO00803,2,100% Linen Handloom Finish 115 g/m2 58' Brown Coffee,,Coffee Brown,115,,1500,mtr,144.87,,2026-07-29,wrong_price_outside_tolerance,exception
POL004000,PO00803,3,"Pplin, 95 gm, White, 100% CMBD CTN, 58ibb",,Wite,95,,300,MTR,INR 86.17,,2026-07-09,spelling_errors_and_abbreviations,medium
POL004001,PO00803,4,"Loop Terry, 60/40 Cotton Poly Fleece, Musturd, 375GSM",,Mustard,375,,80,Kg,372.95 per unit,,2026-07-09,expired_historical_price,medium
POL004002,PO00803,5,100% Polyester Blackout Base 220 GSM 54 inch Mint,,Mint,220,54,200,Mtr,Rs. 164.38,,2026-07-14,clean_exact_match,easy
POL004003,PO00804,1,"100% Cotton - Sheeting - 140gsm - 108"" - Navy",NIR-4117,N.Blue,140,,150,Meters,216.55,,2026-06-26,minor_naming_variation,easy
POL004004,PO00804,2,"58""  130GSM  100% Polyester  Digital Print Base  Olive",NIR-4911,Olive,130,,400,MTRS,153.23,"Ref our mail - actually need Bottle Green, not as written above",2026-06-26,conflicting_information_in_po,hard
POL004005,PO00804,3,lt pink/2x2 rib/100% cotton knit/gsm 280,,Baby Pink,280,,80,Kilo,496.84,,2026-07-06,expired_historical_price,medium
POL004006,PO00804,4,DARK BLUE/100% CTN/140GSn/108'/SHEETING,NIR-9145,Navy Blue,140,,1500,mts,217.20,,2026-07-11,spelling_errors_and_abbreviations,medium
POL004007,PO00804,5,Loop Terry 60/40 Cotton Poly Fleece Musturd 375gsm 60',,Mustard,375,,200 approx,KGS,INR 401.08,,2026-06-21,minor_naming_variation,easy
POL004008,PO00805,1,100% Viscose Print Base 105 GSM 44 inch Grey Melange,,Grey Melange,105,44,150,MTR,116.24,,2026-05-25,clean_exact_match,easy
POL004009,PO00805,2,100% viscose print base 105 g/m2 44 inch grey melange,,Mel. Grey,105,,"2,500",mtr,116.86 per unit,,2026-04-25,minor_naming_variation,easy
POL004010,PO00805,3,100% Linen Slub 125 g/m2 58' Firozi,,Firozi,125,,1500 approx,M,261.70,,2026-04-30,small_acceptable_price_variation,easy
POL004011,PO00805,4,100% Viscose Print Base 85gsm W-44 Grey Melange,,Grey Melange,85,,1000,MTRS,116.31,,2026-04-30,incorrect_colour_or_gsm,hard
POL004012,PO00805,5,100% Viscose Print Base 105 GSM 44 inch Grey Melange,,Grey Melange,105,44,1500 approx,Mtr,116.26,,2026-04-20,clean_exact_match,easy
POL004013,PO00805,6,Slub - 100% Linen - 58' - 125gsm - Ferozi,,Firozee,125,,500,mtr,270.94,,2026-05-05,minor_naming_variation,easy
POL004014,PO00806,1,POLY COTTON DENIM RIGID 310GSM 63 INCH BEIGE,,Beige,310,,200 approx,MTR,INR 197.10,,2026-08-20,partial_catalogue_match,medium
POL004015,PO00806,2,jeans fabric usual,,,,,1200,mts,196.79,,2026-09-04,ambiguous_product_match,hard
POL004016,PO00806,3,"215GSM, ROYAL BLUE, 58IN, 100% LINEN, PLAIN",,Coffee Brown,215,,1000,MTR,422.49,,2026-08-30,incorrect_colour_or_gsm,hard
POL004017,PO00806,4,item RAJ-3853,RAJ-3853,,,,300,M,421.48,,2026-09-09,customer_specific_product_code,medium
POL004018,PO00806,5,Ply TCN Denim - Rigid - 310gsm - 63 inch - Peach,,Peqch,310,,400,Mtr,197.48,,2026-08-20,spelling_errors_and_abbreviations,medium
POL004019,PO00806,6,100% Linen Plain 215 GSM 58 inch Royal Blue,,Royal Blue,215,58,200,mts,Rs. 420.21,,2026-09-09,clean_exact_match,easy
POL004020,PO00806,7,100% Linen  Plain  215GSM  58',,,215,,500,MTR,422.08,,2026-09-04,multiple_possible_sku_matches,hard
POL004021,PO00806,8,Poly Cotton Denim Rigid 310 GSM 63 inch Peach,,Peach,310,63,150,MTR,196.94,,2026-09-04,clean_exact_match,easy
POL004022,PO00807,1,Cambric/105 gm/60/40 Cotton Poly/44',ADV-5968,,105,,500,Meters,92.0,,2026-07-23,multiple_possible_sku_matches,hard
POL004023,PO00808,1,100% Polyester Blackout Base 160 GSM 54 inch Rust,,Rust,160,54,~400,M,141.10,,2026-06-05,clean_exact_match,easy
POL004024,PO00809,1,100% Linen Handloom Finish 115 GSM 58 inch Grey Melange,,Grey Melange,115,58,300,Meters,269.87,,2026-07-13,clean_exact_match,easy
POL004025,PO00809,2,"95/5 Poly Spandex, Satin, 155 g/m2, Rust",,Rust,155,,~2000,M,143.58,,2026-06-18,expired_historical_price,medium
POL004026,PO00809,3,100% Linen Slub 125 GSM 58 inch Grey Melange,,Grey Melange,125,58,1500,Meters,290.36,,2026-06-08,clean_exact_match,easy
POL004027,PO00809,4,Georgette W-58 85 GSM 100% PYL Dar Blue,,Nacy Blue,85,,~600,Mtr,59.1,,2026-06-18,spelling_errors_and_abbreviations,medium
POL004028,PO00809,5,100% Linen Handloom Finish 115 GSM 58 inch Mint,,Mint,115,58,1000,Mtr,Rs. 252.29,,2026-06-13,clean_exact_match,easy
POL004029,PO00809,6,"Linen, Handloom Finish, 115GSM, 58 inch, Mint",,Mint,115,,1200,Mtr,Rs. 252.54,,2026-06-18,minor_naming_variation,easy
POL004030,PO00809,7,100% Polyester Crepe 105 GSM 58 inch Beige,,Beige,105,58,200,mts,70.42,,2026-06-13,clean_exact_match,easy
POL004031,PO00810,1,100% Cotton Knit Melange Jersey 200 GSM 72 inch Silver Grey,,Silver Grey,200,72,150,kgs,INR 403.54,,2026-05-23,clean_exact_match,easy
POL004032,PO00810,2,LINEN CLOTH,,,,,300,Meters,434.98,,2026-06-22,ambiguous_product_match,hard
POL004033,PO00810,3,98/2 COTTON LYCRA DRILL 235GSM DARK GREEN,,Bottle Green,235,,300,Yards,199.1,,2026-06-22,wrong_unit_of_measure,exception
POL004034,PO00810,4,"150 GSM, 100% LYOCELL, SATIN, PEACH",,Peach,150,,2500,Meters,230.64,,2026-05-18,expired_historical_price,medium
POL004035,PO00811,1,95/5 Poly Spandex Sateen 190 GSM 58 inch Teal,,Teal,190,58,2000,mts,161.49,,2026-07-18,clean_exact_match,easy
POL004036,PO00811,2,95/5 poly spandex sateen 190 gm teal,,Teal,190,,as per stock,Meters,INR 161.57,TBC,2026-07-03,missing_quantity,exception
POL004037,PO00812,1,W-60  Singe Jersey  Charcoal  95/5 CTN LYC  155 f/m2,TAN-6449,Charcoal,155,,80,KG,INR 378.08,,2026-09-18,spelling_errors_and_abbreviations,medium
POL004038,PO00812,2,SATIN  100% LYi  150GSM  58 INNCHES  RUST,TAN-7571,Rut,150,,2500,mts,224.12/mtr,,2026-08-14,spelling_errors_and_abbreviations,medium
POL004039,PO00812,3,poly cotton denim - rigid - 310 gsm - silver,,Silver Grey,310,,34897,mtr,197.50,,2026-08-24,unusually_large_quantity,exception
POL004040,PO00812,4,97/3 Cotton Spandex Chino 320 GSM 58 inch Camel,,Camel,320,58,300,mts,263.1,,2026-08-24,clean_exact_match,easy
POL004041,PO00812,5,"denim cloth, W-58 regular quality",,,,,300,M,257.16,,2026-08-29,ambiguous_product_match,hard
POL004042,PO00812,6,58in - 97/3 Cotton Spandex - 320 GSM - Chino - Camel,TAN-1667,Camel,320,,~800,mtr,263.45,,2026-08-24,minor_naming_variation,easy
POL004043,PO00812,7,70/30 Modal Cotton Satin 180 GSM 58 inch Lavender,TAN-3113,Lavender,180,58,500,Meters,282.9,,2026-09-03,clean_exact_match,easy
POL004044,PO00812,8,97/3 CTN Spndex  Chinp  GSM 320  58'  Camel,,Camel,320,,150,MTRS,264.24/mtr,,2026-08-14,spelling_errors_and_abbreviations,medium
POL004045,PO00812,9,97/3 Cotton Spandex Chino 320 GSM 58 inch Camel,,Camel,320,58,2500,Mtr,263.58,,2026-09-18,clean_exact_match,easy
POL004046,PO00812,10,"Oxford 44"" 160 GSM 100% Combed Cotton",,,160,,800,Meters,128.81,,2026-08-29,multiple_possible_sku_matches,hard
POL004047,PO00813,1,"OLIVE  GSM 275  58""  97/3 COTTON SPANDEX  DRILL",,Olive,275,,"1,500",MTR,223.24,,2026-06-10,minor_naming_variation,easy
POL004048,PO00814,1,"63 inches, Navy Blue, 98/2 Cotton Lycra Denim, GSM 300, Rigid",,Navy Blue,300,,200,Meters,246.31,,2026-08-16,partial_catalogue_match,medium
POL004049,PO00814,2,95/5 cotton lycra knit  waffle  195 gsm  60 inches  lavender,,Lavender,195,,500,Kilo,386.99,,2026-08-26,partial_catalogue_match,medium
POL004050,PO00814,3,95/5 Cotton Lycra Knit Waffle 195 GSM 60 inch Off White,,Off White,195,,400,KG,387.64,,2026-09-10,partial_catalogue_match,medium
POL004051,PO00814,4,95/5 Cotton Lycra Knit  Waffle  GSM 195  60'  Mint,,Mint,195,,80,Kg,INR 379.81,,2026-08-06,partial_catalogue_match,medium
POL004052,PO00815,1,"58"" 100% Cotton Twill 295gsm",,,295,,~200,MTR,INR 212.81,,2026-07-10,multiple_possible_sku_matches,hard
POL004053,PO00815,2,60/40 Cotton Poly Voile 130 GSM 44 inch Greige RFD,,Greige RFD,130,44,400,Mtr,94.68,,2026-07-05,clean_exact_match,easy
POL004054,PO00816,1,Poly Cotton Denim Rigid 310 GSM 63 inch Peach,,Peach,310,63,1500,MTRS,196.53/mtr,,2026-05-21,clean_exact_match,easy
POL004055,PO00816,2,"Royal Blue - 160 GSM - 100% Cotton Knit - 60"" - Single Jersey",,Royal Blue,160,,300,Kilo,Rs. 323.61,,2026-05-31,minor_naming_variation,easy
POL004056,PO00816,3,Recycled PET Fleece GRS Certified 300 GSM,,,,,150,Kilo,349.66,,2026-06-05,unknown_product,exception
POL004057,PO00816,4,100% Linen Plain 215 GSM 58 inch Royal Blue,,Royal Blue,215,58,300,MTR,422.45,,2026-05-16,clean_exact_match,easy
POL004058,PO00816,5,100% Cotton Knit Single Jersey GSM 160 60' Royal Blue,,Royal Blue,160,,500,kgs,INR 324.61,Width to be 44 inch as per last supply,2026-06-05,conflicting_information_in_po,hard
POL004059,PO00816,6,Poly Cotton Denim Rigid 310 GSM 63 inch Peach,,Peach,310,63,1500,MTR,INR 196.02,,2026-06-05,clean_exact_match,easy
POL004060,PO00816,7,Poly Cotton Denim Rigid 310 GSM 63 inch Peach,,Peach,310,63,~2000,mtr,196.55/mtr,,2026-05-26,clean_exact_match,easy
POL004061,PO00816,8,100% CTN KNIT/160gsm/SSinggle Jersey/60on/Royal Blue,,Royal Blue,160,,250,kgs,Rs. 326.11,,2026-05-21,spelling_errors_and_abbreviations,medium
POL004062,PO00816,9,Poly Cotton Denim Rigid 310 GSM 63 inch Peach,,Peach,310,63,800,MTR,197.2,,2026-06-05,clean_exact_match,easy
POL004063,PO00816,10,Cupro Satin 90 GSM 44 inch Ivory,,,,,100,Kilo,210.59 per unit,,2026-05-26,unknown_product,exception
POL004064,PO00817,1,"LINEN/HANDLOOM FINISH/220GSM/58""/PEACH",,Peach,220,,400,Meters,Rs. 443.21,,2026-07-11,minor_naming_variation,easy
POL004065,PO00817,2,"95/5 COTTON LYCRA KNIT, 155 G/M2, RFD, SINGLE JERSEY, 60 INCHES",,Greige,155,,80,KGS,302.28/kg,,2026-07-11,minor_naming_variation,easy
POL004066,PO00817,3,98/2 coft0n lycra - dril1 - 235 gsm - 60 inch - marun,,,235,,2000,Meters,200.99,,2026-07-11,poor_quality_document,hard
POL004067,PO00817,4,shirting fabric normal one,,,,,800 approx,MTR,137.85 per unit,,2026-07-06,ambiguous_product_match,hard
POL004068,PO00817,5,100% CMBD CTN royal blue xoford 160gsm 44 inches,,Royal Blue,160,,500,Mtr,Rs. 138.07,,2026-07-16,spelling_errors_and_abbreviations,medium
POL004069,PO00817,6,"100% Cotton Knit, Single Jersey, 160gsm, 60 inch, Bottle Green",,Bottle Green,160,,200 approx,KGS,INR 234.88,Rate confirmed on call,2026-06-26,wrong_price_outside_tolerance,exception
POL004070,PO00817,7,GSM 160 60 inch Single Jersey 100% Cotton Knit Bottle Green,,Bottle Green,160,,50,KG,INR 358.10,"Ref our mail - actually need Royal Blue, not as written above",2026-07-01,conflicting_information_in_po,hard
POL004071,PO00817,8,SHIRT MATERIAL,,,,,2500,mts,123.99,,2026-07-06,ambiguous_product_match,hard
POL004072,PO00817,9,97/3 COTTON SPANDEX/CANVAS BOTTOM/195 G/M2/60 INCHES,,,195,,300,MTR,167.6,,2026-07-01,multiple_possible_sku_matches,hard
POL004073,PO00817,10,"Single Jersey/95/5 Cotton Lycra Knit/Grey Fabric (RFD)/155 GSM/60""",,RFD,155,,400,KGS,303.71 per unit,,2026-07-31,minor_naming_variation,easy
POL004074,PO00817,11,"70/30 Modal CTN, Plain, 160 GSM, 58"", Fioorzi",,irozi,160,,300,MTRS,246.44 per unit,,2026-07-01,spelling_errors_and_abbreviations,medium
POL004075,PO00817,12,PU Coated Leatherette 450 GSM Tan,,,,,150,MTR,INR 118.70,,2026-06-26,unknown_product,exception
POL004076,PO00818,1,"95/5 Poly Spandex Satin 155GSM 58"" Rust",,Rust,155,,2500,mts,137.90,,2026-07-24,small_acceptable_price_variation,easy
POL004077,PO00818,2,"Curtain Jacquard, W-54, 100% Polyester, 195 GSM, Rust",,Rust,195,,1500,mts,170.46,,2026-06-29,minor_naming_variation,easy
POL004078,PO00819,1,100% Polyester Digital Print Base 130 GSM 58 inch Maroon,,Maroon,130,58,~300,MTR,134.29,,2026-08-18,clean_exact_match,easy
POL004079,PO00819,2,NIR-4229 same as last time,NIR-4229,,,,150,MTRS,81.20,,2026-08-13,customer_specific_product_code,medium
POL004080,PO00819,3,100% Lyocell - 150 GSM - Satin - 58 inch,,,150,,400,M,Rs. 221.19,,2026-08-03,multiple_possible_sku_matches,hard
POL004081,PO00819,4,COFFEE 2X2 RIB 100% CTN KNI 230GSM 60 INCHES,,Coffee Brown,230,,400,kgs,380.78,,2026-07-29,spelling_errors_and_abbreviations,medium
POL004082,PO00819,5,100% PLY rPint Base GM 105 W-58 Teal,,Tael,105,,300,MTRS,113.45,,2026-08-03,spelling_errors_and_abbreviations,medium
POL004083,PO00820,1,100% COTTON TERRY HAND TOWEL SILVER GREY GSM 385,,Maroon,385,,300,PCS,184.52,,2026-08-31,incorrect_colour_or_gsm,hard
POL004084,PO00820,2,50/50 Poly Cotton Sheeting 210 GSM 90 inch Charcoal,,Charcoal,210,90,1500,Mtr,INR 249.99,,2026-08-31,clean_exact_match,easy
POL004085,PO00820,3,100% Polyester Chenille 350 GSM 58 inch Black,,Black,350,58,~2000,Meters,299.04,,2026-08-21,clean_exact_match,easy
POL004086,PO00820,4,50/50 Poly Cotton/Percale/210GSM/Mustard,,Mustard,210,,43537,mts,249.88,,2026-08-26,unusually_large_quantity,exception
POL004087,PO00820,5,coffee brown/350 gsm/65/35 poly cotton/canvas/63 inch,,Coffee Brown,350,,~2500,MTR,204.21,Width to be 60 inch as per last supply,2026-09-10,conflicting_information_in_po,hard
POL004088,PO00820,6,350gsm - Chenille - 100% Polyester - Navy Blue - 58',,Navy Blue,350,,"1,000",MTRS,Rs. 300.06,,2026-09-25,partial_catalogue_match,medium
POL004089,PO00820,7,100% Cotton Terry - Hand Towel - 385gsm - Silver Grey,,Lt Grey,385,,300,pieces,184.34,,2026-08-31,minor_naming_variation,easy
POL004090,PO00821,1,370 gm/Stretch/98/2 Cotton Lycra Denim/63 inch/Rust,ANA-3542,Rust,370,,400,Mtr,293.37,Width to be 63 inch as per last supply,2026-07-11,conflicting_information_in_po,hard
POL004091,PO00821,2,"STRETCH RUST GSM 370 98/2 COTTON LYCRA DENIM 63""",ANA-4232,Rust,370,,600,mts,215.2,Rate as per last PO,2026-08-10,wrong_price_outside_tolerance,exception
POL004092,PO00821,3,100% Cotton Drill 195 GSM 60 inch Teal,ANA-3085,Teal,195,60,1500,Mtr,161.73,,2026-07-21,clean_exact_match,easy
POL004093,PO00821,4,"240 GSM/100% Cotton Knit/Waffle/60""",ANA-5316,,240,,250 approx,Kilo,449.76,,2026-07-21,multiple_possible_sku_matches,hard
POL004094,PO00821,5,98/2 Cotton Lycra Denim Stretch 370 GSM 63 inch Rust,,Rust,370,63,"1,000",MTR,292.62/mtr,,2026-08-10,clean_exact_match,easy
POL004095,PO00821,6,100% CMB DCTN Chambeay 130gsm 58' Bbay Pink,,Baby Pink,130,,1500,Meters,128.81,,2026-08-10,spelling_errors_and_abbreviations,medium
POL004096,PO00822,1,"Charcoal Twill Suiting 55/45 Poly Wool GSM 275 58""",,Charcoal,275,,"2,000",mtr,252.04,,2026-08-24,small_acceptable_price_variation,easy
POL004097,PO00822,2,100% Cotton Knit 1x1 Rib 220 GSM 72 inch Lavender,,Lavender,220,72,300,Kilo,369.48,,2026-08-04,clean_exact_match,easy
POL004098,PO00822,3,95/5 Poly Spandex Sateen 190 GSM 58 inch Teal,,Teal,190,58,600,MTRS,158.26,,2026-08-09,clean_exact_match,easy
POL004099,PO00822,4,casement fabric - 110 inch,,,,,2000,Meters,227.1,,2026-08-24,ambiguous_product_match,hard
POL004100,PO00822,5,100% PLY Fleeece 275 g/m2 Coffee 60in Bushed,,Coffee Brown,275,,200,Kg,308.17/kg,,2026-09-08,spelling_errors_and_abbreviations,medium
POL004101,PO00823,1,Silk Organza 45 GSM 44 inch Gold,,,,,300,mtr,293.4,,2026-09-13,unknown_product,exception
POL004102,PO00823,2,95/5 Poly Spandex Sateen GSM 175 58 inches Ecru,,Ecru,175,,1500,mts,156.24,,2026-09-03,minor_naming_variation,easy
POL004103,PO00823,3,"95/5 Poly SSpandex  Satren  175 g/m2  58""  Ecru",,Ecru,175,,"1,200",Mtr,155.56,,2026-09-28,spelling_errors_and_abbreviations,medium
POL004104,PO00823,4,GSM 175  58 inches  Sateen  Ecru  95/5 Poly Spandex,,Ecru,175,,400,mtr,155.55,Width to be 54 inch as per last supply,2026-09-28,conflicting_information_in_po,hard
POL004105,PO00823,5,98/2 Cotton Lycra/Chino/210 gm/58 inch/Charcoal,,Charcoal,210,,300,MTR,INR 193.42,,2026-09-13,small_acceptable_price_variation,easy
POL004106,PO00824,1,"65/35 Poly Cotton, Canvas, 350 GSM, W-63, Maroon",,Maroon,350,,200,mts,195.58,,2026-07-01,small_acceptable_price_variation,easy
POL004107,PO00824,2,100% Cotton  Duck Canvas  390gsm  63'  Olive,,Olive,390,,1200,mts,220.67,,2026-07-06,partial_catalogue_match,medium
POL004108,PO00824,3,HAND TOWEL  OLIVE  425GSM  100% COTTON TERRY,,Olive,425,,2000,pieces,Rs. 196.24,,2026-07-06,partial_catalogue_match,medium
POL004109,PO00824,4,Off White 465 gm 100% Cotton Duck Canvas,,Off White,465,,2500,MTRS,272.30/mtr,,2026-06-26,expired_historical_price,medium
POL004110,PO00824,5,"sofa fabric, 310GSM, Light Pink",BHO-2866,,,,1000,MTR,245.85,,2026-07-31,customer_specific_product_code,medium
POL004111,PO00824,6,sofa fabric/54 inch,,,,,400,M,246.11,,2026-07-11,ambiguous_product_match,hard
POL004112,PO00824,7,65/35 Poly Cotton Canvas 350 GSM 63 inches,,,350,,150,Meters,206.26,,2026-06-26,multiple_possible_sku_matches,hard
POL004113,PO00824,8,Grey Melange  Hand Towel  470 g/m2  100% Cotton Terry,,Grey Melange,470,,100,pc,241.60/pc,,2026-07-01,partial_catalogue_match,medium
POL004114,PO00825,1,295 g/m2 58' Upholstery Jacquard Grey Melange 70/30 Poly Cotton,,Grey Melange,295,,1200,Meters,240.06,,2026-05-16,small_acceptable_price_variation,easy
POL004115,PO00826,1,100% Linen Plain 215 GSM 58 inch Off White,,Off White,215,58,500,M,455.89/mtr,,2026-07-09,clean_exact_match,easy
POL004116,PO00826,2,DEV-9105 same as last time,DEV-9105,,,,300,Meters,236.51,,2026-08-03,customer_specific_product_code,medium
POL004117,PO00826,3,Plain - 58 inches - 100% Linen - 215 gm - Offwhite,,Off White,215,,1000,M,455.66,,2026-08-03,minor_naming_variation,easy
POL004118,PO00827,1,55/45 Poly Wool Twill Suiting 290 GSM 60 inch White,,White,290,60,1500,Mtr,281.69,,2026-08-09,clean_exact_match,easy
POL004119,PO00828,1,65/35 Poly Cotton Blended Twill 145 GSM 58 inch Ecru,,Ecru,145,58,200,mts,Rs. 106.50,,2026-08-23,clean_exact_match,easy
POL004120,PO00829,1,satin 100% lyocell 105 gsm w-58,,,105,,1000,M,154.62,,2026-05-04,multiple_possible_sku_matches,hard
POL004121,PO00830,1,GSM 130 100% CMBD CTN B.PNK Cambray 58 inches,,Baby Pink,130,,200,mtr,Rs. 115.78,,2026-04-29,spelling_errors_and_abbreviations,medium
POL004122,PO00830,2,"100% Linen, Plain, 215 GSM, Royal Blue",,Royal Blue,215,,-,Meters,INR 436.67,TBC,2026-04-24,missing_quantity,exception
POL004123,PO00830,3,"Poly Cotton Denim - Rigid - 310 gm - 63"" - Camel",,Camel,310,,~600,MTR,Rs. 232.78,,2026-04-29,small_acceptable_price_variation,easy
POL004124,PO00830,4,Poly Cotton Denim Rigid 310 GSM 63 inch Camel,,Camel,310,63,400,mtr,INR 224.39,,2026-04-29,clean_exact_match,easy
POL004125,PO00830,5,100% Cotton  58 inches  225 g/m2  Navy Blue  Canvas Bottom,,Navy Blue,225,,"1,500",M,174.84/mtr,,2026-05-04,small_acceptable_price_variation,easy
POL004126,PO00830,6,72in Lavender Sinfle JSY 100% TN KNIT 155 g/m2,,Lavender,155,,200,Kilo,Rs. 302.54,,2026-04-14,spelling_errors_and_abbreviations,medium
POL004127,PO00830,7,97/3 Cotton Spandex Canvas Bottom 195 GSM 60 inch Bottle Green,,Bottle Green,195,60,"2,500",MTRS,Rs. 162.90,,2026-04-24,clean_exact_match,easy
POL004128,PO00831,1,100% Cotton Flannel 245 GSM 58 inch Teal,,Teal,245,58,1200,mtr,199.51,,2026-05-24,clean_exact_match,easy
POL004129,PO00831,2,100% Cotton Twill 295 GSM 58 inch Mustard,,Mustard,295,58,400 approx,M,221.9,,2026-05-24,clean_exact_match,easy
POL004130,PO00831,3,peach 100% cotton terry 470 gsm hand towel,,Peach,470,,500,pc,241.74,,2026-05-19,expired_historical_price,medium
POL004131,PO00832,1,Crema - PRT lPain - 100% VIS - 90gsm - 58in,AMR-6345,Cteam,90,,2500,mtr,99.34 per unit,,2026-08-18,spelling_errors_and_abbreviations,medium
POL004132,PO00832,2,AMR-1831 same as last time,AMR-1831,,,,150,MTR,Rs. 226.26,,2026-08-03,customer_specific_product_code,medium
POL004133,PO00832,3,100% Polyester Georgette 110 GSM 44 inch Mint,,Mint,110,44,1200,MTRS,66.67,,2026-09-07,clean_exact_match,easy
POL004134,PO00833,1,Cream 110 gm 58 inch 65/35 Poly Cotton Poplin,,Cream,110,,150 approx,MTRS,Rs. 77.66,,2026-09-22,small_acceptable_price_variation,easy
POL004135,PO00833,2,65/35 Poly Cotton Duck Canvas 465 GSM 63 inch Bottle Green,,Bottle Green,465,63,600,mts,274.04,,2026-09-02,clean_exact_match,easy
POL004136,PO00833,3,"65/35 Poly Cotton Poplin 110gsm 58"" Cream",,Cream,110,,1200,MTRS,Rs. 80.07,,2026-09-02,minor_naming_variation,easy
POL004137,PO00834,1,415 gm  100% Cotton Terry  Charcoal  Face Towel,,Charcoal Grey,415,,2000,Pcs,Rs. 200.55,,2026-05-14,minor_naming_variation,easy
POL004138,PO00834,2,100% Combed Cotton Chambray 130 GSM 58 inch Baby Pink,,Baby Pink,130,58,2500 approx,mts,105.99,,2026-06-13,clean_exact_match,easy
POL004139,PO00834,3,OOR-9389 same as last time,OOR-9389,,,,600,mtr,INR 97.11,,2026-05-09,customer_specific_product_code,medium
POL004140,PO00834,4,100% Polyester Blackout Base 220 GSM 54 inch Mint,,Mint,220,54,500 approx,M,Rs. 164.11,,2026-05-29,clean_exact_match,easy
POL004141,PO00834,5,PC shirting 140gsm Rust,OOR-9533,,,,"2,500",Meters,89.58,,2026-05-29,customer_specific_product_code,medium
POL004142,PO00835,1,Ecru Sheeting 140 g/m2 100% Cotton,,Ecru,140,,200 approx,mts,165.71,,2026-08-20,no_historical_price,medium
POL004143,PO00835,2,100% cotton terry - hand towel - 385 gm - sky blue,,Sky Blue,385,,1000 approx,pieces,184.98 per unit,,2026-08-05,partial_catalogue_match,medium
POL004144,PO00835,3,465 GSM 100% Cotton Duck Canvas Olive,,Olive,465,,300,mtr,Rs. 234.06,,2026-08-20,no_historical_price,medium
POL004145,PO00836,1,100% Linen Plain 215 GSM 58 inch Cream,,Cream,215,58,500,MTRS,415.61,,2026-04-26,clean_exact_match,easy
POL004146,PO00836,2,60/40 Poly Cotton Knit Melange Jersey 155 GSM 60 inches Off White,,OW,155,,250,KG,306.01/kg,,2026-05-16,minor_naming_variation,easy
POL004147,PO00836,3,Recycled PET Fleece GRS Certified 300 GSM,,,,,200,mts,116.38,,2026-05-16,unknown_product,exception
POL004148,PO00836,4,100% Cotton Canvas Bottom 225 GSM 58 inch Navy Blue,,Navy Blue,225,58,400,mtr,159.12,,2026-04-26,clean_exact_match,easy
POL004149,PO00836,5,100% Cotton Knit Melange Jersey 200 GSM 72 inch Baby Pink,,Baby Pink,200,72,500,KG,365.99,,2026-05-31,clean_exact_match,easy
POL004150,PO00836,6,97/3 Cotton Spandex - Chino - 320GSM - 58 inches,,,320,,~1200,M,211.26,,2026-05-01,multiple_possible_sku_matches,hard
POL004151,PO00837,1,"100% cotton, 235gsm, brushed twill, dark maroon",,Maroon,235,,800,MTRS,174.57/mtr,,2026-08-31,expired_historical_price,medium
POL004152,PO00837,2,"GSM 170, 58 inches, Brushed Twill, 65/35 Poly Cotton",,,170,,"1,000",Meters,134.8,,2026-09-05,multiple_possible_sku_matches,hard
POL004153,PO00838,1,100% Linen Handloom Finish 220 GSM 58 inch Beige,,Beige,220,58,400,Meters,435.03,,2026-08-14,clean_exact_match,easy
POL004154,PO00838,2,100%  1inen/hand100m finish/220gsm/58in/beige (illegible),,,220,,300,mts,432.43,,2026-08-29,poor_quality_document,hard
POL004155,PO00838,3,100% Cotton Knit Melange Jersey 200 GSM 72 inch Silver Grey,,Silver Grey,200,72,150,Kg,INR 402.68,,2026-08-19,clean_exact_match,easy
POL004156,PO00838,4,100% Linen - Slub - 125 gm - Sea Green,,Sea Green,125,,2500,mts,255.27 per unit,,2026-08-14,no_historical_price,medium
POL004157,PO00839,1,72 INCHES 100% COTTON KNIT 2X2 RIB 280GSM,ANA-8227,,280,,400,KGS,Rs. 479.50,,2026-06-09,multiple_possible_sku_matches,hard
POL004158,PO00839,2,Waffle/220gsm/100% Coft0n Knif/Dark 6reen/72',ANA-8787,,120,,~250,KGS,328.60,,2026-06-14,poor_quality_document,hard
POL004159,PO00839,3,280gsm/72in/2x2 Rib/100% Cotton Knit,,,280,,50,Kilo,471.89,,2026-06-19,multiple_possible_sku_matches,hard
POL004160,PO00840,1,295 GSM 58in Twill 100% Cotton Wine,,Wine,295,,1200,Mtr,223.86,,2026-06-26,minor_naming_variation,easy
POL004161,PO00840,2,"60/40 Cotton Poly Fleece/Loop Terry/375 g/m2/60""/Dark Blue",,N.Blue,375,,80,kgs,414.47,,2026-07-31,minor_naming_variation,easy
POL004162,PO00840,3,100% Cotton Twill GSM 295 58 inches Wine,,Wine,295,,500,mts,Rs. 224.41,,2026-06-26,minor_naming_variation,easy
POL004163,PO00840,4,100% Combed Cotton Dobby 150 GSM 58 inch Royal Blue,,Royal Blue,150,58,200 approx,MTR,Rs. 140.05,,2026-07-11,clean_exact_match,easy
POL004164,PO00841,1,100% Cotton Drill 195 g/m2 60 inches Cream,,Cream,195,,"1,500",Mtr,104.93,Rate confirmed on call,2026-08-16,wrong_price_outside_tolerance,exception
POL004165,PO00841,2,58 inch Bottle Green 100% Cotton 225gsm Canvas Bottom,,Bottle Green,225,,1200,Mtr,186.96,Please supply in Baby Pink as discussed,2026-09-05,conflicting_information_in_po,hard
POL004166,PO00841,3,130 GSM/80/20 Poly Cotton/Rust/Blended Twill,,Rust,130,,?,mtr,102.72,TBC,2026-08-21,missing_quantity,exception
POL004167,PO00841,4,100% Cotton Drill 195 GSM 60 inch Cream,,Cream,195,60,"1,500",mtr,Rs. 155.55,,2026-08-26,clean_exact_match,easy
POL004168,PO00841,5,"W-63, 100% COTTON, 390GSM, DUCK CANVAS, FIROZI",,Firozi,390,,1500,mts,220.23,Width to be 60 inch as per last supply,2026-09-20,conflicting_information_in_po,hard
POL004169,PO00841,6,80/20 Poly Viscose  Twill Suiting  235 GSM  Rust,,Rust,235,,1000,Meters,181.29,,2026-09-05,no_historical_price,medium
POL004170,PO00842,1,65/35 Poly Cotton 465 g/m2 Duck Canvas Silver,,Silver Grey,465,,1000,mts,Rs. 240.36,,2026-07-20,no_historical_price,medium
POL004171,PO00842,2,SUITING CLOTH,KAV-1579,,,,200,M,INR 187.13,,2026-07-30,ambiguous_product_match,hard
POL004172,PO00842,3,100% Cotton Flannel 165 GSM 58 inch Black,,Black,165,58,1500,mts,INR 143.06,,2026-07-25,clean_exact_match,easy
POL004173,PO00842,4,KAV-2560 - regular quality,KAV-2560,,,,500,M,INR 208.21,,2026-08-09,customer_specific_product_code,medium
POL004174,PO00842,5,100% Cotton Flannel 165 GSM 58 inch Black,,Black,165,58,500,MTRS,143.07,,2026-08-04,clean_exact_match,easy
POL004175,PO00842,6,100% Cotton Flannel 165 GSM 58 inch Black,,Black,165,58,2000 approx,Meters,142.49/mtr,,2026-07-25,clean_exact_match,easy
POL004176,PO00843,1,100% Cotton Knit 2x2 Rib 230 GSM 60 inch Baby Pink,,Baby Pink,230,60,400,Kilo,INR 362.61,,2026-09-01,clean_exact_match,easy
POL004177,PO00843,2,60/40 Cotton Poly Cambric 105 gm Royal Blue,,Royal Blue,105,,,Mtr,81.16 per unit,Qty to be confirmed,2026-09-01,missing_quantity,exception
POL004178,PO00843,3,"Poly Cotton Denim - Rigid - 310 g/m2 - 63"" - Grey Melange",,Grey Melange,310,,~1500,M,194.98,,2026-09-06,partial_catalogue_match,medium
POL004179,PO00843,4,100% Polyester Fleece Brushed 240 GSM 72 inch Olive,,Olive,240,72,200,Kg,245.01/kg,,2026-08-22,clean_exact_match,easy
POL004180,PO00843,5,240gs m camel  100% PLY fleece  brushde  72 inch,,Camel,240,,250,kgs,INR 240.70,,2026-08-17,spelling_errors_and_abbreviations,medium
POL004181,PO00844,1,Bottle Green/Canvas Bottom/225 GSM/100% Cotton,,Bottle Green,225,,~600,Meters,157.24 per unit,,2026-09-03,expired_historical_price,medium
POL004182,PO00844,2,GSM 255 Firozi 72 inch 95/5 Cotton Lycra Knit 1x1 Rib,,Mint,255,,150,Kg,454.46 per unit,,2026-08-14,incorrect_colour_or_gsm,hard
POL004183,PO00844,3,98/2 Cotton Lycra Denim Rigid 415 GSM 63 inch Grey Melange,,Grey Melange,415,63,300,mts,Rs. 262.39,,2026-08-29,clean_exact_match,easy
POL004184,PO00844,4,60/40 Cotton Poly Cambric 105 GSM 44 inch Royal Blue,,Royal Blue,105,44,2500,M,76.62,,2026-09-18,clean_exact_match,easy
POL004185,PO00844,5,"60/40 CTN Pooly Flleece Olive 325 GSM Loop Terry 60""",,Olive,325,,100,KGS,Rs. 324.76,,2026-09-03,spelling_errors_and_abbreviations,medium
POL004186,PO00844,6,100% Cotton Knit Single Jersey 160 GSM W-60 Bottle Green,,Bottle Green,160,,500,kgs,279.83/kg,,2026-09-03,small_acceptable_price_variation,easy
POL004187,PO00844,7,100% Combed Cotton Oxford 160 GSM 44 inch Royal Blue,,Royal Blue,160,44,800,MTRS,117.86,,2026-08-14,clean_exact_match,easy
POL004188,PO00844,8,"60/40 CTN Poly, Camnric, 105 g/m2, 44 inc, Beig",,Beige,105,,1500,MTR,74.10,,2026-08-24,spelling_errors_and_abbreviations,medium
POL004189,PO00844,9,"GSM 155 - 72"" - 100% Cotton Knit - Single Jersey",,,155,,~50,kgs,282.48/kg,,2026-08-24,multiple_possible_sku_matches,hard
POL004190,PO00844,10,100% combed cotton dobby 150 gm 58' mustard,,Mustard,150,,1000,mtr,126.7,Note: rate agreed for 125 GSM quality,2026-08-19,conflicting_information_in_po,hard
POL004191,PO00844,11,60 inches - 95/5 Cotton Lycra Knit - Greige RFD - 155 GSM - Single Jersey,,Baby Pink,155,,50,Kilo,266.4,,2026-08-29,incorrect_colour_or_gsm,hard
POL004192,PO00844,12,"Canvas Bottom, Olive, 100% Cotton, 225gsm, 58'",,Olive,225,,500,M,158.64,,2026-08-24,partial_catalogue_match,medium
POL004193,PO00845,1,Cream - Rayon Slub - 95/5 Viscose Lycra - 95 g/m2,,Cream,95,,600,M,INR 82.46,,2026-05-30,expired_historical_price,medium
POL004194,PO00845,2,"100% polyester, crepe, 70gsm, silver grey",,Silver Grey,70,,12563,MTR,Rs. 52.42,,2026-06-14,unusually_large_quantity,exception
POL004195,PO00845,3,"Sateen, 95/5 Poly Spandex, 175 g/m2, Ecru, W-58",,Ecru,175,,1500,MTR,142.72,,2026-06-14,minor_naming_variation,easy
POL004196,PO00845,4,PRINTED PLAIN WINE 58IN 100% VISCOSE 140GSM,AAR-2651,Wine,140,,1500,mts,INR 140.33,,2026-06-14,partial_catalogue_match,medium
POL004197,PO00846,1,60/40 cotton poly fleece loop terry 325 gsm 60' sky blue,,Sky Blue,325,,250,Kilo,292.58,,2026-05-16,new_customer_no_history,medium
POL004198,PO00846,2,"100% Cotton Knit, Melange Jersey, 160 GSM, 60 inch, Beige",,Beige,160,,150,kgs,269.24,,2026-05-26,new_customer_no_history,medium
POL004199,PO00846,3,100% POLYESTER FLEECE BRUSHED 240GSM 72 INCH RFD,,Greige RFD,240,,500,Kg,202.71,,2026-05-06,new_customer_no_history,medium
POL004200,PO00846,4,100% Polyester Velvet  8 Wale  W-44  Navy Blue  GSM 250,,Navy Blue,250,,300,M,159.51/mtr,,2026-05-11,new_customer_no_history,medium
POL004201,PO00847,1,95/5 Viscose Lycra Rayon Slub 135 GSM 44 inch Navy Blue,,Navy Blue,135,44,600,Meters,100.89/mtr,,2026-08-25,clean_exact_match,easy
POL004202,PO00847,2,100% LYO Marum 150hsn W-58 Satin,OJA-8476,Maron,150,,150,M,199.58,,2026-08-05,spelling_errors_and_abbreviations,medium
POL004203,PO00847,3,"RAYON CREPE 110 GSM LAVENDER 58"" 95/5 VISCOSE LYCRA",OJA-5718,Lavender,110,,2000,MTRS,93.59 per unit,,2026-08-25,partial_catalogue_match,medium
POL004204,PO00848,1,100% Combed Cotton Poplin 95 GSM 58 inch Peach,,Peach,95,58,400,Meters,INR 86.95,,2026-06-08,clean_exact_match,easy
POL004205,PO00848,2,95/5 cotton lycra knit waffle gsm 195 olive,,Olive,195,,500,Mtrs,376.4,,2026-05-19,wrong_unit_of_measure,exception
POL004206,PO00848,3,98/2 Cotton Lycra Drill 235gsm 60 inches Dark Maroon,,Maroon,235,,1200,mts,119.42,,2026-05-14,wrong_price_outside_tolerance,exception
POL004207,PO00848,4,100% POLYESTER FLEECE  POLAR  GSM 250  60 INCHES  MINT,,Mint,250,,~100,KGS,271.52,,2026-05-24,partial_catalogue_match,medium
POL004208,PO00848,5,"58""/97/3 Cotton Spandex/Chino/320 g/m2/Rust",,Rust,320,,2000,MTRS,244.50,,2026-05-19,partial_catalogue_match,medium
POL004209,PO00848,6,"rib fabric, 60 inches medium quality",,,,,500,KGS,376.79,,2026-05-04,ambiguous_product_match,hard
POL004210,PO00848,7,CHARCOAL 100% POLYESTER FLEECE POLAR 60 INCH GSM 250,,Dark Grey,250,,300,Kilo,Rs. 272.00,,2026-05-19,minor_naming_variation,easy
POL004211,PO00848,8,trouser cloth 60 inch,,,,,300,Mtr,200.1,,2026-05-14,ambiguous_product_match,hard
POL004212,PO00849,1,Drill 195gsm 100% Cotton 60',,,195,,"2,000",mts,Rs. 151.24,,2026-05-30,multiple_possible_sku_matches,hard
POL004213,PO00849,2,105GSM  Royal Blue  60/40 Cotton Poly  Cambric  44in,,Royal Blue,105,,1000,Mtr,Rs. 93.51,,2026-05-30,minor_naming_variation,easy
POL004214,PO00849,3,60/40 COTTON POLY/CAMBRIC/85 GM/44 INCHES/ROYAL BLUE,,Royal Blue,85,,150,Mtr,93.60,,2026-04-25,incorrect_colour_or_gsm,hard
POL004215,PO00849,4,Merino Wool Jersey 180 GSM Navy,,,,,150,Meters,154.01,,2026-05-05,unknown_product,exception
POL004216,PO00849,5,Slub JSY/uRst/GSM 150/100% CTN KNIT/W-72,,Rust,150,,400,KG,299.86,,2026-05-15,spelling_errors_and_abbreviations,medium
POL004217,PO00849,6,95/5 Cotton Lycra Knit Single Jersey 155GSM W-60 Peach,,Cream,155,,50,KG,INR 374.96,,2026-04-25,incorrect_colour_or_gsm,hard
POL004218,PO00849,7,ROYAL  8LUE CAMBRIC GSM 105 60/40 COTTON P0LY W-44,,,,,2500,MTR,93.34,,2026-05-05,poor_quality_document,hard
POL004219,PO00849,8,95/5 Cotton Lycra Knit  Single Jersey  155 GSM  Peach,,Peach,155,,,kgs,373.93,,2026-04-30,missing_quantity,exception
POL004220,PO00849,9,100% Cotton Drill 195 GSM 60 inch Cream,,Cream,195,60,2000,MTRS,150.92,,2026-05-30,clean_exact_match,easy
POL004221,PO00849,10,"95/5 CNT LYC/Peach/155 g/m2/Sinngle SJY/60""",,Pach,155,,150,Kg,374.84,,2026-04-25,spelling_errors_and_abbreviations,medium
POL004222,PO00850,1,100% Linen Handloom Finish 220 GSM 58 inch Beige,,Beige,220,58,300,MTRS,INR 454.46,,2026-06-22,clean_exact_match,easy
POL004223,PO00850,2,"denim cloth, 63 inch",,,,,600,MTRS,INR 249.88,,2026-06-12,ambiguous_product_match,hard
POL004224,PO00850,3,W-58 - Sky Blue - Chenille - 320 GSM - 100% Polyester,,Sky Blue,320,,600,MTR,302.42,,2026-06-27,small_acceptable_price_variation,easy
POL004225,PO00851,1,80/20 Poly Cotton - Navy Blue - Blended Twill - 130GSM,,Navy Blue,130,,2500,mtr,Rs. 85.87,,2026-05-03,no_historical_price,medium
POL004226,PO00851,2,100% Polyester Velvet 21 Wale 250 GSM 44 inch Black,,Black,250,44,800,Mtr,196.60 per unit,,2026-05-08,clean_exact_match,easy
POL004227,PO00851,3,55/45 Poly Wool  58 inch  Wine  275 gm  Twill Suiting,,Wine,275,,500,MTR,276.54,,2026-05-03,small_acceptable_price_variation,easy
POL004228,PO00851,4,lavender/w-63/duck canvas/65/35 poly cotton/465gsm,,Lavender,465,,600,MTRS,284.40,,2026-05-13,small_acceptable_price_variation,easy
POL004229,PO00851,5,Hand Towel/100% Cotton Terry/470gsm/Dark Green,,Bottle Green,470,,2000,MTR,Rs. 247.80,,2026-05-23,wrong_unit_of_measure,exception
POL004230,PO00852,1,"60/40 Poly Cotton Knit, 60 inch, GSM 155, Off White, Melange Jersey",,Off-White,155,,150,KG,312.8,,2026-07-22,minor_naming_variation,easy
POL004231,PO00852,2,"Black, 100% Lyocell, 150 gm, Satin",,Black,150,,300,M,201.55,,2026-06-22,no_historical_price,medium
POL004232,PO00852,3,t-shirt knit 200 gm Baby Pink,YAS-5434,,,,200,KG,367.37/kg,,2026-06-27,customer_specific_product_code,medium
POL004233,PO00852,4,Navy Blue trouser cloth GSM 225,YAS-4024,,,,400,mts,INR 159.23,,2026-06-22,customer_specific_product_code,medium
POL004234,PO00853,1,WHITE - W-63 - 310GSM - RIGID - POLY COTTON DENIM,,White,310,,1000,Meters,217.09/mtr,,2026-04-15,partial_catalogue_match,medium
POL004235,PO00853,2,"63"" RIGID 310 GM POLY COTTON DENIM COFFEE BROWN",,Coffee Brown,310,,1000 approx,MTR,215.3,,2026-04-25,partial_catalogue_match,medium
POL004236,PO00853,3,190gsm - 1x1 Rib - W-72 - Lavender - 100% Cotton Knit,,Lavender,190,,100,Kg,377.61,,2026-05-05,incorrect_colour_or_gsm,hard
POL004237,PO00854,1,"160gsm, Royal Blue, 100% Combed Cotton, Oxford, 44 inch",,Royal Blue,160,,800,M,138.03,,2026-07-11,minor_naming_variation,easy
POL004238,PO00854,2,155gam 60' 95/5 CTN LYv Single JSY Greige,,Greige RFD,155,,150,KG,304.31,,2026-07-06,spelling_errors_and_abbreviations,medium
POL004239,PO00854,3,"235 GSM  60""  98/2 Cotton Lycra  Drill",,,235,,800,MTR,Rs. 199.82,,2026-07-01,multiple_possible_sku_matches,hard
POL004240,PO00854,4,"jersey knit fabric, 60 inch",,,,,50,KGS,356.8,,2026-07-06,ambiguous_product_match,hard
POL004241,PO00854,5,100% Combed Cotton Oxford 160 gm W-44,,,160,,2000,mtr,138.11/mtr,,2026-08-05,multiple_possible_sku_matches,hard
POL004242,PO00854,6,100% CMDB CTN/Chambray/130 gm/58 inches/SEA GRN,,Sea Green,130,,800,MTRS,123.99,,2026-08-05,spelling_errors_and_abbreviations,medium
POL004243,PO00854,7,70/30 Modal Cotton/Plain/58 inches/Ferozi/160GSM,,Firozi,160,,~1500,M,Rs. 247.12,,2026-07-11,minor_naming_variation,easy
POL004244,PO00855,1,98/2 Cotton Lycra Denim - Lightweight - 350 gm - 58 inch - Wine,,Wine,350,,2000,MTRS,Rs. 241.17,,2026-06-01,minor_naming_variation,easy
POL004245,PO00855,2,100% Cotton Knit  1x1 Rib  220 g/m2  72'  Lavender,,Lavender,220,,250 approx,Kilo,406.0,,2026-06-11,small_acceptable_price_variation,easy
POL004246,PO00855,3,58in Canvas Bottom Cotton Camel 225 gm,,Camel,225,,400,Meters,163.96,,2026-06-01,minor_naming_variation,easy
POL004247,PO00855,4,"100% CTN KINT  1x1 Rib  GSM 220  72""  Lavedner",,Lqvender,220,,150,Kg,391.54,,2026-06-06,spelling_errors_and_abbreviations,medium
POL004248,PO00855,5,W-58 WINE GSM 350 LIGHTWEIGHT 98/2 COTTON LYCRA DENIM,,Wine,350,,400,M,242.97 per unit,,2026-06-21,minor_naming_variation,easy
POL004249,PO00856,1,modal fabric,,,,,"1,000",Meters,170.93,,2026-04-18,ambiguous_product_match,hard
POL004250,PO00856,2,jersey knit fabric,,,,,400 approx,kgs,336.39 per unit,,2026-05-03,ambiguous_product_match,hard
POL004251,PO00856,3,60' 100% COTTON KNIT 160 GM MELANGE JERSEY,,,160,,~50,Kg,333.71 per unit,,2026-04-18,multiple_possible_sku_matches,hard
POL004252,PO00856,4,100% Cotton Knit Melange Jersey 160 GSM 60 inch Sea Green,,Sea Green,160,60,100,KGS,334.81/kg,,2026-04-28,clean_exact_match,easy
POL004253,PO00856,5,Polly CTN Denim Peach 310 GSM Rigid 63 inches,,Peahc,310,,"1,000",MTRS,197.08/mtr,,2026-04-18,spelling_errors_and_abbreviations,medium
POL004254,PO00857,1,Upholstery Jacquard  W-58  Grey Melange  295gsm  70/30 Poly Cotton,,Grey Melange,295,,2000,MTR,Rs. 248.89,"Ref our mail - actually need Rust, not as written above",2026-08-08,conflicting_information_in_po,hard
POL004255,PO00857,2,"100%  Cotf0n, Army Canvas, 6SM 415, 58', Boftle Green",,8ottle  Green ....,485,,150,mts,246.95,,2026-08-08,poor_quality_document,hard
POL004256,PO00857,3,100% C0tton/Army Canvas/415G5M/W-58/Bottle Green ###,,Bottle Green,l15 |,,1000,MTRS,Rs. 245.13,,2026-08-13,poor_quality_document,hard
POL004257,PO00858,1,Crepe 44 inches Sea Green 70 GSM 100% Polyester,,Sea Green,70,,2500,MTR,INR 53.16,,2026-06-08,partial_catalogue_match,medium
POL004258,PO00858,2,wine/63in/80/20 poly cotton/gsm 115/blended shirting,,Black,115,,300 approx,MTR,90.68,,2026-05-24,incorrect_colour_or_gsm,hard
POL004259,PO00858,3,100% Cotton Lining Twill 80 GSM 58 inch Navy Blue,,Navy Blue,80,58,400,Meters,52.17,,2026-05-24,clean_exact_match,easy
POL004260,PO00858,4,GSM 150 100% Lyocell 58 inch Lavender Satin,,Lavender,150,,~2000,Mtr,226.12,,2026-06-03,small_acceptable_price_variation,easy
POL004261,PO00858,5,WINE/BLENDED SHIRTING/63 INCHES/115 GM/80/20 POLY COTTON,,Wine,115,,~2500,MTR,87.73,,2026-06-13,small_acceptable_price_variation,easy
POL004262,PO00858,6,100% Polyester Crepe 70 GSM 44 inch Beige,,Beige,70,44,1200,mtr,53.29,,2026-05-24,clean_exact_match,easy
POL004263,PO00858,7,Cotton  Flannel  165 g/m2  58 inch  Navy Blue,,Navy,165,,300,MTR,151.55,,2026-06-08,minor_naming_variation,easy
POL004264,PO00859,1,"95/5 VIS LYCRA/RAYON SLBU/95 GSM/58""/OLIVE",,Olive,95,,150,Mtr,82.93,,2026-08-10,spelling_errors_and_abbreviations,medium
POL004265,PO00859,2,95/5 Viscose Lycra Rayon Slub 95 GSM 58 inch Olive,,Olive,95,58,300,mtr,83.03,,2026-08-05,clean_exact_match,easy
POL004266,PO00859,3,100% Polyester Printed Plain 100 GSM 44 inch Baby Pink,,Baby Pink,100,44,"1,500",MTR,113.20,,2026-08-25,clean_exact_match,easy
POL004267,PO00859,4,130gsm  Sea Green  Modal  Twill  58 inches,,Sea Green,130,,1200,MTR,INR 209.50,,2026-07-31,minor_naming_variation,easy
POL004268,PO00859,5,100% PLY - PRT Plain - 100 g/m2 - 44in - gLiht Pink,,Baby Pinx,100,,400,mts,112.7,,2026-07-26,spelling_errors_and_abbreviations,medium
POL004269,PO00859,6,95/5 Viscose Lycra Rayon Slub 95 GSM 58 inch Olive,,Olive,95,58,~800,MTR,83.13,,2026-08-05,clean_exact_match,easy
POL004270,PO00859,7,95/5 viscose lycra  rayon plain  110gsm  w-44  sky blue,,Sky Blue,110,,400 approx,mts,Rs. 90.14,,2026-08-10,partial_catalogue_match,medium
POL004271,PO00860,1,97/3 Cotton Spandex Canvas Bottom 195 GSM 60 inch Bottle Green,,Bottle Green,195,60,300 approx,M,175.58,,2026-06-28,clean_exact_match,easy
POL004272,PO00860,2,"Sattin 180GSM Mustrud 58"" 70/30 Modal CTN",,Mustard,180,,400,Meters,302.40,,2026-06-28,spelling_errors_and_abbreviations,medium
POL004273,PO00860,3,GSM 155 95/5 Cotton Lycra Knit Peach 60in Single Jersey,,Mustard,155,,500 approx,Kilo,375.59,,2026-07-13,incorrect_colour_or_gsm,hard
POL004274,PO00860,4,"70/30 Modal Cotton  Mustard  180gsm  58""  Satin",,Mustard,180,,150,mts,311.19,,2026-06-28,small_acceptable_price_variation,easy
POL004275,PO00860,5,Canvas Bottom 97/3 Cotton Spandex GSM 195 60',,,195,,200,Meters,INR 175.15,,2026-07-13,multiple_possible_sku_matches,hard
POL004276,PO00860,6,60in 195gsm 97/3 CTN Spande xCanvsa Boytom Dark Green,,Bottle Green,195,,800,MTR,174.69/mtr,,2026-06-28,spelling_errors_and_abbreviations,medium
POL004277,PO00860,7,97/3 Cotton Spandex Canvas Bottom 195 GSM 60 inch Bottle Green,,Bottle Green,195,60,2500,Mtr,175.7,,2026-07-18,clean_exact_match,easy
POL004278,PO00861,1,shirt material usual,,,,,300,MTR,122.01,,2026-05-02,ambiguous_product_match,hard
POL004279,PO00862,1,98/2 Cotton Lycra Drill 235 GSM 60 inch White,,White,235,60,2000,MTRS,INR 194.34,,2026-07-06,clean_exact_match,easy
POL004280,PO00863,1,Twill 130 GSM Wine 100% Modal 58 inches,,Wine,130,,800,MTRS,Rs. 198.89,,2026-06-16,new_customer_no_history,medium
POL004281,PO00863,2,320 GSM - Chino - Peach - W-58 - 97/3 Cotton Spandex,,Peach,320,,300,Meters,224.67,,2026-06-11,new_customer_no_history,medium
POL004282,PO00863,3,55/45 Linen Cotton Plain 215 GSM 58in Offwhite,,Off White,215,,400 approx,Mtr,390.22,,2026-07-16,new_customer_no_history,medium
POL004283,PO00863,4,60' 195 g/m2 97/3 cotton spandex canvas bottom lavender,,Lavender,195,,1500,mts,154.24,,2026-06-11,new_customer_no_history,medium
POL004284,PO00863,5,100% Cotton Knit/Single Jersey/GSM 155/W-72/Lavender,,Lavender,155,,300,Kilo,301.54,,2026-07-01,new_customer_no_history,medium
POL004285,PO00864,1,"Twill, 58', BTL GRN, 100% CTv, 295GS",,Bottpe Green,295,,400,M,227.91,,2026-04-25,spelling_errors_and_abbreviations,medium
POL004286,PO00864,2,denim cloth/GSM 415/Grey Melange,MEG-6362,,,,150,Meters,Rs. 305.84,,2026-04-30,customer_specific_product_code,medium
POL004287,PO00865,1,70/30 Poly Cotton - Sheer Casement - 215 g/m2 - W-110 - Royal Blue,,Royal Blue,215,,1000,mtr,Rs. 139.84,,2026-06-23,wrong_price_outside_tolerance,exception
POL004288,PO00865,2,"58"", 320gsm, Peach, Chenille, Poly",,Peach,320,,200,MTRS,265.60,,2026-06-23,minor_naming_variation,easy
POL004289,PO00865,3,Recycled PET Fleece GRS Certified 300 GSM,,,,,1200,M,171.94/mtr,,2026-06-23,unknown_product,exception
POL004290,PO00865,4,100% Polyester Curtain Jacquard 160 GSM 54 inch Charcoal,,Charcoal,160,54,300,MTR,INR 133.25,,2026-06-08,clean_exact_match,easy
POL004291,PO00865,5,curtain cloth,,,,,~1000,MTR,Rs. 134.04,,2026-05-19,ambiguous_product_match,hard
POL004292,PO00865,6,RID-9094 same as last time,RID-9094,,,,300,M,133.82,,2026-05-24,customer_specific_product_code,medium
POL004293,PO00865,7,100% Polyester  160GSM  Charcoal  Curtain Jacquard  54 inches,,Charcoal,160,,1000,Meters,139.16 per unit,,2026-05-24,small_acceptable_price_variation,easy
POL004294,PO00866,1,98/2 Cotton Lycra Chino 210 GSM 58 inch Charcoal,,Charcoal,210,58,~400,Mtr,165.01,,2026-06-18,clean_exact_match,easy
POL004295,PO00866,2,98/2 CTN LYC DNM  Lightweigh t 350 GSM  58 inch  Camel,,Camel,350,,1200,MTRS,242.11,,2026-06-28,spelling_errors_and_abbreviations,medium
POL004296,PO00866,3,jeans fabric/370 GSM/Off White,HAR-4400,,,,2000,mts,248.5,,2026-06-23,customer_specific_product_code,medium
POL004297,PO00866,4,Plain  70/30 Modal Cotton  Charcoal  58 inch  175gsm,,Charcoal,175,,600,mts,INR 230.82,,2026-07-03,incorrect_colour_or_gsm,hard
POL004298,PO00866,5,60/40 Cotton Poly Dobby 130 GSM 44 inch Ecru,,Ecru,130,44,1500 approx,mts,90.55,,2026-07-18,clean_exact_match,easy
POL004299,PO00866,6,98/2 Cotton Lycra Denim Stretch 370 GSM 63 inch Off White,,Off White,370,63,500,MTR,246.8,,2026-07-18,clean_exact_match,easy
POL004300,PO00866,7,100% Cotton Denim/Rigid/370GSM/63in,,,370,,2500,Meters,243.2,,2026-06-23,multiple_possible_sku_matches,hard
POL004301,PO00867,1,405 g/m2  Loop Terry  60 inch  60/40 Cotton Poly Fleece  Beige,HAR-6799,Beige,405,,400,Kg,404.79,,2026-05-31,incorrect_colour_or_gsm,hard
POL004302,PO00867,2,"100% Cotton Knit  Single Jersey  155 gm  72""  Lavender",,Lavender,155,,400 approx,Kg,355.15,,2026-05-11,minor_naming_variation,easy
POL004303,PO00867,3,375 GSM Loop Terry 60' Beige 60/40 Cotton Poly Fleece,,Beige,375,,300,KGS,467.6,Rate as per last PO,2026-05-16,wrong_price_outside_tolerance,exception
POL004304,PO00867,4,"100% Cotton Knit  Single Jersey  155 g/m2  72""  Lavender",HAR-7073,Lavender,155,,150,KGS,Rs. 371.21,,2026-06-15,small_acceptable_price_variation,easy
POL004305,PO00867,5,voile/royal blue/130 g/m2/44in/60/40 cotton poly,HAR-8296,Royal Blue,130,,500,Meters,105.19,Width to be 63 inch as per last supply,2026-05-21,conflicting_information_in_po,hard
POL004306,PO00867,6,60/40 Cotton Poly - Voile - 130 GSM - W-44 - Maroon,,Maroon,130,,800 approx,mts,105.12,,2026-06-15,partial_catalogue_match,medium
POL004307,PO00868,1,195GSM - linen material - Lavender,RAN-9431,,,,2000 approx,MTR,371.97,,2026-07-26,customer_specific_product_code,medium
POL004308,PO00868,2,60 inch/Single Jersey/160GSM/100% Cotton Knit,,,160,,50,KGS,318.19,,2026-08-10,multiple_possible_sku_matches,hard
POL004309,PO00868,3,100% Cotton - Canvas Bottom - Bottle Green - 225 GSM,,Bottle Green,225,,400,M,149.31,,2026-08-30,no_historical_price,medium
POL004310,PO00868,4,Lavender 195 GSM 58 inch Handloom Finish 55/45 Linen Cotton,,Lavender,195,,150,Meters,370.22,,2026-07-26,minor_naming_variation,easy
POL004311,PO00868,5,"100% combed cotton, poplin, gsm 95, 58 inches, teal",,Teal,95,,2000,mtr,69.1,Rate as per last PO,2026-08-30,wrong_price_outside_tolerance,exception
POL004312,PO00868,6,55/45 Linen Cotton - Handloom Finish - GSM 180 - 58 inches - Mint,,Mint,180,,"1,500",mts,392.79,,2026-08-30,incorrect_colour_or_gsm,hard
POL004313,PO00868,7,55/45 LINEN COTTON - HANDLOOM FINISH - 195GSM - LAVENDER,,Lavender,195,,~800,KG,INR 369.79,,2026-08-15,wrong_unit_of_measure,exception
POL004314,PO00868,8,linen material 58 inches usual,,,,,300,Meters,393.56 per unit,,2026-08-05,ambiguous_product_match,hard
POL004315,PO00869,1,100% Lyocell Satin 150 GSM Lavender,,Lavender,150,,150,MTR,234.28/mtr,,2026-07-26,expired_historical_price,medium
POL004316,PO00869,2,80 gn 58 inch Lining Twill 100% CTN Dakr Blue,,Navy Bluee,80,,1200,mts,52.15,,2026-07-31,spelling_errors_and_abbreviations,medium
POL004317,PO00869,3,100% Cotton Brushed Twill 235 GSM 58 inch Bottle Green,,Bottle Green,235,58,500,MTRS,194.26/mtr,,2026-07-26,clean_exact_match,easy
POL004318,PO00869,4,100% Polyester Crepe GSM 70 W-44 Beige,,Peach,70,,400,Mtr,53.18,,2026-08-10,incorrect_colour_or_gsm,hard
POL004319,PO00869,5,"100% Cott0n, Lining Twill, 80 g/m2, 58 inches, Dark 8lue",,Navy Blue,80,,"1,000",MTRS,52.52/mtr,,2026-07-26,poor_quality_document,hard
POL004320,PO00869,6,100% Combed Cotton Oxford 160 GSM 44 inch Royal Blue,,Royal Blue,160,44,2500,M,INR 140.64,,2026-08-10,clean_exact_match,easy
POL004321,PO00869,7,100% Combed Cotton Oxford 160 GSM 44 inch Royal Blue,,Royal Blue,160,44,500,mts,140.92,,2026-07-31,clean_exact_match,easy
POL004322,PO00869,8,Cotton  Flannel  165 g/m2  58in  N.Blue,,Dark Blue,165,,1000,M,151.30,,2026-08-15,minor_naming_variation,easy
POL004323,PO00869,9,100% cotton - flannel - 165 gsm - 58 inches - navy,,Navy Blue,165,,200,mtr,104.39,Rate as per last PO,2026-08-15,wrong_price_outside_tolerance,exception
POL004324,PO00869,10,100% Combed Cotton Oxford 160 GSM 44 inch Royal Blue,,Royal Blue,160,44,200,Meters,140.50,,2026-07-31,clean_exact_match,easy
POL004325,PO00869,11,"Blended Shirting, 63 inches, 115 gm, 80/20 Poly Cotton, Wine",,Wine,115,,800,MTR,90.90,,2026-08-10,minor_naming_variation,easy
POL004326,PO00869,12,80/20 Poly Cotf0n Wine 115gsm 81ended Shirting 63',,Wine,111,,150,M,91.48,,2026-07-26,poor_quality_document,hard
POL004327,PO00870,1,63IN - RIGID - 98/2 COTTON LYCRA DENIM - 415 GM,,,415,,500,mtr,Rs. 306.28,,2026-07-03,multiple_possible_sku_matches,hard
POL004328,PO00870,2,"70/30 Modal Cotton, Satin, 105gsm, 58 inch, Bottle Green",,Bottle Green,105,,1200,Meters,180.2,,2026-07-03,partial_catalogue_match,medium
POL004329,PO00870,3,70/30 Modal Cotton Satin 105 GSM 58in Navy Blue,,Navy Blue,105,,1000,MTRS,179.8,"Ref our mail - actually need Wine, not as written above",2026-06-18,conflicting_information_in_po,hard
POL004330,PO00870,4,98/2 Cotton Lycra Denim Rigid 415 GSM 63 inch Grey Melange,,Grey Melange,415,63,2500,mtr,305.3,,2026-06-23,clean_exact_match,easy
POL004331,PO00870,5,Bamboo Terry Knit 240 GSM Off White,,,,,500,MTR,251.75/mtr,,2026-06-18,unknown_product,exception
POL004332,PO00871,1,50/50 Poly Cotton  Sheeting  180gsm  108',,,180,,200,Meters,218.3,,2026-08-10,multiple_possible_sku_matches,hard
POL004333,PO00871,2,50/50 Poly Cotton Sheeting 180 GSM 108 inch Royal Blue,,Royal Blue,180,108,150,mtr,218.53,,2026-08-10,clean_exact_match,easy
POL004334,PO00871,3,Chenille  100% Polyester  320gsm  Musturd,,Mustard,320,,TBC,Mtr,INR 257.19,Qty to be confirmed,2026-08-20,missing_quantity,exception
POL004335,PO00871,4,100% Polyester Blackout Base 160 GSM 54 inch Mustard,,Mustard,160,54,200,MTRS,121.76,,2026-08-20,clean_exact_match,easy
POL004336,PO00872,1,interlock knit,,,,,500,KG,498.60,,2026-07-18,ambiguous_product_match,hard
POL004337,PO00872,2,60/40 Cotton Poly Fleece  GSM 325  Olive  60 inch  Loop Terry,,Olive,325,,400,KGS,387.13,,2026-07-23,small_acceptable_price_variation,easy
POL004338,PO00872,3,"100% cotton knit, single jersey, gsm 160, bottle green",,Bottle Green,160,,300,KGS,305.00,,2026-07-18,no_historical_price,medium
POL004339,PO00872,4,280 gm/100% Cotton Knit/Wine/2x2 Rib,,Wine,280,,100,KG,439.13/kg,,2026-07-23,no_historical_price,medium
POL004340,PO00872,5,"98/2 Cotton Lycra, Drill, 235GSM, 60"", Grey Melange",,Grey Melange,235,,600 approx,mtr,197.52,,2026-08-02,partial_catalogue_match,medium
POL004341,PO00872,6,Cambric  44in  Beige  60/40 Cotton Poly  105 GSM,,Beige,105,,200,MTR,88.12,"Ref our mail - actually need Bottle Green, not as written above",2026-08-02,conflicting_information_in_po,hard
POL004342,PO00872,7,"W-44, 105 GSM, 60/40 Cotton Poly, Beige, Cambric",,Beige,105,,1500,mts,88.34,,2026-08-02,minor_naming_variation,easy
POL004343,PO00873,1,"58in, Teal, Sateen, 190GSM, 95/5 Poly Spandex",,Teal,190,,"2,000",MTRS,156.60,,2026-08-17,small_acceptable_price_variation,easy
POL004344,PO00873,2,UTS-4999 same as last time,UTS-4999,,,,800,Mtr,161.90/mtr,,2026-08-17,customer_specific_product_code,medium
POL004345,PO00873,3,95/5 Poly Spandex Sateen 190 GSM 58 inch Teal,,Teal,190,58,800,Meters,161.47,,2026-08-17,clean_exact_match,easy
POL004346,PO00873,4,58 inch - 95/5 Poly Spandex - 190gsm - Sateen,,,190,,2500,Meters,161.22,,2026-08-22,multiple_possible_sku_matches,hard
POL004347,PO00873,5,95/5 Poly Spandex Sateen 190 GSM 58 inch Teal,,Teal,190,58,300,MTR,160.44,,2026-08-12,clean_exact_match,easy
POL004348,PO00874,1,Suiting 55/45 Poly Wool Ecru 220 GSM,,Ecru,220,,800,MTRS,Rs. 173.02,,2026-07-08,no_historical_price,medium
POL004349,PO00874,2,PANT MATERIAL - 275 GSM - CREAM,SAM-9135,,,,~800,mts,206.59,,2026-07-23,customer_specific_product_code,medium
POL004350,PO00875,1,Wool Felt 400 GSM 72 inch Charcoal,,,,,1200,MTR,207.55,,2026-05-11,unknown_product,exception
POL004351,PO00876,1,95/5 Cotton Lycra Knit Waffle 195 GSM 60 inch Firozi,,Firozi,195,60,50,Kg,366.18/kg,,2026-06-10,clean_exact_match,easy
POL004352,PO00876,2,98/2 Cotton Lycra Drill 235 GSM 60 inch Maroon,,Maroon,235,60,300,MTR,183.01,,2026-06-15,clean_exact_match,easy
POL004353,PO00876,3,98/2 Cotton Lycra Denim - Stretch - 370 g/m2 - Off White,,Off White,370,,~800,KG,Rs. 223.07,,2026-06-15,wrong_unit_of_measure,exception
POL004354,PO00876,4,"95/5 Cotton Lycra Knit Waffle GSM 195 60"" Firozi",,Firozi,195,,300 approx,Kg,383.1,,2026-05-26,small_acceptable_price_variation,easy
POL004355,PO00876,5,97/3 Cotton Spandex Drill 275 GSM 58 inch Olive,,Olive,275,58,200,mtr,209.27,,2026-06-10,clean_exact_match,easy
POL004356,PO00877,1,"58 INCH, CREAM, SATEEN, 95/5 POLY SPANDEX, 175GSM",,Cream,175,,300,M,147.58,,2026-06-01,new_customer_no_history,medium
POL004357,PO00877,2,95/5 Poly Spandex Sateen GSM 175 58 inch Mel. Grey,,Grey Melange,175,,400,MTRS,155.42,,2026-05-27,new_customer_no_history,medium
POL004358,PO00877,3,Georgette - GSM 85 - Beige - 58' - 100% Polyester,,Beige,85,,500,Mtr,INR 59.37,,2026-06-21,new_customer_no_history,medium
POL004359,PO00877,4,"100% POLYESTER/PEACH/PRINT BASE/GSM 105/58""",,Peach,105,,~1000,Mtr,114.06,,2026-06-01,new_customer_no_history,medium
POL004360,PO00877,5,95/5 Viscose Lycra Rayon Crepe 125GSM W-58 B. Green,,Bottle Green,125,,800,Meters,101.41,,2026-06-06,new_customer_no_history,medium
POL004361,PO00877,6,Cupro Satin 90 GSM 44 inch Ivory,,,,,600,mtr,139.69/mtr,,2026-05-27,unknown_product,exception
POL004362,PO00877,7,95/5 Poly Spandex/175 g/m2/Royal Blue/Sateen/58 inch,,Royal Blue,175,,500,Mtr,Rs. 148.92,,2026-05-22,new_customer_no_history,medium
POL004363,PO00877,8,100% Polyester  Georgette  110GSM  44 inches  Beige,,Beige,110,,1200,mtr,69.43,,2026-06-06,new_customer_no_history,medium
POL004364,PO00878,1,"58""  Poplin  110 gm  65/35 Poly Cotton  Royal Blue",,Royal Blue,110,,2000,MTRS,78.55,,2026-06-28,minor_naming_variation,easy
POL004365,PO00878,2,Dark Maroon Canvas 65/35 Poly Cotton 350 gm,KAV-4966,Maroon,350,,800,Meters,204.8,,2026-06-28,no_historical_price,medium
POL004366,PO00878,3,220gsm 55/45 Poly Wool Suiting 58 inch Lavender,KAV-6498,Lavender,220,,2500,M,INR 231.16,,2026-06-28,partial_catalogue_match,medium
POL004367,PO00878,4,"Sky Blue, 125 g/m2, blended shirting cloth",KAV-1262,,,,1000,mtr,Rs. 83.86,,2026-07-13,customer_specific_product_code,medium
POL004368,PO00878,5,55/45 Poly Wool Suiting 220 GSM 58 inch Bottle Green,,Bottle Green,220,58,200,M,231.94,,2026-06-28,clean_exact_match,easy
POL004369,PO00878,6,80/20 Poly Cotton Blended Twill 130 GSM 63 inch Peach,,Peach,130,63,200,Mtr,102.21,,2026-07-03,clean_exact_match,easy
POL004370,PO00878,7,65/35 Poly Cotton Poplin 110 GSM 58 inch Royal Blue,KAV-8698,Royal Blue,110,58,1000,mts,INR 78.61,,2026-07-13,clean_exact_match,easy
POL004371,PO00878,8,65/35 Poly Cotton Duck Canvas 465 GSM 63 inch Bottle Green,,Bottle Green,465,63,400,Mtr,273.86,,2026-07-08,clean_exact_match,easy
POL004372,PO00878,9,65/35 Poly Cotton Duck Canvas 465 g/m2 63in B. Green,,Dark Green,465,,600,Meters,272.82/mtr,,2026-08-02,minor_naming_variation,easy
POL004373,PO00878,10,Jute Hessian Cloth 280 GSM 40 inch Natural,,,,,500,mtr,95.15,,2026-08-02,unknown_product,exception
POL004374,PO00879,1,"95/5 Polly Spnadex Staeen 175GSM 58"" Ecru",,Ecru,175,,150,MTRS,156.05,,2026-06-27,spelling_errors_and_abbreviations,medium
POL004375,PO00879,2,95/5 Cotton Lycra Knit Waffle 195 GSM 60 inch Firozi,,Firozi,195,60,100 approx,KGS,415.08,,2026-06-12,clean_exact_match,easy
POL004376,PO00879,3,duck fabric 465 gm Bottle Green,KAV-6042,,,,300,MTR,281.45 per unit,,2026-05-23,customer_specific_product_code,medium
POL004377,PO00880,1,100%  C0tt0n  F1annel  1856SM  58 inches  Me1. Grey,,Grey Melange,,,800,MTR,156.89/mtr,,2026-04-18,poor_quality_document,hard
POL004378,PO00880,2,blended shirting cloth,,,,,600,mtr,104.64,,2026-05-03,ambiguous_product_match,hard
POL004379,PO00881,1,Teal  Poplin  58in  100% Combed Cotton  95GSM,,Teal,95,,500,M,84.49,,2026-07-02,minor_naming_variation,easy
POL004380,PO00881,2,100% cotton drill gsm 195 teal,,Teal,195,,600,MTR,Rs. 131.28,,2026-07-17,no_historical_price,medium
POL004381,PO00881,3,100% Cotton Knit - 2x2 Rib - 230gsm - 60in,,,230,,300,KGS,372.45/kg,,2026-07-02,multiple_possible_sku_matches,hard
POL004382,PO00881,4,100% Polyester Fleece Brushed 240GSM Grey Fabric (RFD),,Greige RFD,240,,150,Kg,202.70,,2026-06-27,no_historical_price,medium
POL004383,PO00881,5,Kevlar Blend Industrial Fabric 500 GSM,,,,,50,Kilo,199.35,,2026-06-27,unknown_product,exception
POL004384,PO00881,6,Olive/100% Cotton Knit/1x1 Rib/220gsm/72 inch,,Olive,220,,50,Kg,Rs. 355.69,,2026-07-12,minor_naming_variation,easy
POL004385,PO00881,7,"95/5 Cotton Lycra Knit, Waffle, 195 g/m2, Coffee Brown",,Coffee Brown,195,,150,KGS,INR 336.52,,2026-07-12,no_historical_price,medium
POL004386,PO00881,8,jeans fabric 310 gm Maroon,NIM-4651,,,,300,mtr,209.45,,2026-07-07,customer_specific_product_code,medium
POL004387,PO00881,9,98/2 Cotton Lycra Denim Stretch 370 GSM 63 inch Off White,,Off White,370,63,~1500,MTR,260.82,,2026-06-27,clean_exact_match,easy
POL004388,PO00881,10,98/2 Cotton Lycra Denim Stretch 370 GSM 63 inch Off White,,Off White,370,63,2500,Mtr,258.58 per unit,,2026-07-07,clean_exact_match,easy
POL004389,PO00882,1,55/45 Poly Wool Twill Suiting 290 GSM 60 inch White,,White,290,60,1000,MTR,282.65,,2026-08-05,clean_exact_match,easy
POL004390,PO00882,2,80/20 Poly Viscose Suiting GSM 290 W-60,,,290,,300,Mtr,235.64,,2026-07-26,multiple_possible_sku_matches,hard
POL004391,PO00882,3,55/45 Poly Wool Twill Suiting 290 GSM 60 inch White,,White,290,60,1200,M,282.87,,2026-08-05,clean_exact_match,easy
POL004392,PO00882,4,60' Suiting 80/20 Poly Viscose 290 gm Firozi,,Firozi,290,,600,mtr,INR 247.37,,2026-07-21,small_acceptable_price_variation,easy
POL004393,PO00882,5,Wxite  Twill Suitong  GSM 290  60 incxes  55/45 P/W,,White,290,,600,mts,INR 282.88,,2026-08-10,spelling_errors_and_abbreviations,medium
POL004394,PO00882,6,"80/20 PV, Siuting, 60"", 290GGSM, Turqquoise",,Firozi,290,,2000,Meters,236.56,,2026-07-26,spelling_errors_and_abbreviations,medium
POL004395,PO00882,7,80/20 Poly Viscose Suiting 290 GSM 60 inch Firozi,,Firozi,290,60,1500,M,Rs. 235.93,,2026-08-05,clean_exact_match,easy
POL004396,PO00882,8,55/45 Poly Wool Twill Suiting 290 GSM 60 inch White,,White,290,60,400,MTR,INR 282.02,,2026-08-25,clean_exact_match,easy
POL004397,PO00882,9,80/20 Poly Viscose Suiting 290 GSM 60 inch Firozi,,Firozi,290,60,200,M,235.47,,2026-08-05,clean_exact_match,easy
POL004398,PO00882,10,-,,,,,150,MTR,,,2026-07-21,malformed_incomplete_order,exception
POL004399,PO00882,11,GSM 290  60 inch  80/20 Poly Viscose  Suiting,,,290,,600,MTR,Rs. 235.26,,2026-07-31,multiple_possible_sku_matches,hard
POL004400,PO00882,12,"80/20 PV  Suuiting  290 gm  60""  Ferozi",,Firozi,290,,2500,MTRS,236.72/mtr,,2026-07-31,spelling_errors_and_abbreviations,medium
POL004401,PO00883,1,58in  215gm  100% LIN  R.BULE  Plain,,Royal Blue,215,,150,M,437.10,,2026-05-05,spelling_errors_and_abbreviations,medium
POL004402,PO00883,2,100% Lyocell/Satin/150 GSM/Black,,Black,150,,1000,MTR,228.42,,2026-05-15,expired_historical_price,medium
POL004403,PO00884,1,44in shirting fabric usual,,,,,500,M,90.4,,2026-08-27,ambiguous_product_match,hard
POL004404,PO00884,2,Royal Blue  GSM 255  denim cloth,ISH-3974,,,,200,MTRS,INR 185.24,,2026-09-11,customer_specific_product_code,medium
POL004405,PO00884,3,Poly Cotton Denim Rigid 310 GSM 63 inch Peach,,Peach,310,63,1000,Meters,199.15,,2026-09-11,clean_exact_match,easy
POL004406,PO00884,4,W-58/100% LYO/150 GS/MCHARCL/Satin,ISH-3592,harcoal,150,,1500,MTRS,INR 224.16,,2026-08-22,spelling_errors_and_abbreviations,medium
POL004407,PO00884,5,310GSM  Rigid  Sky Blue  Poly Cotton Denim,,Sky Blue,310,,600,Mtr,212.42/mtr,,2026-08-27,expired_historical_price,medium
POL004408,PO00884,6,255 SM 58' Royal Blue Lightweight Poly CTN Denim,ISH-8346,Royal Blue,255,,1200,mts,185.56,,2026-08-07,spelling_errors_and_abbreviations,medium
POL004409,PO00884,7,60/40 Cotton Poly Cambric 105 GSM 44 inch Royal Blue,,Royal Blue,105,44,2000,mts,90.77,,2026-08-07,clean_exact_match,easy
POL004410,PO00885,1,95/5 Poly Spandex Satin 155 GSM 58 inch Rust,,Rust,155,58,600,Meters,144.04,,2026-04-29,clean_exact_match,easy
POL004411,PO00885,2,100% PLY PRT Plain 140 gm 58 inch SI LGREY,,Silver Grey,140,,600,M,INR 166.45,,2026-05-04,spelling_errors_and_abbreviations,medium
POL004412,PO00885,3,50/50 Poly Cotton/Sheeting/210 g/m2/Beige,,Beige,210,,1000,mtr,233.7,,2026-05-04,no_historical_price,medium
POL004413,PO00885,4,"100% Polyester - Printed Plain - 120 gm - 58"" - Wine",,Wine,120,,500,mtr,142.93/mtr,,2026-05-14,minor_naming_variation,easy
POL004414,PO00885,5,100% Lyocell Twill 165 GSM 58 inch Olive,,Olive,165,58,500,mtr,261.52,,2026-05-14,clean_exact_match,easy
POL004415,PO00885,6,Wine - 58' - 120gsm - 100% LPt - Printed llain,,Wine,120,,600,M,142.83,,2026-05-19,spelling_errors_and_abbreviations,medium
POL004416,PO00886,1,100% Cotton Knit Single Jersey 160 gm Royal Blue,,Royal Blue,160,,50,Mtrs,323.9,,2026-07-15,wrong_unit_of_measure,exception
POL004417,PO00886,2,"100% 1inen, p1ain, 215gsm, 58 inch, royal b1ue",,R0yal Blue,215,,300,M,423.03,,2026-07-05,poor_quality_document,hard
POL004418,PO00886,3,100% Cotton Knit Single Jersey 160 GSM 60' Royal Blue,,Royal Blue,160,,500,KG,INR 337.29,,2026-07-10,small_acceptable_price_variation,easy
POL004419,PO00887,1,Ecru - 110 inches - 70/30 Poly Cotton - 225 GSM - Blackout Base,,Ecru,225,,"1,000",Meters,INR 228.52,,2026-06-10,minor_naming_variation,easy
POL004420,PO00887,2,100% Cotton Terry Face Towel 450 GSM 16x24 inch Wine,,Wine,450,,1500,Pcs,243.48,,2026-05-31,clean_exact_match,easy
POL004421,PO00888,1,58'  Lightwweight  Camel  310gsm  100% CTN DNn,,Came,310,,150,M,197.00,,2026-07-12,spelling_errors_and_abbreviations,medium
POL004422,PO00888,2,55/45 Linen Cotton Handloom Finish 195 GSM 58 inch Mint,,Mint,195,58,400,Mtr,INR 393.93,,2026-08-06,clean_exact_match,easy
POL004423,PO00888,3,camel 100% cotton denim w-58 310 gsm lightweight,,Camel,310,,~2000,Meters,197.72,,2026-07-07,minor_naming_variation,easy
POL004424,PO00888,4,100% Combed Cotton Poplin 95 GSM 58 inch Teal,,Teal,95,58,300,mtr,91.51,,2026-08-06,clean_exact_match,easy
POL004425,PO00888,5,"95 GSM  58""  100% Combed Cotton  Poplin  Teal",,Teal,95,,400,M,INR 92.07,,2026-07-22,minor_naming_variation,easy
POL004426,PO00889,1,100% Linen Plain 215 GSM 58 inch Royal Blue,,Royal Blue,215,58,200,MTRS,INR 437.73,,2026-05-23,clean_exact_match,easy
POL004427,PO00889,2,"CHINO, 98/2 COTTON LYCRA, GSM 210, MINT, 58 INCH",,Mint,210,,600,M,172.75,,2026-05-28,small_acceptable_price_variation,easy
POL004428,PO00889,3,100% Linen Plain 215 gm 58 inch Royal Blue,,Royal Blue,215,,800,MTRS,Rs. 454.73,,2026-05-28,small_acceptable_price_variation,easy
POL004429,PO00890,1,"Cotton, Drill, Cream, 195 gm, W-60",,Cream,195,,600,Meters,156.11,,2026-06-11,minor_naming_variation,easy
POL004430,PO00890,2,"Cream, Brushed, 100% Polyester Fleece, 305GSM",,Cream,305,,250,KGS,Rs. 302.01,,2026-06-01,expired_historical_price,medium
POL004431,PO00890,3,"195gsm 97/3 CTN Spnadex 60"" SEA GR Canvas Bottom",,ea Green,195,,2000,mtr,164.9,,2026-06-16,spelling_errors_and_abbreviations,medium
POL004432,PO00891,1,100% Cotton Twill 295 GSM 58 inch Mustard,,Mustard,295,58,600,mts,223.31,,2026-06-20,clean_exact_match,easy
POL004433,PO00891,2,58in 100% Cotton Teal Flannel 245 gm,,Teal,245,,2500,Mtr,Rs. 199.75,,2026-06-15,minor_naming_variation,easy
POL004434,PO00891,3,100% Cotton Twill 295 GSM 58 inch Mustard,,Mustard,295,58,400,mtr,222.26,,2026-06-10,clean_exact_match,easy
POL004435,PO00892,1,100% Cotf0n Denim Rigid 370 g/m2 63 inches Grey Melange,,Grey Melange,370,,400,M,242.25,,2026-08-19,poor_quality_document,hard
POL004436,PO00892,2,100% Cotton Denim Rigid 370 GSM 63 inch Grey Melange,,Grey Melange,370,63,2500,mtr,Rs. 242.43,,2026-07-20,clean_exact_match,easy
POL004437,PO00892,3,"98/2 Cotton Lycra Denim - Stretch - 370 g/m2 - 63"" - Off White",,Off White,370,,500,Meters,258.41,,2026-07-30,small_acceptable_price_variation,easy
POL004438,PO00892,4,OW 98/2 CTN LYC DNM W-63 370gsm Streetch,,Off Whute,370,,1000,MTR,247.11/mtr,,2026-07-25,spelling_errors_and_abbreviations,medium
POL004439,PO00892,5,335 g/m2  Peach  97/3 Cotton Spandex  58'  Chino,,Peach,335,,1500,mtr,212.24,,2026-07-20,incorrect_colour_or_gsm,hard
POL004440,PO00892,6,Dobby  60/40 CTN Poly  130 g/m2  Ecru  44 onches,,Ecruu,130,,~600,mtr,90.83,,2026-08-04,spelling_errors_and_abbreviations,medium
POL004441,PO00893,1,97/3 CTN Spandex hino 320sm 58in aCmel,,Cameel,320,,"2,000",MTRS,257.6,,2026-06-27,spelling_errors_and_abbreviations,medium
POL004442,PO00893,2,58in - Cotton - 295GSM - Musturd - Twill,,Haldi,295,,400,mtr,231.72,,2026-06-17,minor_naming_variation,easy
POL004443,PO00894,1,shirt material usual,,,,,400,M,94.46,,2026-06-15,ambiguous_product_match,hard
POL004444,PO00894,2,60/40 Cotton Poly Fleece Loop Terry 375 GSM 60 inch Beige,,Beige,375,60,~500,kgs,386.38,,2026-06-30,clean_exact_match,easy
POL004445,PO00894,3,shirting fabric,,,,,2500 approx,mts,94.96,,2026-06-25,ambiguous_product_match,hard
POL004446,PO00895,1,100% Lyocell Satin 105 GSM 58 inch Royal Blue,,Royal Blue,105,58,150,MTRS,173.85,,2026-08-18,clean_exact_match,easy
POL004447,PO00895,2,70/30 Modal Cotton Satin 180 GSM 58in Lavender,,Lavender,180,,"1,500",M,290.84,Please supply in Camel as discussed,2026-07-19,conflicting_information_in_po,hard
POL004448,PO00895,3,"100% Lyocell, Satin, 105 g/m2, 58 inch, Royal Blue",,Royal Blue,105,,800,mts,173.35,Please supply in Mustard as discussed,2026-07-24,conflicting_information_in_po,hard
POL004449,PO00895,4,58in  Plain  195 gm  White  100% Linen,,White,195,,150,mts,430.30/mtr,,2026-07-19,partial_catalogue_match,medium
POL004450,PO00895,5,Linen 58 inch Firozee Plain 195 gm,,Firozee,195,,200,Mtr,426.78,,2026-07-29,minor_naming_variation,easy
POL004451,PO00895,6,130 gm/Chambray/100% Combed Cotton/Black,,Black,130,,600,mts,Rs. 109.28,,2026-07-29,no_historical_price,medium
POL004452,PO00895,7,100% Lyocell Satin 125GSM 58in Royal Blue,,Royal Blue,125,,"1,200",mtr,INR 174.31,,2026-07-29,incorrect_colour_or_gsm,hard
POL004453,PO00895,8,70/30 Modal Cotton Satin 180 GSM 58 inch Lavender,,Lavender,180,58,~1500,MTRS,Rs. 289.78,,2026-08-18,clean_exact_match,easy
POL004454,PO00896,1,100% Hemp Canvas 320 GSM 58 inch Natural,,,,,1500,MTRS,335.03,,2026-08-21,unknown_product,exception
POL004455,PO00896,2,flannel cloth  245GSM  Teal,MEG-2791,,,,2500 approx,Meters,199.79,,2026-08-11,customer_specific_product_code,medium
POL004456,PO00896,3,245GSM - FLAmNEL - 58' - 100% CN - TEAL,,Teal,245,,2500,MTRS,Rs. 199.82,,2026-08-21,spelling_errors_and_abbreviations,medium
POL004457,PO00896,4,100% cotton flannel 245gsm 58 inches teal,,Teal,245,,1500 approx,MTRS,199.75,,2026-08-16,minor_naming_variation,easy
POL004458,PO00896,5,"100% Cotton, Flannel, 245 GSM, 58in, Teal",,Teal,245,,~600,MTR,257.23,Rate confirmed on call,2026-09-05,wrong_price_outside_tolerance,exception
POL004459,PO00896,6,65/35 Poly Cotton  Brushed Twill  170 g/m2  Royal Blue,,Royal Blue,170,,600,MTRS,128.99,,2026-08-01,no_historical_price,medium
POL004460,PO00896,7,100% Cotton Twill 295 GSM 58 inch Mustard,,Mustard,295,58,1200,mtr,222.11,,2026-08-11,clean_exact_match,easy
POL004461,PO00896,8,MEG-7928 same as last time,MEG-7928,,,,1200,MTR,223.04/mtr,,2026-08-11,customer_specific_product_code,medium
POL004462,PO00896,9,Teal  Flannel  Cotton  58in  245 gm,,Teal,245,,1000,Meters,200.80/mtr,,2026-08-11,minor_naming_variation,easy
POL004463,PO00896,10,100% COTTON FLANNEL 245 GSM 58 INCH,,,245,,2000,Mtr,199.89,,2026-08-06,multiple_possible_sku_matches,hard
POL004464,PO00897,1,100% Linen/Slub/GSM 125/58 inches/Sea Green,,Sea Green,125,,400,Mtr,INR 254.73,,2026-08-01,new_customer_no_history,medium
POL004465,PO00897,2,"100% Combed Cotton - Chambray - 130gsm - 58"" - Sea Green",,Sea Green,130,,800,MTR,Rs. 105.97,,2026-08-11,new_customer_no_history,medium
POL004466,PO00897,3,350GSM - 98/2 Cotton Lycra Denim - Wine - 58' - Lightweight,,Wine,350,,"1,200",MTR,Rs. 225.19,,2026-08-01,new_customer_no_history,medium
POL004467,PO00897,4,Musturd W-58 Satin 70/30 Modal Cotton 180gsm,,Mustard,180,,150,MTRS,254.52/mtr,,2026-08-06,new_customer_no_history,medium
POL004468,PO00897,5,Silver - 310 gm - 63in - Poly Cotton Denim - Rigid,,Silver Grey,310,,1500,Mtr,189.34,,2026-08-06,new_customer_no_history,medium
POL004469,PO00898,1,100% cotton - brushed twill - 235 gm - maroon,,Maroon,235,,,Meters,175.94,Qty to be confirmed,2026-05-27,missing_quantity,exception
POL004470,PO00898,2,100% Cotton Duck Canvas 465 GSM 58 inch Olive,,Olive,465,58,2000,mtr,277.69/mtr,,2026-05-02,clean_exact_match,easy
POL004471,PO00898,3,100% Cotton Brushed Twill 235 GSM 58 inch Maroon,,Maroon,235,58,150,Meters,176.23,,2026-05-12,clean_exact_match,easy
POL004472,PO00898,4,camel - flannel - 65/35 poly cotton - 210gsm,,Camel,210,,400,mts,Rs. 161.21,,2026-05-27,no_historical_price,medium
POL004473,PO00898,5,100% CTN BRUSHED TWILL 235 fM 58 INCHES DARx GREEN,,Bottle Green,235,,600,MTR,185.0,,2026-05-02,spelling_errors_and_abbreviations,medium
POL004474,PO00898,6,100% Cotton Duck Canvas 390 GSM 63 inch Beige,,Beige,390,63,1500,mts,243.11,,2026-05-07,clean_exact_match,easy
POL004475,PO00898,7,65/35 Poly Cotton Poplin GSM 140 58' White,,White,140,,150,MTR,95.29,,2026-04-22,minor_naming_variation,easy
POL004476,PO00899,1,70/30 Poly TN Ecru W-110 215GSM Sheer Casement,,Ercu,215,,"1,500",Mtr,216.48,,2026-04-12,spelling_errors_and_abbreviations,medium
POL004477,PO00899,2,70/30 Poly CTN - 215gsm - 110 inches - Ecrru - Sheer axsement,,Ecru,215,,2500,MTR,215.08 per unit,,2026-04-27,spelling_errors_and_abbreviations,medium
POL004478,PO00899,3,465GSM - 65/35 Poly Cotton - Lavender - Duck Canvas,,Lavender,465,,600,Kgs,INR 283.02,,2026-04-17,wrong_unit_of_measure,exception
POL004479,PO00899,4,"RUST, 160GSM, BLACKOUT BASE, 100% POLYESTER",,Rust,160,,-,MTR,Rs. 138.43,TBC,2026-04-22,missing_quantity,exception
POL004480,PO00899,5,215gsm W-110 70/30 Poly Cotton Sheer Casement,,,215,,1500,mts,215.21,,2026-04-22,multiple_possible_sku_matches,hard
POL004481,PO00900,1,55/45 Poly Wool Twill Suiting 290 GSM 60 inch White,,White,290,60,2000,Mtr,Rs. 276.79,,2026-07-13,clean_exact_match,easy
POL004482,PO00900,2,100% COTTON CORDUROY - 21 WALE - 245 G/M2 - BLACK,,Black,245,,200,mts,195.26,,2026-08-02,expired_historical_price,medium
POL004483,PO00901,1,"70/30 Poly Cotton, Blackout Base, 225 GSM, 110""",,,225,,400,mtr,217.7,,2026-05-02,multiple_possible_sku_matches,hard
POL004484,PO00901,2,100% Cotton Terry  Hand Towel  395 gm  Grey Melange,,Grey Melange,395,,~500,Pcs,Rs. 191.87,,2026-04-27,incorrect_colour_or_gsm,hard
POL004485,PO00901,3,SHEETING FABRIC 115 GSM FIROZI,SAA-4024,,,,150,M,Rs. 136.68,,2026-04-27,customer_specific_product_code,medium
POL004486,PO00901,4,110 INCHES 225hSM BLACKOUT ABSE ECRU 70/30 oOLY CTN,,Ecr,225,,300,M,INR 217.51,,2026-05-02,spelling_errors_and_abbreviations,medium
POL004487,PO00901,5,Kevlar Blend Industrial Fabric 500 GSM,,,,,2500 approx,MTR,INR 176.41,,2026-05-17,unknown_product,exception
POL004488,PO00902,1,Sngle JSY 100% CT NKNIT Lavender 155 GSM 72 inch,,Lavender,155,,250,kgs,349.59,,2026-08-13,spelling_errors_and_abbreviations,medium
POL004489,PO00902,2,98/2 Cotton Lycra Denim Lightweight 350 GSM 58 inch Camel,,Camel,350,58,150,Mtr,257.07,,2026-08-28,clean_exact_match,easy
POL004490,PO00902,3,GSM 300/63in/98/2 Cotton Lycra Denim/Rigid/Peach,,Baby Pink,300,,~600,Meters,Rs. 242.46,,2026-08-13,incorrect_colour_or_gsm,hard
POL004491,PO00902,4,poly cotton denim/rigid/310gsm/63 inches/lavender,,Lavender,310,,600,MTRS,221.87,,2026-07-24,partial_catalogue_match,medium
POL004492,PO00902,5,98/2 COTTON LYCRA DENIM/LIGHTWEIGHT/330 GSM/58IN/CAMEL,,Camel,330,,1200,mtr,255.69,,2026-07-24,incorrect_colour_or_gsm,hard
POL004493,PO00903,1,255 gm/Lightweight/Royal Blue/Poly Cotton Denim/W-58,,Royal Blue,255,,200,Mtr,185.20,Please supply in Black as discussed,2026-06-04,conflicting_information_in_po,hard
POL004494,PO00903,2,"100% Lyocell/Satin/150GSM/58""",,,150,,200,MTRS,226.00,,2026-06-14,multiple_possible_sku_matches,hard
POL004495,PO00904,1,trouser cloth usual,,,,,"2,500",mts,163.9,,2026-04-27,ambiguous_product_match,hard
POL004496,PO00904,2,220 G/M2 - 72 INCH - 100% COTTON KNIT - 1X1 RIB - MUSTARD,,Mustard,220,,400,kgs,INR 363.55,,2026-05-17,small_acceptable_price_variation,easy
POL004497,PO00904,3,100% Combed Cotton Poplin 95 GSM 58 inch White,,White,95,58,2500,mtr,85.42,,2026-05-17,clean_exact_match,easy
POL004498,PO00904,4,97/3 C0tton 5pandex - Chino - 320 g/m2 - W-58 - Ecru,,Ecu,320,,300,MTR,231.6,,2026-06-01,poor_quality_document,hard
POL004499,PO00904,5,"SG 300, TURQUOISE, 98/2 CTN LYC DNM, 63IN, RIGID",,irozi,300,,1000,MTR,248.54/mtr,,2026-05-07,spelling_errors_and_abbreviations,medium
POL004500,PO00904,6,"fleece cloth 60"" normal one",,,,,80 approx,KG,Rs. 263.61,,2026-05-12,ambiguous_product_match,hard
POL004501,PO00904,7,95/5 CTN LYC 1x1 Ri bGS M255 72in SIL GREY,,Silver Greey,255,,300,KG,497.38,,2026-05-02,spelling_errors_and_abbreviations,medium
POL004502,PO00904,8,Poly Cotton Denim Silver Grey Lightweight 255 GSM,,Silver Grey,255,,600,M,Rs. 164.73,,2026-05-02,expired_historical_price,medium
POL004503,PO00905,1,98/2 Cotton Lycra Chino 210 GSM 58 inch Mint,,Mint,210,58,2500,mts,158.96,,2026-09-30,clean_exact_match,easy
POL004504,PO00905,2,shirting cloth 105gsm Camel,DEV-2638,,,,"1,000",Meters,92.75,,2026-09-15,customer_specific_product_code,medium
POL004505,PO00905,3,"210 gm, 98/2 Cotton Lycra, 58in, Chino, Mint",,Mint,210,,300,MTRS,158.73,,2026-09-05,minor_naming_variation,easy
POL004506,PO00905,4,"98/2 CTN LYC DNM, Rst, 63 inches, Rigidd, 415GSM",,Rust,415,,2000,M,Rs. 274.94,,2026-08-26,spelling_errors_and_abbreviations,medium
POL004507,PO00906,1,95/5 Viscose Lycra Rayon Slub 135 GSM 44 inch Charcoal,,Charcoal,135,44,1500,Mtr,112.56,,2026-06-14,clean_exact_match,easy
POL004508,PO00906,2,"95/5 Viscose Lycra, Rayon Slub, 135 GSM, 44 inch, Charcoal",,Charcoal,135,,800 approx,MTRS,INR 109.11,,2026-07-14,small_acceptable_price_variation,easy
POL004509,PO00907,1,COTTON FLANNEL GSM 245 58' TEAL,,Teal,245,,1200,M,199.26/mtr,,2026-06-11,minor_naming_variation,easy
POL004510,PO00907,2,130 g/m2 PC shirting Peach,KAV-5314,,,,1500,MTRS,102.36,,2026-06-11,customer_specific_product_code,medium
POL004511,PO00907,3,"Flannel, Teal, 100% Cotton, 245 g/m2, 58in",KAV-8504,Teal,245,,600 approx,mts,208.52,,2026-06-21,small_acceptable_price_variation,easy
POL004512,PO00907,4,w-58 - 55/45 poly wool - 275 gm - twill suiting,KAV-4422,,275,,600,mts,INR 264.10,,2026-07-16,multiple_possible_sku_matches,hard
POL004513,PO00907,5,65/35 Poly Cotton Poplin 110 GSM 58 inch Royal Blue,,Royal Blue,110,58,2000,Meters,78.01,,2026-06-26,clean_exact_match,easy
POL004514,PO00907,6,duck fabric 465 gsm baby pink,KAV-8493,,,,"1,200",mtr,Rs. 282.66,,2026-06-11,customer_specific_product_code,medium
POL004515,PO00908,1,100% Cotton Knit Single Jersey 155 GSM 72 inch Teal,,Teal,155,72,250 approx,Kg,INR 336.51,,2026-09-04,clean_exact_match,easy
POL004516,PO00908,2,"70/30 Modal Cotton, Plain, 160 gm, 58 inch, Firozi",,Ferozi,160,,300,Mtr,252.64,,2026-10-04,minor_naming_variation,easy
POL004517,PO00908,3,SINGLE JERSEY - 95/5 COTTON LYCRA KNIT - 155 GSM - DARK GREY - 60IN,,Charcoal,155,,150,kgs,298.14,Rate as per last PO,2026-09-09,wrong_price_outside_tolerance,exception
POL004518,PO00908,4,modal fabric,,,,,2000,Mtr,253.09,,2026-09-14,ambiguous_product_match,hard
POL004519,PO00908,5,100% Linen Handloom Finish 220 GSM 58 inch Off White,,Off White,220,58,400,mts,451.91,,2026-09-09,clean_exact_match,easy
POL004520,PO00908,6,58in/220 GSM/Off White/Handloom Finish/100% Linen,TAN-8879,Off White,220,,800,mtr,Rs. 449.86,,2026-09-09,minor_naming_variation,easy
POL004521,PO00908,7,TAN-9867 same as last time,TAN-9867,,,,1500,MTRS,253.6,,2026-09-09,customer_specific_product_code,medium
POL004522,PO00909,1,100% Polyester Fleece Brushed 240 GSM 72 inch Greige RFD,,Greige RFD,240,72,300,Kilo,239.4,,2026-07-06,clean_exact_match,easy
POL004523,PO00909,2,44' shirt material normal one,,,,,800,mtr,90.21,,2026-06-26,ambiguous_product_match,hard
POL004524,PO00909,3,98/2 Cotton Lycra/Drill/235 gm/Brown Coffee,,Coffee Brown,235,,as per stock,M,202.7,TBC,2026-07-11,missing_quantity,exception
POL004525,PO00909,4,98/2 Cotton Lycra Denim Lightweight 350 GSM 58 inch Wine,,Wine,350,58,~200,Mtr,241.49,,2026-07-26,clean_exact_match,easy
POL004526,PO00909,5,98/2 Cotton Lycra Denim Lightweight 350 GSM 58 inch Wine,,Wine,350,58,800,mtr,242.75,,2026-07-01,clean_exact_match,easy
POL004527,PO00910,1,100% Polyester Blackout Base 160 GSM 54 inch Cream,,Cream,160,54,2000,MTRS,130.41,,2026-06-06,clean_exact_match,easy
POL004528,PO00910,2,465 GM ROYAL BLUE COTTON DUCK CANVAS 58 INCHES,,Royal Blue,465,,150,M,282.63,,2026-06-01,minor_naming_variation,easy
POL004529,PO00910,3,terry towel pcs normal one,,,,,"1,500",pc,220.32,,2026-06-01,ambiguous_product_match,hard
POL004530,PO00910,4,as per our code SAN-8789,SAN-8789,,,,150,MTR,155.11,,2026-05-22,customer_specific_product_code,medium
POL004531,PO00910,5,54 inch casement fabric usual,,,,,800 approx,Mtr,130.05,,2026-05-17,ambiguous_product_match,hard
POL004532,PO00911,1,flannel cloth,,,,,"1,500",M,129.73,,2026-05-18,ambiguous_product_match,hard
POL004533,PO00911,2,100% Polyester/105 gm/58 inch/Teal/Print Base,,Teal,105,,150,mts,117.14,,2026-05-03,small_acceptable_price_variation,easy
POL004534,PO00911,3,"100% Polyester, Digital Print Base, GSM 130, Maroon",,Maroon,130,,1000,mtr,130.88,,2026-05-03,expired_historical_price,medium
POL004535,PO00911,4,linen cloth,,,,,~800,M,INR 330.59,,2026-04-23,ambiguous_product_match,hard
POL004536,PO00912,1,98/2 Cotton Lycra Chino 210 GSM 58 inch White,,White,210,58,150,M,Rs. 171.72,,2026-05-12,clean_exact_match,easy
POL004537,PO00912,2,"Cotton, Flannel, 185 GSM, W-58, Melange Grey",,Mel. Grey,185,,150,mtr,156.86,,2026-05-02,minor_naming_variation,easy
POL004538,PO00912,3,Flannel W-58 100% Cotton 185 gm Grey Melange,,Grey Melange,185,,2000,Meters,99.01,Rate as per last PO,2026-06-06,wrong_price_outside_tolerance,exception
POL004539,PO00913,1,100% Linen Handloom Finish 115 GSM 58 inch Mint,,Mint,115,58,800,M,Rs. 253.09,,2026-07-21,clean_exact_match,easy
POL004540,PO00913,2,58' Slub 125gsm 100% Linen,,,125,,500,mts,INR 289.35,,2026-08-15,multiple_possible_sku_matches,hard
POL004541,PO00914,1,print base,,,,,1200,Mtr,161.32/mtr,,2026-09-14,ambiguous_product_match,hard
POL004542,PO00915,1,"Blended Twill, 130 g/m2, W-63, 80/20 Poly Cotton, Rust",,Rust,130,,2500,Mtr,100.97,,2026-07-14,minor_naming_variation,easy
POL004543,PO00915,2,100% Cotf0n Canvas Bottom 225G5M 58 inch Dark Green,,Bott1e Green ....,,,400 approx,Meters,186.57,,2026-07-19,poor_quality_document,hard
POL004544,PO00915,3,60 inhc  100% vTN  Drill  195 g/m2  Craem,,Creaam,195,,800,MTR,151.6,,2026-07-19,spelling_errors_and_abbreviations,medium
POL004545,PO00915,4,Recycled PET Fleece GRS Certified 300 GSM,,,,,300,Meters,Rs. 139.96,,2026-07-09,unknown_product,exception
POL004546,PO00915,5,97/3 Cotton Spandex Drill 275 GSM 58 inch Sky Blue,,Sky Blue,275,58,150,mtr,230.80,,2026-07-14,clean_exact_match,easy
POL004547,PO00915,6,65/35 Poly Cotton Duck Canvas 405 GSM 63 inch Bottle Green,,Bottle Green,405,63,300,mtr,267.38,,2026-07-14,clean_exact_match,easy
POL004548,PO00915,7,100% Cotton Canvas Bottom 225 GSM 58 inch Bottle Green,,Bottle Green,225,58,1500,MTRS,185.6,,2026-07-24,clean_exact_match,easy
POL004549,PO00915,8,Silver Grey/58 inch/65/35 Poly Cotton/Flannel/GSM 200,,Silver Grey,200,,~500,mts,167.85,,2026-07-19,small_acceptable_price_variation,easy
POL004550,PO00916,1,130 g/m2 - W-58 - Off White - Chambray - 100% Combed Cotton,,Off White,130,,300,mtr,99.94,,2026-06-11,small_acceptable_price_variation,easy
POL004551,PO00916,2,95/5 Cotton Lycra Knit  1x1 Rib  255 gm  72 inch  Firozi,,Turquoise,255,,80,kgs,Rs. 459.61,,2026-05-27,minor_naming_variation,easy
POL004552,PO00917,1,65/35 Poly Cotton Canvas 375 GSM 58 inch Greige RFD,,Greige RFD,375,58,400,mts,INR 207.37,,2026-05-06,clean_exact_match,easy
POL004553,PO00917,2,FLANNEL 100% COTTON 245 GSM 58 INCHES ROYAL BLUE,,Royal Blue,245,,800,M,199.63/mtr,,2026-05-06,partial_catalogue_match,medium
POL004554,PO00917,3,MEG-8088 - regular quality,MEG-8088,,,,1500,M,251.82/mtr,,2026-05-06,customer_specific_product_code,medium
POL004555,PO00917,4,65/35 Poly Cotton/Blended Shirting/140 gm/58'/Teal,,Teal,140,,1200,Meters,104.29,,2026-05-06,partial_catalogue_match,medium
POL004556,PO00918,1,modal fabric - 58 inch medium quality,ISH-1293,,,,1200,M,Rs. 225.27,,2026-08-05,ambiguous_product_match,hard
POL004557,PO00918,2,310 g/m2 - Paech - oPly CTN Denim - Riigid - 63',ISH-1696,Peach,310,,600,mtr,198.68 per unit,,2026-07-11,spelling_errors_and_abbreviations,medium
POL004558,PO00918,3,W-63 98/2 C0TTON LYCRA DENIM RI6lD DARK MAROON 6SM 300 ###,,Maroon,,,2000,M,215.51,,2026-07-01,poor_quality_document,hard
POL004559,PO00918,4,58 inch Black Satin 150gsm 100% Lyocell,,Black,150,,200,Mtr,Rs. 228.72,,2026-07-21,minor_naming_variation,easy
POL004560,PO00918,5,"105GSM, Cambric, 44"", 60/40 Cotton Poly, Royal Blue",,Royal Blue,105,,"1,000",Mtr,87.63,,2026-07-21,small_acceptable_price_variation,easy
POL004561,PO00918,6,98/2 Cotton Lycra Denim Rigid 300 GSM 63 inch Sea Green,,Sea Green,300,63,1000,MTR,235.99,,2026-07-01,clean_exact_match,easy
POL004562,PO00918,7,linen cloth medium quality,,,,,1500,Mtr,440.80,,2026-07-16,ambiguous_product_match,hard
POL004563,PO00918,8,"Charcoal  58""  150gsm  Satin  100% Lyocell",ISH-6544,Charcoal,150,,300,mts,INR 224.86,,2026-07-11,minor_naming_variation,easy
POL004564,PO00918,9,"POLY COTTON DENIM  RIGID  310 GSM  63""  RUST",ISH-3230,Rust,310,,2000,MTR,198.33,,2026-07-01,partial_catalogue_match,medium
POL004565,PO00918,10,100% Lyocell Satin 150 GSM 58 inch Black,,Black,150,58,500,M,229.65,,2026-07-06,clean_exact_match,easy
POL004566,PO00919,1,Poly Cotton Denim  Rigid  310gsm  63'  Peach,,Peach,310,,150,mts,202.09,,2026-07-19,minor_naming_variation,easy
POL004567,PO00919,2,as per our code HAR-4928,HAR-4928,,,,200,mts,230.63/mtr,,2026-07-19,customer_specific_product_code,medium
POL004568,PO00919,3,100% Cotton Denim Rigid 370 GSM 63 inch Grey Melange,,Grey Melange,370,63,2000,mtr,INR 242.76,,2026-08-18,clean_exact_match,easy
POL004569,PO00920,1,Sky Blue  100% Polyester  58in  100 GSM  Digital Print Base,,Sky Blue,100,,200,Mtr,INR 130.13,,2026-09-08,incorrect_colour_or_gsm,hard
POL004570,PO00920,2,Plain Rust 100% Linen 215 GSM 58 inches,,Rust,215,,600,Mtr,419.64,,2026-10-03,partial_catalogue_match,medium
POL004571,PO00920,3,100% Polyester Printed Plain 140 GSM 58 inch Ecru,,Ecru,140,,600,M,141.69/mtr,,2026-09-18,minor_naming_variation,easy
POL004572,PO00920,4,LINEN MATERIAL 58 INCH normal one,,,,,1500,M,437.42,,2026-09-18,ambiguous_product_match,hard
POL004573,PO00920,5,100% Linen Plain 215 GSM 58 inch Sea Green,,Sea Green,215,58,1500,Mtr,Rs. 437.48,,2026-09-03,clean_exact_match,easy
POL004574,PO00920,6,100% Polyester/Printed Plain/GSM 120/Firozi,,Firozi,120,,300,Mtr,114.32,,2026-09-18,no_historical_price,medium
POL004575,PO00920,7,100% Lyocell Satin 150 GSM 58 inch Lavender,,Lavender,150,58,~1000,mts,217.22,,2026-10-03,clean_exact_match,easy
POL004576,PO00920,8,100% Linen - Plain - 215gsm - 58 inches,,,215,,~200,mts,421.2,,2026-09-03,multiple_possible_sku_matches,hard
POL004577,PO00921,1,Neoprene Bonded Scuba 380 GSM Black,,,,,500,MTR,Rs. 156.13,,2026-05-06,unknown_product,exception
POL004578,PO00921,2,Handloom Finish  58 inches  195GSM  55/45 Linen Cotton  Coffee Brown,,Coffee Brown,195,,800,Meters,443.82,,2026-05-11,small_acceptable_price_variation,easy
POL004579,PO00922,1,80/20 Poly Viscose Suiting 250 GSM 58 inch Firozi,,Firozi,250,58,500 approx,MTRS,214.14 per unit,,2026-07-19,clean_exact_match,easy
POL004580,PO00922,2,210GSM 98/2 CTN Lycra Chon 58 inch CHARCL Grey,,Chharcoal,210,,400,M,179.94,,2026-07-19,spelling_errors_and_abbreviations,medium
POL004581,PO00922,3,"97/3 Cotton Spandex Chino 350 gm 58"" Off White",,Off White,350,,500,Mtr,250.19,,2026-07-29,incorrect_colour_or_gsm,hard
POL004582,PO00922,4,"80/20 Poly Viscose/Twill Suiting/235gsm/60""/Bottle Green",,Bottle Green,235,,800,MTR,199.94,Please supply in Mint as discussed,2026-08-18,conflicting_information_in_po,hard
POL004583,PO00922,5,80/20 P01y Visc0se Suiting 65M 250 W-58 Turquoise (illegible),,Fir0zi,250,,2500,Mtr,215.98,,2026-08-03,poor_quality_document,hard
POL004584,PO00922,6,100% Cotton - Drill - 195 GSM - 60 inch - Mint,,Mint,195,,200 approx,Mtr,Rs. 91.14,,2026-07-29,wrong_price_outside_tolerance,exception
POL004585,PO00922,7,"65/35 Poly Cotton, Blended Twill, Ecru, 145 g/m2, W-58",,Ecru,145,,1200,MTR,Rs. 101.96,,2026-07-14,small_acceptable_price_variation,easy
POL004586,PO00923,1,"98/2 COTTON LYCRA DENIM RIGID 300GSM 63"" PEACH",,Peach,300,,500,mts,241.1,,2026-07-09,minor_naming_variation,easy
POL004587,PO00923,2,98/2 Cotton Lycra Denim Lightweight 350 GSM 58 inch Camel,,Camel,350,58,600,MTR,257.28,,2026-06-24,clean_exact_match,easy
POL004588,PO00923,3,98/2 Cotton Lycra Denim/Lightweight/350 GSM/58 inches/Camel,,Camel,350,,200,mtr,257.50 per unit,,2026-07-04,minor_naming_variation,easy
POL004589,PO00923,4,Poly Cotton Denim Rigid 310 GSM 63 inch Camel,,Camel,310,63,800,Mtr,222.48,,2026-06-24,clean_exact_match,easy
POL004590,PO00923,5,"poly cotton denim - rigid - 310 gsm - 63"" - camel",,Camel,310,,800,Mtr,223.92,,2026-06-29,minor_naming_variation,easy
POL004591,PO00923,6,"Lightweight - 98/2 Cotton Lycra Denim - 350 GSM - 58"" - Camel",,Camel,350,,600,mtr,265.0,,2026-07-24,small_acceptable_price_variation,easy
POL004592,PO00923,7,350GSM Lightweight 98/2 CT NLLYC DNM 58 inch Cqmel,,Camel,350,,600,Meters,255.78,,2026-06-24,spelling_errors_and_abbreviations,medium
POL004593,PO00923,8,63 inch Rigid Peach 98/2 Cotton Lycra Denim 300GSM,,Peach,300,,600,Meters,243.36,,2026-07-24,minor_naming_variation,easy
POL004594,PO00924,1,100% Cotton Brushed Twill 155 GSM 58 inch Ecru,,Ecru,155,58,600,M,INR 126.50,,2026-09-06,clean_exact_match,easy
POL004595,PO00924,2,"70/30 POLY COTTON 215GSM 110"" SHEER CASEMENT BABY PINK",,Baby Pink,215,,1200,mtr,226.73,,2026-08-07,partial_catalogue_match,medium
POL004596,PO00925,1,"sattin fabric - 58""",,,,,200,MTR,100.27,,2026-07-11,ambiguous_product_match,hard
POL004597,PO00925,2,100% Polyester - Printed Plain - 140 g/m2 - 58' - Ecru,,Ecru,140,,150,MTRS,157.66,,2026-07-01,minor_naming_variation,easy
POL004598,PO00925,3,100% Ly0ce11 - 5atin - 150 gm - 58 inches - Lavender,,La0ender ###,150 (illegible),,~200,MTRS,239.56,,2026-08-05,poor_quality_document,hard
POL004599,PO00925,4,"100% POLYESTER, SATEEN, 220 GM, ROYAL BLUE",,Royal Blue,220,,800,Meters,146.33 per unit,,2026-07-01,no_historical_price,medium
POL004600,PO00925,5,100% LYO Satun 105 g/m2 58 inchse Charcoal Grey,,Charcoaal,105,,500,mts,173.1,,2026-07-11,spelling_errors_and_abbreviations,medium
POL004601,PO00925,6,100% Polyester  Printed Plain  170 gm  58 inches  Ecru,,Ecru,170,,400 approx,MTR,Rs. 156.69,,2026-07-16,incorrect_colour_or_gsm,hard
POL004602,PO00926,1,PEACH LINEN CLOTH GSM 160,MAN-6755,,,,2500,Mtr,INR 351.05,,2026-08-11,customer_specific_product_code,medium
POL004603,PO00926,2,trouser cloth,,,,,400,MTR,INR 183.06,,2026-07-07,ambiguous_product_match,hard
POL004604,PO00926,3,70/30 MODAL COTTON PLAIN 190 G/M2 58 INCHES FIROZI,,Firozi,190,,1000,Meters,261.94/mtr,,2026-07-07,incorrect_colour_or_gsm,hard
POL004605,PO00927,1,Silk Organza 45 GSM 44 inch Gold,,,,,1000,MTR,163.62,,2026-08-03,unknown_product,exception
POL004606,PO00927,2,70/30 PV - Twill Suitting - 60 inchess - 240 gm - Ferozi,,Firozi,240,,400,mts,INR 201.32,,2026-07-19,spelling_errors_and_abbreviations,medium
POL004607,PO00927,3,100% COTTON - BRUSHED TWILL - GSM 235 - BROWN COFFEE,,Coffee Brown,235,,600,Meters,INR 181.28,,2026-07-29,expired_historical_price,medium
POL004608,PO00927,4,65/35 Poly Cotton Canvas 375 GSM 58 inch Greige RFD,,Greige RFD,375,58,2000 approx,Mtr,210.4,,2026-08-23,clean_exact_match,easy
POL004609,PO00927,5,"80/20 Poly Viscose  Twill Suiting  235gsm  60""",,,235,,200,Mtr,192.8,,2026-07-19,multiple_possible_sku_matches,hard
POL004610,PO00927,6,65/35 Poly Cotton Canvas 375 GSM 58 inch Greige RFD,,Greige RFD,375,58,1500,Meters,Rs. 210.32,,2026-07-24,clean_exact_match,easy
POL004611,PO00927,7,70/30 PV Twill Suiiting GS M240 60 inh Firozee,,Fiirozi,240,,"1,000",MTRS,201.80,,2026-07-24,spelling_errors_and_abbreviations,medium
POL004612,PO00928,1,100% Cotton Knit Slub Jersey 150 GSM 72 inch Royal Blue,,Royal Blue,150,72,~500,Kilo,INR 305.46,,2026-06-12,clean_exact_match,easy
POL004613,PO00928,2,60/40 Cotton Poly/Voile/100 GSM/44'/Greige RFD,NAK-4447,Greige RFD,100,,400 approx,MTRS,INR 81.67,,2026-06-12,incorrect_colour_or_gsm,hard
POL004614,PO00928,3,as per our code NAK-5618,NAK-5618,,,,400,KGS,311.75,,2026-06-22,customer_specific_product_code,medium
POL004615,PO00928,4,98/2 cotton lycra - chino - 210gsm - 58' - charcoal grey,,Charcoal Grey,210,,1200,mtr,161.85 per unit,,2026-06-27,minor_naming_variation,easy
POL004616,PO00928,5,Mint 100% Cotton Denim GSM 310 Lightweight,NAK-8462,Mint,310,,200,Mtr,INR 178.87,,2026-07-17,no_historical_price,medium
POL004617,PO00928,6,100% Cotton Knit Single Jersey 72' Maroon 155 gm,NAK-5242,Maroon,155,,50,Kilo,INR 283.46,,2026-07-17,partial_catalogue_match,medium
POL004618,PO00929,1,100% Polyester Curtain Jacquard 160 GSM 54 inch Charcoal,,Charcoal,160,54,500,mts,Rs. 133.39,,2026-08-08,clean_exact_match,easy
POL004619,PO00929,2,215 GSSM SHEER CASEMENT 70/30 POLY CTN ROYAL BLUEE W-110,,Royal Bpue,215,,2000,Mtr,Rs. 211.26,,2026-07-24,spelling_errors_and_abbreviations,medium
POL004620,PO00929,3,"sheer casement, R.BLU, 110"", 215gsm, 70/30 poly CTNN",,Royal Bllue,215,,~2000,mts,209.79,,2026-08-28,spelling_errors_and_abbreviations,medium
POL004621,PO00929,4,Royal Blue 215 g/m2 casement fabric,RID-3444,,,,2500,MTRS,211.08,,2026-07-24,customer_specific_product_code,medium
POL004622,PO00929,5,Cheni11e - 320gsm - 100% P0lyesfer - 58 inch - Peach,,,020,,~800,mts,266.7,,2026-08-13,poor_quality_document,hard
POL004623,PO00929,6,"Curtain Jacquard, 160gsm, 100% Polyester, Charcoal",,Charcoal,160,,as per stock,M,134.34,As per availability,2026-08-03,missing_quantity,exception
POL004624,PO00929,7,70/30 Poly Cotton Sheer Casement 215 GSM 110 inch Royal Blue,,Royal Blue,215,110,1000,Mtr,209.63,,2026-08-03,clean_exact_match,easy
POL004625,PO00929,8,100% Cotton Terry Face Towel Olive GSM 415,,Olive,415,,300,NOS,210.97,,2026-08-03,expired_historical_price,medium
POL004626,PO00930,1,shirting cloth usual,,,,,800,mts,105.3,,2026-07-11,ambiguous_product_match,hard
POL004627,PO00930,2,"100% cotton knit single jersey 155 gsm 72"" lavender",,Sky Blue,155,,150,KG,345.45,,2026-06-06,incorrect_colour_or_gsm,hard
POL004628,PO00930,3,100% Cotton Knit Single Jersey 155 GSM 72 inch Lavender,,Lavender,155,72,50,kgs,345.53,,2026-06-06,clean_exact_match,easy
POL004629,PO00930,4,SJ knit,,,,,50 approx,kgs,321.6,,2026-06-26,ambiguous_product_match,hard
POL004630,PO00931,1,100% Cotton Corduroy 8 Wale 215 GSM 58 inch Cream,,Cream,215,58,300,mtr,164.04,,2026-05-28,clean_exact_match,easy
POL004631,PO00931,2,98/2 Cotton Lycra Denim Rigid 300 GSM 63 inch Maroon,TAN-6835,Maroon,300,63,~2000,mts,228.21,,2026-05-28,clean_exact_match,easy
POL004632,PO00931,3,BABY PINK 220GSM SUITING 55/45 POLY WOOL,,Baby Pink,220,,TBC,mts,192.95,TBC,2026-05-28,missing_quantity,exception
POL004633,PO00931,4,100% Cotton Corduroy 8 Wale 215 GSM 58 inch Cream,,Cream,215,58,400,MTR,163.8,,2026-05-18,clean_exact_match,easy
POL004634,PO00932,1,100% Combed Cotton Chambray 130 GSM 58in Light Pink,NAK-6450,Baby Pink,130,,1200,mtr,Rs. 122.32,,2026-07-16,minor_naming_variation,easy
POL004635,PO00932,2,"Marun, Poly Cotton Denim, 63in, 310gsm, Rigid",,Dark Maroon,310,,2000,M,209.92,,2026-07-16,minor_naming_variation,easy
POL004636,PO00932,3,item NAK-6750,NAK-6750,,,,300,MTR,209.06,,2026-08-05,customer_specific_product_code,medium
POL004637,PO00933,1,GSM 150 Lavendr 100% LYO Sati n58in,,Lavendwr,150,,"2,500",M,239.0,,2026-06-06,spelling_errors_and_abbreviations,medium
POL004638,PO00933,2,"Printed Plain, 140 g/m2, Ecru, 100% Polyester, 58'",,Ecru,140,,~1500,MTRS,Rs. 163.07,,2026-05-02,small_acceptable_price_variation,easy
POL004639,PO00933,3,58 INCH VISCOS FABRIC,,,,,1000,Mtr,110.47,,2026-06-06,ambiguous_product_match,hard
POL004640,PO00933,4,100% Lyocell Satin 150 GSM 58 inch Lavender,,Lavender,150,58,600,mts,237.89 per unit,,2026-05-07,clean_exact_match,easy
POL004641,PO00933,5,100% PLY SSATIN 110 M 58' FIRiZI,,Firozi,110,,200,Meters,Rs. 100.25,,2026-05-12,spelling_errors_and_abbreviations,medium
POL004642,PO00933,6,100% Lyocell Satin 105 GSM 58 inch Charcoal,,Charcoal,105,58,2000,MTRS,Rs. 173.48,,2026-05-02,clean_exact_match,easy
POL004643,PO00933,7,100% Polyester  Satin  110 GSM  58'  Camel,,Camel,110,,"2,000",mts,Rs. 100.67,,2026-05-02,partial_catalogue_match,medium
POL004644,PO00933,8,"100% Lyocell  Satin  105 gm  58""  Dark Grey",,Charcoal,105,,600,MTR,174.05,,2026-05-17,minor_naming_variation,easy
POL004645,PO00934,1,100% Cotton Knit Single Jersey 160 GSM 60 inch Mint,,Mint,160,60,100,KGS,335.78,,2026-06-09,clean_exact_match,easy
POL004646,PO00934,2,Neoprene Bonded Scuba 380 GSM Black,,,,,300 approx,M,456.48/mtr,,2026-07-09,unknown_product,exception
POL004647,PO00935,1,SJ knit/160 gm/Mint,DEV-7757,,,,80,KGS,INR 315.05,,2026-06-19,customer_specific_product_code,medium
POL004648,PO00935,2,100% PLLY Fleece - Brushed - GSM 305 - 72 incches - R.BLUE,,Ryal Blue,305,,500,KGS,303.8,,2026-06-14,spelling_errors_and_abbreviations,medium
POL004649,PO00935,3,60/40 Cotton Poly Fleece Brushed 305 GSM 60 inch Camel,,Camel,305,60,50 approx,KG,314.19,,2026-06-29,clean_exact_match,easy
POL004650,PO00935,4,Wool Felt 400 GSM 72 inch Charcoal,,,,,2500,M,243.41,,2026-06-29,unknown_product,exception
POL004651,PO00936,1,95 gm  100% CMBD CTN  Poplin  yeal  58 niches,,Tea,95,,150,MTR,Rs. 92.25,,2026-06-17,spelling_errors_and_abbreviations,medium
POL004652,PO00936,2,58in/Teal/95GSM/Poplin/Combed Cotton,,Teal,95,,2500,mtr,91.54/mtr,,2026-06-12,minor_naming_variation,easy
POL004653,PO00936,3,55/45 Linen Cotton Handloom Finish 195 GSM 58 inch Mint,,Mint,195,58,800,MTR,393.74,,2026-07-12,clean_exact_match,easy
POL004654,PO00936,4,100% Cotton Knit Single Jersey 160 g/m2 60in Dark Green,,B. Green,160,,500,Kilo,314.0,,2026-06-27,minor_naming_variation,easy
POL004655,PO00936,5,100% TCN KNIT/Single Jersey/160gsm/60 inches/Dqrk Greeb,,Bottle Green,160,,150,Kg,316.49,,2026-06-27,spelling_errors_and_abbreviations,medium
POL004656,PO00936,6,415 gm 98/2 Cotton Lycra Denim Rust Rigid,,Rust,415,,500,MTRS,260.58,,2026-06-27,no_historical_price,medium
POL004657,PO00936,7,"Poplin, 58in, 95 g/m2, Teal, 100% Combed Cotton",,Teal,95,,2500,mtr,Rs. 88.50,,2026-06-22,small_acceptable_price_variation,easy
POL004658,PO00937,1,100% Lyocell Satin 105GSM 58in,OJA-3093,,105,,1200,M,Rs. 168.40,,2026-08-29,multiple_possible_sku_matches,hard
POL004659,PO00937,2,105GSM - 100% Lyocell - 58in - Satin - White,OJA-7210,White,105,,2000,Mtr,INR 169.11,Width to be 60 inch as per last supply,2026-09-28,conflicting_information_in_po,hard
POL004660,PO00937,3,100% LYO  Satni  105gsm  58'  White,OJA-3114,Whiye,105,,400,M,168.17,,2026-09-03,spelling_errors_and_abbreviations,medium
POL004661,PO00937,4,100% Lyocell Satin 105 GSM 58 inch White,,White,105,58,2000,mts,169.53,,2026-08-24,clean_exact_match,easy
POL004662,PO00937,5,W-58 hie GSM 105 100% LYO Satin,,White,105,,300,M,168.87,,2026-08-24,spelling_errors_and_abbreviations,medium
POL004663,PO00937,6,W-58 - 105GSM - Satin - White - 100% Lyocell,,White,105,,400,M,INR 142.82,Rate as per last PO,2026-08-29,wrong_price_outside_tolerance,exception
POL004664,PO00937,7,"SATIN, 105 GSM, WHITE, 100% LYOCELL, 58 INCH",OJA-7483,Silver Grey,105,,~2500,M,168.32,,2026-08-24,incorrect_colour_or_gsm,hard
POL004665,PO00937,8,100% Lyocell  Satin  105 g/m2  58in  White,,White,105,,1500,MTRS,168.36,,2026-09-03,minor_naming_variation,easy
POL004666,PO00937,9,100% Lyocell Satin 105 GSM 58 inch White,OJA-4717,White,105,58,800,Meters,168.33,,2026-08-24,clean_exact_match,easy
POL004667,PO00938,1,100% COMBED COTTON 150GSM WINE DOBBY,,Wine,150,,600,Mtr,116.70,,2026-07-09,no_historical_price,medium
POL004668,PO00938,2,230GSM - W-60 - 100% Cotton Knit - 2x2 Rib - Baby Pink,,Lt Pink,230,,400,kgs,372.35,,2026-06-19,minor_naming_variation,easy
POL004669,PO00938,3,95/5 Cotton Lycra Knit Single Jersey 155 GSM 60 inch Charcoal,,Charcoal,155,60,150,kgs,319.07,,2026-06-24,clean_exact_match,easy
POL004670,PO00938,4,98/2 Cotton Lycra Denim Stretch 370 GSM 63 inch Off White,,Off White,370,63,200 approx,mts,260.35,,2026-07-09,clean_exact_match,easy
POL004671,PO00938,5,95/5 Cotton Lycra Knit Single Jersey 155 GSM 60 inch Charcoal,,Charcoal,155,60,150,Kg,Rs. 318.07,,2026-06-24,clean_exact_match,easy
POL004672,PO00938,6,100% CTN - Canvas Bottom - 225GSM - 58 inch - Canle,,Camek,225,,600,MTRS,145.28,,2026-06-24,spelling_errors_and_abbreviations,medium
POL004673,PO00939,1,80/20 Poly Cotton Blended Shirting 115 GSM W-63 Wine,,Wine,115,,300,Mtr,83.06,Please supply in Teal as discussed,2026-06-08,conflicting_information_in_po,hard
POL004674,PO00939,2,63'  Blended 5hirfing 1156SM 80/20 Poly Cotfon Wine,,Wine,15,,1000,Meters,83.25 per unit,,2026-06-08,poor_quality_document,hard
POL004675,PO00939,3,58in  R.BLUE  65/35 PC  Burhed Twill  170 gm,,Royal Blue,170,,150,mts,134.67,,2026-05-14,spelling_errors_and_abbreviations,medium
POL004676,PO00939,4,63' 390 g/m2 100% CTN Dukc Canvas Turquoise,,Firizi,390,,2500,M,225.94,,2026-05-24,spelling_errors_and_abbreviations,medium
POL004677,PO00940,1,60/40 Cotton Poly Fleece Loop Terry 375 GSM 60 inch Beige,,Beige,375,60,500 approx,Kilo,384.26,,2026-07-19,clean_exact_match,easy
POL004678,PO00940,2,60in - Waffle - 240 GSM - Peach - 100% Cotton Knit,,Black,240,,250,KGS,INR 410.02,,2026-07-24,incorrect_colour_or_gsm,hard
POL004679,PO00940,3,100% Cotton Knit Waffle 240 GSM 60 inch Charcoal,,Charcoal,240,60,400,kgs,434.76,,2026-07-24,clean_exact_match,easy
POL004680,PO00940,4,"100% Cotton Knit - Waffle - GSM 240 - 60"" - Peach",,Peach,240,,300,KG,Rs. 409.86,,2026-08-18,minor_naming_variation,easy
POL004681,PO00941,1,"58"" Viscose Haldi Printed Plain 90 g/m2",,Haldi,90,,~2000,Mtr,113.38,,2026-08-17,minor_naming_variation,easy
POL004682,PO00941,2,55/45 Linen Cotton Plain GSM 215 58in Black,,Black,215,,~2000,MTR,442.37/mtr,,2026-09-11,small_acceptable_price_variation,easy
POL004683,PO00941,3,WHITE/100% POLYESTER/DIGITAL PRINT BASE/130 G/M2,,White,130,,300,mtr,126.13,,2026-08-12,no_historical_price,medium
POL004684,PO00942,1,100% polyester blackout base 160 gm 54in rust,,Rust,160,,"2,500",M,139.06,Note: rate agreed for 120 GSM quality,2026-08-30,conflicting_information_in_po,hard
POL004685,PO00942,2,50/50 POLY COTTON/PERCALE/GSM 120/SEA GREEN,,Sea Green,120,,1200,Meters,146.33,,2026-08-30,no_historical_price,medium
POL004686,PO00942,3,"70/30 Poly CTN, Ecru, Seher Caaement, 215gsm, 110'",,Eceu,215,,500,Mtr,214.82 per unit,,2026-08-30,spelling_errors_and_abbreviations,medium
POL004687,PO00942,4,50/50 Poly Cotton  Bedsheet Fabric  180 gm  108 inches,,,180,,600,M,258.73,,2026-08-10,multiple_possible_sku_matches,hard
POL004688,PO00942,5,50/50 Poly Cotton Bedsheet Fabric 180 GSM 108 inch Teal,,Teal,180,108,400,Mtr,258.83,,2026-08-15,clean_exact_match,easy
POL004689,PO00942,6,65/35 Poly Cotton Duck Canvas 465 GSM 63 inch Lavender,,Lavender,465,63,400,mts,279.4,,2026-08-25,clean_exact_match,easy
POL004690,PO00942,7,160GSM/CASEMENT FABRIC/RUST,GIR-3037,,,,~400,Meters,139.03,,2026-09-14,customer_specific_product_code,medium
POL004691,PO00942,8,100% Polyester  Curtain Jacquard  195gsm  Beige,,Beige,195,,300 approx,MTRS,150.84,,2026-08-10,no_historical_price,medium
POL004692,PO00942,9,100% Po1yester/B1ack0ut Base/160 6SM/W-54/Rusf ###,,,160,,2500 approx,M,Rs. 139.60,,2026-08-10,poor_quality_document,hard
POL004693,PO00942,10,Lavnder - Duc Canvas - 63' - 465 gm - 65/35 PC,,Lavender,465,,500,M,281.39,,2026-08-15,spelling_errors_and_abbreviations,medium
POL004694,PO00942,11,100% Polyester Chenille 320 GSM 58 inch Peach,,Peach,320,58,"1,200",mts,Rs. 282.77,,2026-08-15,clean_exact_match,easy
POL004695,PO00942,12,Coffee Brown - GSM 220 - Blackout Base - 100% Polyester,,Coffee Brown,220,,300,mts,166.98,,2026-08-15,no_historical_price,medium
POL004696,PO00943,1,60/40 Cotton Poly Fleece/Loop Terry/375 gm/60 inch/Wine,AAS-7166,Wine,375,,50 approx,kgs,Rs. 387.12,,2026-05-08,minor_naming_variation,easy
POL004697,PO00943,2,"60/40 CTN POLY, CAMBRIC, 105GSM, 44 INHCES, CAMEL",AAS-4548,Cmel,105,,1500 approx,M,81.74,,2026-05-13,spelling_errors_and_abbreviations,medium
POL004698,PO00943,3,100% Cotton Knit/Melange Jersey/GSM 160/Rust,AAS-3232,Rust,160,,150,KGS,311.55,,2026-06-07,expired_historical_price,medium
POL004699,PO00943,4,100% Combed Cotton Chambray 130 GSM 58 inch Black,,Black,130,58,600,mts,Rs. 109.21,,2026-06-07,clean_exact_match,easy
POL004700,PO00943,5,jersey knit fabric usual,,,,,200,Kilo,288.67/kg,,2026-05-03,ambiguous_product_match,hard
POL004701,PO00943,6,60/40 POLY COTTON KNIT  MELANGE JERSEY  155GSM  OFF WHITE,,Off White,155,,150,Mtrs,289.84,,2026-06-07,wrong_unit_of_measure,exception
POL004702,PO00943,7,60/40 Cotton Poly Fleece - 60 inches - 375 gm - Charcoal - Loop Terry,AAS-8101,Charcoal,375,,80,KG,387.51,,2026-05-18,partial_catalogue_match,medium
POL004703,PO00944,1,"Olive, Poly Cotton Denim, Lightweight, 255gsm",,Olive,255,,"2,000",mtr,163.78/mtr,,2026-06-08,no_historical_price,medium
POL004704,PO00944,2,Poly Cotton Denim - Rigid - 310 GSM - 63 inch - Camel,,Camel,310,,"1,500",mts,222.98,Width to be 60 inch as per last supply,2026-07-13,conflicting_information_in_po,hard
POL004705,PO00944,3,"OFF WHITE, 370GSM, STRETCH, 98/2 COTTON LYCRA DENIM",,Off White,370,,2500,YDS,237.44 per unit,,2026-06-13,wrong_unit_of_measure,exception
POL004706,PO00944,4,"63"" 310 g/m2 Camel Poly Cotton Denim Rigid",,Camel,310,,150 approx,MTR,Rs. 222.43,"Ref our mail - actually need Charcoal, not as written above",2026-06-18,conflicting_information_in_po,hard
POL004707,PO00945,1,100% Polyester Crepe 105 GSM 58 inch Maroon,,Maroon,105,58,200,MTR,76.43,,2026-05-19,clean_exact_match,easy
POL004708,PO00945,2,gtte fabric  58 inches,,,,,600,mts,Rs. 72.46,,2026-05-14,ambiguous_product_match,hard
POL004709,PO00945,3,W-58 gtte fabric,,,,,1200,Meters,INR 72.12,,2026-05-09,ambiguous_product_match,hard
POL004710,PO00946,1,97/3 CTN spandex  canvas bottom  195 g/m2  60 inche s beige,,Beigw,195,,1500,Mtr,166.46,,2026-07-01,spelling_errors_and_abbreviations,medium
POL004711,PO00946,2,100% Linen Handloom Finish 220 GSM 58 inch Peach,,Peach,220,58,500,MTR,449.26 per unit,,2026-06-26,clean_exact_match,easy
POL004712,PO00946,3,"70/30 MODAL COTTON  PLAIN  160GSM  58""  FIROZI",,Firozi,160,,800,M,245.28 per unit,Please supply in Coffee Brown as discussed,2026-06-16,conflicting_information_in_po,hard
POL004713,PO00946,4,"SINGLE JERSEY, 100% COTTON KNIT, GSM 160, ROYAL BLUE",,Royal Blue,160,,500,KGS,INR 304.44,,2026-06-16,no_historical_price,medium
POL004714,PO00946,5,"100% LYOCELL, SATIN, 150 GM, 58"", GREY MELANGE",,Grey Melange,150,,600,mtr,INR 219.00,Width to be 63 inch as per last supply,2026-06-21,conflicting_information_in_po,hard
POL004715,PO00946,6,100% Linen Handloom Finish 220 GSM 58 inch Peach,,Peach,220,58,~2500,M,449.37,,2026-07-16,clean_exact_match,easy
POL004716,PO00946,7,100% Combed Cotton Chambray 130 GSM 58 inch Sea Green,,Sea Green,130,58,500,Meters,124.57,,2026-06-11,clean_exact_match,easy
POL004717,PO00946,8,"98/2 cotton lycra, drill, gsm 235, 60""",,,235,,600,mtr,199.81/mtr,,2026-06-11,multiple_possible_sku_matches,hard
POL004718,PO00947,1,bottom fabric 210 GSM Mint,PRA-4414,,,,500,Mtr,INR 152.20,,2026-06-26,customer_specific_product_code,medium
POL004719,PO00948,1,50/50 Poly Cotton Percale 120 GSM 90' Beige,,Beige,120,,1500,MTR,157.05,,2026-08-15,minor_naming_variation,easy
POL004720,PO00948,2,65/35 Poly Cotton Flannel 200 GSM 58 inch Teal,,Teal,200,58,1000,MTRS,141.80,,2026-08-20,clean_exact_match,easy
POL004721,PO00948,3,Percale  120 gm  W-90  50/50 Poly Cotton  Mustard,,Mustard,120,,2500,Meters,INR 156.77,,2026-08-30,partial_catalogue_match,medium
POL004722,PO00948,4,"100% VIa, PRT Plain, 140 gm, 58"", SEA GRNN",,Sea Geren,140,,1500,MTRS,141.07,,2026-09-04,spelling_errors_and_abbreviations,medium
POL004723,PO00948,5,95/5 poly spandex sateen 190 gsm 58 inches,,,190,,500,M,165.82,,2026-08-25,multiple_possible_sku_matches,hard
POL004724,PO00948,6,100% Polyester Georgette 110 GSM 44 inch Mint,,Mint,110,44,200 approx,MTRS,Rs. 70.49,,2026-08-25,clean_exact_match,easy
POL004725,PO00948,7,100% Cotton  Lining Twill  90 g/m2  W-36  Cream,,Cream,90,,1000,MTR,Rs. 42.36,Rate as per last PO,2026-09-04,wrong_price_outside_tolerance,exception
POL004726,PO00948,8,100% Cotton  Flannel  245 GSM  58 inch  Wine,,Wine,245,,2000,mtr,INR 108.18,,2026-09-04,wrong_price_outside_tolerance,exception
POL004727,PO00949,1,"100% CTN/Dirlp/195 GSM/60""/Cream",,Cream,195,,1500,Mtr,155.59,,2026-07-25,spelling_errors_and_abbreviations,medium
POL004728,PO00949,2,Minf  Waffle 72' 100% Cotfon Knit 2206SM ....,,Minf,,,300,kgs,369.32,,2026-07-10,poor_quality_document,hard
POL004729,PO00949,3,Poly Cotton Denim Rigid GSM 310 S. Blue,,Sky Blue,310,,500,mtr,192.3,,2026-08-09,no_historical_price,medium
POL004730,PO00950,1,65/35 Poly Cotton Duck Canvas 405 g/m2 Bottle Green,,Bottle Green,405,,150,Mtr,248.19,,2026-07-07,no_historical_price,medium
POL004731,PO00950,2,"100% PLY Veelvet 8 Wale 330gsm 44"" Geige",,Greige RFD,330,,150,M,222.72,,2026-08-01,spelling_errors_and_abbreviations,medium
POL004732,PO00950,3,-,,,,,500,mtr,,,2026-07-17,malformed_incomplete_order,exception
POL004733,PO00950,4,"58"" Lining Plain Peach Cotton 105 GSM",,Peach,105,,150,MTR,62.93,,2026-07-12,minor_naming_variation,easy
POL004734,PO00950,5,100% Cotton Lining Plain 105 GSM 58 inch Peach,JAA-5406,Peach,105,58,800,Meters,62.93,,2026-06-27,clean_exact_match,easy
POL004735,PO00950,6,100% Polyester Velvet 8 Wale 330 GSM 44 inch Greige RFD,JAA-4931,Greige RFD,330,44,2000 approx,MTRS,223.15,,2026-07-17,clean_exact_match,easy
POL004736,PO00950,7,Nylon Ripstop 110 GSM 60 inch Olive,,,,,2500,MTRS,259.0,,2026-08-01,unknown_product,exception
POL004737,PO00950,8,95/5 Cotton Lycra Knit Melange Jersey 220 GSM 60 inch Bottle Green,,Bottle Green,220,60,50,KGS,Rs. 489.53,,2026-07-12,clean_exact_match,easy
POL004738,PO00951,1,95/5 Cotton Lycra Knit/Peach/60 inch/195gsm/Waffle,,Peach,195,,500,KGS,369.21,,2026-07-20,small_acceptable_price_variation,easy
POL004739,PO00951,2,interlock knit  195 gm  Cream,YAS-3634,,,,250,Kilo,385.68/kg,,2026-07-25,customer_specific_product_code,medium
POL004740,PO00951,3,95/5 Cotton Lycra Knit Waffle 195 gm W-60 Peach,,Peach,195,,50,KGS,381.77,,2026-07-30,minor_naming_variation,easy
POL004741,PO00951,4,"100% Cotton Knit Wine 280 GSM 2x2 Rib 72""",,Wine,280,,300,Kg,Rs. 650.46,Rate as per last PO,2026-07-30,wrong_price_outside_tolerance,exception
POL004742,PO00952,1,Navy  Blue/58in/350G5M/98/2 C0ft0n Lycra Denim/Lightweight,,,350,,150,MTR,242.39,,2026-04-28,poor_quality_document,hard
POL004743,PO00953,1,"58 inches, 80/20 Poly Viscose, 250 g/m2, Suiting",KAV-5529,,250,,500,MTR,184.76,,2026-06-17,multiple_possible_sku_matches,hard
POL004744,PO00953,2,"55/45 Poly Wool, Suiting, 220GSM, 58 inch, Bottle Green",,Bottle Green,220,,300,Meters,138.91,,2026-06-02,wrong_price_outside_tolerance,exception
POL004745,PO00953,3,65/35 poly cotton 63in duck canvas 465 gsm maroon,KAV-3819,Maroon,465,,150,mtr,247.62,,2026-06-17,partial_catalogue_match,medium
POL004746,PO00953,4,PC SHIRTING,,,,,2000,M,87.70,,2026-05-13,ambiguous_product_match,hard
POL004747,PO00953,5,97/3 COTTON SPANDEX CHINO 320 G/M2 PEACH,KAV-1446,Peach,320,,400,Meters,224.51 per unit,,2026-05-18,no_historical_price,medium
POL004748,PO00953,6,63 inches  Wine  80/20 lC  115 gm  Blendd Shirtibg,,Wine,115,,500,mtr,76.89,,2026-05-18,spelling_errors_and_abbreviations,medium
POL004749,PO00954,1,160 GSM  Handloom Finish  58 inches  55/45 Linen Cotton  Olive,,Olive,160,,600,MTR,369.50,,2026-06-16,partial_catalogue_match,medium
POL004750,PO00954,2,100% Cotton Drill 195gsm 60in,,,195,,~150,Meters,157.47,,2026-06-26,multiple_possible_sku_matches,hard
POL004751,PO00954,3,"CREAM, DRILL, 100% COTTON, GSM 195, 60IN",,Cream,195,,400,MTRS,157.10 per unit,,2026-07-11,minor_naming_variation,easy
POL004752,PO00954,4,GSM 160  Handlom Finish  55/45 Lunen CTN  Teal  W-58,,Teal,160,,2500 approx,Mtr,366.81,,2026-06-11,spelling_errors_and_abbreviations,medium
POL004753,PO00954,5,"Teal/Handloom Finish/180gsm/58""/55/45 Linen Cotton",,Teal,180,,2000,M,366.50,,2026-06-11,incorrect_colour_or_gsm,hard
POL004754,PO00954,6,70/30 Modal Cotton Plain 160 GSM 58 inch Sky Blue,,Sky Blue,160,58,1200,mts,249.9,,2026-07-11,clean_exact_match,easy
POL004755,PO00955,1,NAK-2865 - regular quality,NAK-2865,,,,2500,M,161.60,,2026-07-08,customer_specific_product_code,medium
POL004756,PO00955,2,98/2 Cotton Lycra Chino 210 GSM 58 inch Charcoal,NAK-8430,Charcoal,210,58,600,mts,161.56,,2026-07-03,clean_exact_match,easy
POL004757,PO00955,3,98/2 Cotton Lycra Chino 210 GSM 58 inch Charcoal,NAK-6318,Charcoal,210,58,800,Meters,INR 161.75,,2026-07-03,clean_exact_match,easy
POL004758,PO00955,4,60/40 Cotton Poly Cambric 105 GSM 44 inch Camel,,Camel,105,44,150,MTR,Rs. 82.32,,2026-07-18,clean_exact_match,easy
POL004759,PO00955,5,"60/40 cotton poly cambric 105 gm 44"" camel",,Firozi,105,,300,Meters,82.31/mtr,,2026-07-23,incorrect_colour_or_gsm,hard
POL004760,PO00955,6,tencel type fabric medium quality,NAK-5217,,,,1500 approx,mtr,169.07 per unit,,2026-08-07,ambiguous_product_match,hard
POL004761,PO00955,7,repeat of previous,,,,,~200,MTR,89.02,,2026-07-13,malformed_incomplete_order,exception
POL004762,PO00955,8,trouser cloth usual,,,,,2000,M,162.27,,2026-07-23,ambiguous_product_match,hard
POL004763,PO00956,1,Printed Plain 100% Polyester 100gsm Lt Pink 44 inches,,Light Pink,100,,300,MTR,112.48,,2026-09-09,minor_naming_variation,easy
POL004764,PO00956,2,100% Modal Twill 130 GSM 58 inch Sea Green,,Sea Green,130,58,300,mtr,209.56,,2026-08-30,clean_exact_match,easy
POL004765,PO00956,3,95/5 Viscose Lycra Rayon Plain 110 GSM 44 inch Royal Blue,,Royal Blue,110,44,500,Mtr,90.19/mtr,,2026-09-04,clean_exact_match,easy
POL004766,PO00957,1,100% Polyester Chenille 320 GSM 58 inch Cream,,Cream,320,58,1000,mtr,273.64,,2026-06-22,clean_exact_match,easy
POL004767,PO00957,2,65/35 poly cotton canvas 350gsm 63 inch maroon,,Maroon,350,,1500,mts,202.99,,2026-07-02,small_acceptable_price_variation,easy
POL004768,PO00957,3,100% Cotton Duck Canvas 465 GSM 58 inch Royal Blue,,Royal Blue,465,58,~2500,mts,280.36,,2026-06-27,clean_exact_match,easy
POL004769,PO00957,4,Chenille - 320 GSM - Cream - 58 inch - Poly,,Cream,320,,600,MTR,273.50,,2026-06-17,minor_naming_variation,easy
POL004770,PO00957,5,"70/30 Poly Cotton, Sheer Casement, GSM 215, W-110, Wine",,Wine,215,,800,mtr,Rs. 200.26,Width to be 44 inch as per last supply,2026-07-02,conflicting_information_in_po,hard
POL004771,PO00957,6,"160GSM, CREAM, BLACKUT BASE, 100% PLY, 54 ICNHES",,Craem,160,,1000,MTR,130.82,,2026-07-17,spelling_errors_and_abbreviations,medium
POL004772,PO00957,7,sofa fabric,,,,,150,mts,INR 287.42,,2026-06-17,ambiguous_product_match,hard
POL004773,PO00957,8,100% Cotton Terry Hand Towel 425 GSM 16x24 inch Firozi,,Firozi,425,,2000,PCS,221.00,,2026-06-22,clean_exact_match,easy
POL004774,PO00958,1,POLY COTTON DENIM RIGID GSM 310 63IN CAMEL,,Camel,310,,400,Mtr,237.92,,2026-05-04,small_acceptable_price_variation,easy
POL004775,PO00958,2,"310 GSM, W-63, Poly Cotton Denim, Rigid",,,310,,150,MTRS,227.22,,2026-06-03,multiple_possible_sku_matches,hard
POL004776,PO00958,3,Poly Cotton Denim Rigid 310 GSM 63 inch Camel,,Camel,310,63,400,mtr,228.03,,2026-05-09,clean_exact_match,easy
POL004777,PO00958,4,"W-63, RIGID, 310 GSM, CAMEL, POLY COTTON DENIM",,Camel,310,,"1,000",MTR,217.16,,2026-05-19,small_acceptable_price_variation,easy
POL004778,PO00958,5,"Poly Cotton Denim, Camel, 310 GSM, Rigid, W-63",,Camel,310,,200,Meters,226.75,,2026-05-09,minor_naming_variation,easy
POL004779,PO00959,1,100% Cotton Knit Single Jersey 160 GSM 60 inch Mint,,Mint,160,60,300,Kilo,332.86,,2026-08-24,clean_exact_match,easy
POL004780,PO00959,2,63in  Rigid 3706SM 100% C0tf0n Denim Me1ange Grey,,Grey Melange,370,,800 approx,mts,245.11/mtr,,2026-08-24,poor_quality_document,hard
POL004781,PO00959,3,W-60 - 100% Polyester Fleece - 250 g/m2 - Polar,,,250,,50,Kilo,284.93 per unit,,2026-09-18,multiple_possible_sku_matches,hard
POL004782,PO00959,4,100% cotton knit single jersey 130gsm 60 inch mint,,Mint,130,,300,KGS,333.1,,2026-09-03,incorrect_colour_or_gsm,hard
POL004783,PO00960,1,100% Cotton Terry Face Towel 575 GSM 27x54 inch Teal,,Teal,575,,1500,pc,297.17/pc,,2026-09-11,clean_exact_match,easy
POL004784,PO00960,2,Sheer Casement  70/30 Poly Cotton  GSM 225  Coffee  W-110,,Coffee,225,,300,M,244.41,,2026-08-27,minor_naming_variation,easy
POL004785,PO00960,3,CURTAIN CLOTH,,,,,500,MTRS,Rs. 213.89,,2026-09-01,ambiguous_product_match,hard
POL004786,PO00960,4,"70/30 poly cotton sheer casement 225gsm 110"" bottle green",,Bottle Green,225,,150,Mtr,243.74,,2026-09-01,partial_catalogue_match,medium
POL004787,PO00960,5,Ecru 350 GSM 58 inches 100% Polyester Chenille,,Ecru,350,,800,Mtr,297.29,,2026-09-01,minor_naming_variation,easy
POL004788,PO00960,6,GREY MELANGE/UPHOLSTERY JACQUARD/GSM 295/58IN/70/30 POLY COTTON,,Grey Melange,295,,1000,Mtr,Rs. 262.00,Width to be 44 inch as per last supply,2026-08-22,conflicting_information_in_po,hard
POL004789,PO00960,7,"TERRY TOWEL PCS, 575GSM, TEAL",BHO-6730,,,,100,pieces,Rs. 298.36,,2026-09-01,customer_specific_product_code,medium
POL004790,PO00960,8,100% Polyester Chenille 350 GSM 58 inch Ecru,,Ecru,350,58,2500,MTRS,Rs. 297.04,,2026-09-01,clean_exact_match,easy
POL004791,PO00960,9,70/30 Poly Cotton Sheer Casement 225GSM 110 inches Coffee Brown,,Silver Grey,225,,400,mts,243.22 per unit,,2026-08-27,incorrect_colour_or_gsm,hard
POL004792,PO00960,10,?,,,,,200,MTRS,221.06 per unit,,2026-09-26,malformed_incomplete_order,exception
POL004793,PO00961,1,44 inches/ecru/gsm 130/dobby/60/40 cotton poly,,Beige,130,,400,Meters,INR 90.61,,2026-05-05,incorrect_colour_or_gsm,hard
POL004794,PO00961,2,Poly Cotton Denim Rigid 310 GSM 63 inch Peach,,Peach,310,63,400,Meters,200.74,,2026-05-25,clean_exact_match,easy
POL004795,PO00961,3,100% cotton denim rigid 370gsm 63 inches rust,,Rust,370,,200,MTR,Rs. 243.56,,2026-05-20,partial_catalogue_match,medium
POL004796,PO00961,4,98/2 Cotton Lycra Denim Lightweight 350 GSM 58 inch Camel,,Camel,350,58,300 approx,MTRS,242.69,,2026-05-10,clean_exact_match,easy
POL004797,PO00961,5,70/30 Modal Cotton/Plain/160 GSM/W-58/Charcoal Grey,,Charcoal,160,,1200,Mtr,255.89,Rate as per last PO,2026-05-15,wrong_price_outside_tolerance,exception
POL004798,PO00961,6,98/2 Cotton Lycra Chino 210 GSM 58 inch Charcoal,,Charcoal,210,58,200,mts,165.04,,2026-05-20,clean_exact_match,easy
POL004799,PO00961,7,trouser cloth,,,,,500,Meters,164.70,,2026-05-20,ambiguous_product_match,hard
POL004800,PO00961,8,Rigid - Peach - Poly Cotton Denim - 63' - 310 gm,,Peach,310,,200,MTR,202.13,,2026-05-15,minor_naming_variation,easy
POL004801,PO00961,9,100% Cotton Denim Rigid 370 GSM 63 inch Grey Melange,,Grey Melange,370,63,500 approx,mtr,244.29,,2026-05-25,clean_exact_match,easy
POL004802,PO00961,10,100% Cotton Denim Rigid 370 GSM 63 inch Grey Melange,,Grey Melange,370,63,800 approx,mts,Rs. 242.31,,2026-05-20,clean_exact_match,easy
POL004803,PO00962,1,100% Cotton Duck Canvas 390 GSM 63 inch Beige,,Beige,390,63,1500 approx,M,217.08,,2026-09-01,clean_exact_match,easy
POL004804,PO00962,2,70/30 Poly Cotton Chenille 415 GSM 58 inch Rust,,Rust,415,58,200,MTR,Rs. 308.06,,2026-07-28,clean_exact_match,easy
POL004805,PO00962,3,70/30 Poly Cotton Chenille 415 GSM 58 inch Rust,,Rust,415,58,1200,mtr,309.68,,2026-09-01,clean_exact_match,easy
POL004806,PO00962,4,100% CTN Terry - Hand Towwel - 380 h/m2 - Royal Blue,,Royaal Blue,380,,300,NOS,183.09,,2026-08-17,spelling_errors_and_abbreviations,medium
POL004807,PO00962,5,100% Cotton/Sheeting/GSM 140/108 inches/Navy,,Navy Blue,140,,200,M,Rs. 181.36,,2026-08-17,minor_naming_variation,easy
POL004808,PO00962,6,65/35 poly cotton duck canvas 465 gm 63 inch grey melange,,Grey Melange,465,,150,M,237.41/mtr,,2026-08-17,small_acceptable_price_variation,easy
POL004809,PO00962,7,"100% cotton, duck canvas, 390 g/m2, 63'",,,390,,1000,MTRS,Rs. 217.57,,2026-08-17,multiple_possible_sku_matches,hard
POL004810,PO00962,8,70/30 Poly Cotton Chenille 415 GSM 58 inch Rust,,Rust,415,58,800,Meters,307.27,,2026-08-07,clean_exact_match,easy
POL004811,PO00963,1,GSM 220 Cream rib fabric,ZAR-6593,,,,400,KGS,380.31,,2026-07-02,customer_specific_product_code,medium
POL004812,PO00963,2,Merino Wool JSY 180 GSM Navy,,,,,2500,MTR,INR 171.14,,2026-06-17,unknown_product,exception
POL004813,PO00963,3,60/40 Cotton Poly Fleece Polar 375 GSM 72 inch Teal,,Teal,375,72,250,KG,404.92,,2026-07-02,clean_exact_match,easy
POL004814,PO00963,4,60/40 Cotton Poly Fleece Polar 375GSM W-72 Teal,,Teal,375,,400,Kg,385.97,,2026-06-22,small_acceptable_price_variation,easy
POL004815,PO00964,1,"100% COTT0N KNIT  WlNE  280GSM  72""  2X2 RIB |",,W5ne ###,080,,80,kgs,464.90/kg,,2026-06-27,poor_quality_document,hard
POL004816,PO00964,2,98/2 Cotton Lycra Denim Rigid 300 GSM 63 inch Maroon,,Maroon,300,63,"1,200",MTR,INR 243.17,,2026-06-17,clean_exact_match,easy
POL004817,PO00964,3,95/5 Cotton Lycra Knit Waffle 195 GSM 60 inch Cream,,Cream,195,60,50,kgs,Rs. 387.53,,2026-07-17,clean_exact_match,easy
POL004818,PO00965,1,55/45 Poly Wool - Suiting - 220 gm - 58 inches,,,220,,600,M,INR 204.93,,2026-06-20,multiple_possible_sku_matches,hard
POL004819,PO00965,2,55/45 Poly Wool Suiting 220 GSM 58 inch Bottle Green,KAV-1627,Bottle Green,220,58,2500,Meters,INR 196.49,,2026-05-31,clean_exact_match,easy
POL004820,PO00966,1,98/2 Cotton Lycra Drill 235 GSM 60 inch Bottle Green,,Bottle Green,235,60,~600,MTR,INR 195.52,,2026-07-27,clean_exact_match,easy
POL004821,PO00966,2,"65/35 Poly Cotton, Wine, 63 inch, 310 gm, Duck Canvas",,Firozi,310,,600,M,185.6,,2026-07-27,incorrect_colour_or_gsm,hard
POL004822,PO00967,1,70/30 Poly Cotton  Blackout Base  225 gm  W-110,,,225,,"2,000",M,INR 214.37,,2026-06-15,multiple_possible_sku_matches,hard
POL004823,PO00967,2,CURTAIN CLOTH 225 GM ECRU,SAA-2795,,,,2500,Meters,213.39,,2026-06-10,customer_specific_product_code,medium
POL004824,PO00967,3,70/30 Poly Cotton Blackout Base 225 GSM 110 inch Ecru,,Ecru,225,110,1200,mts,213.27,,2026-06-05,clean_exact_match,easy
POL004825,PO00967,4,65/35 Poly Cotton Canvas 375 GSM 58 inch Coffee Brown,,Coffee Brown,375,58,~2000,MTR,Rs. 219.25,,2026-07-10,clean_exact_match,easy
POL004826,PO00968,1,195GSM/Curtain Jacquard/Beige/54'/100% Polyester,,Beige,195,,400,MTR,150.28/mtr,,2026-09-05,small_acceptable_price_variation,easy
POL004827,PO00968,2,Bedsheet Fabric 108 inches GSM 115 50/50 Poly Cotton Marun,,Dark Maroon,115,,300,mts,155.35/mtr,,2026-09-30,minor_naming_variation,easy
POL004828,PO00968,3,65/35 poly cotton canvas 375gsm 58 inches off white,,Off White,375,,"2,500",mtr,225.23,Width to be 54 inch as per last supply,2026-08-26,conflicting_information_in_po,hard
POL004829,PO00968,4,"65/35  P01y Cotton, Duck Canvas, 310 GSM, 63"", Marun",,,,,300,mtr,190.95,,2026-08-26,poor_quality_document,hard
POL004830,PO00968,5,50/50 Poly Cotton - Bedsheet Fabric - 115GSM - W-108 - Maroon,,Marun,115,,150,Mtr,155.35,,2026-08-31,minor_naming_variation,easy
POL004831,PO00968,6,50/50 Poly Cotton Percale 120 GSM 90 inch Ecru,,Ecru,120,90,600,Meters,Rs. 150.38,,2026-09-30,clean_exact_match,easy
POL004832,PO00968,7,"100% Cotton Terry, Hand Towel, 380GSM, Mint",,Mint,380,,100,pc,186.8,,2026-09-05,partial_catalogue_match,medium
POL004833,PO00969,1,58 inches/satin/ecru/100% lyocell/105 gm,,Ecru,105,,150 approx,mtr,171.04,,2026-06-19,minor_naming_variation,easy
POL004834,PO00969,2,100% Lyocell Satin 105 GSM 58 inch Ecru,,Ecru,105,58,2000,Meters,170.34,,2026-06-19,clean_exact_match,easy
POL004835,PO00969,3,58' SATIN 100% LYOCELL ECRU 105 GSM,,Ecru,105,,2000 approx,mtr,163.87,,2026-06-29,small_acceptable_price_variation,easy
POL004836,PO00969,4,SUR-2631 - regular quality,SUR-2631,,,,50,Kg,335.44,,2026-06-09,customer_specific_product_code,medium
POL004837,PO00969,5,100% lyocell satin 105 gm 58 inches ecru,,Ecru,105,,200,Meters,176.76,,2026-06-19,small_acceptable_price_variation,easy
POL004838,PO00969,6,100% CTN KNT/melange jersye/160 gsm/60 innches/sea green,,Sea Green,160,,300,KGS,333.8,,2026-06-24,spelling_errors_and_abbreviations,medium
POL004839,PO00969,7,195 gsm  handloom finish  55/45 linen cotton  mint,,Mint,195,,800,Mtr,Rs. 386.07,,2026-06-14,no_historical_price,medium
POL004840,PO00969,8,100% Cotton Knit Melange Jersey 160 GSM 60 inch Sea Green,,Sea Green,160,60,250,Kg,336.03,,2026-07-14,clean_exact_match,easy
POL004841,PO00969,9,"160 g/m2, Sky Blue, Melange Jersey, 100% Cotton Knit, 60in",,Sky Blue,160,,100,Kg,334.07,,2026-06-14,partial_catalogue_match,medium
POL004842,PO00969,10,"70/30 Modal Cotton - Satin - GSM 180 - 58"" - Mustard",,Olive,180,,1200,MTR,265.16,,2026-06-19,incorrect_colour_or_gsm,hard
POL004843,PO00969,11,satin  105 gm  58'  ecru  100% lyocell,,Ecru,105,,300,Mtr,170.06,,2026-07-14,minor_naming_variation,easy
POL004844,PO00970,1,Lavender Rigid 100% Cotton Denim 63in 370 GSM,,Lavender,370,,2000,mts,Rs. 240.20,,2026-07-22,minor_naming_variation,easy
POL004845,PO00970,2,"Twill, Datk Green, 58 inchea, 100% CTN, 295 GSM",,Bottl eGreen,295,,1200,M,221.69,,2026-07-22,spelling_errors_and_abbreviations,medium
POL004846,PO00970,3,95/5 Cotton Lycra Knit Waffle 195gsm W-60 Wine,,Wine,195,,~150,Kg,394.52,Please supply in Peach as discussed,2026-07-22,conflicting_information_in_po,hard
POL004847,PO00970,4,1x1 Rib/95/5 Cotton Lycra Knit/Royal Blue/255 g/m2,,Royal Blue,255,,80,Kilo,Rs. 467.80,,2026-06-22,expired_historical_price,medium
POL004848,PO00970,5,bottom fabric,,,,,1200,Mtr,212.85,,2026-07-02,ambiguous_product_match,hard
POL004849,PO00970,6,ZAR-2464 - regular quality,ZAR-2464,,,,100,Kilo,333.97,,2026-07-02,customer_specific_product_code,medium
POL004850,PO00971,1,100% Polyester Velvet - 21 Wale - 225 gm - 44 inch - Gray Melange,,Grey Melange,225,,600,MTRS,172.73 per unit,,2026-07-26,new_customer_no_history,medium
POL004851,PO00971,2,"98/2 Cotton Lycra Denim, Lightweight, 350gsm, 58"", Brown Coffee",,Coffee Brown,350,,1200,M,232.22,,2026-07-26,new_customer_no_history,medium
POL004852,PO00971,3,Neoprene Bonded Scuba 380 GSM Black,,,,,~150,KG,56.78,,2026-06-26,unknown_product,exception
POL004853,PO00971,4,100% Combed Cotton/Poplin/95gsm/58in/Teal,,Teal,95,,150,MTR,88.07,,2026-07-26,new_customer_no_history,medium
POL004854,PO00972,1,"100% CTN 58"" Dark Grreen Cannvas Bottom 225 g",,Bottle Green,225,,~2500,MTR,175.19,,2026-09-15,spelling_errors_and_abbreviations,medium
POL004855,PO00972,2,100% cotton  canvas bottom  225 gsm  58in  b. green,,B. Green,225,,1500,MTRS,176.0,,2026-08-31,minor_naming_variation,easy
POL004856,PO00973,1,"100% CTN KNIT MEL eJrsey 160 GSM 60"" Beihe",,Beige,160,,50 approx,kgs,296.27,,2026-05-25,spelling_errors_and_abbreviations,medium
POL004857,PO00973,2,100% Cotton Knit 1x1 Rib 220 GSM 72 inch Lavender,,Lavender,220,72,400 approx,Kilo,INR 355.60,,2026-05-15,clean_exact_match,easy
POL004858,PO00973,3,rib fabric normal one,,,,,200,Kg,355.89,,2026-05-25,ambiguous_product_match,hard
POL004859,PO00973,4,"58"" brushed twill 100% cotton gsm 155",,,155,,1500,mtr,124.33,,2026-05-15,multiple_possible_sku_matches,hard
POL004860,PO00974,1,350 GSM Chenille 58 inch Dark Green 100% Polyester,,B. Green,350,,~2500,MTRS,Rs. 305.59,,2026-06-28,minor_naming_variation,easy
POL004861,PO00975,1,100% Polyester Crepe 85 GSM 58 inch Off White,,Off White,85,58,2000,mts,69.09,,2026-08-15,clean_exact_match,easy
POL004862,PO00975,2,100% Polyester Crepe 85 GSM 58 inch Off White,,Off White,85,58,500,mtr,69.54,,2026-09-19,clean_exact_match,easy
POL004863,PO00975,3,100% Polyester Crepe 85 GSM 58 inch Off White,,Off White,85,58,1500,Meters,69.53 per unit,,2026-09-19,clean_exact_match,easy
POL004864,PO00975,4,100%  P01yester - 85 g/m2 - 0W - Crepe - 58in,,Off White,,,1500,MTR,69.34,,2026-09-04,poor_quality_document,hard
POL004865,PO00975,5,"POLY, CREPE, GSM 85, 58', OFF-WHITE",,OW,85,,500 approx,M,69.75,,2026-08-20,minor_naming_variation,easy
POL004866,PO00975,6,Poly - Crepe - 85GSM - 58 inches - Off-White,,OW,85,,1200,MTR,69.73,,2026-08-25,minor_naming_variation,easy
POL004867,PO00975,7,100% Polyester Crepe 85 GSM 58 inch Off White,,Off White,85,58,1000,mtr,INR 69.15,,2026-08-15,clean_exact_match,easy
POL004868,PO00975,8,100% Polyester Crepe 85 GSM 58 inch Off White,,Off White,85,58,600,Mtr,69.73,,2026-08-30,clean_exact_match,easy
POL004869,PO00975,9,100% Polyester Crepe 85 GSM 58 inch Off White,,Off White,85,58,200,mts,69.33,,2026-09-04,clean_exact_match,easy
POL004870,PO00975,10,POLY/CREPE/GSM 85/W-58/OFF WHITE,,Offwhite,85,,"2,500",M,69.24,,2026-09-04,minor_naming_variation,easy
POL004871,PO00976,1,"100% Polyester, Chenille, GSM 350, Black",,Black,350,,"1,000",MTRS,287.21,,2026-05-14,expired_historical_price,medium
POL004872,PO00976,2,70/30 Poly Cotton  Royal Blue  Sheer Casement  215 gm,,Royal Blue,215,,TBC,Meters,210.70,,2026-06-03,missing_quantity,exception
POL004873,PO00976,3,Dark Grey 160GSM 100% Polyester Curtain Jacquard,,Charcoal,160,,,mts,133.85,TBC,2026-05-19,missing_quantity,exception
POL004874,PO00976,4,"110"" - Sheer Casement - Royal Blue - 215GSM - 70/30 Poly Cotton",,Royal Blue,215,,600,Mtr,210.20,Note: rate agreed for 190 GSM quality,2026-05-29,conflicting_information_in_po,hard
POL004875,PO00976,5,"Dark re,y 54 inch, 100% PLY, Curtain Jacquard, GSM 160",,Charcoal,160,,500,Meters,134.5,,2026-06-18,spelling_errors_and_abbreviations,medium
POL004876,PO00976,6,"70/30 Poly Cotton, Sheer Casement, GSM 215, 110 inch, Royal Blue",,Royal Blue,215,,600,Meters,203.22 per unit,,2026-06-03,small_acceptable_price_variation,easy
POL004877,PO00976,7,70/30 Poly Cotton Sheer Casement 215 GSM 110 inch Royal Blue,,Royal Blue,215,110,2500,mtr,210.30,,2026-06-03,clean_exact_match,easy
POL004878,PO00977,1,1X1 RIB W-72 95/5 COTTON LYCRA KNIT OFF WHITE GSM 255,,Off White,255,,~200,kgs,Rs. 490.79,,2026-04-26,partial_catalogue_match,medium
POL004879,PO00977,2,60/40 Cotton Poly Fleece Polar 375 GSM 72 inch Charcoal,,Charcoal,375,72,400,kgs,Rs. 421.43,,2026-05-06,clean_exact_match,easy
POL004880,PO00977,3,240 gm  100% Cotton Knit  W-60  Waffle  Peach,,Peach,240,,500,kgs,432.72,,2026-05-16,small_acceptable_price_variation,easy
POL004881,PO00977,4,usual material,,,,,500,KGS,,,2026-05-16,malformed_incomplete_order,exception
POL004882,PO00978,1,dark green/405gsm/duck canvas/65/35 poly cotton,,Bottle Green,405,,TBC,MTR,247.49,,2026-06-28,missing_quantity,exception
POL004883,PO00978,2,item JAA-2687,JAA-2687,,,,2000 approx,MTRS,323.40,,2026-05-24,customer_specific_product_code,medium
POL004884,PO00978,3,"58', Baby Pink, 125 gm, 65/35 Poly Cotton, Poplin",JAA-8899,Baby Pink,125,,200,Meters,Rs. 87.83,,2026-05-29,partial_catalogue_match,medium
POL004885,PO00978,4,JAA-4211 - regular quality,JAA-4211,,,,200,Kilo,INR 472.24,,2026-05-29,customer_specific_product_code,medium
POL004886,PO00978,5,100% Cotton/Lining Plain/Peach/105 g/m2,,Peach,105,,as per stock,MTRS,62.57,Qty to be confirmed,2026-06-03,missing_quantity,exception
POL004887,PO00978,6,65/35 Poly Cotton Duck Canvas 405 GSM 63 inch Bottle Green,,Bottle Green,405,63,1200,Meters,246.73,,2026-06-13,clean_exact_match,easy
POL004888,PO00979,1,item AAR-8438,AAR-8438,,,,500,M,152.54/mtr,,2026-08-21,customer_specific_product_code,medium
POL004889,PO00979,2,item AAR-6224,AAR-6224,,,,1200,mts,152.76,,2026-08-11,customer_specific_product_code,medium
POL004890,PO00979,3,"175GSM, 95/5 Poly Spandex, 58in, Sateen, Ecru",,Ecru,175,,"1,200",MTRS,147.08,,2026-08-01,small_acceptable_price_variation,easy
POL004891,PO00979,4,95/5 PPoly Spandex Sateeen 175 g/m2 58 inch Ecru,,Ecur,175,,1200,mtr,153.14,,2026-08-11,spelling_errors_and_abbreviations,medium
POL004892,PO00979,5,W-58 95/5 Poly Spandex Sateen 205 g/m2,,,205,,200,M,168.77,,2026-08-16,multiple_possible_sku_matches,hard
POL004893,PO00979,6,Ecru  - 58in - 175gsm - 95/5 P01y 5pandex - Safeen,,,,,2500,MTR,152.43/mtr,,2026-09-05,poor_quality_document,hard
POL004894,PO00980,1,Cupro Satin 90 GSM 44 inch Ivory,,,,,~2000,Mtr,393.77,,2026-09-01,unknown_product,exception
POL004895,PO00980,2,PU Coated Leatherette 450 GSM Tan,,,,,1000,mtr,Rs. 63.60,,2026-08-27,unknown_product,exception
POL004896,PO00980,3,95/5 VISCOSE LYCRA  RAYON SLUB  GSM 95  W-58  WINE,,Wine,95,,1000 approx,mtr,73.48,,2026-09-26,new_customer_no_history,medium
POL004897,PO00980,4,Jute Hessian Cloth 280 GSM 40 inch Natural,,,,,2500,MTRS,162.3,,2026-09-11,unknown_product,exception
POL004898,PO00980,5,Kevlar Blend Industrial Fabric 500 GSM,,,,,150,Meters,157.35,,2026-09-26,unknown_product,exception
POL004899,PO00980,6,Olive  325GSM  60/40 Cotton Poly Fleece  Loop Terry  60in,,Olive,325,,50,KGS,300.96,,2026-08-27,new_customer_no_history,medium
POL004900,PO00980,7,Nylon Ripstop 110 GSM 60 inch Olive,,,,,2500,MTRS,46.87,,2026-08-22,unknown_product,exception
POL004901,PO00981,1,"Peach, 155 g/m2, Single Jersey, W-60, 95/5 Cotton Lycra Knit",,Peach,155,,400 approx,KGS,355.55,,2026-09-08,minor_naming_variation,easy
POL004902,PO00981,2,"60in, jersey knit fabric",,,,,250 approx,kgs,Rs. 353.67,,2026-08-19,ambiguous_product_match,hard
POL004903,PO00981,3,"55/45 Poly Wool, Twill Suiting, 275 g/m2, 58', Royal Blue",,Royal Blue,275,,300,MTR,INR 264.78,Note: rate agreed for 255 GSM quality,2026-09-23,conflicting_information_in_po,hard
POL004904,PO00981,4,55/45 Linen Cotton Handloom Finish 195 GSM 58 inch Lavender,,Lavender,195,58,150,M,415.27,,2026-08-29,clean_exact_match,easy
POL004905,PO00981,5,95/5 Viscose Lycra Rayon Slub 105GSM 58in Off White,,Off White,105,,150,Meters,Rs. 91.57,,2026-08-24,minor_naming_variation,easy
POL004906,PO00981,6,98/2 C0TTON LYCRA DENIM RIGID 3006SM 63 lNCH TURQU0ISE,,Firozi,300,,500,Mtr,238.75,,2026-08-29,poor_quality_document,hard
POL004907,PO00981,7,55/45 Poly Wool  Twi1l Suifing  275gsm  58 inches  Royal Blue,,Royal Blue,275,,500,mtr,264.9,,2026-08-29,poor_quality_document,hard
POL004908,PO00981,8,"Peach Single Jersey 95/5 Cotton Lycra Knit 60"" 155 g/m2",,Peach,155,,150,Kilo,354.87 per unit,,2026-08-29,minor_naming_variation,easy
POL004909,PO00981,9,98/2 Cotton Lycra Denim Rigid 300GSM 63' Firozee,,Ferozi,300,,200,Meters,238.3,,2026-09-23,minor_naming_variation,easy
POL004910,PO00981,10,"98/2 Cotton Lycra Denim, Rigid, 300 gm, 63 inch, Firozi",,Firozi,300,,400,Meters,Rs. 238.07,"Ref our mail - actually need Greige RFD, not as written above",2026-08-19,conflicting_information_in_po,hard
POL004911,PO00981,11,"98/2 Cotton Lycra Denim Rigid GSM 300 63"" Turquoise",,Firozi,300,,1200,MTRS,Rs. 238.21,,2026-08-29,minor_naming_variation,easy
POL004912,PO00981,12,"HANDLOOM FINISH, 58 INCHES, SILVER GREY, 55/45 LINEN COTTON, 195 GM",,Silver Grey,195,,200,MTR,Rs. 414.34,,2026-08-19,partial_catalogue_match,medium
POL004913,PO00982,1,100% Cotton Knit/Beige/Melange Jersey/160GSM,,Beige,160,,150 approx,Kilo,Rs. 268.45,,2026-07-05,no_historical_price,medium
POL004914,PO00982,2,"t-shirt knit, GSM 200, Baby Pink",YAS-9720,,,,50,Kg,INR 370.19,,2026-07-10,customer_specific_product_code,medium
POL004915,PO00982,3,60/40 Poly Cotton Knit Melange Jersey 155 GSM 60 inch Off White,,Off White,155,60,100,kgs,Rs. 311.23,,2026-07-25,clean_exact_match,easy
POL004916,PO00983,1,"100% Cotton Knit/72""/280 g/m2/Baby Pink/2x2 Rib",,Black,280,,~500,kgs,475.51,,2026-05-08,incorrect_colour_or_gsm,hard
POL004917,PO00983,2,100% Cotton Knit 2x2 Rib 280 GSM 72 inch Baby Pink,,Baby Pink,280,72,100,KG,472.02,,2026-05-18,clean_exact_match,easy
POL004918,PO00983,3,195GSM DRILL W-60 CREAM COTTON,,Cream,195,,600,MTR,155.8,,2026-05-13,minor_naming_variation,easy
POL004919,PO00983,4,100% CTN - fril - 195gsm - 60' - Cream,,Cream,195,,400 approx,mts,155.45,,2026-05-28,spelling_errors_and_abbreviations,medium
POL004920,PO00983,5,100% Cotton Knit 2x2 Rib 280 GSM 72 inch Baby Pink,,Baby Pink,280,72,150,Kg,Rs. 475.12,,2026-05-08,clean_exact_match,easy
POL004921,PO00983,6,100% Cotton Drill 195 GSM 60 inch Cream,,Cream,195,60,1000,MTR,155.82,,2026-05-23,clean_exact_match,easy
POL004922,PO00983,7,100% Cotton Drill 195 GSM 60 inch Cream,,Cream,195,60,300,Mtr,155.26,,2026-05-28,clean_exact_match,easy
POL004923,PO00984,1,80/20 Poly Viscose Suiting 290 GSM 60 inch Rust,,Rust,290,60,200,MTR,Rs. 228.57,,2026-04-20,clean_exact_match,easy
POL004924,PO00984,2,Bamboo Terry Knit 240 GSM Off White,,,,,800 approx,Meters,82.6,,2026-05-25,unknown_product,exception
POL004925,PO00984,3,70/30 Poly Viscose - Twill Suiting - 240 g/m2 - 60in - Maroon,,Maroon,240,,1000,mts,199.05,,2026-05-10,partial_catalogue_match,medium
POL004926,PO00984,4,pant material normal one,,,,,200,Meters,211.52,,2026-04-20,ambiguous_product_match,hard
POL004927,PO00984,5,100% Cotton Duck Canvas 390 GSM 63 inch Beige,,Beige,390,63,2500,Meters,INR 242.29,,2026-05-10,clean_exact_match,easy
POL004928,PO00984,6,65/35 Poly Cotton Poplin 140 GSM 58 inch White,,White,140,58,1500,mtr,95.0,,2026-05-05,clean_exact_match,easy
POL004929,PO00985,1,flannel cloth - 235GSM - Dark Maroon,YAS-7991,,,,600,Meters,163.90,,2026-08-26,customer_specific_product_code,medium
POL004930,PO00985,2,100% Lyocell Satin 105gsm W-58 White,,White,105,,~500,Meters,152.32,,2026-08-16,minor_naming_variation,easy
POL004931,PO00986,1,"58""/Handloom Finish/Off-White/100% Linen/GSM 220",,Offwhite,220,,600,Meters,Rs. 433.80,,2026-08-27,minor_naming_variation,easy
POL004932,PO00986,2,100% Cotton Brushed Twill 155 GSM 58 inch Bottle Green,,Bottle Green,155,58,500,MTRS,132.49,,2026-08-22,clean_exact_match,easy
POL004933,PO00986,3,55/45 P/W/auiting/220 gm/58'/Bay Pink,ISH-4631,Baby Pink,220,,150,Meters,227.20,,2026-08-17,spelling_errors_and_abbreviations,medium
POL004934,PO00987,1,370 g/m2 - Rigid - 100% Cotton Denim - W-63 - White,,White,370,,600,mtr,246.30,,2026-05-27,partial_catalogue_match,medium
POL004935,PO00987,2,370GSM/GRAY MEL/RIIID/63'/100% CTN DNM,,Grey Meange,370,,2500,mtr,INR 246.82,,2026-06-06,spelling_errors_and_abbreviations,medium
POL004936,PO00987,3,100% Cotton Denim Rigid 370 GSM 63 inch Grey Melange,,Grey Melange,370,63,800,MTRS,246.36 per unit,,2026-06-16,clean_exact_match,easy
POL004937,PO00988,1,98/2 COTTON LYCRA CHINO 210GSM 58IN MINT,,Mint,210,,400,MTR,151.28,,2026-09-06,small_acceptable_price_variation,easy
POL004938,PO00988,2,"bottom fabric, W-60 usual",,,,,1500,mtr,202.62,,2026-08-07,ambiguous_product_match,hard
POL004939,PO00988,3,greige rfd - brushed - gsm 240 - 100% polyester fleece - 72 inches,,Greige RFD,240,,300,KGS,247.1,,2026-08-22,small_acceptable_price_variation,easy
POL004940,PO00988,4,trouser cloth usual,,,,,400,mts,202.98/mtr,,2026-08-02,ambiguous_product_match,hard
POL004941,PO00988,5,100% Cotton Knit 1x1 Rib 220 GSM 72 inch Lavender,,Lavender,220,72,250,Kg,384.70,,2026-09-06,clean_exact_match,easy
POL004942,PO00988,6,350gsm 58 inch 98/2 Cotton Lycra Denim Lightweight Wine,,Wine,350,,150,M,242.33,,2026-08-17,minor_naming_variation,easy
POL004943,PO00988,7,100% Cotton Knit 1x1 Rib 220 GSM 72 inch Lavender,,Lavender,220,72,80,Kg,383.45 per unit,,2026-08-07,clean_exact_match,easy
POL004944,PO00988,8,-,,,,,300,MTRS,,,2026-08-17,malformed_incomplete_order,exception
POL004945,PO00988,9,100% Polyester Fleece/Brushed/240 GSM/72 inch,,,240,,250,Kilo,INR 238.25,,2026-08-17,multiple_possible_sku_matches,hard
POL004946,PO00989,1,55/45 Linen Cotton Handloom Finish 195 GSM 58 inch Coffee Brown,AMR-4779,Coffee Brown,195,58,"1,000",M,424.58,,2026-05-09,duplicate_purchase_order,exception
POL004947,PO00989,2,70/30 Modal Cotton Satin 105 GSM 58 inch Greige RFD,,Greige RFD,105,58,600,Meters,150.42/mtr,,2026-05-19,duplicate_purchase_order,exception
POL004948,PO00989,3,100% Linen Plain 215 GSM 58 inch Sea Green,AMR-6112,Sea Green,215,58,600,mtr,Rs. 467.77,,2026-06-03,duplicate_purchase_order,exception
POL004949,PO00989,4,100% Linen Plain 215 GSM 58 inch Sea Green,AMR-7468,Sea Green,215,58,1000,Mtr,466.23/mtr,,2026-05-09,duplicate_purchase_order,exception
POL004950,PO00989,5,55/45 linen cotton handloom finish 195 gsm 58 inches brown coffee,,Coffee Brown,195,,800,M,426.22,,2026-05-04,duplicate_purchase_order,exception
POL004951,PO00990,1,275GSM  58 inches  Cream  srill  97/3 CTN Spandex,,Craem,275,,1000,MTR,206.20,,2026-08-12,duplicate_purchase_order,exception
POL004952,PO00990,2,97/3 Cotton Spandex Drill 275 GSM 58 inch Cream,,Cream,275,58,800,mts,207.30,,2026-07-08,duplicate_purchase_order,exception
POL004953,PO00990,3,97/3 Cotton Spandex Drill 275 GSM 58 inch Cream,,Cream,275,58,800,MTRS,207.43,,2026-07-28,duplicate_purchase_order,exception
POL004954,PO00991,1,100% Modal Twill 130 GSM 58 inch Baby Pink,,Baby Pink,130,58,2500,MTRS,215.61,,2026-08-09,duplicate_purchase_order,exception
POL004955,PO00991,2,100% lyocell - satin - 150gsm - 58in - marun,,Dark Maroon,150,,150,MTR,250.25,,2026-08-09,duplicate_purchase_order,exception
POL004956,PO00991,3,"100% Polyester Sateen GSM 220 44"" Coffee Brown",,Coffee Brown,220,,~800,Mtr,175.52,,2026-08-29,duplicate_purchase_order,exception
POL004957,PO00992,1,100% PLY Digittal Print Baes GSM 130 W-58 White,,Whhite,130,,300,MTRS,145.64,,2026-05-21,duplicate_purchase_order,exception
POL004958,PO00992,2,100% Polyester Blackout Base 160 GSM 54 inch Mustard,,Mustard,160,54,800,mts,133.60,,2026-06-05,duplicate_purchase_order,exception
POL004959,PO00992,3,DENIM CLOTH  415GSM  GREY MELANGE,PAR-1306,,,,300,MTR,299.09,,2026-05-26,duplicate_purchase_order,exception
POL004960,PO00992,4,95/5 Cotton Lycra Knit 1x1 Rib 255 GSM 72 inch Mustard,,Mustard,255,72,150,Kilo,499.55,,2026-06-20,duplicate_purchase_order,exception
POL004961,PO00992,5,95/5 Cotton Lycra Knit 1x1 Rib 255 GSM 72 inch Mustard,,Mustard,255,72,250,KG,INR 498.16,,2026-05-26,duplicate_purchase_order,exception
POL004962,PO00992,6,70/30 Modal Cotton Satin 105 GSM 58 inch Navy Blue,,Navy Blue,105,58,1000,M,178.10/mtr,,2026-05-21,duplicate_purchase_order,exception
POL004963,PO00993,1,Ecru - 110 inches - 70/30 Poly Cotton - 225 GSM - Blackout Base,,Ecru,225,,1000,Meters,228.52,,2026-06-02,duplicate_purchase_order,exception
POL004964,PO00993,2,100% Cotton Terry Face Towel 450 GSM 16x24 inch Wine,,Wine,450,,1500,Pcs,243.48,,2026-06-17,duplicate_purchase_order,exception
POL004965,PO00994,1,95/5 Viscose Lycra Rayon Slub 135 GSM 44 inch Coffee Brown,,Coffee Brown,135,44,150 approx,Meters,INR 114.36,,2026-06-17,duplicate_purchase_order,exception
POL004966,PO00994,2,55/45 Linen Cotton  Plain  215gsm  58 inch  Offwhite,,OW,215,,200,Meters,440.21,,2026-06-17,duplicate_purchase_order,exception
POL004967,PO00994,3,100% Polyester Velvet 8 Wale 330 GSM 44 inch Wine,,Wine,330,44,400,MTR,260.81,,2026-06-12,duplicate_purchase_order,exception
POL004968,PO00995,1,100% Combed Cotton Oxford 160 GSM 44 inch Wine,,Wine,160,44,"1,200",mts,127.94,,2026-06-17,duplicate_purchase_order,exception
POL004969,PO00995,2,100% Cotton Knit Single Jersey 155 GSM 72 inch Firozi,,Firozi,155,72,400,Kg,314.17,,2026-06-17,duplicate_purchase_order,exception
POL004970,PO00995,3,60/40 Cotton Poly Cambric GSM 105 Beige,,Beige,105,,2000,MTR,82.34,,2026-06-22,duplicate_purchase_order,exception
POL004971,PO00995,4,"70/30 Modal vTN Satin 180 gm 58"" Halddi",,Mustard,180,,800,mtr,278.65,,2026-06-12,duplicate_purchase_order,exception
POL004972,PO00995,5,"Lightweight  Wine  58""  GSM 350  98/2 Cotton Lycra Denim",,Wine,350,,2500,MTR,Rs. 226.77,,2026-06-02,duplicate_purchase_order,exception
POL004973,PO00996,1,215 G/M2 WHITE 58 INCHES SATIN 95/5 POLY SPANDEX,,White,215,,600,Meters,177.96 per unit,,2026-05-22,duplicate_purchase_order,exception
POL004974,PO00996,2,Poly Georgette GSM 110 44in RFD,,Greige,110,,150,Mtr,Rs. 65.40,,2026-05-02,duplicate_purchase_order,exception
POL004975,PO00997,1,100% Polyester Crepe 105 GSM 58 inch Cream,,Cream,105,58,"1,000",M,69.97,,2026-08-17,duplicate_purchase_order,exception
POL004976,PO00997,2,100% Polyester Crepe 105 GSM 58 inch Cream,AMR-4038,Cream,105,58,500 approx,Mtr,INR 69.71,,2026-08-07,duplicate_purchase_order,exception
POL004977,PO00997,3,"215 GSM, SEA GREEN, PLAIN, LINEN, 58'",,Sea Green,215,,"2,000",Meters,469.55,,2026-08-12,duplicate_purchase_order,exception
POL004978,PO00998,1,100% Cotton Knit 2x2 Rib 230 GSM 60 inch Wine,,Wine,230,60,250,KGS,Rs. 393.38,,2026-05-31,duplicate_purchase_order,exception
POL004979,PO00998,2,W-60/Charcoal/95/5 Cotton Lycra Knit/GSM 155/Single Jersey,,Charcoal Grey,155,,500,kgs,345.58,,2026-06-25,duplicate_purchase_order,exception
POL004980,PO00999,1,100% Cotton Drill 195 GSM 60 inch Teal,,Teal,195,60,800,Mtr,Rs. 166.39,,2026-09-30,duplicate_purchase_order,exception
POL004981,PO00999,2,Poly Cotton Denim Rigid 310 GSM 63 inch Camel,,Camel,310,63,1200,Meters,214.3,,2026-09-10,duplicate_purchase_order,exception
POL004982,PO01000,1,100% Polyester Velvet  8 Wale  GSM 330  Olive,UTS-8954,Olive,330,,"2,500",yds,Rs. 233.08,,2026-05-08,duplicate_purchase_order,exception
POL004983,PO01000,2,95/5 Viscose Lycra Rayon Plain 110 GSM 44 inch Greige RFD,UTS-2101,Greige RFD,110,44,150 approx,M,72.31,,2026-05-23,duplicate_purchase_order,exception
POL004984,PO01000,3,100% Cotton Denim Lightweight 310 GSM 58 inch Camel,,Camel,310,58,400,Meters,Rs. 194.42,,2026-05-23,duplicate_purchase_order,exception
POL004985,PO01000,4,60/40 Cotton Poly Dobby 130 GSM 44 inch Navy Blue,,Navy Blue,130,44,1000,Mtr,96.29,,2026-05-23,duplicate_purchase_order,exception
