po_id,po_number,customer_id,po_date,received_channel,document_quality,document_language_mix,currency,payment_terms_days,requested_delivery_date,ship_to_city,po_line_count,po_scenario_type,po_difficulty_level,po_scenario_mix,distinct_scenarios_in_po,is_duplicate_po,duplicate_of_po_id
PO00001,MEG/PO/2026-06/7044,CUST0082,2026-06-20,WhatsApp Image,Scanned Copy,English,INR,30,2026-07-15,Coimbatore,10,multiple_possible_sku_matches,hard,clean_exact_match|customer_specific_product_code|incorrect_colour_or_gsm|minor_naming_variation|multiple_possible_sku_matches|no_historical_price|small_acceptable_price_variation|spelling_errors_and_abbreviations,8,N,
PO00002,DEV/PO/2026-05/694,CUST0096,2026-05-18,Email PDF,Clean Digital,English,INR,0,2026-07-02,New Delhi,4,wrong_price_outside_tolerance,exception,clean_exact_match|partial_catalogue_match|wrong_price_outside_tolerance|wrong_unit_of_measure,4,N,
PO00003,KAV/PO/2026-07/1388,CUST0118,2026-07-12,Email PDF,Clean Digital,English,INR,60,2026-08-26,Erode,3,partial_catalogue_match,medium,minor_naming_variation|partial_catalogue_match|spelling_errors_and_abbreviations,3,N,
PO00004,ISH/PO/2026-06/7289,CUST0066,2026-06-13,Portal Upload,Clean Digital,English,INR,90,2026-07-13,Mumbai,6,conflicting_information_in_po,hard,ambiguous_product_match|clean_exact_match|conflicting_information_in_po|spelling_errors_and_abbreviations,4,N,
PO00005,VAI/PO/2026-04/4480,CUST0007,2026-04-16,Email PDF,Clean Digital,English,INR,30,2026-05-16,Jaipur,2,customer_specific_product_code,medium,customer_specific_product_code,1,N,
PO00006,NIR/PO/2026-04/9978,CUST0117,2026-04-14,Email PDF,Clean Digital,English,INR,90,2026-05-14,Bengaluru,4,customer_specific_product_code,medium,customer_specific_product_code|minor_naming_variation,2,N,
PO00007,PRA/PO/2026-08/6214,CUST0038,2026-08-16,Email PDF,Poor Scan / Handwritten,English,INR,30,2026-09-30,Coimbatore,6,poor_quality_document,hard,customer_specific_product_code|incorrect_colour_or_gsm|minor_naming_variation|poor_quality_document|spelling_errors_and_abbreviations,5,N,
PO00008,PRA/PO/2026-05/6760,CUST0038,2026-05-18,Email PDF,Clean Digital,English,INR,30,2026-07-02,Coimbatore,10,malformed_incomplete_order,exception,clean_exact_match|incorrect_colour_or_gsm|malformed_incomplete_order|minor_naming_variation|no_historical_price|small_acceptable_price_variation|spelling_errors_and_abbreviations,7,N,
PO00009,NIM/PO/2026-06/3115,CUST0030,2026-06-18,Email PDF,Clean Digital,English + Hindi terms,INR,60,2026-07-18,Erode,7,customer_specific_product_code,medium,clean_exact_match|customer_specific_product_code|spelling_errors_and_abbreviations,3,N,
PO00010,VRI/PO/2026-05/3124,CUST0098,2026-05-15,Email PDF,Clean Digital,English,INR,30,2026-06-14,Bengaluru,7,wrong_price_outside_tolerance,exception,clean_exact_match|conflicting_information_in_po|minor_naming_variation|spelling_errors_and_abbreviations|wrong_price_outside_tolerance|wrong_unit_of_measure,6,N,
PO00011,ANA/PO/2026-05/1512,CUST0056,2026-05-12,Email Excel,Clean Digital,English + Hindi terms,INR,45,2026-06-26,Pune,8,incorrect_colour_or_gsm,hard,customer_specific_product_code|expired_historical_price|incorrect_colour_or_gsm|minor_naming_variation|spelling_errors_and_abbreviations,5,N,
PO00012,NAK/PO/2026-04/2427,CUST0105,2026-04-01,Email PDF,Clean Digital,English,INR,30,2026-05-16,Indore,6,ambiguous_product_match,hard,ambiguous_product_match|clean_exact_match|small_acceptable_price_variation|spelling_errors_and_abbreviations,4,N,
PO00013,NIM/PO/2026-05/8682,CUST0034,2026-05-08,Email PDF,Clean Digital,English,INR,90,2026-06-22,Bengaluru,5,multiple_possible_sku_matches,hard,clean_exact_match|customer_specific_product_code|multiple_possible_sku_matches|spelling_errors_and_abbreviations,4,N,
PO00014,VAI/PO/2026-05/8595,CUST0081,2026-05-24,Email PDF,Clean Digital,English,INR,60,2026-06-23,Indore,6,small_acceptable_price_variation,easy,clean_exact_match|minor_naming_variation|small_acceptable_price_variation,3,N,
PO00015,RAN/PO/2026-06/5818,CUST0062,2026-06-01,Email PDF,Clean Digital,English,INR,60,2026-07-16,Ichalkaranji,8,ambiguous_product_match,hard,ambiguous_product_match|clean_exact_match|conflicting_information_in_po|small_acceptable_price_variation|spelling_errors_and_abbreviations,5,N,
PO00016,UTS/PO/2026-04/9527,CUST0136,2026-04-19,WhatsApp Image,Scanned Copy,English,INR,0,2026-06-03,New Delhi,4,wrong_unit_of_measure,exception,clean_exact_match|wrong_unit_of_measure,2,N,
PO00017,PRA/PO/2026-04/6925,CUST0071,2026-04-01,WhatsApp Image,Scanned Copy,English,INR,0,2026-04-16,Jaipur,2,multiple_possible_sku_matches,hard,customer_specific_product_code|multiple_possible_sku_matches,2,N,
PO00018,ANA/PO/2026-07/8772,CUST0056,2026-07-06,Email Excel,Clean Digital,English,INR,45,2026-07-26,Pune,4,wrong_price_outside_tolerance,exception,clean_exact_match|spelling_errors_and_abbreviations|wrong_price_outside_tolerance,3,N,
PO00019,ADV/PO/2026-05/3849,CUST0092,2026-05-23,Email PDF,Clean Digital,English + Hindi terms,INR,90,2026-07-07,Indore,1,small_acceptable_price_variation,easy,small_acceptable_price_variation,1,N,
PO00020,KAV/PO/2026-07/6037,CUST0014,2026-07-26,Email PDF,Clean Digital,English,INR,60,2026-08-15,Panipat,2,ambiguous_product_match,hard,ambiguous_product_match|spelling_errors_and_abbreviations,2,N,
PO00021,GIR/PO/2026-05/8375,CUST0090,2026-05-16,Portal Upload,Clean Digital,English,INR,0,2026-06-15,Noida,6,unknown_product,exception,clean_exact_match|multiple_possible_sku_matches|partial_catalogue_match|spelling_errors_and_abbreviations|unknown_product,5,N,
PO00022,BHA/PO/2026-08/3541,CUST0003,2026-08-16,Email Excel,Clean Digital,English,INR,30,2026-08-26,Hyderabad,1,ambiguous_product_match,hard,ambiguous_product_match,1,N,
PO00023,MEG/PO/2026-07/965,CUST0089,2026-07-31,Email PDF,Clean Digital,English,INR,45,2026-08-30,Coimbatore,10,ambiguous_product_match,hard,ambiguous_product_match|clean_exact_match|expired_historical_price|incorrect_colour_or_gsm|minor_naming_variation|multiple_possible_sku_matches|partial_catalogue_match,7,N,
PO00024,VAI/PO/2026-04/405,CUST0081,2026-04-29,Email PDF,Clean Digital,English,INR,60,2026-06-13,Indore,4,spelling_errors_and_abbreviations,medium,clean_exact_match|no_historical_price|spelling_errors_and_abbreviations,3,N,
PO00025,DEV/PO/2026-08/6107,CUST0088,2026-08-02,Scanned Copy,Scanned Copy,English + Hindi terms,INR,0,2026-09-01,Ludhiana,3,spelling_errors_and_abbreviations,medium,minor_naming_variation|spelling_errors_and_abbreviations,2,N,
PO00026,OJA/PO/2026-05/329,CUST0131,2026-05-05,Portal Upload,Clean Digital,English,INR,45,2026-05-30,Kolkata,3,wrong_unit_of_measure,exception,conflicting_information_in_po|spelling_errors_and_abbreviations|wrong_unit_of_measure,3,N,
PO00027,MEG/PO/2026-06/7096,CUST0082,2026-06-23,WhatsApp Image,Scanned Copy,English,INR,30,2026-08-07,Coimbatore,8,multiple_possible_sku_matches,hard,clean_exact_match|customer_specific_product_code|minor_naming_variation|multiple_possible_sku_matches|no_historical_price|small_acceptable_price_variation,6,N,
PO00028,TAN/PO/2026-06/3611,CUST0072,2026-06-07,Email PDF,Clean Digital,English,INR,30,2026-07-22,New Delhi,5,incorrect_colour_or_gsm,hard,clean_exact_match|customer_specific_product_code|incorrect_colour_or_gsm|small_acceptable_price_variation|spelling_errors_and_abbreviations,5,N,
PO00029,KAN/PO/2026-04/926,CUST0101,2026-04-21,Email PDF,Clean Digital,English,INR,30,2026-06-05,Tiruppur,6,spelling_errors_and_abbreviations,medium,clean_exact_match|customer_specific_product_code|spelling_errors_and_abbreviations,3,N,
PO00030,VRI/PO/2026-07/8087,CUST0070,2026-07-28,Email PDF,Clean Digital,English,INR,30,2026-09-11,Noida,8,wrong_price_outside_tolerance,exception,clean_exact_match|customer_specific_product_code|minor_naming_variation|no_historical_price|partial_catalogue_match|wrong_price_outside_tolerance,6,N,
PO00031,DEV/PO/2026-07/9085,CUST0088,2026-07-12,Scanned Copy,Poor Scan / Handwritten,English,INR,0,2026-08-26,Ludhiana,6,conflicting_information_in_po,hard,ambiguous_product_match|clean_exact_match|conflicting_information_in_po|poor_quality_document|spelling_errors_and_abbreviations,5,N,
PO00032,BHO/PO/2026-05/2344,CUST0015,2026-05-31,WhatsApp Image,Scanned Copy,English + Hindi terms,INR,30,2026-07-15,Ludhiana,4,malformed_incomplete_order,exception,clean_exact_match|expired_historical_price|malformed_incomplete_order|minor_naming_variation,4,N,
PO00033,OJA/PO/2026-05/9345,CUST0111,2026-05-09,Email PDF,Clean Digital,English,INR,30,2026-06-23,Ahmedabad,3,multiple_possible_sku_matches,hard,incorrect_colour_or_gsm|multiple_possible_sku_matches|spelling_errors_and_abbreviations,3,N,
PO00034,NIR/PO/2026-06/6487,CUST0002,2026-06-28,WhatsApp Image,Poor Scan / Handwritten,English,INR,45,2026-08-12,Chennai,10,missing_quantity,exception,ambiguous_product_match|clean_exact_match|incorrect_colour_or_gsm|minor_naming_variation|missing_quantity|poor_quality_document|spelling_errors_and_abbreviations|unknown_product,8,N,
PO00035,PRA/PO/2026-04/301,CUST0038,2026-04-16,Email PDF,Clean Digital,English,INR,30,2026-05-16,Coimbatore,5,unusually_large_quantity,exception,clean_exact_match|malformed_incomplete_order|partial_catalogue_match|unusually_large_quantity,4,N,
PO00036,LAK/PO/2026-08/5013,CUST0052,2026-08-14,WhatsApp Image,Scanned Copy,English,INR,45,2026-09-08,Bengaluru,4,multiple_possible_sku_matches,hard,customer_specific_product_code|minor_naming_variation|multiple_possible_sku_matches|no_historical_price,4,N,
PO00037,SAM/PO/2026-05/2477,CUST0084,2026-05-21,Email Excel,Clean Digital,English,INR,30,2026-07-05,Indore,8,conflicting_information_in_po,hard,ambiguous_product_match|clean_exact_match|conflicting_information_in_po|minor_naming_variation|no_historical_price|small_acceptable_price_variation|spelling_errors_and_abbreviations,7,N,
PO00038,AAS/PO/2026-07/1472,CUST0057,2026-07-16,Email PDF,Clean Digital,English,INR,0,2026-07-26,Tiruppur,1,clean_exact_match,easy,clean_exact_match,1,N,
PO00039,ZAR/PO/2026-06/6137,CUST0106,2026-06-11,Email Excel,Clean Digital,English + Hindi terms,INR,30,2026-07-26,Chennai,2,spelling_errors_and_abbreviations,medium,no_historical_price|spelling_errors_and_abbreviations,2,N,
PO00040,NIM/PO/2026-08/9782,CUST0087,2026-08-02,Scanned Copy,Scanned Copy,English,INR,45,2026-08-22,Ludhiana,3,ambiguous_product_match,hard,ambiguous_product_match|minor_naming_variation|spelling_errors_and_abbreviations,3,N,
PO00041,NAK/PO/2026-06/9946,CUST0075,2026-06-03,Email PDF,Clean Digital,English,INR,30,2026-06-23,Bengaluru,2,customer_specific_product_code,medium,customer_specific_product_code|minor_naming_variation,2,N,
PO00042,URV/PO/2026-04/5095,CUST0102,2026-04-10,Email PDF,Clean Digital,English + Hindi terms,INR,15,2026-05-10,Jaipur,3,conflicting_information_in_po,hard,conflicting_information_in_po|minor_naming_variation|spelling_errors_and_abbreviations,3,N,
PO00043,YAS/PO/2026-04/3277,CUST0016,2026-04-08,WhatsApp Image,Scanned Copy,English,INR,90,2026-05-23,Surat,6,wrong_unit_of_measure,exception,clean_exact_match|minor_naming_variation|missing_quantity|wrong_unit_of_measure,4,N,
PO00044,KAV/PO/2026-04/9643,CUST0118,2026-04-17,Email PDF,Poor Scan / Handwritten,English,INR,60,2026-05-12,Erode,5,poor_quality_document,hard,clean_exact_match|customer_specific_product_code|minor_naming_variation|poor_quality_document,4,N,
PO00045,URV/PO/2026-05/9939,CUST0102,2026-05-07,Email PDF,Clean Digital,English,INR,15,2026-06-06,Jaipur,2,clean_exact_match,easy,clean_exact_match|minor_naming_variation,2,N,
PO00046,MAN/PO/2026-07/642,CUST0023,2026-07-23,WhatsApp Image,Scanned Copy,English,INR,90,2026-08-22,Panipat,1,clean_exact_match,easy,clean_exact_match,1,N,
PO00047,NAK/PO/2026-04/7187,CUST0105,2026-04-10,Email PDF,Clean Digital,English,INR,30,2026-05-25,Indore,10,ambiguous_product_match,hard,ambiguous_product_match|clean_exact_match|incorrect_colour_or_gsm|minor_naming_variation|small_acceptable_price_variation|spelling_errors_and_abbreviations,6,N,
PO00048,NIM/PO/2026-07/5290,CUST0030,2026-07-07,Email PDF,Poor Scan / Handwritten,English,INR,60,2026-08-06,Erode,10,unknown_product,exception,ambiguous_product_match|minor_naming_variation|no_historical_price|partial_catalogue_match|poor_quality_document|spelling_errors_and_abbreviations|unknown_product,7,N,
PO00049,VAI/PO/2026-06/2967,CUST0081,2026-06-29,Email PDF,Clean Digital,English + Hindi terms,INR,60,2026-07-29,Indore,1,minor_naming_variation,easy,minor_naming_variation,1,N,
PO00050,SAM/PO/2026-05/6792,CUST0120,2026-05-23,Email PDF,Clean Digital,English,INR,0,2026-07-07,Mumbai,7,unknown_product,exception,clean_exact_match|minor_naming_variation|multiple_possible_sku_matches|unknown_product,4,N,
PO00051,NIM/PO/2026-05/9562,CUST0030,2026-05-17,Email PDF,Clean Digital,English,INR,60,2026-06-11,Erode,1,partial_catalogue_match,medium,partial_catalogue_match,1,N,
PO00052,HAR/PO/2026-08/994,CUST0109,2026-08-03,WhatsApp Image,Scanned Copy,English,INR,30,2026-09-17,Hyderabad,3,unusually_large_quantity,exception,clean_exact_match|multiple_possible_sku_matches|unusually_large_quantity,3,N,
PO00053,ADV/PO/2026-08/5189,CUST0065,2026-08-10,WhatsApp Image,Scanned Copy,English,INR,0,2026-09-04,Hyderabad,1,no_historical_price,medium,no_historical_price,1,N,
PO00054,PRI/PO/2026-04/1489,CUST0051,2026-04-20,Email Excel,Clean Digital,English,INR,0,2026-05-20,Noida,3,expired_historical_price,medium,clean_exact_match|expired_historical_price|spelling_errors_and_abbreviations,3,N,
PO00055,MAN/PO/2026-06/8218,CUST0054,2026-06-17,WhatsApp Image,Scanned Copy,English,INR,90,2026-07-12,Bhilwara,1,wrong_price_outside_tolerance,exception,wrong_price_outside_tolerance,1,N,
PO00056,CHA/PO/2026-06/9206,CUST0004,2026-06-22,Email Excel,Poor Scan / Handwritten,English,INR,15,2026-07-22,Coimbatore,5,incorrect_colour_or_gsm,hard,incorrect_colour_or_gsm|minor_naming_variation|poor_quality_document|small_acceptable_price_variation,4,N,
PO00057,GIR/PO/2026-07/1087,CUST0090,2026-07-05,Portal Upload,Clean Digital,English,INR,0,2026-08-19,Noida,4,wrong_price_outside_tolerance,exception,clean_exact_match|small_acceptable_price_variation|wrong_price_outside_tolerance,3,N,
PO00058,BHA/PO/2026-07/7361,CUST0108,2026-07-17,Scanned Copy,Scanned Copy,English,INR,15,2026-08-31,Jaipur,7,spelling_errors_and_abbreviations,medium,clean_exact_match|customer_specific_product_code|partial_catalogue_match|spelling_errors_and_abbreviations,4,N,
PO00059,RID/PO/2026-05/8287,CUST0045,2026-05-21,Portal Upload,Clean Digital,English + Hindi terms,INR,30,2026-06-20,Karur,3,ambiguous_product_match,hard,ambiguous_product_match|clean_exact_match,2,N,
PO00060,URV/PO/2026-06/9948,CUST0063,2026-06-04,Email PDF,Clean Digital,English,INR,15,2026-07-19,Mumbai,3,incorrect_colour_or_gsm,hard,incorrect_colour_or_gsm|partial_catalogue_match,2,N,
PO00061,TAN/PO/2026-04/9129,CUST0076,2026-04-04,Email PDF,Poor Scan / Handwritten,English,INR,0,2026-05-19,Panipat,10,multiple_possible_sku_matches,hard,minor_naming_variation|multiple_possible_sku_matches|no_historical_price|partial_catalogue_match|poor_quality_document|small_acceptable_price_variation|spelling_errors_and_abbreviations,7,N,
PO00062,ZEN/PO/2026-08/8871,CUST0050,2026-08-17,Email PDF,Clean Digital,English,INR,0,2026-09-06,Pune,1,spelling_errors_and_abbreviations,medium,spelling_errors_and_abbreviations,1,N,
PO00063,TEJ/PO/2026-08/9180,CUST0005,2026-08-05,Email PDF,Clean Digital,English,INR,45,2026-09-04,Mumbai,11,unknown_product,exception,clean_exact_match|customer_specific_product_code|expired_historical_price|incorrect_colour_or_gsm|multiple_possible_sku_matches|partial_catalogue_match|unknown_product,7,N,
PO00064,MEG/PO/2026-04/7282,CUST0059,2026-04-28,Email PDF,Poor Scan / Handwritten,English,INR,15,2026-06-12,Pune,1,poor_quality_document,hard,poor_quality_document,1,N,
PO00065,ADV/PO/2026-07/3622,CUST0065,2026-07-28,WhatsApp Image,Scanned Copy,English,INR,0,2026-09-11,Hyderabad,5,malformed_incomplete_order,exception,clean_exact_match|malformed_incomplete_order|minor_naming_variation|multiple_possible_sku_matches|spelling_errors_and_abbreviations,5,N,
PO00066,ADV/PO/2026-07/7660,CUST0129,2026-07-30,Email Excel,Clean Digital,English,INR,30,2026-08-29,Bengaluru,6,incorrect_colour_or_gsm,hard,clean_exact_match|incorrect_colour_or_gsm|spelling_errors_and_abbreviations,3,N,
PO00067,DHR/PO/2026-05/5717,CUST0094,2026-05-05,Portal Upload,Poor Scan / Handwritten,English,INR,30,2026-06-19,Erode,5,poor_quality_document,hard,clean_exact_match|poor_quality_document|spelling_errors_and_abbreviations,3,N,
PO00068,CHA/PO/2026-05/290,CUST0137,2026-05-09,Scanned Copy,Poor Scan / Handwritten,English,INR,30,2026-06-23,Pune,9,malformed_incomplete_order,exception,clean_exact_match|customer_specific_product_code|malformed_incomplete_order|minor_naming_variation|multiple_possible_sku_matches|poor_quality_document|spelling_errors_and_abbreviations,7,N,
PO00069,MAN/PO/2026-07/9391,CUST0132,2026-07-09,Portal Upload,Clean Digital,English,INR,60,2026-08-23,Chennai,7,wrong_price_outside_tolerance,exception,ambiguous_product_match|clean_exact_match|minor_naming_variation|small_acceptable_price_variation|spelling_errors_and_abbreviations|wrong_price_outside_tolerance,6,N,
PO00070,TAN/PO/2026-06/6970,CUST0076,2026-06-28,Email PDF,Clean Digital,English,INR,0,2026-08-12,Panipat,7,conflicting_information_in_po,hard,clean_exact_match|conflicting_information_in_po|customer_specific_product_code|incorrect_colour_or_gsm|minor_naming_variation|partial_catalogue_match|spelling_errors_and_abbreviations,7,N,
PO00071,KAV/PO/2026-05/4311,CUST0107,2026-05-26,Email PDF,Clean Digital,English,INR,90,2026-07-10,Mumbai,4,spelling_errors_and_abbreviations,medium,clean_exact_match|minor_naming_variation|spelling_errors_and_abbreviations,3,N,
PO00072,BHA/PO/2026-08/4905,CUST0035,2026-08-03,Email PDF,Clean Digital,English,INR,30,2026-09-17,Bhilwara,10,unknown_product,exception,clean_exact_match|customer_specific_product_code|minor_naming_variation|no_historical_price|partial_catalogue_match|small_acceptable_price_variation|unknown_product,7,N,
PO00073,OOR/PO/2026-06/8093,CUST0119,2026-06-02,Scanned Copy,Scanned Copy,English + Hindi terms,INR,15,2026-07-17,Tiruppur,5,wrong_unit_of_measure,exception,clean_exact_match|no_historical_price|spelling_errors_and_abbreviations|wrong_unit_of_measure,4,N,
PO00074,HAR/PO/2026-06/8607,CUST0109,2026-06-26,WhatsApp Image,Scanned Copy,English,INR,30,2026-07-26,Hyderabad,6,ambiguous_product_match,hard,ambiguous_product_match|clean_exact_match|spelling_errors_and_abbreviations,3,N,
PO00075,CHA/PO/2026-06/1682,CUST0060,2026-06-19,Portal Upload,Poor Scan / Handwritten,English,INR,15,2026-07-19,New Delhi,2,poor_quality_document,hard,poor_quality_document|spelling_errors_and_abbreviations,2,N,
PO00076,UTS/PO/2026-08/589,CUST0021,2026-08-18,Email Excel,Clean Digital,English,INR,15,2026-10-02,Kolkata,3,ambiguous_product_match,hard,ambiguous_product_match|clean_exact_match,2,N,
PO00077,YUV/PO/2026-05/1144,CUST0079,2026-05-04,Email Excel,Clean Digital,English,INR,30,2026-06-18,Hyderabad,8,wrong_price_outside_tolerance,exception,ambiguous_product_match|clean_exact_match|customer_specific_product_code|minor_naming_variation|spelling_errors_and_abbreviations|wrong_price_outside_tolerance,6,N,
PO00078,TAN/PO/2026-06/5765,CUST0076,2026-06-12,Email PDF,Clean Digital,English + Hindi terms,INR,0,2026-07-27,Panipat,8,unknown_product,exception,customer_specific_product_code|minor_naming_variation|partial_catalogue_match|small_acceptable_price_variation|unknown_product,5,N,
PO00079,OJA/PO/2026-08/7872,CUST0112,2026-08-20,Email Excel,Clean Digital,English,INR,30,2026-10-04,Tiruppur,3,conflicting_information_in_po,hard,conflicting_information_in_po|expired_historical_price|spelling_errors_and_abbreviations,3,N,
PO00080,SAN/PO/2026-05/8260,CUST0093,2026-05-17,Email PDF,Clean Digital,English,INR,15,2026-07-01,Coimbatore,6,spelling_errors_and_abbreviations,medium,clean_exact_match|customer_specific_product_code|no_historical_price|small_acceptable_price_variation|spelling_errors_and_abbreviations,5,N,
PO00081,JAA/PO/2026-06/611,CUST0099,2026-06-18,WhatsApp Image,Scanned Copy,English,INR,90,2026-07-03,Hyderabad,3,multiple_possible_sku_matches,hard,clean_exact_match|incorrect_colour_or_gsm|multiple_possible_sku_matches,3,N,
PO00082,NIM/PO/2026-08/3272,CUST0030,2026-08-08,Email PDF,Clean Digital,English + Hindi terms,INR,60,2026-09-22,Erode,3,multiple_possible_sku_matches,hard,clean_exact_match|minor_naming_variation|multiple_possible_sku_matches,3,N,
PO00083,ADV/PO/2026-05/2139,CUST0127,2026-05-29,Email PDF,Clean Digital,English,INR,30,2026-07-13,Bhilwara,3,spelling_errors_and_abbreviations,medium,clean_exact_match|spelling_errors_and_abbreviations,2,N,
PO00084,SAT/PO/2026-07/3391,CUST0009,2026-07-03,WhatsApp Image,Scanned Copy,English,INR,30,2026-08-17,Ahmedabad,10,incorrect_colour_or_gsm,hard,clean_exact_match|expired_historical_price|incorrect_colour_or_gsm|minor_naming_variation|partial_catalogue_match|small_acceptable_price_variation|spelling_errors_and_abbreviations,7,N,
PO00085,HAR/PO/2026-04/3250,CUST0109,2026-04-05,WhatsApp Image,Poor Scan / Handwritten,English,INR,30,2026-05-20,Hyderabad,12,incorrect_colour_or_gsm,hard,ambiguous_product_match|incorrect_colour_or_gsm|minor_naming_variation|multiple_possible_sku_matches|partial_catalogue_match|poor_quality_document|small_acceptable_price_variation|spelling_errors_and_abbreviations,8,N,
PO00086,ESH/PO/2026-06/5716,CUST0001,2026-06-06,Email Excel,Clean Digital,English,INR,45,2026-07-21,Mumbai,5,unknown_product,exception,clean_exact_match|no_historical_price|partial_catalogue_match|unknown_product,4,N,
PO00087,GIR/PO/2026-07/3824,CUST0135,2026-07-13,Email Excel,Clean Digital,English,INR,30,2026-08-27,Ichalkaranji,10,multiple_possible_sku_matches,hard,clean_exact_match|conflicting_information_in_po|customer_specific_product_code|incorrect_colour_or_gsm|minor_naming_variation|multiple_possible_sku_matches|no_historical_price|spelling_errors_and_abbreviations,8,N,
PO00088,ADV/PO/2026-04/4240,CUST0129,2026-04-10,Email Excel,Poor Scan / Handwritten,English,INR,30,2026-05-25,Bengaluru,6,incorrect_colour_or_gsm,hard,clean_exact_match|incorrect_colour_or_gsm|partial_catalogue_match|poor_quality_document|spelling_errors_and_abbreviations,5,N,
PO00089,YUV/PO/2026-05/7710,CUST0006,2026-05-16,Email Excel,Clean Digital,English + Hindi terms,INR,30,2026-05-31,Noida,2,minor_naming_variation,easy,clean_exact_match|minor_naming_variation,2,N,
PO00090,YAS/PO/2026-06/8394,CUST0010,2026-06-25,Email PDF,Clean Digital,English,INR,30,2026-07-25,Noida,7,ambiguous_product_match,hard,ambiguous_product_match|clean_exact_match|minor_naming_variation|no_historical_price|partial_catalogue_match,5,N,
PO00091,SAT/PO/2026-08/9019,CUST0009,2026-08-14,WhatsApp Image,Scanned Copy,English,INR,30,2026-09-28,Ahmedabad,3,conflicting_information_in_po,hard,conflicting_information_in_po|customer_specific_product_code|no_historical_price,3,N,
PO00092,KES/PO/2026-05/520,CUST0141,2026-05-22,Email PDF,Clean Digital,English,INR,30,2026-07-06,Bengaluru,8,unknown_product,exception,new_customer_no_history|unknown_product,2,N,
PO00093,OOR/PO/2026-05/5485,CUST0074,2026-05-25,Scanned Copy,Scanned Copy,English,INR,0,2026-06-09,Pune,1,clean_exact_match,easy,clean_exact_match,1,N,
PO00094,JAA/PO/2026-07/7234,CUST0099,2026-07-14,WhatsApp Image,Scanned Copy,English,INR,90,2026-08-13,Hyderabad,3,wrong_unit_of_measure,exception,minor_naming_variation|partial_catalogue_match|wrong_unit_of_measure,3,N,
PO00095,ESH/PO/2026-07/6062,CUST0001,2026-07-26,Email Excel,Poor Scan / Handwritten,English,INR,45,2026-09-09,Mumbai,3,poor_quality_document,hard,ambiguous_product_match|incorrect_colour_or_gsm|poor_quality_document,3,N,
PO00096,LAK/PO/2026-06/8754,CUST0052,2026-06-24,WhatsApp Image,Scanned Copy,English + Hindi terms,INR,45,2026-07-04,Bengaluru,1,partial_catalogue_match,medium,partial_catalogue_match,1,N,
PO00097,YUV/PO/2026-04/7219,CUST0079,2026-04-23,Email Excel,Clean Digital,English,INR,30,2026-06-07,Hyderabad,10,wrong_unit_of_measure,exception,clean_exact_match|expired_historical_price|incorrect_colour_or_gsm|partial_catalogue_match|small_acceptable_price_variation|spelling_errors_and_abbreviations|wrong_unit_of_measure,7,N,
PO00098,BHA/PO/2026-05/6181,CUST0108,2026-05-20,Scanned Copy,Scanned Copy,English,INR,15,2026-06-19,Jaipur,1,wrong_price_outside_tolerance,exception,wrong_price_outside_tolerance,1,N,
PO00099,BHA/PO/2026-08/2868,CUST0011,2026-08-04,Email PDF,Poor Scan / Handwritten,English + Hindi terms,INR,90,2026-09-18,Surat,6,poor_quality_document,hard,clean_exact_match|incorrect_colour_or_gsm|minor_naming_variation|poor_quality_document|spelling_errors_and_abbreviations,5,N,
PO00100,YUV/PO/2026-07/9010,CUST0079,2026-07-23,Email Excel,Clean Digital,English,INR,30,2026-09-06,Hyderabad,3,customer_specific_product_code,medium,customer_specific_product_code|minor_naming_variation|small_acceptable_price_variation,3,N,
PO00101,SUR/PO/2026-04/3233,CUST0024,2026-04-10,Email Excel,Clean Digital,English,INR,90,2026-05-25,Indore,6,unknown_product,exception,clean_exact_match|customer_specific_product_code|expired_historical_price|unknown_product,4,N,
PO00102,TAN/PO/2026-08/8294,CUST0012,2026-08-05,Email PDF,Clean Digital,English,INR,30,2026-09-04,Ahmedabad,4,unknown_product,exception,minor_naming_variation|partial_catalogue_match|spelling_errors_and_abbreviations|unknown_product,4,N,
PO00103,BHO/PO/2026-08/6594,CUST0015,2026-08-06,WhatsApp Image,Scanned Copy,English,INR,30,2026-08-26,Ludhiana,3,multiple_possible_sku_matches,hard,clean_exact_match|minor_naming_variation|multiple_possible_sku_matches,3,N,
PO00104,BHA/PO/2026-05/1459,CUST0123,2026-05-15,Email Excel,Clean Digital,English,INR,30,2026-06-04,Surat,4,conflicting_information_in_po,hard,clean_exact_match|conflicting_information_in_po|customer_specific_product_code,3,N,
PO00105,ADV/PO/2026-05/3871,CUST0127,2026-05-11,Email PDF,Poor Scan / Handwritten,English,INR,30,2026-06-25,Bhilwara,4,poor_quality_document,hard,ambiguous_product_match|clean_exact_match|poor_quality_document,3,N,
PO00106,OJA/PO/2026-04/1609,CUST0018,2026-04-14,Scanned Copy,Scanned Copy,English,INR,15,2026-05-04,Ludhiana,3,unknown_product,exception,incorrect_colour_or_gsm|small_acceptable_price_variation|unknown_product,3,N,
PO00107,NIR/PO/2026-04/299,CUST0022,2026-04-24,Email Excel,Clean Digital,English,INR,60,2026-06-08,Erode,6,unusually_large_quantity,exception,clean_exact_match|spelling_errors_and_abbreviations|unusually_large_quantity|wrong_unit_of_measure,4,N,
PO00108,VRI/PO/2026-05/1426,CUST0070,2026-05-29,Email PDF,Clean Digital,English,INR,30,2026-06-23,Noida,3,clean_exact_match,easy,clean_exact_match|minor_naming_variation,2,N,
PO00109,UTS/PO/2026-04/6143,CUST0021,2026-04-28,Email Excel,Clean Digital,English,INR,15,2026-05-18,Kolkata,2,minor_naming_variation,easy,clean_exact_match|minor_naming_variation,2,N,
PO00110,ESH/PO/2026-06/4282,CUST0001,2026-06-22,Email Excel,Clean Digital,English,INR,45,2026-07-12,Mumbai,5,unknown_product,exception,clean_exact_match|expired_historical_price|small_acceptable_price_variation|spelling_errors_and_abbreviations|unknown_product,5,N,
PO00111,SAA/PO/2026-05/8960,CUST0121,2026-05-29,Scanned Copy,Scanned Copy,English,INR,15,2026-06-18,Panipat,3,incorrect_colour_or_gsm,hard,incorrect_colour_or_gsm|multiple_possible_sku_matches|spelling_errors_and_abbreviations,3,N,
PO00112,MEG/PO/2026-05/2248,CUST0059,2026-05-25,Email PDF,Clean Digital,English,INR,15,2026-07-09,Pune,2,spelling_errors_and_abbreviations,medium,spelling_errors_and_abbreviations,1,N,
PO00113,SAA/PO/2026-04/7488,CUST0121,2026-04-22,Scanned Copy,Scanned Copy,English + Hindi terms,INR,15,2026-05-17,Panipat,2,ambiguous_product_match,hard,ambiguous_product_match|small_acceptable_price_variation,2,N,
PO00114,SAA/PO/2026-06/1729,CUST0044,2026-06-13,Email PDF,Clean Digital,English,INR,90,2026-07-28,Surat,6,incorrect_colour_or_gsm,hard,conflicting_information_in_po|incorrect_colour_or_gsm|minor_naming_variation|spelling_errors_and_abbreviations,4,N,
PO00115,BHA/PO/2026-07/6464,CUST0035,2026-07-10,Email PDF,Clean Digital,English,INR,30,2026-08-24,Bhilwara,8,unknown_product,exception,clean_exact_match|minor_naming_variation|no_historical_price|partial_catalogue_match|spelling_errors_and_abbreviations|unknown_product,6,N,
PO00116,MEG/PO/2026-07/9843,CUST0059,2026-07-28,Email PDF,Clean Digital,English,INR,15,2026-09-11,Pune,1,minor_naming_variation,easy,minor_naming_variation,1,N,
PO00117,ZAR/PO/2026-07/5207,CUST0106,2026-07-26,Email Excel,Clean Digital,English,INR,30,2026-09-09,Chennai,10,multiple_possible_sku_matches,hard,ambiguous_product_match|clean_exact_match|customer_specific_product_code|expired_historical_price|minor_naming_variation|multiple_possible_sku_matches|spelling_errors_and_abbreviations,7,N,
PO00118,RID/PO/2026-05/879,CUST0045,2026-05-07,Portal Upload,Clean Digital,English,INR,30,2026-06-06,Karur,4,unknown_product,exception,ambiguous_product_match|clean_exact_match|partial_catalogue_match|unknown_product,4,N,
PO00119,SUR/PO/2026-06/6832,CUST0024,2026-06-18,Email Excel,Clean Digital,English,INR,90,2026-07-08,Indore,2,multiple_possible_sku_matches,hard,multiple_possible_sku_matches,1,N,
PO00120,KAN/PO/2026-07/9044,CUST0101,2026-07-20,Email PDF,Clean Digital,English,INR,30,2026-08-19,Tiruppur,4,multiple_possible_sku_matches,hard,conflicting_information_in_po|multiple_possible_sku_matches|partial_catalogue_match|spelling_errors_and_abbreviations,4,N,
PO00121,KAV/PO/2026-04/3931,CUST0118,2026-04-11,Email PDF,Clean Digital,English,INR,60,2026-05-01,Erode,7,unknown_product,exception,clean_exact_match|customer_specific_product_code|incorrect_colour_or_gsm|multiple_possible_sku_matches|partial_catalogue_match|small_acceptable_price_variation|unknown_product,7,N,
PO00122,TAN/PO/2026-07/8339,CUST0012,2026-07-22,Email PDF,Clean Digital,English,INR,30,2026-08-16,Ahmedabad,3,incorrect_colour_or_gsm,hard,incorrect_colour_or_gsm|minor_naming_variation|small_acceptable_price_variation,3,N,
PO00123,AMR/PO/2026-06/6466,CUST0043,2026-06-20,Email PDF,Clean Digital,English,INR,0,2026-08-04,Pune,8,unknown_product,exception,clean_exact_match|customer_specific_product_code|expired_historical_price|minor_naming_variation|spelling_errors_and_abbreviations|unknown_product,6,N,
PO00124,UTS/PO/2026-04/2471,CUST0040,2026-04-19,Email PDF,Clean Digital,English,INR,60,2026-06-03,Bengaluru,2,spelling_errors_and_abbreviations,medium,spelling_errors_and_abbreviations,1,N,
PO00125,PRA/PO/2026-06/4845,CUST0055,2026-06-16,Email Excel,Poor Scan / Handwritten,English,INR,90,2026-07-16,Mumbai,4,ambiguous_product_match,hard,ambiguous_product_match|clean_exact_match|customer_specific_product_code|poor_quality_document,4,N,
PO00126,RID/PO/2026-07/5434,CUST0045,2026-07-15,Portal Upload,Clean Digital,English,INR,30,2026-08-14,Karur,2,multiple_possible_sku_matches,hard,minor_naming_variation|multiple_possible_sku_matches,2,N,
PO00127,SHR/PO/2026-04/4093,CUST0028,2026-04-08,Email Excel,Clean Digital,English,INR,60,2026-05-23,Indore,12,wrong_price_outside_tolerance,exception,clean_exact_match|minor_naming_variation|multiple_possible_sku_matches|partial_catalogue_match|small_acceptable_price_variation|unknown_product|wrong_price_outside_tolerance|wrong_unit_of_measure,8,N,
PO00128,VAI/PO/2026-04/5521,CUST0081,2026-04-04,Email PDF,Clean Digital,English,INR,60,2026-04-29,Indore,3,incorrect_colour_or_gsm,hard,incorrect_colour_or_gsm|partial_catalogue_match|spelling_errors_and_abbreviations,3,N,
PO00129,SAM/PO/2026-04/7534,CUST0120,2026-04-30,Email PDF,Clean Digital,English + Hindi terms,INR,0,2026-05-25,Mumbai,4,wrong_unit_of_measure,exception,ambiguous_product_match|clean_exact_match|customer_specific_product_code|wrong_unit_of_measure,4,N,
PO00130,ADV/PO/2026-07/921,CUST0129,2026-07-07,Email Excel,Clean Digital,English,INR,30,2026-08-21,Bengaluru,7,conflicting_information_in_po,hard,clean_exact_match|conflicting_information_in_po|customer_specific_product_code|expired_historical_price|minor_naming_variation|no_historical_price|spelling_errors_and_abbreviations,7,N,
PO00131,KAV/PO/2026-07/9972,CUST0014,2026-07-10,Email PDF,Clean Digital,English,INR,60,2026-08-09,Panipat,4,spelling_errors_and_abbreviations,medium,clean_exact_match|customer_specific_product_code|spelling_errors_and_abbreviations,3,N,
PO00132,CHA/PO/2026-08/9365,CUST0137,2026-08-16,Scanned Copy,Scanned Copy,English,INR,30,2026-09-10,Pune,3,expired_historical_price,medium,clean_exact_match|expired_historical_price|minor_naming_variation,3,N,
PO00133,VAI/PO/2026-07/8413,CUST0064,2026-07-03,Email PDF,Clean Digital,English,INR,30,2026-08-17,Hyderabad,12,conflicting_information_in_po,hard,clean_exact_match|conflicting_information_in_po|expired_historical_price|minor_naming_variation|partial_catalogue_match|spelling_errors_and_abbreviations,6,N,
PO00134,TEJ/PO/2026-04/3316,CUST0005,2026-04-13,Email PDF,Clean Digital,English,INR,45,2026-05-13,Mumbai,4,incorrect_colour_or_gsm,hard,clean_exact_match|incorrect_colour_or_gsm|small_acceptable_price_variation|spelling_errors_and_abbreviations,4,N,
PO00135,RAN/PO/2026-07/5121,CUST0062,2026-07-12,Email PDF,Poor Scan / Handwritten,English,INR,60,2026-08-26,Ichalkaranji,6,unknown_product,exception,clean_exact_match|customer_specific_product_code|minor_naming_variation|partial_catalogue_match|poor_quality_document|unknown_product,6,N,
PO00136,MEG/PO/2026-05/4041,CUST0122,2026-05-26,Email PDF,Clean Digital,English,INR,90,2026-07-10,Pune,1,clean_exact_match,easy,clean_exact_match,1,N,
PO00137,ANA/PO/2026-04/1935,CUST0100,2026-04-23,Scanned Copy,Scanned Copy,English,INR,15,2026-06-07,Ludhiana,2,incorrect_colour_or_gsm,hard,incorrect_colour_or_gsm|multiple_possible_sku_matches,2,N,
PO00138,DEV/PO/2026-08/9372,CUST0019,2026-08-16,Email PDF,Clean Digital,English,INR,30,2026-09-30,Ludhiana,7,multiple_possible_sku_matches,hard,ambiguous_product_match|clean_exact_match|conflicting_information_in_po|minor_naming_variation|multiple_possible_sku_matches|spelling_errors_and_abbreviations,6,N,
PO00139,MAY/PO/2026-05/5213,CUST0053,2026-05-08,Email PDF,Clean Digital,English,INR,45,2026-06-22,Jaipur,4,wrong_price_outside_tolerance,exception,minor_naming_variation|no_historical_price|unknown_product|wrong_price_outside_tolerance,4,N,
PO00140,GIR/PO/2026-07/4958,CUST0135,2026-07-06,Email Excel,Clean Digital,English,INR,30,2026-08-05,Ichalkaranji,4,spelling_errors_and_abbreviations,medium,clean_exact_match|minor_naming_variation|spelling_errors_and_abbreviations,3,N,
PO00141,NIR/PO/2026-04/9976,CUST0091,2026-04-10,Email PDF,Clean Digital,English,INR,15,2026-05-25,Coimbatore,6,conflicting_information_in_po,hard,conflicting_information_in_po|customer_specific_product_code|small_acceptable_price_variation|spelling_errors_and_abbreviations,4,N,
PO00142,KRI/PO/2026-05/5849,CUST0008,2026-05-09,Email Excel,Clean Digital,English + Hindi terms,INR,0,2026-06-23,Bengaluru,3,customer_specific_product_code,medium,customer_specific_product_code|spelling_errors_and_abbreviations,2,N,
PO00143,KAV/PO/2026-05/8780,CUST0107,2026-05-06,Email PDF,Clean Digital,English,INR,90,2026-05-31,Mumbai,1,small_acceptable_price_variation,easy,small_acceptable_price_variation,1,N,
PO00144,KRI/PO/2026-05/6585,CUST0086,2026-05-01,WhatsApp Image,Scanned Copy,English,INR,60,2026-06-15,Indore,12,multiple_possible_sku_matches,hard,ambiguous_product_match|clean_exact_match|customer_specific_product_code|minor_naming_variation|multiple_possible_sku_matches|spelling_errors_and_abbreviations,6,N,
PO00145,SHR/PO/2026-08/126,CUST0028,2026-08-19,Email Excel,Clean Digital,English,INR,60,2026-10-03,Indore,8,clean_exact_match,easy,clean_exact_match|small_acceptable_price_variation,2,N,
PO00146,KAV/PO/2026-07/5572,CUST0049,2026-07-16,Portal Upload,Clean Digital,English,INR,30,2026-08-10,Bhilwara,3,multiple_possible_sku_matches,hard,clean_exact_match|multiple_possible_sku_matches|spelling_errors_and_abbreviations,3,N,
PO00147,TAN/PO/2026-06/6790,CUST0072,2026-06-22,Email PDF,Clean Digital,English,INR,30,2026-07-07,New Delhi,2,customer_specific_product_code,medium,customer_specific_product_code|small_acceptable_price_variation,2,N,
PO00148,SHR/PO/2026-04/5393,CUST0028,2026-04-02,Email Excel,Clean Digital,English,INR,60,2026-05-17,Indore,3,ambiguous_product_match,hard,ambiguous_product_match|minor_naming_variation|spelling_errors_and_abbreviations,3,N,
PO00149,SUR/PO/2026-07/6773,CUST0133,2026-07-26,Email Excel,Poor Scan / Handwritten,English,INR,30,2026-09-09,Pune,12,missing_quantity,exception,ambiguous_product_match|clean_exact_match|conflicting_information_in_po|customer_specific_product_code|missing_quantity|poor_quality_document|small_acceptable_price_variation|spelling_errors_and_abbreviations,8,N,
PO00150,ADV/PO/2026-04/3488,CUST0129,2026-04-17,Email Excel,Poor Scan / Handwritten,English,INR,30,2026-06-01,Bengaluru,12,unusually_large_quantity,exception,clean_exact_match|minor_naming_variation|partial_catalogue_match|poor_quality_document|small_acceptable_price_variation|spelling_errors_and_abbreviations|unusually_large_quantity,7,N,
PO00151,BHO/PO/2026-06/1359,CUST0080,2026-06-24,Email PDF,Clean Digital,English,INR,30,2026-07-24,Ichalkaranji,5,wrong_price_outside_tolerance,exception,clean_exact_match|expired_historical_price|incorrect_colour_or_gsm|small_acceptable_price_variation|wrong_price_outside_tolerance,5,N,
PO00152,SHR/PO/2026-08/3729,CUST0144,2026-08-03,Email Excel,Clean Digital,English,INR,90,2026-08-28,Pune,3,new_customer_no_history,medium,new_customer_no_history,1,N,
PO00153,ADV/PO/2026-04/8695,CUST0092,2026-04-02,Email PDF,Clean Digital,English,INR,90,2026-04-27,Indore,2,multiple_possible_sku_matches,hard,minor_naming_variation|multiple_possible_sku_matches,2,N,
PO00154,NIM/PO/2026-06/6871,CUST0034,2026-06-13,Email PDF,Poor Scan / Handwritten,English,INR,90,2026-07-13,Bengaluru,2,poor_quality_document,hard,partial_catalogue_match|poor_quality_document,2,N,
PO00155,NAK/PO/2026-05/2786,CUST0105,2026-05-29,Email PDF,Clean Digital,English,INR,30,2026-07-13,Indore,4,spelling_errors_and_abbreviations,medium,clean_exact_match|minor_naming_variation|spelling_errors_and_abbreviations,3,N,
PO00156,MEG/PO/2026-07/7656,CUST0122,2026-07-27,Email PDF,Clean Digital,English,INR,90,2026-08-26,Pune,6,expired_historical_price,medium,clean_exact_match|expired_historical_price|no_historical_price|spelling_errors_and_abbreviations,4,N,
PO00157,ZEN/PO/2026-08/6877,CUST0041,2026-08-16,Email Excel,Clean Digital,English,INR,0,2026-09-10,Karur,2,ambiguous_product_match,hard,ambiguous_product_match|spelling_errors_and_abbreviations,2,N,
PO00158,VRI/PO/2026-07/2296,CUST0070,2026-07-09,Email PDF,Clean Digital,English,INR,30,2026-07-24,Noida,1,minor_naming_variation,easy,minor_naming_variation,1,N,
PO00159,VAI/PO/2026-08/3889,CUST0081,2026-08-14,Email PDF,Clean Digital,English,INR,60,2026-09-08,Indore,4,spelling_errors_and_abbreviations,medium,clean_exact_match|minor_naming_variation|spelling_errors_and_abbreviations,3,N,
PO00160,PAR/PO/2026-04/2858,CUST0116,2026-04-24,Scanned Copy,Scanned Copy,English,INR,30,2026-06-08,Indore,4,wrong_price_outside_tolerance,exception,incorrect_colour_or_gsm|no_historical_price|wrong_price_outside_tolerance,3,N,
PO00161,YUV/PO/2026-04/6123,CUST0079,2026-04-09,Email Excel,Clean Digital,English,INR,30,2026-05-24,Hyderabad,4,spelling_errors_and_abbreviations,medium,clean_exact_match|minor_naming_variation|spelling_errors_and_abbreviations,3,N,
PO00162,PAR/PO/2026-07/5566,CUST0027,2026-07-19,Portal Upload,Clean Digital,English,INR,60,2026-09-02,Noida,5,multiple_possible_sku_matches,hard,minor_naming_variation|multiple_possible_sku_matches|spelling_errors_and_abbreviations,3,N,
PO00163,RUC/PO/2026-05/6736,CUST0025,2026-05-20,Email PDF,Clean Digital,English,INR,15,2026-07-04,Noida,5,no_historical_price,medium,clean_exact_match|no_historical_price|small_acceptable_price_variation|spelling_errors_and_abbreviations,4,N,
PO00164,RAN/PO/2026-06/2691,CUST0058,2026-06-13,WhatsApp Image,Scanned Copy,English,INR,90,2026-07-28,Indore,8,wrong_unit_of_measure,exception,clean_exact_match|conflicting_information_in_po|minor_naming_variation|multiple_possible_sku_matches|no_historical_price|small_acceptable_price_variation|wrong_unit_of_measure,7,N,
PO00165,CHA/PO/2026-08/976,CUST0137,2026-08-12,Scanned Copy,Scanned Copy,English,INR,30,2026-08-22,Pune,1,spelling_errors_and_abbreviations,medium,spelling_errors_and_abbreviations,1,N,
PO00166,SAM/PO/2026-08/3134,CUST0120,2026-08-02,Email PDF,Clean Digital,English,INR,0,2026-08-17,Mumbai,1,clean_exact_match,easy,clean_exact_match,1,N,
PO00167,OOR/PO/2026-04/930,CUST0074,2026-04-03,Scanned Copy,Scanned Copy,English,INR,0,2026-04-28,Pune,3,multiple_possible_sku_matches,hard,minor_naming_variation|multiple_possible_sku_matches|partial_catalogue_match,3,N,
PO00168,BHA/PO/2026-04/7225,CUST0035,2026-04-05,Email PDF,Clean Digital,English,INR,30,2026-05-20,Bhilwara,4,clean_exact_match,easy,clean_exact_match|minor_naming_variation,2,N,
PO00169,YAS/PO/2026-06/1356,CUST0036,2026-06-30,WhatsApp Image,Scanned Copy,English,INR,30,2026-07-25,Indore,6,spelling_errors_and_abbreviations,medium,clean_exact_match|no_historical_price|spelling_errors_and_abbreviations,3,N,
PO00170,BHA/PO/2026-07/1588,CUST0003,2026-07-31,Email Excel,Clean Digital,English,INR,30,2026-08-10,Hyderabad,2,clean_exact_match,easy,clean_exact_match,1,N,
PO00171,VAS/PO/2026-06/3916,CUST0128,2026-06-06,Email PDF,Clean Digital,English,INR,60,2026-06-21,Kolkata,1,clean_exact_match,easy,clean_exact_match,1,N,
PO00172,VRI/PO/2026-06/6440,CUST0070,2026-06-14,Email PDF,Clean Digital,English,INR,30,2026-07-29,Noida,4,customer_specific_product_code,medium,customer_specific_product_code|minor_naming_variation|spelling_errors_and_abbreviations,3,N,
PO00173,NIR/PO/2026-07/4123,CUST0022,2026-07-08,Email Excel,Poor Scan / Handwritten,English,INR,60,2026-08-07,Erode,3,poor_quality_document,hard,poor_quality_document|spelling_errors_and_abbreviations,2,N,
PO00174,URV/PO/2026-05/9794,CUST0102,2026-05-31,Email PDF,Poor Scan / Handwritten,English,INR,15,2026-07-15,Jaipur,7,conflicting_information_in_po,hard,clean_exact_match|conflicting_information_in_po|expired_historical_price|no_historical_price|poor_quality_document|small_acceptable_price_variation,6,N,
PO00175,PAR/PO/2026-04/3211,CUST0116,2026-04-16,Scanned Copy,Scanned Copy,English + Hindi terms,INR,30,2026-05-06,Indore,1,clean_exact_match,easy,clean_exact_match,1,N,
PO00176,MEG/PO/2026-06/8881,CUST0125,2026-06-21,Scanned Copy,Scanned Copy,English,INR,0,2026-07-21,Mumbai,5,conflicting_information_in_po,hard,conflicting_information_in_po|small_acceptable_price_variation|spelling_errors_and_abbreviations,3,N,
PO00177,JAA/PO/2026-07/5650,CUST0031,2026-07-02,Email Excel,Clean Digital,English + Hindi terms,INR,0,2026-08-16,Mumbai,4,unknown_product,exception,clean_exact_match|minor_naming_variation|spelling_errors_and_abbreviations|unknown_product,4,N,
PO00178,NAK/PO/2026-04/6760,CUST0075,2026-04-26,Email PDF,Clean Digital,English,INR,30,2026-06-10,Bengaluru,8,missing_quantity,exception,clean_exact_match|customer_specific_product_code|minor_naming_variation|missing_quantity|partial_catalogue_match|spelling_errors_and_abbreviations|wrong_price_outside_tolerance,7,N,
PO00179,RAN/PO/2026-05/5170,CUST0058,2026-05-26,WhatsApp Image,Scanned Copy,English,INR,90,2026-07-10,Indore,6,unknown_product,exception,customer_specific_product_code|minor_naming_variation|multiple_possible_sku_matches|unknown_product,4,N,
PO00180,ADV/PO/2026-05/5174,CUST0017,2026-05-15,Email Excel,Clean Digital,English,INR,0,2026-06-29,Karur,8,multiple_possible_sku_matches,hard,clean_exact_match|incorrect_colour_or_gsm|multiple_possible_sku_matches|spelling_errors_and_abbreviations,4,N,
PO00181,AAS/PO/2026-04/456,CUST0057,2026-04-02,Email PDF,Clean Digital,English,INR,0,2026-04-27,Tiruppur,3,expired_historical_price,medium,clean_exact_match|expired_historical_price,2,N,
PO00182,SUR/PO/2026-08/7331,CUST0133,2026-08-14,Email Excel,Clean Digital,English,INR,30,2026-09-28,Pune,3,wrong_price_outside_tolerance,exception,clean_exact_match|expired_historical_price|wrong_price_outside_tolerance,3,N,
PO00183,SAM/PO/2026-06/3894,CUST0120,2026-06-15,Email PDF,Clean Digital,English,INR,0,2026-07-10,Mumbai,5,unknown_product,exception,clean_exact_match|minor_naming_variation|multiple_possible_sku_matches|partial_catalogue_match|unknown_product,5,N,
PO00184,ADV/PO/2026-07/9823,CUST0017,2026-07-30,Email Excel,Clean Digital,English,INR,0,2026-08-29,Karur,3,conflicting_information_in_po,hard,conflicting_information_in_po|incorrect_colour_or_gsm|partial_catalogue_match,3,N,
PO00185,SUR/PO/2026-06/3819,CUST0013,2026-06-19,WhatsApp Image,Scanned Copy,English + Hindi terms,INR,60,2026-08-03,Surat,6,expired_historical_price,medium,clean_exact_match|customer_specific_product_code|expired_historical_price|minor_naming_variation|partial_catalogue_match,5,N,
PO00186,NAK/PO/2026-08/1300,CUST0105,2026-08-03,Email PDF,Clean Digital,English,INR,30,2026-09-17,Indore,10,conflicting_information_in_po,hard,ambiguous_product_match|clean_exact_match|conflicting_information_in_po|minor_naming_variation|partial_catalogue_match|small_acceptable_price_variation|spelling_errors_and_abbreviations,7,N,
PO00187,URV/PO/2026-04/549,CUST0063,2026-04-23,Email PDF,Clean Digital,English,INR,15,2026-05-23,Mumbai,6,no_historical_price,medium,clean_exact_match|minor_naming_variation|no_historical_price|partial_catalogue_match|spelling_errors_and_abbreviations,5,N,
PO00188,RUC/PO/2026-06/4203,CUST0025,2026-06-06,Email PDF,Clean Digital,English,INR,15,2026-07-21,Noida,6,ambiguous_product_match,hard,ambiguous_product_match|clean_exact_match|expired_historical_price|minor_naming_variation,4,N,
PO00189,NIM/PO/2026-06/6815,CUST0034,2026-06-14,Email PDF,Clean Digital,English,INR,90,2026-07-29,Bengaluru,5,customer_specific_product_code,medium,clean_exact_match|customer_specific_product_code|expired_historical_price|minor_naming_variation|partial_catalogue_match,5,N,
PO00190,OOR/PO/2026-08/4727,CUST0119,2026-08-15,Scanned Copy,Scanned Copy,English,INR,15,2026-09-29,Tiruppur,10,ambiguous_product_match,hard,ambiguous_product_match|clean_exact_match|minor_naming_variation|spelling_errors_and_abbreviations,4,N,
PO00191,AMR/PO/2026-08/8711,CUST0043,2026-08-09,Email PDF,Clean Digital,English,INR,0,2026-09-23,Pune,2,clean_exact_match,easy,clean_exact_match,1,N,
PO00192,DEV/PO/2026-05/6009,CUST0104,2026-05-13,Email PDF,Clean Digital,English,INR,60,2026-05-28,Pune,2,no_historical_price,medium,no_historical_price,1,N,
PO00193,MEG/PO/2026-04/2036,CUST0125,2026-04-28,Scanned Copy,Poor Scan / Handwritten,English,INR,0,2026-06-12,Mumbai,12,ambiguous_product_match,hard,ambiguous_product_match|clean_exact_match|conflicting_information_in_po|customer_specific_product_code|expired_historical_price|incorrect_colour_or_gsm|multiple_possible_sku_matches|poor_quality_document|small_acceptable_price_variation|spelling_errors_and_abbreviations,10,N,
PO00194,MAY/PO/2026-08/9766,CUST0053,2026-08-03,Email PDF,Clean Digital,English + Hindi terms,INR,45,2026-09-02,Jaipur,3,conflicting_information_in_po,hard,ambiguous_product_match|conflicting_information_in_po|spelling_errors_and_abbreviations,3,N,
PO00195,MEG/PO/2026-06/1919,CUST0082,2026-06-25,WhatsApp Image,Scanned Copy,English + Hindi terms,INR,30,2026-07-20,Coimbatore,1,no_historical_price,medium,no_historical_price,1,N,
PO00196,ZAR/PO/2026-06/9159,CUST0106,2026-06-29,Email Excel,Clean Digital,English + Hindi terms,INR,30,2026-08-13,Chennai,2,minor_naming_variation,easy,minor_naming_variation|small_acceptable_price_variation,2,N,
PO00197,URV/PO/2026-04/6315,CUST0029,2026-04-01,Email PDF,Clean Digital,English,INR,45,2026-04-16,Bhilwara,1,customer_specific_product_code,medium,customer_specific_product_code,1,N,
PO00198,SUR/PO/2026-05/9820,CUST0013,2026-05-07,WhatsApp Image,Poor Scan / Handwritten,English,INR,60,2026-06-21,Surat,5,wrong_price_outside_tolerance,exception,clean_exact_match|poor_quality_document|small_acceptable_price_variation|spelling_errors_and_abbreviations|wrong_price_outside_tolerance,5,N,
PO00199,JAA/PO/2026-04/1337,CUST0031,2026-04-06,Email Excel,Clean Digital,English,INR,0,2026-05-21,Mumbai,7,conflicting_information_in_po,hard,clean_exact_match|conflicting_information_in_po|minor_naming_variation,3,N,
PO00200,JAA/PO/2026-04/7665,CUST0099,2026-04-26,WhatsApp Image,Poor Scan / Handwritten,English,INR,90,2026-06-10,Hyderabad,3,poor_quality_document,hard,poor_quality_document|spelling_errors_and_abbreviations,2,N,
PO00201,MAY/PO/2026-04/3485,CUST0053,2026-04-18,Email PDF,Clean Digital,English,INR,45,2026-05-18,Jaipur,4,spelling_errors_and_abbreviations,medium,clean_exact_match|customer_specific_product_code|no_historical_price|spelling_errors_and_abbreviations,4,N,
PO00202,DEV/PO/2026-07/6204,CUST0097,2026-07-02,Email PDF,Clean Digital,English,INR,0,2026-08-16,Tiruppur,6,multiple_possible_sku_matches,hard,clean_exact_match|minor_naming_variation|multiple_possible_sku_matches,3,N,
PO00203,UTS/PO/2026-08/2312,CUST0136,2026-08-17,WhatsApp Image,Scanned Copy,English + Hindi terms,INR,0,2026-09-11,New Delhi,4,customer_specific_product_code,medium,clean_exact_match|customer_specific_product_code|spelling_errors_and_abbreviations,3,N,
PO00204,TAN/PO/2026-07/8434,CUST0012,2026-07-29,Email PDF,Clean Digital,English,INR,30,2026-09-12,Ahmedabad,4,ambiguous_product_match,hard,ambiguous_product_match|clean_exact_match|customer_specific_product_code|incorrect_colour_or_gsm,4,N,
PO00205,ANA/PO/2026-07/4386,CUST0056,2026-07-04,Email Excel,Clean Digital,English + Hindi terms,INR,45,2026-07-29,Pune,1,ambiguous_product_match,hard,ambiguous_product_match,1,N,
PO00206,NIR/PO/2026-04/9014,CUST0022,2026-04-28,Email Excel,Clean Digital,English,INR,60,2026-06-12,Erode,2,partial_catalogue_match,medium,partial_catalogue_match|spelling_errors_and_abbreviations,2,N,
PO00207,OJA/PO/2026-05/6016,CUST0111,2026-05-08,Email PDF,Clean Digital,English,INR,30,2026-06-02,Ahmedabad,1,customer_specific_product_code,medium,customer_specific_product_code,1,N,
PO00208,MEG/PO/2026-07/2237,CUST0059,2026-07-25,Email PDF,Clean Digital,English,INR,15,2026-09-08,Pune,8,multiple_possible_sku_matches,hard,customer_specific_product_code|incorrect_colour_or_gsm|minor_naming_variation|multiple_possible_sku_matches|no_historical_price,5,N,
PO00209,OOR/PO/2026-04/9509,CUST0074,2026-04-03,Scanned Copy,Scanned Copy,English + Hindi terms,INR,0,2026-05-03,Pune,1,clean_exact_match,easy,clean_exact_match,1,N,
PO00210,OOR/PO/2026-04/2374,CUST0074,2026-04-21,Scanned Copy,Scanned Copy,English,INR,0,2026-06-05,Pune,6,incorrect_colour_or_gsm,hard,clean_exact_match|customer_specific_product_code|incorrect_colour_or_gsm|small_acceptable_price_variation,4,N,
PO00211,MAN/PO/2026-05/2558,CUST0046,2026-05-12,WhatsApp Image,Poor Scan / Handwritten,English,INR,30,2026-05-27,Panipat,4,poor_quality_document,hard,clean_exact_match|incorrect_colour_or_gsm|multiple_possible_sku_matches|poor_quality_document,4,N,
PO00212,AAR/PO/2026-06/8144,CUST0078,2026-06-02,Email Excel,Clean Digital,English,INR,60,2026-06-17,Ichalkaranji,1,incorrect_colour_or_gsm,hard,incorrect_colour_or_gsm,1,N,
PO00213,KAV/PO/2026-05/6784,CUST0049,2026-05-20,Portal Upload,Clean Digital,English,INR,30,2026-06-14,Bhilwara,6,multiple_possible_sku_matches,hard,expired_historical_price|multiple_possible_sku_matches|partial_catalogue_match|small_acceptable_price_variation|spelling_errors_and_abbreviations,5,N,
PO00214,NIR/PO/2026-05/2734,CUST0114,2026-05-07,Portal Upload,Poor Scan / Handwritten,English,INR,30,2026-06-21,Bhilwara,6,poor_quality_document,hard,customer_specific_product_code|expired_historical_price|incorrect_colour_or_gsm|minor_naming_variation|poor_quality_document|spelling_errors_and_abbreviations,6,N,
PO00215,AMR/PO/2026-08/9921,CUST0043,2026-08-16,Email PDF,Clean Digital,English + Hindi terms,INR,0,2026-09-30,Pune,11,ambiguous_product_match,hard,ambiguous_product_match|clean_exact_match|expired_historical_price|minor_naming_variation|multiple_possible_sku_matches|no_historical_price|partial_catalogue_match|spelling_errors_and_abbreviations,8,N,
PO00216,AAS/PO/2026-05/8908,CUST0057,2026-05-12,Email PDF,Clean Digital,English,INR,0,2026-05-22,Tiruppur,2,partial_catalogue_match,medium,clean_exact_match|partial_catalogue_match,2,N,
PO00217,OJA/PO/2026-04/6739,CUST0131,2026-04-19,Portal Upload,Clean Digital,English,INR,45,2026-06-03,Kolkata,4,partial_catalogue_match,medium,clean_exact_match|minor_naming_variation|partial_catalogue_match,3,N,
PO00218,YUV/PO/2026-04/6970,CUST0006,2026-04-29,Email Excel,Clean Digital,English,INR,30,2026-06-13,Noida,6,ambiguous_product_match,hard,ambiguous_product_match|clean_exact_match|customer_specific_product_code|small_acceptable_price_variation|spelling_errors_and_abbreviations,5,N,
PO00219,YAS/PO/2026-06/5343,CUST0016,2026-06-09,WhatsApp Image,Scanned Copy,English,INR,90,2026-07-24,Surat,4,multiple_possible_sku_matches,hard,clean_exact_match|multiple_possible_sku_matches|no_historical_price|small_acceptable_price_variation,4,N,
PO00220,DEV/PO/2026-08/4267,CUST0104,2026-08-12,Email PDF,Poor Scan / Handwritten,English + Hindi terms,INR,60,2026-09-01,Pune,4,multiple_possible_sku_matches,hard,conflicting_information_in_po|minor_naming_variation|multiple_possible_sku_matches|poor_quality_document,4,N,
PO00221,KAV/PO/2026-06/6734,CUST0118,2026-06-29,Email PDF,Clean Digital,English,INR,60,2026-08-13,Erode,6,multiple_possible_sku_matches,hard,clean_exact_match|customer_specific_product_code|incorrect_colour_or_gsm|minor_naming_variation|multiple_possible_sku_matches|no_historical_price,6,N,
PO00222,PAR/PO/2026-08/5199,CUST0116,2026-08-06,Scanned Copy,Scanned Copy,English,INR,30,2026-09-05,Indore,2,missing_quantity,exception,conflicting_information_in_po|missing_quantity,2,N,
PO00223,DEV/PO/2026-06/1205,CUST0097,2026-06-03,Email PDF,Clean Digital,English,INR,0,2026-06-18,Tiruppur,5,spelling_errors_and_abbreviations,medium,clean_exact_match|expired_historical_price|minor_naming_variation|spelling_errors_and_abbreviations,4,N,
PO00224,NIR/PO/2026-04/6395,CUST0032,2026-04-25,Email PDF,Clean Digital,English,INR,30,2026-05-25,Ludhiana,2,multiple_possible_sku_matches,hard,customer_specific_product_code|multiple_possible_sku_matches,2,N,
PO00225,NAK/PO/2026-06/2539,CUST0075,2026-06-11,Email PDF,Clean Digital,English + Hindi terms,INR,30,2026-07-01,Bengaluru,3,minor_naming_variation,easy,minor_naming_variation|small_acceptable_price_variation,2,N,
PO00226,RAJ/PO/2026-04/9394,CUST0042,2026-04-15,Email Excel,Clean Digital,English + Hindi terms,INR,90,2026-05-30,Bhilwara,3,unusually_large_quantity,exception,clean_exact_match|small_acceptable_price_variation|unusually_large_quantity,3,N,
PO00227,LAK/PO/2026-04/2343,CUST0052,2026-04-06,WhatsApp Image,Scanned Copy,English,INR,45,2026-04-16,Bengaluru,1,clean_exact_match,easy,clean_exact_match,1,N,
PO00228,NAV/PO/2026-08/5184,CUST0115,2026-08-13,WhatsApp Image,Scanned Copy,English,INR,45,2026-09-27,Erode,12,ambiguous_product_match,hard,ambiguous_product_match|clean_exact_match|minor_naming_variation|multiple_possible_sku_matches|no_historical_price|partial_catalogue_match|small_acceptable_price_variation|spelling_errors_and_abbreviations,8,N,
PO00229,OJA/PO/2026-05/4079,CUST0131,2026-05-17,Portal Upload,Clean Digital,English,INR,45,2026-07-01,Kolkata,10,unknown_product,exception,clean_exact_match|expired_historical_price|incorrect_colour_or_gsm|minor_naming_variation|spelling_errors_and_abbreviations|unknown_product,6,N,
PO00230,SUR/PO/2026-05/8357,CUST0133,2026-05-20,Email Excel,Clean Digital,English,INR,30,2026-07-04,Pune,2,multiple_possible_sku_matches,hard,multiple_possible_sku_matches|small_acceptable_price_variation,2,N,
PO00231,YAS/PO/2026-07/2467,CUST0036,2026-07-29,WhatsApp Image,Poor Scan / Handwritten,English,INR,30,2026-09-12,Indore,1,poor_quality_document,hard,poor_quality_document,1,N,
PO00232,SHR/PO/2026-06/8802,CUST0028,2026-06-17,Email Excel,Poor Scan / Handwritten,English,INR,60,2026-08-01,Indore,6,ambiguous_product_match,hard,ambiguous_product_match|minor_naming_variation|no_historical_price|poor_quality_document|spelling_errors_and_abbreviations,5,N,
PO00233,JAA/PO/2026-08/3900,CUST0031,2026-08-06,Email Excel,Clean Digital,English,INR,0,2026-09-05,Mumbai,1,multiple_possible_sku_matches,hard,multiple_possible_sku_matches,1,N,
PO00234,MAN/PO/2026-07/2794,CUST0132,2026-07-16,Portal Upload,Poor Scan / Handwritten,English,INR,60,2026-08-30,Chennai,2,poor_quality_document,hard,expired_historical_price|poor_quality_document,2,N,
PO00235,HAR/PO/2026-04/9138,CUST0083,2026-04-02,Portal Upload,Clean Digital,English,INR,15,2026-05-17,Surat,7,minor_naming_variation,easy,minor_naming_variation|small_acceptable_price_variation,2,N,
PO00236,NIM/PO/2026-05/1099,CUST0030,2026-05-21,Email PDF,Clean Digital,English,INR,60,2026-06-20,Erode,1,ambiguous_product_match,hard,ambiguous_product_match,1,N,
PO00237,UTS/PO/2026-04/7479,CUST0021,2026-04-19,Email Excel,Clean Digital,English,INR,15,2026-05-19,Kolkata,7,incorrect_colour_or_gsm,hard,clean_exact_match|incorrect_colour_or_gsm|minor_naming_variation|small_acceptable_price_variation|spelling_errors_and_abbreviations,5,N,
PO00238,LAK/PO/2026-04/5954,CUST0052,2026-04-08,WhatsApp Image,Scanned Copy,English,INR,45,2026-05-23,Bengaluru,5,no_historical_price,medium,clean_exact_match|minor_naming_variation|no_historical_price|spelling_errors_and_abbreviations,4,N,
PO00239,MEG/PO/2026-07/9271,CUST0122,2026-07-15,Email PDF,Clean Digital,English,INR,90,2026-08-14,Pune,2,ambiguous_product_match,hard,ambiguous_product_match|clean_exact_match,2,N,
PO00240,MAN/PO/2026-05/5893,CUST0103,2026-05-23,WhatsApp Image,Scanned Copy,English + Hindi terms,INR,15,2026-07-07,Bengaluru,6,ambiguous_product_match,hard,ambiguous_product_match|conflicting_information_in_po|expired_historical_price|minor_naming_variation,4,N,
PO00241,DEV/PO/2026-07/217,CUST0088,2026-07-26,Scanned Copy,Scanned Copy,English,INR,0,2026-08-05,Ludhiana,1,spelling_errors_and_abbreviations,medium,spelling_errors_and_abbreviations,1,N,
PO00242,UTS/PO/2026-04/6793,CUST0068,2026-04-24,Email Excel,Clean Digital,English,INR,45,2026-05-19,Ahmedabad,3,unknown_product,exception,clean_exact_match|spelling_errors_and_abbreviations|unknown_product,3,N,
PO00243,OJA/PO/2026-06/6050,CUST0111,2026-06-09,Email PDF,Clean Digital,English,INR,30,2026-07-24,Ahmedabad,4,conflicting_information_in_po,hard,clean_exact_match|conflicting_information_in_po|minor_naming_variation,3,N,
PO00244,SAN/PO/2026-08/3567,CUST0085,2026-08-15,Email PDF,Clean Digital,English,INR,15,2026-09-14,Hyderabad,2,clean_exact_match,easy,clean_exact_match,1,N,
PO00245,MAY/PO/2026-04/8334,CUST0053,2026-04-29,Email PDF,Clean Digital,English,INR,45,2026-05-19,Jaipur,3,incorrect_colour_or_gsm,hard,clean_exact_match|incorrect_colour_or_gsm|minor_naming_variation,3,N,
PO00246,MAN/PO/2026-07/1867,CUST0054,2026-07-16,WhatsApp Image,Scanned Copy,English,INR,90,2026-08-30,Bhilwara,4,unknown_product,exception,clean_exact_match|minor_naming_variation|spelling_errors_and_abbreviations|unknown_product,4,N,
PO00247,MEG/PO/2026-07/8505,CUST0122,2026-07-06,Email PDF,Clean Digital,English,INR,90,2026-08-20,Pune,6,wrong_price_outside_tolerance,exception,ambiguous_product_match|clean_exact_match|no_historical_price|spelling_errors_and_abbreviations|wrong_price_outside_tolerance,5,N,
PO00248,DEV/PO/2026-07/6109,CUST0096,2026-07-31,Email PDF,Poor Scan / Handwritten,English,INR,0,2026-09-14,New Delhi,10,unusually_large_quantity,exception,clean_exact_match|conflicting_information_in_po|minor_naming_variation|poor_quality_document|spelling_errors_and_abbreviations|unusually_large_quantity,6,N,
PO00249,SAA/PO/2026-07/5827,CUST0148,2026-07-10,Email Excel,Clean Digital,English + Hindi terms,INR,60,2026-08-24,Ichalkaranji,3,unknown_product,exception,new_customer_no_history|unknown_product,2,N,
PO00250,VRI/PO/2026-07/2853,CUST0098,2026-07-14,Email PDF,Clean Digital,English,INR,30,2026-08-28,Bengaluru,3,spelling_errors_and_abbreviations,medium,clean_exact_match|spelling_errors_and_abbreviations,2,N,
PO00251,TAN/PO/2026-07/6093,CUST0072,2026-07-02,Email PDF,Poor Scan / Handwritten,English,INR,30,2026-08-16,New Delhi,12,unknown_product,exception,ambiguous_product_match|clean_exact_match|minor_naming_variation|multiple_possible_sku_matches|no_historical_price|poor_quality_document|small_acceptable_price_variation|spelling_errors_and_abbreviations|unknown_product,9,N,
PO00252,DHR/PO/2026-05/5830,CUST0094,2026-05-30,Portal Upload,Clean Digital,English,INR,30,2026-07-14,Erode,10,wrong_unit_of_measure,exception,clean_exact_match|customer_specific_product_code|incorrect_colour_or_gsm|minor_naming_variation|spelling_errors_and_abbreviations|wrong_unit_of_measure,6,N,
PO00253,URV/PO/2026-06/7401,CUST0063,2026-06-18,Email PDF,Clean Digital,English + Hindi terms,INR,15,2026-07-13,Mumbai,2,expired_historical_price,medium,clean_exact_match|expired_historical_price,2,N,
PO00254,BHA/PO/2026-06/434,CUST0108,2026-06-01,Scanned Copy,Scanned Copy,English,INR,15,2026-07-16,Jaipur,5,expired_historical_price,medium,clean_exact_match|customer_specific_product_code|expired_historical_price|small_acceptable_price_variation|spelling_errors_and_abbreviations,5,N,
PO00255,SAM/PO/2026-08/8537,CUST0084,2026-08-19,Email Excel,Clean Digital,English,INR,30,2026-09-18,Indore,3,spelling_errors_and_abbreviations,medium,clean_exact_match|minor_naming_variation|spelling_errors_and_abbreviations,3,N,
PO00256,ADV/PO/2026-05/5951,CUST0127,2026-05-30,Email PDF,Clean Digital,English,INR,30,2026-06-24,Bhilwara,3,spelling_errors_and_abbreviations,medium,clean_exact_match|spelling_errors_and_abbreviations,2,N,
PO00257,CHA/PO/2026-06/1823,CUST0060,2026-06-06,Portal Upload,Clean Digital,English,INR,15,2026-07-21,New Delhi,3,partial_catalogue_match,medium,minor_naming_variation|partial_catalogue_match,2,N,
PO00258,HAR/PO/2026-06/7663,CUST0083,2026-06-19,Portal Upload,Clean Digital,English,INR,15,2026-07-04,Surat,4,missing_quantity,exception,customer_specific_product_code|missing_quantity|partial_catalogue_match,3,N,
PO00259,NAK/PO/2026-05/1588,CUST0075,2026-05-21,Email PDF,Clean Digital,English,INR,30,2026-07-05,Bengaluru,6,wrong_price_outside_tolerance,exception,clean_exact_match|customer_specific_product_code|spelling_errors_and_abbreviations|wrong_price_outside_tolerance,4,N,
PO00260,TAN/PO/2026-04/2553,CUST0076,2026-04-16,Email PDF,Clean Digital,English + Hindi terms,INR,0,2026-05-31,Panipat,8,unknown_product,exception,ambiguous_product_match|clean_exact_match|customer_specific_product_code|partial_catalogue_match|spelling_errors_and_abbreviations|unknown_product,6,N,
PO00261,SAA/PO/2026-08/7697,CUST0121,2026-08-02,Scanned Copy,Poor Scan / Handwritten,English,INR,15,2026-08-27,Panipat,2,poor_quality_document,hard,poor_quality_document|spelling_errors_and_abbreviations,2,N,
PO00262,CHA/PO/2026-05/3367,CUST0060,2026-05-16,Portal Upload,Clean Digital,English,INR,15,2026-06-30,New Delhi,3,ambiguous_product_match,hard,ambiguous_product_match|customer_specific_product_code|spelling_errors_and_abbreviations,3,N,
PO00263,PAR/PO/2026-04/2570,CUST0116,2026-04-13,Scanned Copy,Scanned Copy,English,INR,30,2026-05-28,Indore,3,incorrect_colour_or_gsm,hard,ambiguous_product_match|incorrect_colour_or_gsm|minor_naming_variation,3,N,
PO00264,CHH/PO/2026-07/3800,CUST0149,2026-07-22,Portal Upload,Clean Digital,English + Hindi terms,INR,0,2026-08-21,Ichalkaranji,1,new_customer_no_history,medium,new_customer_no_history,1,N,
PO00265,JAA/PO/2026-06/293,CUST0031,2026-06-15,Email Excel,Poor Scan / Handwritten,English,INR,0,2026-07-15,Mumbai,8,unusually_large_quantity,exception,clean_exact_match|poor_quality_document|small_acceptable_price_variation|spelling_errors_and_abbreviations|unusually_large_quantity|wrong_price_outside_tolerance,6,N,
PO00266,CHA/PO/2026-07/3082,CUST0060,2026-07-08,Portal Upload,Poor Scan / Handwritten,English,INR,15,2026-08-22,New Delhi,8,poor_quality_document,hard,ambiguous_product_match|clean_exact_match|customer_specific_product_code|incorrect_colour_or_gsm|poor_quality_document|spelling_errors_and_abbreviations,6,N,
PO00267,SHR/PO/2026-07/4147,CUST0028,2026-07-20,Email Excel,Clean Digital,English,INR,60,2026-08-19,Indore,3,clean_exact_match,easy,clean_exact_match|minor_naming_variation|small_acceptable_price_variation,3,N,
PO00268,OJA/PO/2026-07/1711,CUST0018,2026-07-13,Scanned Copy,Scanned Copy,English + Hindi terms,INR,15,2026-08-12,Ludhiana,5,wrong_price_outside_tolerance,exception,clean_exact_match|customer_specific_product_code|minor_naming_variation|small_acceptable_price_variation|wrong_price_outside_tolerance,5,N,
PO00269,KRI/PO/2026-07/7077,CUST0008,2026-07-02,Email Excel,Clean Digital,English,INR,0,2026-08-16,Bengaluru,4,customer_specific_product_code,medium,clean_exact_match|customer_specific_product_code|minor_naming_variation|small_acceptable_price_variation,4,N,
PO00270,NAK/PO/2026-05/4608,CUST0105,2026-05-05,Email PDF,Clean Digital,English,INR,30,2026-06-19,Indore,8,wrong_price_outside_tolerance,exception,clean_exact_match|missing_quantity|small_acceptable_price_variation|spelling_errors_and_abbreviations|wrong_price_outside_tolerance|wrong_unit_of_measure,6,N,
PO00271,AAR/PO/2026-04/8140,CUST0078,2026-04-16,Email Excel,Clean Digital,English,INR,60,2026-05-16,Ichalkaranji,7,multiple_possible_sku_matches,hard,ambiguous_product_match|clean_exact_match|minor_naming_variation|multiple_possible_sku_matches,4,N,
PO00272,ZEN/PO/2026-05/5738,CUST0050,2026-05-12,Email PDF,Poor Scan / Handwritten,English,INR,0,2026-06-11,Pune,3,incorrect_colour_or_gsm,hard,conflicting_information_in_po|incorrect_colour_or_gsm|poor_quality_document,3,N,
PO00273,OOR/PO/2026-06/7009,CUST0069,2026-06-27,Email PDF,Clean Digital,English + Hindi terms,INR,90,2026-07-27,Chennai,3,clean_exact_match,easy,clean_exact_match|small_acceptable_price_variation,2,N,
PO00274,SAA/PO/2026-06/9605,CUST0044,2026-06-01,Email PDF,Clean Digital,English,INR,90,2026-07-16,Surat,3,multiple_possible_sku_matches,hard,clean_exact_match|customer_specific_product_code|multiple_possible_sku_matches,3,N,
PO00275,NIM/PO/2026-07/4547,CUST0030,2026-07-19,Email PDF,Clean Digital,English,INR,60,2026-09-02,Erode,8,malformed_incomplete_order,exception,ambiguous_product_match|clean_exact_match|malformed_incomplete_order|minor_naming_variation|missing_quantity|multiple_possible_sku_matches|partial_catalogue_match|wrong_unit_of_measure,8,N,
PO00276,VRI/PO/2026-06/115,CUST0070,2026-06-12,Email PDF,Clean Digital,English + Hindi terms,INR,30,2026-07-27,Noida,2,spelling_errors_and_abbreviations,medium,clean_exact_match|spelling_errors_and_abbreviations,2,N,
PO00277,NIM/PO/2026-07/2824,CUST0030,2026-07-19,Email PDF,Clean Digital,English + Hindi terms,INR,60,2026-08-18,Erode,7,incorrect_colour_or_gsm,hard,incorrect_colour_or_gsm|minor_naming_variation|no_historical_price|partial_catalogue_match|small_acceptable_price_variation|spelling_errors_and_abbreviations,6,N,
PO00278,KES/PO/2026-04/3363,CUST0141,2026-04-17,Email PDF,Clean Digital,English + Hindi terms,INR,30,2026-06-01,Bengaluru,5,unknown_product,exception,new_customer_no_history|unknown_product,2,N,
PO00279,TEJ/PO/2026-08/2761,CUST0005,2026-08-12,Email PDF,Clean Digital,English,INR,45,2026-09-06,Mumbai,2,customer_specific_product_code,medium,clean_exact_match|customer_specific_product_code,2,N,
PO00280,ZEN/PO/2026-04/7235,CUST0041,2026-04-08,Email Excel,Clean Digital,English + Hindi terms,INR,0,2026-05-08,Karur,6,missing_quantity,exception,minor_naming_variation|missing_quantity|partial_catalogue_match|spelling_errors_and_abbreviations,4,N,
PO00281,SAA/PO/2026-06/4189,CUST0044,2026-06-28,Email PDF,Clean Digital,English + Hindi terms,INR,90,2026-07-28,Surat,3,ambiguous_product_match,hard,ambiguous_product_match|clean_exact_match|no_historical_price,3,N,
PO00282,NIM/PO/2026-07/4511,CUST0034,2026-07-20,Email PDF,Clean Digital,English,INR,90,2026-09-03,Bengaluru,4,incorrect_colour_or_gsm,hard,clean_exact_match|customer_specific_product_code|incorrect_colour_or_gsm,3,N,
PO00283,NIM/PO/2026-07/5978,CUST0030,2026-07-14,Email PDF,Clean Digital,English + Hindi terms,INR,60,2026-07-29,Erode,1,multiple_possible_sku_matches,hard,multiple_possible_sku_matches,1,N,
PO00284,ANA/PO/2026-07/3983,CUST0100,2026-07-13,Scanned Copy,Scanned Copy,English,INR,15,2026-08-27,Ludhiana,6,incorrect_colour_or_gsm,hard,clean_exact_match|conflicting_information_in_po|customer_specific_product_code|incorrect_colour_or_gsm|minor_naming_variation,5,N,
PO00285,ZEN/PO/2026-06/8490,CUST0050,2026-06-19,Email PDF,Clean Digital,English,INR,0,2026-07-04,Pune,1,unusually_large_quantity,exception,unusually_large_quantity,1,N,
PO00286,UTS/PO/2026-06/5597,CUST0136,2026-06-01,WhatsApp Image,Scanned Copy,English,INR,0,2026-07-16,New Delhi,6,wrong_unit_of_measure,exception,clean_exact_match|no_historical_price|partial_catalogue_match|spelling_errors_and_abbreviations|wrong_unit_of_measure,5,N,
PO00287,VAI/PO/2026-07/6317,CUST0064,2026-07-30,Email PDF,Clean Digital,English,INR,30,2026-09-13,Hyderabad,7,conflicting_information_in_po,hard,clean_exact_match|conflicting_information_in_po|minor_naming_variation|multiple_possible_sku_matches|spelling_errors_and_abbreviations,5,N,
PO00288,NAV/PO/2026-04/1467,CUST0033,2026-04-26,Email Excel,Clean Digital,English,INR,30,2026-06-10,Ichalkaranji,7,wrong_price_outside_tolerance,exception,clean_exact_match|expired_historical_price|small_acceptable_price_variation|spelling_errors_and_abbreviations|unusually_large_quantity|wrong_price_outside_tolerance,6,N,
PO00289,MAN/PO/2026-04/3826,CUST0054,2026-04-04,WhatsApp Image,Scanned Copy,English,INR,90,2026-04-29,Bhilwara,5,spelling_errors_and_abbreviations,medium,clean_exact_match|expired_historical_price|minor_naming_variation|spelling_errors_and_abbreviations,4,N,
PO00290,BHO/PO/2026-06/5552,CUST0015,2026-06-13,WhatsApp Image,Poor Scan / Handwritten,English,INR,30,2026-07-08,Ludhiana,4,conflicting_information_in_po,hard,clean_exact_match|conflicting_information_in_po|poor_quality_document|spelling_errors_and_abbreviations,4,N,
PO00291,GIR/PO/2026-04/6025,CUST0090,2026-04-05,Portal Upload,Clean Digital,English,INR,0,2026-05-20,Noida,11,wrong_price_outside_tolerance,exception,clean_exact_match|conflicting_information_in_po|customer_specific_product_code|minor_naming_variation|multiple_possible_sku_matches|no_historical_price|wrong_price_outside_tolerance,7,N,
PO00292,SAN/PO/2026-06/4671,CUST0085,2026-06-05,Email PDF,Clean Digital,English,INR,15,2026-06-30,Hyderabad,4,wrong_price_outside_tolerance,exception,ambiguous_product_match|incorrect_colour_or_gsm|wrong_price_outside_tolerance,3,N,
PO00293,BHA/PO/2026-05/4630,CUST0003,2026-05-27,Email Excel,Poor Scan / Handwritten,English,INR,30,2026-06-26,Hyderabad,12,poor_quality_document,hard,ambiguous_product_match|clean_exact_match|customer_specific_product_code|multiple_possible_sku_matches|partial_catalogue_match|poor_quality_document|small_acceptable_price_variation|spelling_errors_and_abbreviations,8,N,
PO00294,UTS/PO/2026-06/6336,CUST0040,2026-06-01,Email PDF,Clean Digital,English,INR,60,2026-06-11,Bengaluru,1,customer_specific_product_code,medium,customer_specific_product_code,1,N,
PO00295,UTS/PO/2026-06/8726,CUST0040,2026-06-02,Email PDF,Clean Digital,English + Hindi terms,INR,60,2026-06-22,Bengaluru,1,no_historical_price,medium,no_historical_price,1,N,
PO00296,ANA/PO/2026-04/1995,CUST0100,2026-04-15,Scanned Copy,Scanned Copy,English + Hindi terms,INR,15,2026-05-30,Ludhiana,6,partial_catalogue_match,medium,clean_exact_match|minor_naming_variation|no_historical_price|partial_catalogue_match|spelling_errors_and_abbreviations,5,N,
PO00297,TAN/PO/2026-05/632,CUST0012,2026-05-12,Email PDF,Clean Digital,English + Hindi terms,INR,30,2026-06-06,Ahmedabad,3,partial_catalogue_match,medium,clean_exact_match|partial_catalogue_match,2,N,
PO00298,AAR/PO/2026-06/2376,CUST0078,2026-06-25,Email Excel,Clean Digital,English,INR,60,2026-08-09,Ichalkaranji,1,multiple_possible_sku_matches,hard,multiple_possible_sku_matches,1,N,
PO00299,JAA/PO/2026-05/6903,CUST0099,2026-05-05,WhatsApp Image,Scanned Copy,English,INR,90,2026-05-25,Hyderabad,2,incorrect_colour_or_gsm,hard,incorrect_colour_or_gsm|partial_catalogue_match,2,N,
PO00300,MEG/PO/2026-07/3933,CUST0089,2026-07-16,Email PDF,Clean Digital,English,INR,45,2026-08-30,Coimbatore,7,partial_catalogue_match,medium,clean_exact_match|minor_naming_variation|partial_catalogue_match|spelling_errors_and_abbreviations,4,N,
PO00301,UTS/PO/2026-07/4062,CUST0040,2026-07-23,Email PDF,Clean Digital,English + Hindi terms,INR,60,2026-08-22,Bengaluru,2,conflicting_information_in_po,hard,conflicting_information_in_po|partial_catalogue_match,2,N,
PO00302,BHA/PO/2026-07/2265,CUST0108,2026-07-28,Scanned Copy,Scanned Copy,English,INR,15,2026-09-11,Jaipur,4,conflicting_information_in_po,hard,clean_exact_match|conflicting_information_in_po|expired_historical_price|partial_catalogue_match,4,N,
PO00303,KRI/PO/2026-06/3484,CUST0086,2026-06-28,WhatsApp Image,Scanned Copy,English,INR,60,2026-07-28,Indore,3,wrong_unit_of_measure,exception,incorrect_colour_or_gsm|spelling_errors_and_abbreviations|wrong_unit_of_measure,3,N,
PO00304,URV/PO/2026-04/1226,CUST0029,2026-04-18,Email PDF,Clean Digital,English,INR,45,2026-06-02,Bhilwara,1,minor_naming_variation,easy,minor_naming_variation,1,N,
PO00305,YAS/PO/2026-07/3368,CUST0138,2026-07-06,Email Excel,Clean Digital,English,INR,30,2026-08-20,Ahmedabad,3,new_customer_no_history,medium,new_customer_no_history,1,N,
PO00306,MAN/PO/2026-08/6817,CUST0046,2026-08-06,WhatsApp Image,Scanned Copy,English + Hindi terms,INR,30,2026-09-20,Panipat,6,incorrect_colour_or_gsm,hard,conflicting_information_in_po|incorrect_colour_or_gsm|minor_naming_variation|spelling_errors_and_abbreviations,4,N,
PO00307,GIR/PO/2026-06/1494,CUST0135,2026-06-07,Email Excel,Clean Digital,English,INR,30,2026-07-22,Ichalkaranji,7,missing_quantity,exception,clean_exact_match|minor_naming_variation|missing_quantity|multiple_possible_sku_matches|no_historical_price|wrong_unit_of_measure,6,N,
PO00308,SAN/PO/2026-08/2148,CUST0093,2026-08-16,Email PDF,Clean Digital,English,INR,15,2026-09-30,Coimbatore,5,unknown_product,exception,clean_exact_match|conflicting_information_in_po|spelling_errors_and_abbreviations|unknown_product|wrong_unit_of_measure,5,N,
PO00309,SUR/PO/2026-07/5206,CUST0110,2026-07-31,Email PDF,Clean Digital,English,INR,30,2026-09-14,Tiruppur,5,unknown_product,exception,clean_exact_match|conflicting_information_in_po|small_acceptable_price_variation|spelling_errors_and_abbreviations|unknown_product,5,N,
PO00310,GIR/PO/2026-06/3213,CUST0135,2026-06-21,Email Excel,Clean Digital,English,INR,30,2026-08-05,Ichalkaranji,3,ambiguous_product_match,hard,ambiguous_product_match|clean_exact_match,2,N,
PO00311,MAN/PO/2026-08/7497,CUST0046,2026-08-07,WhatsApp Image,Scanned Copy,English + Hindi terms,INR,30,2026-09-21,Panipat,3,incorrect_colour_or_gsm,hard,expired_historical_price|incorrect_colour_or_gsm|partial_catalogue_match,3,N,
PO00312,BHO/PO/2026-06/1241,CUST0080,2026-06-14,Email PDF,Poor Scan / Handwritten,English,INR,30,2026-07-29,Ichalkaranji,5,poor_quality_document,hard,clean_exact_match|partial_catalogue_match|poor_quality_document|spelling_errors_and_abbreviations,4,N,
PO00313,NIR/PO/2026-07/5719,CUST0022,2026-07-01,Email Excel,Clean Digital,English,INR,60,2026-07-21,Erode,3,ambiguous_product_match,hard,ambiguous_product_match|minor_naming_variation|multiple_possible_sku_matches,3,N,
PO00314,ADV/PO/2026-05/1666,CUST0129,2026-05-01,Email Excel,Clean Digital,English + Hindi terms,INR,30,2026-06-15,Bengaluru,8,wrong_price_outside_tolerance,exception,ambiguous_product_match|clean_exact_match|customer_specific_product_code|incorrect_colour_or_gsm|partial_catalogue_match|small_acceptable_price_variation|wrong_price_outside_tolerance,7,N,
PO00315,ADV/PO/2026-05/4659,CUST0129,2026-05-05,Email Excel,Clean Digital,English + Hindi terms,INR,30,2026-05-25,Bengaluru,2,ambiguous_product_match,hard,ambiguous_product_match|clean_exact_match,2,N,
PO00316,UTS/PO/2026-07/8167,CUST0021,2026-07-13,Email Excel,Clean Digital,English,INR,15,2026-08-27,Kolkata,3,wrong_price_outside_tolerance,exception,clean_exact_match|minor_naming_variation|wrong_price_outside_tolerance,3,N,
PO00317,BHA/PO/2026-06/6004,CUST0108,2026-06-18,Scanned Copy,Scanned Copy,English + Hindi terms,INR,15,2026-07-18,Jaipur,1,ambiguous_product_match,hard,ambiguous_product_match,1,N,
PO00318,MEG/PO/2026-06/8360,CUST0082,2026-06-29,WhatsApp Image,Scanned Copy,English + Hindi terms,INR,30,2026-08-13,Coimbatore,6,multiple_possible_sku_matches,hard,clean_exact_match|customer_specific_product_code|minor_naming_variation|multiple_possible_sku_matches|no_historical_price,5,N,
PO00319,RAJ/PO/2026-05/5307,CUST0042,2026-05-08,Email Excel,Poor Scan / Handwritten,English,INR,90,2026-05-28,Bhilwara,4,multiple_possible_sku_matches,hard,clean_exact_match|customer_specific_product_code|multiple_possible_sku_matches|poor_quality_document,4,N,
PO00320,KAN/PO/2026-06/1054,CUST0101,2026-06-13,Email PDF,Clean Digital,English,INR,30,2026-07-08,Tiruppur,3,unknown_product,exception,clean_exact_match|unknown_product,2,N,
PO00321,BHA/PO/2026-05/1556,CUST0003,2026-05-20,Email Excel,Poor Scan / Handwritten,English,INR,30,2026-07-04,Hyderabad,1,poor_quality_document,hard,poor_quality_document,1,N,
PO00322,EKA/PO/2026-04/5821,CUST0146,2026-04-27,WhatsApp Image,Scanned Copy,English,INR,45,2026-05-27,New Delhi,4,unknown_product,exception,new_customer_no_history|unknown_product,2,N,
PO00323,KAV/PO/2026-05/8378,CUST0107,2026-05-13,Email PDF,Clean Digital,English + Hindi terms,INR,90,2026-06-12,Mumbai,5,conflicting_information_in_po,hard,ambiguous_product_match|clean_exact_match|conflicting_information_in_po|minor_naming_variation,4,N,
PO00324,AAR/PO/2026-04/948,CUST0078,2026-04-23,Email Excel,Clean Digital,English,INR,60,2026-06-07,Ichalkaranji,7,incorrect_colour_or_gsm,hard,clean_exact_match|customer_specific_product_code|incorrect_colour_or_gsm|partial_catalogue_match|spelling_errors_and_abbreviations,5,N,
PO00325,MEG/PO/2026-06/4151,CUST0059,2026-06-06,Email PDF,Clean Digital,English,INR,15,2026-07-21,Pune,7,multiple_possible_sku_matches,hard,clean_exact_match|minor_naming_variation|multiple_possible_sku_matches|no_historical_price|partial_catalogue_match|spelling_errors_and_abbreviations,6,N,
PO00326,ESH/PO/2026-05/1865,CUST0001,2026-05-10,Email Excel,Poor Scan / Handwritten,English,INR,45,2026-06-24,Mumbai,6,ambiguous_product_match,hard,ambiguous_product_match|clean_exact_match|customer_specific_product_code|minor_naming_variation|poor_quality_document|spelling_errors_and_abbreviations,6,N,
PO00327,YAS/PO/2026-05/2813,CUST0124,2026-05-19,Portal Upload,Clean Digital,English,INR,60,2026-06-18,Pune,6,unknown_product,exception,conflicting_information_in_po|no_historical_price|small_acceptable_price_variation|spelling_errors_and_abbreviations|unknown_product,5,N,
PO00328,OJA/PO/2026-07/4251,CUST0131,2026-07-07,Portal Upload,Clean Digital,English,INR,45,2026-08-21,Kolkata,6,wrong_unit_of_measure,exception,clean_exact_match|minor_naming_variation|small_acceptable_price_variation|wrong_unit_of_measure,4,N,
PO00329,SAN/PO/2026-05/7210,CUST0095,2026-05-31,Email PDF,Clean Digital,English,INR,60,2026-06-20,Bengaluru,1,wrong_price_outside_tolerance,exception,wrong_price_outside_tolerance,1,N,
PO00330,OOR/PO/2026-05/9053,CUST0074,2026-05-08,Scanned Copy,Scanned Copy,English + Hindi terms,INR,0,2026-06-07,Pune,8,ambiguous_product_match,hard,ambiguous_product_match|clean_exact_match|customer_specific_product_code|minor_naming_variation|spelling_errors_and_abbreviations,5,N,
PO00331,NIM/PO/2026-08/9715,CUST0030,2026-08-10,Email PDF,Clean Digital,English,INR,60,2026-09-24,Erode,7,malformed_incomplete_order,exception,clean_exact_match|conflicting_information_in_po|customer_specific_product_code|malformed_incomplete_order|multiple_possible_sku_matches|spelling_errors_and_abbreviations,6,N,
PO00332,NIR/PO/2026-04/7654,CUST0117,2026-04-26,Email PDF,Clean Digital,English,INR,90,2026-06-10,Bengaluru,10,unknown_product,exception,ambiguous_product_match|clean_exact_match|minor_naming_variation|partial_catalogue_match|small_acceptable_price_variation|spelling_errors_and_abbreviations|unknown_product,7,N,
PO00333,NAK/PO/2026-04/6216,CUST0075,2026-04-13,Email PDF,Clean Digital,English + Hindi terms,INR,30,2026-05-28,Bengaluru,5,ambiguous_product_match,hard,ambiguous_product_match|clean_exact_match|incorrect_colour_or_gsm|no_historical_price,4,N,
PO00334,URV/PO/2026-08/3989,CUST0102,2026-08-10,Email PDF,Clean Digital,English,INR,15,2026-09-24,Jaipur,3,partial_catalogue_match,medium,clean_exact_match|partial_catalogue_match|small_acceptable_price_variation,3,N,
PO00335,MAN/PO/2026-07/7601,CUST0046,2026-07-24,WhatsApp Image,Scanned Copy,English,INR,30,2026-08-23,Panipat,6,conflicting_information_in_po,hard,clean_exact_match|conflicting_information_in_po|expired_historical_price|no_historical_price|small_acceptable_price_variation|spelling_errors_and_abbreviations,6,N,
PO00336,ADV/PO/2026-04/433,CUST0017,2026-04-21,Email Excel,Poor Scan / Handwritten,English,INR,0,2026-06-05,Karur,6,wrong_price_outside_tolerance,exception,clean_exact_match|expired_historical_price|poor_quality_document|wrong_price_outside_tolerance,4,N,
PO00337,FAL/PO/2026-07/884,CUST0061,2026-07-07,Portal Upload,Clean Digital,English,INR,60,2026-08-06,Erode,2,no_historical_price,medium,clean_exact_match|no_historical_price,2,N,
PO00338,PAR/PO/2026-06/3649,CUST0116,2026-06-28,Scanned Copy,Poor Scan / Handwritten,English + Hindi terms,INR,30,2026-07-23,Indore,5,poor_quality_document,hard,clean_exact_match|no_historical_price|poor_quality_document|spelling_errors_and_abbreviations,4,N,
PO00339,TAN/PO/2026-07/7298,CUST0072,2026-07-11,Email PDF,Clean Digital,English + Hindi terms,INR,30,2026-08-10,New Delhi,6,multiple_possible_sku_matches,hard,conflicting_information_in_po|expired_historical_price|minor_naming_variation|multiple_possible_sku_matches|partial_catalogue_match|spelling_errors_and_abbreviations,6,N,
PO00340,RID/PO/2026-04/9979,CUST0045,2026-04-07,Portal Upload,Clean Digital,English,INR,30,2026-05-07,Karur,3,incorrect_colour_or_gsm,hard,expired_historical_price|incorrect_colour_or_gsm,2,N,
PO00341,FAL/PO/2026-07/5974,CUST0061,2026-07-07,Portal Upload,Clean Digital,English,INR,60,2026-08-21,Erode,3,wrong_price_outside_tolerance,exception,ambiguous_product_match|no_historical_price|wrong_price_outside_tolerance,3,N,
PO00342,CHA/PO/2026-07/9876,CUST0137,2026-07-12,Scanned Copy,Scanned Copy,English,INR,30,2026-08-11,Pune,4,unknown_product,exception,clean_exact_match|minor_naming_variation|spelling_errors_and_abbreviations|unknown_product,4,N,
PO00343,OJA/PO/2026-05/143,CUST0131,2026-05-31,Portal Upload,Clean Digital,English + Hindi terms,INR,45,2026-07-15,Kolkata,5,incorrect_colour_or_gsm,hard,customer_specific_product_code|incorrect_colour_or_gsm|no_historical_price,3,N,
PO00344,TAN/PO/2026-04/7266,CUST0072,2026-04-05,Email PDF,Clean Digital,English,INR,30,2026-04-30,New Delhi,6,wrong_unit_of_measure,exception,ambiguous_product_match|clean_exact_match|incorrect_colour_or_gsm|minor_naming_variation|multiple_possible_sku_matches|wrong_unit_of_measure,6,N,
PO00345,KAV/PO/2026-08/1552,CUST0107,2026-08-03,Email PDF,Poor Scan / Handwritten,English,INR,90,2026-09-17,Mumbai,11,wrong_price_outside_tolerance,exception,clean_exact_match|conflicting_information_in_po|expired_historical_price|minor_naming_variation|multiple_possible_sku_matches|no_historical_price|partial_catalogue_match|poor_quality_document|unusually_large_quantity|wrong_price_outside_tolerance,10,N,
PO00346,NIR/PO/2026-04/6418,CUST0032,2026-04-29,Email PDF,Clean Digital,English,INR,30,2026-05-29,Ludhiana,2,incorrect_colour_or_gsm,hard,customer_specific_product_code|incorrect_colour_or_gsm,2,N,
PO00347,NAK/PO/2026-08/3055,CUST0020,2026-08-13,Email Excel,Clean Digital,English,INR,45,2026-09-12,Bengaluru,3,ambiguous_product_match,hard,ambiguous_product_match|spelling_errors_and_abbreviations,2,N,
PO00348,DEV/PO/2026-05/8976,CUST0097,2026-05-05,Email PDF,Clean Digital,English,INR,0,2026-06-19,Tiruppur,4,wrong_price_outside_tolerance,exception,ambiguous_product_match|clean_exact_match|spelling_errors_and_abbreviations|wrong_price_outside_tolerance,4,N,
PO00349,MAN/PO/2026-07/3536,CUST0046,2026-07-20,WhatsApp Image,Scanned Copy,English + Hindi terms,INR,30,2026-09-03,Panipat,12,unknown_product,exception,ambiguous_product_match|clean_exact_match|expired_historical_price|no_historical_price|partial_catalogue_match|small_acceptable_price_variation|spelling_errors_and_abbreviations|unknown_product,8,N,
PO00350,VRI/PO/2026-04/4966,CUST0098,2026-04-17,Email PDF,Clean Digital,English,INR,30,2026-06-01,Bengaluru,6,conflicting_information_in_po,hard,clean_exact_match|conflicting_information_in_po|minor_naming_variation|partial_catalogue_match|small_acceptable_price_variation|spelling_errors_and_abbreviations,6,N,
PO00351,NIM/PO/2026-04/522,CUST0034,2026-04-26,Email PDF,Clean Digital,English + Hindi terms,INR,90,2026-05-21,Bengaluru,2,conflicting_information_in_po,hard,conflicting_information_in_po|no_historical_price,2,N,
PO00352,NAK/PO/2026-04/1216,CUST0020,2026-04-29,Email Excel,Clean Digital,English + Hindi terms,INR,45,2026-06-13,Bengaluru,3,spelling_errors_and_abbreviations,medium,minor_naming_variation|small_acceptable_price_variation|spelling_errors_and_abbreviations,3,N,
PO00353,RAN/PO/2026-05/5145,CUST0058,2026-05-20,WhatsApp Image,Scanned Copy,English,INR,90,2026-07-04,Indore,5,customer_specific_product_code,medium,clean_exact_match|customer_specific_product_code|expired_historical_price|minor_naming_variation|small_acceptable_price_variation,5,N,
PO00354,ADV/PO/2026-05/5636,CUST0017,2026-05-28,Email Excel,Clean Digital,English,INR,0,2026-07-12,Karur,7,multiple_possible_sku_matches,hard,clean_exact_match|minor_naming_variation|multiple_possible_sku_matches|partial_catalogue_match|small_acceptable_price_variation,5,N,
PO00355,TAN/PO/2026-06/8466,CUST0012,2026-06-24,Email PDF,Clean Digital,English,INR,30,2026-07-19,Ahmedabad,4,unusually_large_quantity,exception,clean_exact_match|minor_naming_variation|unusually_large_quantity,3,N,
PO00356,NIR/PO/2026-04/6280,CUST0117,2026-04-11,Email PDF,Poor Scan / Handwritten,English + Hindi terms,INR,90,2026-05-26,Bengaluru,10,poor_quality_document,hard,clean_exact_match|customer_specific_product_code|expired_historical_price|minor_naming_variation|multiple_possible_sku_matches|poor_quality_document|spelling_errors_and_abbreviations,7,N,
PO00357,VAS/PO/2026-05/6538,CUST0026,2026-05-23,WhatsApp Image,Scanned Copy,English,INR,60,2026-06-17,Ichalkaranji,8,wrong_price_outside_tolerance,exception,clean_exact_match|minor_naming_variation|spelling_errors_and_abbreviations|wrong_price_outside_tolerance,4,N,
PO00358,MEG/PO/2026-07/6699,CUST0122,2026-07-06,Email PDF,Clean Digital,English,INR,90,2026-08-20,Pune,7,incorrect_colour_or_gsm,hard,clean_exact_match|incorrect_colour_or_gsm|no_historical_price|spelling_errors_and_abbreviations,4,N,
PO00359,TAN/PO/2026-05/3704,CUST0076,2026-05-28,Email PDF,Clean Digital,English + Hindi terms,INR,0,2026-07-12,Panipat,5,unknown_product,exception,ambiguous_product_match|clean_exact_match|unknown_product,3,N,
PO00360,MAN/PO/2026-05/6351,CUST0132,2026-05-07,Portal Upload,Clean Digital,English,INR,60,2026-06-21,Chennai,3,ambiguous_product_match,hard,ambiguous_product_match|customer_specific_product_code|small_acceptable_price_variation,3,N,
PO00361,FAL/PO/2026-07/7889,CUST0147,2026-07-07,Email PDF,Clean Digital,English,INR,60,2026-08-21,Coimbatore,6,unknown_product,exception,new_customer_no_history|unknown_product,2,N,
PO00362,PRA/PO/2026-08/1552,CUST0055,2026-08-13,Email Excel,Clean Digital,English,INR,90,2026-09-12,Mumbai,5,unknown_product,exception,ambiguous_product_match|clean_exact_match|customer_specific_product_code|spelling_errors_and_abbreviations|unknown_product,5,N,
PO00363,NAK/PO/2026-06/1028,CUST0105,2026-06-19,Email PDF,Clean Digital,English + Hindi terms,INR,30,2026-08-03,Indore,10,wrong_price_outside_tolerance,exception,clean_exact_match|expired_historical_price|minor_naming_variation|multiple_possible_sku_matches|partial_catalogue_match|spelling_errors_and_abbreviations|wrong_price_outside_tolerance,7,N,
PO00364,NIR/PO/2026-07/1183,CUST0091,2026-07-14,Email PDF,Clean Digital,English,INR,15,2026-08-28,Coimbatore,8,wrong_unit_of_measure,exception,clean_exact_match|incorrect_colour_or_gsm|minor_naming_variation|unknown_product|wrong_unit_of_measure,5,N,
PO00365,MEG/PO/2026-06/919,CUST0122,2026-06-27,Email PDF,Clean Digital,English,INR,90,2026-07-27,Pune,4,expired_historical_price,medium,customer_specific_product_code|expired_historical_price|minor_naming_variation|spelling_errors_and_abbreviations,4,N,
PO00366,NIR/PO/2026-04/4460,CUST0002,2026-04-14,WhatsApp Image,Scanned Copy,English,INR,45,2026-05-29,Chennai,2,incorrect_colour_or_gsm,hard,customer_specific_product_code|incorrect_colour_or_gsm,2,N,
PO00367,VRI/PO/2026-07/4787,CUST0098,2026-07-17,Email PDF,Clean Digital,English,INR,30,2026-08-31,Bengaluru,7,wrong_price_outside_tolerance,exception,ambiguous_product_match|clean_exact_match|customer_specific_product_code|minor_naming_variation|small_acceptable_price_variation|wrong_price_outside_tolerance,6,N,
PO00368,ADV/PO/2026-04/8355,CUST0092,2026-04-18,Email PDF,Clean Digital,English,INR,90,2026-06-02,Indore,8,multiple_possible_sku_matches,hard,clean_exact_match|customer_specific_product_code|expired_historical_price|incorrect_colour_or_gsm|multiple_possible_sku_matches|no_historical_price|small_acceptable_price_variation|spelling_errors_and_abbreviations,8,N,
PO00369,MEG/PO/2026-07/3682,CUST0059,2026-07-03,Email PDF,Clean Digital,English,INR,15,2026-07-23,Pune,3,unusually_large_quantity,exception,clean_exact_match|spelling_errors_and_abbreviations|unusually_large_quantity,3,N,
PO00370,KAV/PO/2026-04/5872,CUST0049,2026-04-15,Portal Upload,Clean Digital,English,INR,30,2026-05-30,Bhilwara,10,missing_quantity,exception,customer_specific_product_code|minor_naming_variation|missing_quantity|no_historical_price|partial_catalogue_match|spelling_errors_and_abbreviations,6,N,
PO00371,NAV/PO/2026-08/8821,CUST0115,2026-08-10,WhatsApp Image,Scanned Copy,English,INR,45,2026-09-04,Erode,4,wrong_unit_of_measure,exception,minor_naming_variation|small_acceptable_price_variation|spelling_errors_and_abbreviations|wrong_unit_of_measure,4,N,
PO00372,NIM/PO/2026-07/3369,CUST0037,2026-07-10,Email PDF,Clean Digital,English,INR,30,2026-08-24,Mumbai,1,incorrect_colour_or_gsm,hard,incorrect_colour_or_gsm,1,N,
PO00373,ZEN/PO/2026-06/774,CUST0050,2026-06-19,Email PDF,Clean Digital,English,INR,0,2026-08-03,Pune,5,missing_quantity,exception,clean_exact_match|incorrect_colour_or_gsm|minor_naming_variation|missing_quantity|multiple_possible_sku_matches,5,N,
PO00374,ISH/PO/2026-07/3637,CUST0066,2026-07-02,Portal Upload,Clean Digital,English,INR,90,2026-07-27,Mumbai,3,incorrect_colour_or_gsm,hard,incorrect_colour_or_gsm|partial_catalogue_match|small_acceptable_price_variation,3,N,
PO00375,CHA/PO/2026-06/8827,CUST0137,2026-06-08,Scanned Copy,Scanned Copy,English,INR,30,2026-07-03,Pune,1,clean_exact_match,easy,clean_exact_match,1,N,
PO00376,MAN/PO/2026-08/692,CUST0023,2026-08-05,WhatsApp Image,Scanned Copy,English,INR,90,2026-08-25,Panipat,4,multiple_possible_sku_matches,hard,clean_exact_match|multiple_possible_sku_matches|partial_catalogue_match|spelling_errors_and_abbreviations,4,N,
PO00377,KAN/PO/2026-06/5607,CUST0101,2026-06-23,Email PDF,Clean Digital,English,INR,30,2026-07-23,Tiruppur,4,unknown_product,exception,expired_historical_price|minor_naming_variation|no_historical_price|unknown_product,4,N,
PO00378,SAM/PO/2026-04/7905,CUST0120,2026-04-03,Email PDF,Clean Digital,English,INR,0,2026-05-18,Mumbai,6,ambiguous_product_match,hard,ambiguous_product_match|clean_exact_match|minor_naming_variation|multiple_possible_sku_matches|partial_catalogue_match|small_acceptable_price_variation,6,N,
PO00379,ADV/PO/2026-06/4601,CUST0065,2026-06-27,WhatsApp Image,Scanned Copy,English + Hindi terms,INR,0,2026-07-07,Hyderabad,1,conflicting_information_in_po,hard,conflicting_information_in_po,1,N,
PO00380,BHA/PO/2026-04/8324,CUST0035,2026-04-27,Email PDF,Clean Digital,English,INR,30,2026-05-22,Bhilwara,1,clean_exact_match,easy,clean_exact_match,1,N,
PO00381,TAN/PO/2026-06/6991,CUST0012,2026-06-18,Email PDF,Clean Digital,English,INR,30,2026-07-18,Ahmedabad,8,ambiguous_product_match,hard,ambiguous_product_match|clean_exact_match|conflicting_information_in_po|expired_historical_price|multiple_possible_sku_matches|spelling_errors_and_abbreviations,6,N,
PO00382,YUV/PO/2026-05/3331,CUST0079,2026-05-15,Email Excel,Clean Digital,English + Hindi terms,INR,30,2026-06-29,Hyderabad,10,customer_specific_product_code,medium,clean_exact_match|customer_specific_product_code|minor_naming_variation,3,N,
PO00383,NIR/PO/2026-05/5637,CUST0114,2026-05-30,Portal Upload,Clean Digital,English + Hindi terms,INR,30,2026-06-29,Bhilwara,5,ambiguous_product_match,hard,ambiguous_product_match|multiple_possible_sku_matches|small_acceptable_price_variation|spelling_errors_and_abbreviations,4,N,
PO00384,SAT/PO/2026-06/1515,CUST0009,2026-06-05,WhatsApp Image,Scanned Copy,English,INR,30,2026-07-20,Ahmedabad,4,spelling_errors_and_abbreviations,medium,customer_specific_product_code|partial_catalogue_match|spelling_errors_and_abbreviations,3,N,
PO00385,NIR/PO/2026-05/4816,CUST0032,2026-05-29,Email PDF,Clean Digital,English,INR,30,2026-07-13,Ludhiana,3,incorrect_colour_or_gsm,hard,clean_exact_match|incorrect_colour_or_gsm,2,N,
PO00386,YAS/PO/2026-07/1472,CUST0016,2026-07-16,WhatsApp Image,Scanned Copy,English,INR,90,2026-08-30,Surat,2,unknown_product,exception,minor_naming_variation|unknown_product,2,N,
PO00387,NIR/PO/2026-06/6732,CUST0002,2026-06-18,WhatsApp Image,Scanned Copy,English + Hindi terms,INR,45,2026-08-02,Chennai,4,wrong_unit_of_measure,exception,clean_exact_match|minor_naming_variation|wrong_unit_of_measure,3,N,
PO00388,SAN/PO/2026-07/8465,CUST0085,2026-07-24,Email PDF,Clean Digital,English,INR,15,2026-09-07,Hyderabad,8,unknown_product,exception,clean_exact_match|minor_naming_variation|partial_catalogue_match|spelling_errors_and_abbreviations|unknown_product|wrong_price_outside_tolerance,6,N,
PO00389,DEV/PO/2026-07/732,CUST0088,2026-07-23,Scanned Copy,Scanned Copy,English,INR,0,2026-08-22,Ludhiana,2,spelling_errors_and_abbreviations,medium,minor_naming_variation|spelling_errors_and_abbreviations,2,N,
PO00390,BHO/PO/2026-06/8405,CUST0015,2026-06-02,WhatsApp Image,Scanned Copy,English + Hindi terms,INR,30,2026-07-02,Ludhiana,2,clean_exact_match,easy,clean_exact_match,1,N,
PO00391,VRI/PO/2026-04/5079,CUST0070,2026-04-10,Email PDF,Clean Digital,English + Hindi terms,INR,30,2026-05-25,Noida,5,unknown_product,exception,clean_exact_match|no_historical_price|unknown_product,3,N,
PO00392,ADV/PO/2026-07/5797,CUST0065,2026-07-20,WhatsApp Image,Scanned Copy,English,INR,0,2026-09-03,Hyderabad,5,wrong_price_outside_tolerance,exception,clean_exact_match|conflicting_information_in_po|partial_catalogue_match|wrong_price_outside_tolerance,4,N,
PO00393,YUV/PO/2026-07/944,CUST0006,2026-07-02,Email Excel,Poor Scan / Handwritten,English,INR,30,2026-08-01,Noida,12,wrong_price_outside_tolerance,exception,ambiguous_product_match|incorrect_colour_or_gsm|minor_naming_variation|multiple_possible_sku_matches|poor_quality_document|small_acceptable_price_variation|unusually_large_quantity|wrong_price_outside_tolerance,8,N,
PO00394,KAV/PO/2026-08/1931,CUST0118,2026-08-16,Email PDF,Clean Digital,English + Hindi terms,INR,60,2026-09-15,Erode,2,customer_specific_product_code,medium,customer_specific_product_code|minor_naming_variation,2,N,
PO00395,NAV/PO/2026-05/1369,CUST0115,2026-05-13,WhatsApp Image,Scanned Copy,English,INR,45,2026-06-12,Erode,12,missing_quantity,exception,clean_exact_match|conflicting_information_in_po|customer_specific_product_code|minor_naming_variation|missing_quantity|no_historical_price|small_acceptable_price_variation,7,N,
PO00396,JAA/PO/2026-05/3944,CUST0099,2026-05-07,WhatsApp Image,Scanned Copy,English + Hindi terms,INR,90,2026-06-21,Hyderabad,6,missing_quantity,exception,clean_exact_match|customer_specific_product_code|missing_quantity|small_acceptable_price_variation|spelling_errors_and_abbreviations,5,N,
PO00397,NAK/PO/2026-07/2536,CUST0075,2026-07-21,Email PDF,Clean Digital,English,INR,30,2026-09-04,Bengaluru,2,wrong_price_outside_tolerance,exception,multiple_possible_sku_matches|wrong_price_outside_tolerance,2,N,
PO00398,ADV/PO/2026-07/5752,CUST0127,2026-07-04,Email PDF,Clean Digital,English,INR,30,2026-08-18,Bhilwara,10,missing_quantity,exception,clean_exact_match|conflicting_information_in_po|customer_specific_product_code|minor_naming_variation|missing_quantity|no_historical_price|small_acceptable_price_variation,7,N,
PO00399,VAS/PO/2026-07/4681,CUST0128,2026-07-21,Email PDF,Clean Digital,English,INR,60,2026-08-10,Kolkata,3,expired_historical_price,medium,expired_historical_price|spelling_errors_and_abbreviations,2,N,
PO00400,JAA/PO/2026-06/4391,CUST0099,2026-06-12,WhatsApp Image,Scanned Copy,English + Hindi terms,INR,90,2026-07-27,Hyderabad,7,partial_catalogue_match,medium,clean_exact_match|minor_naming_variation|partial_catalogue_match|small_acceptable_price_variation|spelling_errors_and_abbreviations,5,N,
PO00401,SUR/PO/2026-05/2032,CUST0133,2026-05-25,Email Excel,Clean Digital,English,INR,30,2026-06-19,Pune,4,conflicting_information_in_po,hard,clean_exact_match|conflicting_information_in_po|customer_specific_product_code|multiple_possible_sku_matches,4,N,
PO00402,UTS/PO/2026-07/161,CUST0040,2026-07-16,Email PDF,Clean Digital,English,INR,60,2026-08-30,Bengaluru,12,unknown_product,exception,clean_exact_match|customer_specific_product_code|expired_historical_price|minor_naming_variation|multiple_possible_sku_matches|small_acceptable_price_variation|spelling_errors_and_abbreviations|unknown_product,8,N,
PO00403,UTS/PO/2026-05/2335,CUST0021,2026-05-09,Email Excel,Clean Digital,English,INR,15,2026-06-08,Kolkata,8,missing_quantity,exception,clean_exact_match|customer_specific_product_code|incorrect_colour_or_gsm|minor_naming_variation|missing_quantity,5,N,
PO00404,TAN/PO/2026-04/5580,CUST0012,2026-04-28,Email PDF,Clean Digital,English,INR,30,2026-05-28,Ahmedabad,4,multiple_possible_sku_matches,hard,multiple_possible_sku_matches|partial_catalogue_match|spelling_errors_and_abbreviations,3,N,
PO00405,SHR/PO/2026-08/3944,CUST0028,2026-08-09,Email Excel,Clean Digital,English,INR,60,2026-09-08,Indore,4,customer_specific_product_code,medium,customer_specific_product_code|expired_historical_price|minor_naming_variation|no_historical_price,4,N,
PO00406,OJA/PO/2026-06/9789,CUST0131,2026-06-17,Portal Upload,Poor Scan / Handwritten,English + Hindi terms,INR,45,2026-08-01,Kolkata,8,poor_quality_document,hard,clean_exact_match|minor_naming_variation|partial_catalogue_match|poor_quality_document|small_acceptable_price_variation,5,N,
PO00407,TEJ/PO/2026-05/2386,CUST0005,2026-05-21,Email PDF,Clean Digital,English + Hindi terms,INR,45,2026-06-20,Mumbai,2,unknown_product,exception,minor_naming_variation|unknown_product,2,N,
PO00408,MAN/PO/2026-04/1725,CUST0046,2026-04-20,WhatsApp Image,Scanned Copy,English,INR,30,2026-04-30,Panipat,1,small_acceptable_price_variation,easy,small_acceptable_price_variation,1,N,
PO00409,NIM/PO/2026-08/6616,CUST0034,2026-08-19,Email PDF,Clean Digital,English,INR,90,2026-10-03,Bengaluru,5,incorrect_colour_or_gsm,hard,ambiguous_product_match|clean_exact_match|incorrect_colour_or_gsm|small_acceptable_price_variation,4,N,
PO00410,VAI/PO/2026-06/9035,CUST0007,2026-06-22,Email PDF,Clean Digital,English + Hindi terms,INR,30,2026-08-06,Jaipur,6,ambiguous_product_match,hard,ambiguous_product_match|clean_exact_match|customer_specific_product_code|minor_naming_variation|multiple_possible_sku_matches|no_historical_price,6,N,
PO00411,MAN/PO/2026-05/5589,CUST0103,2026-05-10,WhatsApp Image,Scanned Copy,English,INR,15,2026-06-09,Bengaluru,7,conflicting_information_in_po,hard,ambiguous_product_match|clean_exact_match|conflicting_information_in_po|minor_naming_variation|multiple_possible_sku_matches|spelling_errors_and_abbreviations,6,N,
PO00412,UTS/PO/2026-06/7877,CUST0021,2026-06-02,Email Excel,Clean Digital,English,INR,15,2026-07-17,Kolkata,2,customer_specific_product_code,medium,customer_specific_product_code|minor_naming_variation,2,N,
PO00413,MAN/PO/2026-07/3491,CUST0054,2026-07-23,WhatsApp Image,Scanned Copy,English,INR,90,2026-08-22,Bhilwara,4,unknown_product,exception,ambiguous_product_match|clean_exact_match|minor_naming_variation|unknown_product,4,N,
PO00414,URV/PO/2026-04/6388,CUST0029,2026-04-04,Email PDF,Clean Digital,English,INR,45,2026-05-19,Bhilwara,6,spelling_errors_and_abbreviations,medium,minor_naming_variation|no_historical_price|partial_catalogue_match|spelling_errors_and_abbreviations,4,N,
PO00415,OJA/PO/2026-07/7176,CUST0018,2026-07-04,Scanned Copy,Poor Scan / Handwritten,English + Hindi terms,INR,15,2026-08-18,Ludhiana,8,multiple_possible_sku_matches,hard,clean_exact_match|conflicting_information_in_po|expired_historical_price|multiple_possible_sku_matches|poor_quality_document|small_acceptable_price_variation,6,N,
PO00416,ADV/PO/2026-07/126,CUST0129,2026-07-18,Email Excel,Clean Digital,English,INR,30,2026-08-17,Bengaluru,10,incorrect_colour_or_gsm,hard,clean_exact_match|conflicting_information_in_po|customer_specific_product_code|incorrect_colour_or_gsm|minor_naming_variation|no_historical_price|small_acceptable_price_variation|spelling_errors_and_abbreviations,8,N,
PO00417,MEG/PO/2026-04/4440,CUST0122,2026-04-10,Email PDF,Clean Digital,English,INR,90,2026-05-25,Pune,3,wrong_price_outside_tolerance,exception,small_acceptable_price_variation|wrong_price_outside_tolerance,2,N,
PO00418,URV/PO/2026-07/5664,CUST0063,2026-07-08,Email PDF,Clean Digital,English,INR,15,2026-08-07,Mumbai,3,incorrect_colour_or_gsm,hard,customer_specific_product_code|incorrect_colour_or_gsm|multiple_possible_sku_matches,3,N,
PO00419,AMR/PO/2026-04/1149,CUST0130,2026-04-29,Email PDF,Poor Scan / Handwritten,English,INR,30,2026-06-13,Noida,10,unusually_large_quantity,exception,clean_exact_match|customer_specific_product_code|minor_naming_variation|poor_quality_document|unusually_large_quantity,5,N,
PO00420,ANA/PO/2026-05/1212,CUST0100,2026-05-23,Scanned Copy,Scanned Copy,English,INR,15,2026-06-17,Ludhiana,5,ambiguous_product_match,hard,ambiguous_product_match|clean_exact_match|minor_naming_variation|multiple_possible_sku_matches,4,N,
PO00421,AAS/PO/2026-07/2436,CUST0067,2026-07-15,Email PDF,Clean Digital,English,INR,90,2026-08-29,Noida,1,wrong_unit_of_measure,exception,wrong_unit_of_measure,1,N,
PO00422,KRI/PO/2026-06/4781,CUST0086,2026-06-03,WhatsApp Image,Scanned Copy,English,INR,60,2026-06-23,Indore,4,conflicting_information_in_po,hard,clean_exact_match|conflicting_information_in_po|minor_naming_variation|partial_catalogue_match,4,N,
PO00423,MAN/PO/2026-06/6314,CUST0132,2026-06-01,Portal Upload,Clean Digital,English,INR,60,2026-07-16,Chennai,8,ambiguous_product_match,hard,ambiguous_product_match|clean_exact_match|conflicting_information_in_po|expired_historical_price|partial_catalogue_match|spelling_errors_and_abbreviations,6,N,
PO00424,RAJ/PO/2026-06/6230,CUST0042,2026-06-05,Email Excel,Clean Digital,English + Hindi terms,INR,90,2026-07-20,Bhilwara,5,wrong_price_outside_tolerance,exception,clean_exact_match|conflicting_information_in_po|customer_specific_product_code|expired_historical_price|wrong_price_outside_tolerance,5,N,
PO00425,TEJ/PO/2026-05/7474,CUST0005,2026-05-02,Email PDF,Clean Digital,English,INR,45,2026-06-01,Mumbai,6,spelling_errors_and_abbreviations,medium,clean_exact_match|customer_specific_product_code|no_historical_price|spelling_errors_and_abbreviations,4,N,
PO00426,OOR/PO/2026-05/3533,CUST0074,2026-05-08,Scanned Copy,Scanned Copy,English,INR,0,2026-06-07,Pune,2,multiple_possible_sku_matches,hard,clean_exact_match|multiple_possible_sku_matches,2,N,
PO00427,ISH/PO/2026-04/7769,CUST0126,2026-04-10,Email PDF,Poor Scan / Handwritten,English,INR,0,2026-05-25,Indore,11,multiple_possible_sku_matches,hard,ambiguous_product_match|customer_specific_product_code|expired_historical_price|minor_naming_variation|multiple_possible_sku_matches|poor_quality_document|small_acceptable_price_variation,7,N,
PO00428,YUV/PO/2026-07/2307,CUST0006,2026-07-02,Email Excel,Clean Digital,English + Hindi terms,INR,30,2026-08-16,Noida,6,incorrect_colour_or_gsm,hard,clean_exact_match|incorrect_colour_or_gsm|minor_naming_variation|partial_catalogue_match|small_acceptable_price_variation,5,N,
PO00429,LAK/PO/2026-04/9965,CUST0052,2026-04-15,WhatsApp Image,Poor Scan / Handwritten,English,INR,45,2026-05-15,Bengaluru,4,incorrect_colour_or_gsm,hard,incorrect_colour_or_gsm|partial_catalogue_match|poor_quality_document|spelling_errors_and_abbreviations,4,N,
PO00430,SUR/PO/2026-08/5206,CUST0110,2026-08-12,Email PDF,Clean Digital,English,INR,30,2026-09-26,Tiruppur,5,partial_catalogue_match,medium,clean_exact_match|minor_naming_variation|partial_catalogue_match|spelling_errors_and_abbreviations,4,N,
PO00431,YAS/PO/2026-04/2492,CUST0010,2026-04-19,Email PDF,Clean Digital,English,INR,30,2026-05-19,Noida,5,wrong_price_outside_tolerance,exception,ambiguous_product_match|minor_naming_variation|small_acceptable_price_variation|unknown_product|wrong_price_outside_tolerance,5,N,
PO00432,NIR/PO/2026-07/4447,CUST0117,2026-07-10,Email PDF,Clean Digital,English,INR,90,2026-08-24,Bengaluru,3,customer_specific_product_code,medium,clean_exact_match|customer_specific_product_code|spelling_errors_and_abbreviations,3,N,
PO00433,BHO/PO/2026-08/2775,CUST0015,2026-08-11,WhatsApp Image,Scanned Copy,English,INR,30,2026-09-25,Ludhiana,3,spelling_errors_and_abbreviations,medium,clean_exact_match|spelling_errors_and_abbreviations,2,N,
PO00434,NAV/PO/2026-08/3791,CUST0033,2026-08-17,Email Excel,Clean Digital,English,INR,30,2026-09-16,Ichalkaranji,6,multiple_possible_sku_matches,hard,clean_exact_match|multiple_possible_sku_matches|small_acceptable_price_variation|spelling_errors_and_abbreviations,4,N,
PO00435,UTS/PO/2026-06/4665,CUST0021,2026-06-15,Email Excel,Clean Digital,English,INR,15,2026-07-30,Kolkata,4,ambiguous_product_match,hard,ambiguous_product_match|clean_exact_match|expired_historical_price|small_acceptable_price_variation,4,N,
PO00436,YAS/PO/2026-07/4163,CUST0036,2026-07-20,WhatsApp Image,Scanned Copy,English,INR,30,2026-08-19,Indore,5,multiple_possible_sku_matches,hard,clean_exact_match|conflicting_information_in_po|minor_naming_variation|multiple_possible_sku_matches|spelling_errors_and_abbreviations,5,N,
PO00437,NIR/PO/2026-07/3910,CUST0091,2026-07-13,Email PDF,Clean Digital,English,INR,15,2026-08-27,Coimbatore,4,wrong_price_outside_tolerance,exception,minor_naming_variation|multiple_possible_sku_matches|small_acceptable_price_variation|wrong_price_outside_tolerance,4,N,
PO00438,VRI/PO/2026-07/134,CUST0098,2026-07-23,Email PDF,Clean Digital,English + Hindi terms,INR,30,2026-08-22,Bengaluru,8,ambiguous_product_match,hard,ambiguous_product_match|clean_exact_match|customer_specific_product_code|minor_naming_variation|partial_catalogue_match|small_acceptable_price_variation,6,N,
PO00439,NAK/PO/2026-07/7297,CUST0075,2026-07-17,Email PDF,Clean Digital,English,INR,30,2026-08-16,Bengaluru,4,spelling_errors_and_abbreviations,medium,clean_exact_match|minor_naming_variation|spelling_errors_and_abbreviations,3,N,
PO00440,KES/PO/2026-06/9398,CUST0141,2026-06-18,Email PDF,Clean Digital,English,INR,30,2026-08-02,Bengaluru,10,unknown_product,exception,new_customer_no_history|unknown_product,2,N,
PO00441,ZEN/PO/2026-08/8340,CUST0041,2026-08-02,Email Excel,Clean Digital,English + Hindi terms,INR,0,2026-09-16,Karur,4,expired_historical_price,medium,clean_exact_match|expired_historical_price|no_historical_price|partial_catalogue_match,4,N,
PO00442,HAR/PO/2026-05/1988,CUST0109,2026-05-25,WhatsApp Image,Scanned Copy,English,INR,30,2026-06-24,Hyderabad,3,unknown_product,exception,clean_exact_match|unknown_product|wrong_unit_of_measure,3,N,
PO00443,KRI/PO/2026-04/4416,CUST0086,2026-04-28,WhatsApp Image,Scanned Copy,English,INR,60,2026-06-12,Indore,5,wrong_price_outside_tolerance,exception,ambiguous_product_match|expired_historical_price|incorrect_colour_or_gsm|partial_catalogue_match|wrong_price_outside_tolerance,5,N,
PO00444,ADV/PO/2026-07/3760,CUST0129,2026-07-02,Email Excel,Clean Digital,English,INR,30,2026-07-22,Bengaluru,1,minor_naming_variation,easy,minor_naming_variation,1,N,
PO00445,YAS/PO/2026-06/5185,CUST0124,2026-06-26,Portal Upload,Clean Digital,English,INR,60,2026-08-10,Pune,2,multiple_possible_sku_matches,hard,ambiguous_product_match|multiple_possible_sku_matches,2,N,
PO00446,SHR/PO/2026-06/8542,CUST0028,2026-06-24,Email Excel,Clean Digital,English,INR,60,2026-07-24,Indore,4,incorrect_colour_or_gsm,hard,expired_historical_price|incorrect_colour_or_gsm|small_acceptable_price_variation|spelling_errors_and_abbreviations,4,N,
PO00447,NIM/PO/2026-04/6628,CUST0037,2026-04-11,Email PDF,Clean Digital,English,INR,30,2026-05-06,Mumbai,3,unknown_product,exception,clean_exact_match|minor_naming_variation|unknown_product,3,N,
PO00448,DEV/PO/2026-04/4427,CUST0019,2026-04-12,Email PDF,Clean Digital,English + Hindi terms,INR,30,2026-04-27,Ludhiana,1,ambiguous_product_match,hard,ambiguous_product_match,1,N,
PO00449,ESH/PO/2026-08/5921,CUST0001,2026-08-12,Email Excel,Poor Scan / Handwritten,English,INR,45,2026-09-11,Mumbai,5,poor_quality_document,hard,clean_exact_match|customer_specific_product_code|no_historical_price|poor_quality_document,4,N,
PO00450,CHH/PO/2026-04/9688,CUST0149,2026-04-03,Portal Upload,Clean Digital,English,INR,0,2026-05-18,Ichalkaranji,7,new_customer_no_history,medium,new_customer_no_history,1,N,
PO00451,NAV/PO/2026-04/4613,CUST0115,2026-04-05,WhatsApp Image,Scanned Copy,English,INR,45,2026-05-20,Erode,2,missing_quantity,exception,missing_quantity|no_historical_price,2,N,
PO00452,ANA/PO/2026-06/7091,CUST0100,2026-06-12,Scanned Copy,Scanned Copy,English,INR,15,2026-07-27,Ludhiana,12,ambiguous_product_match,hard,ambiguous_product_match|clean_exact_match|customer_specific_product_code|minor_naming_variation|small_acceptable_price_variation|spelling_errors_and_abbreviations,6,N,
PO00453,AMR/PO/2026-07/2951,CUST0130,2026-07-20,Email PDF,Clean Digital,English,INR,30,2026-09-03,Noida,3,partial_catalogue_match,medium,clean_exact_match|minor_naming_variation|partial_catalogue_match,3,N,
PO00454,ANA/PO/2026-06/3912,CUST0100,2026-06-04,Scanned Copy,Scanned Copy,English + Hindi terms,INR,15,2026-07-04,Ludhiana,3,malformed_incomplete_order,exception,malformed_incomplete_order|minor_naming_variation|no_historical_price,3,N,
PO00455,PRA/PO/2026-04/4091,CUST0055,2026-04-15,Email Excel,Clean Digital,English,INR,90,2026-05-30,Mumbai,5,spelling_errors_and_abbreviations,medium,clean_exact_match|minor_naming_variation|small_acceptable_price_variation|spelling_errors_and_abbreviations,4,N,
PO00456,MAN/PO/2026-08/9379,CUST0103,2026-08-18,WhatsApp Image,Scanned Copy,English + Hindi terms,INR,15,2026-10-02,Bengaluru,5,wrong_unit_of_measure,exception,clean_exact_match|incorrect_colour_or_gsm|minor_naming_variation|no_historical_price|wrong_unit_of_measure,5,N,
PO00457,KAN/PO/2026-05/3700,CUST0101,2026-05-22,Email PDF,Clean Digital,English,INR,30,2026-07-06,Tiruppur,12,unknown_product,exception,clean_exact_match|customer_specific_product_code|incorrect_colour_or_gsm|minor_naming_variation|no_historical_price|partial_catalogue_match|small_acceptable_price_variation|spelling_errors_and_abbreviations|unknown_product,9,N,
PO00458,TEJ/PO/2026-04/8042,CUST0005,2026-04-27,Email PDF,Clean Digital,English,INR,45,2026-06-11,Mumbai,12,ambiguous_product_match,hard,ambiguous_product_match|clean_exact_match|conflicting_information_in_po|expired_historical_price|no_historical_price|small_acceptable_price_variation,6,N,
PO00459,ZEN/PO/2026-04/6781,CUST0050,2026-04-27,Email PDF,Clean Digital,English,INR,0,2026-06-11,Pune,2,partial_catalogue_match,medium,clean_exact_match|partial_catalogue_match,2,N,
PO00460,AMR/PO/2026-04/877,CUST0130,2026-04-16,Email PDF,Clean Digital,English,INR,30,2026-05-16,Noida,5,clean_exact_match,easy,clean_exact_match|minor_naming_variation,2,N,
PO00461,NIM/PO/2026-04/7122,CUST0030,2026-04-05,Email PDF,Clean Digital,English,INR,60,2026-05-20,Erode,5,wrong_price_outside_tolerance,exception,ambiguous_product_match|minor_naming_variation|multiple_possible_sku_matches|spelling_errors_and_abbreviations|wrong_price_outside_tolerance,5,N,
PO00462,ISH/PO/2026-05/3899,CUST0066,2026-05-09,Portal Upload,Clean Digital,English,INR,90,2026-06-03,Mumbai,1,clean_exact_match,easy,clean_exact_match,1,N,
PO00463,NIR/PO/2026-05/7904,CUST0002,2026-05-06,WhatsApp Image,Scanned Copy,English,INR,45,2026-06-20,Chennai,4,clean_exact_match,easy,clean_exact_match|minor_naming_variation,2,N,
PO00464,NIR/PO/2026-06/7518,CUST0002,2026-06-07,WhatsApp Image,Scanned Copy,English,INR,45,2026-07-22,Chennai,1,ambiguous_product_match,hard,ambiguous_product_match,1,N,
PO00465,BHA/PO/2026-06/9473,CUST0011,2026-06-01,Email PDF,Clean Digital,English,INR,90,2026-07-01,Surat,3,clean_exact_match,easy,clean_exact_match,1,N,
PO00466,RAN/PO/2026-06/1284,CUST0062,2026-06-18,Email PDF,Clean Digital,English,INR,60,2026-08-02,Ichalkaranji,12,unknown_product,exception,clean_exact_match|conflicting_information_in_po|customer_specific_product_code|minor_naming_variation|multiple_possible_sku_matches|spelling_errors_and_abbreviations|unknown_product,7,N,
PO00467,ZEN/PO/2026-05/7501,CUST0050,2026-05-17,Email PDF,Clean Digital,English,INR,0,2026-07-01,Pune,8,multiple_possible_sku_matches,hard,clean_exact_match|minor_naming_variation|multiple_possible_sku_matches|partial_catalogue_match|spelling_errors_and_abbreviations,5,N,
PO00468,MAY/PO/2026-07/2373,CUST0053,2026-07-05,Email PDF,Clean Digital,English,INR,45,2026-08-19,Jaipur,6,incorrect_colour_or_gsm,hard,customer_specific_product_code|incorrect_colour_or_gsm|minor_naming_variation|multiple_possible_sku_matches|partial_catalogue_match|spelling_errors_and_abbreviations,6,N,
PO00469,NIR/PO/2026-08/3340,CUST0091,2026-08-01,Email PDF,Clean Digital,English,INR,15,2026-09-15,Coimbatore,10,wrong_price_outside_tolerance,exception,ambiguous_product_match|clean_exact_match|conflicting_information_in_po|customer_specific_product_code|incorrect_colour_or_gsm|minor_naming_variation|partial_catalogue_match|spelling_errors_and_abbreviations|wrong_price_outside_tolerance,9,N,
PO00470,SAM/PO/2026-06/3822,CUST0084,2026-06-27,Email Excel,Clean Digital,English,INR,30,2026-07-12,Indore,3,spelling_errors_and_abbreviations,medium,clean_exact_match|spelling_errors_and_abbreviations,2,N,
PO00471,BHA/PO/2026-05/3512,CUST0003,2026-05-24,Email Excel,Clean Digital,English,INR,30,2026-06-08,Hyderabad,1,spelling_errors_and_abbreviations,medium,spelling_errors_and_abbreviations,1,N,
PO00472,NAV/PO/2026-07/3275,CUST0115,2026-07-10,WhatsApp Image,Scanned Copy,English,INR,45,2026-08-24,Erode,1,clean_exact_match,easy,clean_exact_match,1,N,
PO00473,OJA/PO/2026-08/7271,CUST0131,2026-08-16,Portal Upload,Poor Scan / Handwritten,English,INR,45,2026-09-15,Kolkata,3,poor_quality_document,hard,clean_exact_match|poor_quality_document,2,N,
PO00474,NAK/PO/2026-07/4457,CUST0075,2026-07-16,Email PDF,Clean Digital,English,INR,30,2026-08-30,Bengaluru,2,spelling_errors_and_abbreviations,medium,spelling_errors_and_abbreviations,1,N,
PO00475,PAR/PO/2026-04/4043,CUST0116,2026-04-30,Scanned Copy,Scanned Copy,English,INR,30,2026-06-14,Indore,6,spelling_errors_and_abbreviations,medium,clean_exact_match|customer_specific_product_code|spelling_errors_and_abbreviations,3,N,
PO00476,MAN/PO/2026-07/8984,CUST0046,2026-07-19,WhatsApp Image,Poor Scan / Handwritten,English,INR,30,2026-09-02,Panipat,7,incorrect_colour_or_gsm,hard,incorrect_colour_or_gsm|minor_naming_variation|multiple_possible_sku_matches|no_historical_price|poor_quality_document,5,N,
PO00477,DEV/PO/2026-05/4656,CUST0088,2026-05-30,Scanned Copy,Poor Scan / Handwritten,English,INR,0,2026-07-14,Ludhiana,4,poor_quality_document,hard,clean_exact_match|expired_historical_price|no_historical_price|poor_quality_document,4,N,
PO00478,VAS/PO/2026-07/4156,CUST0128,2026-07-08,Email PDF,Clean Digital,English + Hindi terms,INR,60,2026-07-23,Kolkata,2,spelling_errors_and_abbreviations,medium,small_acceptable_price_variation|spelling_errors_and_abbreviations,2,N,
PO00479,BHA/PO/2026-08/7042,CUST0108,2026-08-17,Scanned Copy,Scanned Copy,English,INR,15,2026-10-01,Jaipur,4,wrong_price_outside_tolerance,exception,clean_exact_match|conflicting_information_in_po|spelling_errors_and_abbreviations|wrong_price_outside_tolerance,4,N,
PO00480,TEJ/PO/2026-04/4866,CUST0005,2026-04-28,Email PDF,Clean Digital,English,INR,45,2026-06-12,Mumbai,3,expired_historical_price,medium,customer_specific_product_code|expired_historical_price|small_acceptable_price_variation,3,N,
PO00481,DEV/PO/2026-06/1477,CUST0088,2026-06-14,Scanned Copy,Scanned Copy,English,INR,0,2026-07-29,Ludhiana,7,multiple_possible_sku_matches,hard,ambiguous_product_match|clean_exact_match|customer_specific_product_code|multiple_possible_sku_matches|small_acceptable_price_variation|spelling_errors_and_abbreviations,6,N,
PO00482,DEV/PO/2026-05/3494,CUST0097,2026-05-19,Email PDF,Clean Digital,English,INR,0,2026-07-03,Tiruppur,6,incorrect_colour_or_gsm,hard,clean_exact_match|customer_specific_product_code|expired_historical_price|incorrect_colour_or_gsm|spelling_errors_and_abbreviations,5,N,
PO00483,CHA/PO/2026-06/8093,CUST0137,2026-06-11,Scanned Copy,Poor Scan / Handwritten,English,INR,30,2026-07-06,Pune,3,poor_quality_document,hard,minor_naming_variation|poor_quality_document,2,N,
PO00484,RAN/PO/2026-07/3530,CUST0058,2026-07-13,WhatsApp Image,Scanned Copy,English,INR,90,2026-08-27,Indore,5,unknown_product,exception,minor_naming_variation|no_historical_price|spelling_errors_and_abbreviations|unknown_product,4,N,
PO00485,SAT/PO/2026-05/6278,CUST0009,2026-05-21,WhatsApp Image,Scanned Copy,English,INR,30,2026-07-05,Ahmedabad,6,unknown_product,exception,clean_exact_match|customer_specific_product_code|incorrect_colour_or_gsm|no_historical_price|spelling_errors_and_abbreviations|unknown_product,6,N,
PO00486,URV/PO/2026-08/9374,CUST0102,2026-08-04,Email PDF,Clean Digital,English,INR,15,2026-08-14,Jaipur,1,unusually_large_quantity,exception,unusually_large_quantity,1,N,
PO00487,ANA/PO/2026-06/3634,CUST0056,2026-06-29,Email Excel,Clean Digital,English,INR,45,2026-08-13,Pune,5,incorrect_colour_or_gsm,hard,clean_exact_match|incorrect_colour_or_gsm|spelling_errors_and_abbreviations,3,N,
PO00488,RID/PO/2026-08/9025,CUST0045,2026-08-03,Portal Upload,Clean Digital,English,INR,30,2026-09-17,Karur,1,clean_exact_match,easy,clean_exact_match,1,N,
PO00489,SHR/PO/2026-04/1991,CUST0028,2026-04-02,Email Excel,Clean Digital,English,INR,60,2026-05-17,Indore,4,wrong_price_outside_tolerance,exception,ambiguous_product_match|clean_exact_match|small_acceptable_price_variation|wrong_price_outside_tolerance,4,N,
PO00490,ADV/PO/2026-05/411,CUST0017,2026-05-09,Email Excel,Clean Digital,English + Hindi terms,INR,0,2026-06-23,Karur,2,conflicting_information_in_po,hard,clean_exact_match|conflicting_information_in_po,2,N,
PO00491,OJA/PO/2026-04/204,CUST0112,2026-04-02,Email Excel,Clean Digital,English + Hindi terms,INR,30,2026-05-17,Tiruppur,8,unknown_product,exception,clean_exact_match|expired_historical_price|minor_naming_variation|small_acceptable_price_variation|spelling_errors_and_abbreviations|unknown_product,6,N,
PO00492,SAA/PO/2026-06/5683,CUST0044,2026-06-27,Email PDF,Clean Digital,English,INR,90,2026-07-17,Surat,4,multiple_possible_sku_matches,hard,clean_exact_match|multiple_possible_sku_matches|no_historical_price|small_acceptable_price_variation,4,N,
PO00493,VAS/PO/2026-05/5740,CUST0128,2026-05-21,Email PDF,Clean Digital,English + Hindi terms,INR,60,2026-06-20,Kolkata,7,missing_quantity,exception,clean_exact_match|customer_specific_product_code|expired_historical_price|missing_quantity|small_acceptable_price_variation|spelling_errors_and_abbreviations,6,N,
PO00494,MEG/PO/2026-06/5899,CUST0089,2026-06-05,Email PDF,Clean Digital,English,INR,45,2026-07-05,Coimbatore,3,partial_catalogue_match,medium,clean_exact_match|partial_catalogue_match,2,N,
PO00495,VRI/PO/2026-05/9034,CUST0098,2026-05-21,Email PDF,Poor Scan / Handwritten,English,INR,30,2026-06-20,Bengaluru,6,incorrect_colour_or_gsm,hard,clean_exact_match|customer_specific_product_code|incorrect_colour_or_gsm|partial_catalogue_match|poor_quality_document|spelling_errors_and_abbreviations,6,N,
PO00496,YAS/PO/2026-06/8055,CUST0036,2026-06-15,WhatsApp Image,Scanned Copy,English + Hindi terms,INR,30,2026-07-10,Indore,2,ambiguous_product_match,hard,ambiguous_product_match|clean_exact_match,2,N,
PO00497,MEG/PO/2026-05/3556,CUST0059,2026-05-31,Email PDF,Clean Digital,English + Hindi terms,INR,15,2026-06-30,Pune,3,missing_quantity,exception,clean_exact_match|minor_naming_variation|missing_quantity,3,N,
PO00498,PRI/PO/2026-08/5312,CUST0051,2026-08-09,Email Excel,Clean Digital,English + Hindi terms,INR,0,2026-09-23,Noida,9,ambiguous_product_match,hard,ambiguous_product_match|clean_exact_match|minor_naming_variation|multiple_possible_sku_matches|no_historical_price|partial_catalogue_match|spelling_errors_and_abbreviations,7,N,
PO00499,SAA/PO/2026-05/5199,CUST0044,2026-05-08,Email PDF,Clean Digital,English,INR,90,2026-05-28,Surat,3,no_historical_price,medium,customer_specific_product_code|no_historical_price,2,N,
PO00500,ADV/PO/2026-05/7002,CUST0065,2026-05-06,WhatsApp Image,Poor Scan / Handwritten,English + Hindi terms,INR,0,2026-06-20,Hyderabad,12,wrong_unit_of_measure,exception,clean_exact_match|conflicting_information_in_po|expired_historical_price|multiple_possible_sku_matches|poor_quality_document|small_acceptable_price_variation|spelling_errors_and_abbreviations|wrong_unit_of_measure,8,N,
PO00501,VRI/PO/2026-05/7355,CUST0098,2026-05-14,Email PDF,Poor Scan / Handwritten,English,INR,30,2026-06-28,Bengaluru,8,poor_quality_document,hard,clean_exact_match|poor_quality_document|spelling_errors_and_abbreviations,3,N,
PO00502,DEV/PO/2026-04/1942,CUST0019,2026-04-15,Email PDF,Clean Digital,English,INR,30,2026-05-15,Ludhiana,4,spelling_errors_and_abbreviations,medium,minor_naming_variation|small_acceptable_price_variation|spelling_errors_and_abbreviations,3,N,
PO00503,RID/PO/2026-08/3052,CUST0045,2026-08-12,Portal Upload,Clean Digital,English,INR,30,2026-09-26,Karur,5,clean_exact_match,easy,clean_exact_match|minor_naming_variation|small_acceptable_price_variation,3,N,
PO00504,NIM/PO/2026-06/2777,CUST0037,2026-06-06,Email PDF,Clean Digital,English,INR,30,2026-07-01,Mumbai,4,missing_quantity,exception,ambiguous_product_match|missing_quantity|partial_catalogue_match,3,N,
PO00505,YAS/PO/2026-07/6096,CUST0138,2026-07-16,Email Excel,Clean Digital,English,INR,30,2026-08-30,Ahmedabad,8,unknown_product,exception,new_customer_no_history|unknown_product,2,N,
PO00506,TEJ/PO/2026-05/8101,CUST0005,2026-05-19,Email PDF,Clean Digital,English,INR,45,2026-06-13,Mumbai,7,unknown_product,exception,clean_exact_match|multiple_possible_sku_matches|spelling_errors_and_abbreviations|unknown_product,4,N,
PO00507,PRA/PO/2026-04/8410,CUST0038,2026-04-04,Email PDF,Clean Digital,English,INR,30,2026-04-29,Coimbatore,2,incorrect_colour_or_gsm,hard,incorrect_colour_or_gsm|small_acceptable_price_variation,2,N,
PO00508,RAN/PO/2026-04/5800,CUST0058,2026-04-08,WhatsApp Image,Poor Scan / Handwritten,English,INR,90,2026-05-23,Indore,12,conflicting_information_in_po,hard,clean_exact_match|conflicting_information_in_po|customer_specific_product_code|incorrect_colour_or_gsm|minor_naming_variation|multiple_possible_sku_matches|partial_catalogue_match|poor_quality_document|small_acceptable_price_variation,9,N,
PO00509,FAL/PO/2026-06/2572,CUST0061,2026-06-25,Portal Upload,Poor Scan / Handwritten,English + Hindi terms,INR,60,2026-08-09,Erode,3,poor_quality_document,hard,no_historical_price|poor_quality_document|spelling_errors_and_abbreviations,3,N,
PO00510,OJA/PO/2026-07/2880,CUST0131,2026-07-24,Portal Upload,Clean Digital,English,INR,45,2026-08-23,Kolkata,10,multiple_possible_sku_matches,hard,clean_exact_match|customer_specific_product_code|expired_historical_price|minor_naming_variation|multiple_possible_sku_matches|no_historical_price|partial_catalogue_match|small_acceptable_price_variation,8,N,
PO00511,GIR/PO/2026-07/2102,CUST0090,2026-07-17,Portal Upload,Clean Digital,English + Hindi terms,INR,0,2026-08-16,Noida,6,wrong_unit_of_measure,exception,clean_exact_match|customer_specific_product_code|minor_naming_variation|multiple_possible_sku_matches|wrong_unit_of_measure,5,N,
PO00512,DEV/PO/2026-05/9701,CUST0096,2026-05-30,Email PDF,Clean Digital,English,INR,0,2026-07-14,New Delhi,2,clean_exact_match,easy,clean_exact_match|minor_naming_variation,2,N,
PO00513,MAN/PO/2026-05/811,CUST0103,2026-05-14,WhatsApp Image,Scanned Copy,English,INR,15,2026-06-13,Bengaluru,2,ambiguous_product_match,hard,ambiguous_product_match|minor_naming_variation,2,N,
PO00514,AMR/PO/2026-05/8764,CUST0130,2026-05-24,Email PDF,Clean Digital,English + Hindi terms,INR,30,2026-06-18,Noida,1,spelling_errors_and_abbreviations,medium,spelling_errors_and_abbreviations,1,N,
PO00515,KRI/PO/2026-08/6540,CUST0008,2026-08-14,Email Excel,Clean Digital,English,INR,0,2026-09-28,Bengaluru,10,wrong_price_outside_tolerance,exception,clean_exact_match|incorrect_colour_or_gsm|minor_naming_variation|partial_catalogue_match|small_acceptable_price_variation|spelling_errors_and_abbreviations|wrong_price_outside_tolerance|wrong_unit_of_measure,8,N,
PO00516,MAY/PO/2026-05/2143,CUST0053,2026-05-23,Email PDF,Clean Digital,English,INR,45,2026-07-07,Jaipur,4,clean_exact_match,easy,clean_exact_match|small_acceptable_price_variation,2,N,
PO00517,NIR/PO/2026-05/1888,CUST0002,2026-05-04,WhatsApp Image,Scanned Copy,English,INR,45,2026-06-18,Chennai,5,ambiguous_product_match,hard,ambiguous_product_match|customer_specific_product_code|expired_historical_price|minor_naming_variation|multiple_possible_sku_matches,5,N,
PO00518,DHR/PO/2026-06/1455,CUST0094,2026-06-30,Portal Upload,Clean Digital,English,INR,30,2026-07-20,Erode,1,small_acceptable_price_variation,easy,small_acceptable_price_variation,1,N,
PO00519,DHR/PO/2026-08/4624,CUST0094,2026-08-16,Portal Upload,Poor Scan / Handwritten,English,INR,30,2026-09-30,Erode,10,wrong_unit_of_measure,exception,ambiguous_product_match|clean_exact_match|minor_naming_variation|multiple_possible_sku_matches|poor_quality_document|small_acceptable_price_variation|spelling_errors_and_abbreviations|wrong_unit_of_measure,8,N,
PO00520,NIR/PO/2026-07/6440,CUST0091,2026-07-17,Email PDF,Clean Digital,English,INR,15,2026-08-31,Coimbatore,5,multiple_possible_sku_matches,hard,minor_naming_variation|multiple_possible_sku_matches|partial_catalogue_match|spelling_errors_and_abbreviations,4,N,
PO00521,PRI/PO/2026-07/4571,CUST0051,2026-07-18,Email Excel,Clean Digital,English,INR,0,2026-08-17,Noida,3,minor_naming_variation,easy,clean_exact_match|minor_naming_variation,2,N,
PO00522,ISH/PO/2026-05/250,CUST0066,2026-05-11,Portal Upload,Clean Digital,English,INR,90,2026-06-25,Mumbai,5,unknown_product,exception,clean_exact_match|incorrect_colour_or_gsm|minor_naming_variation|unknown_product,4,N,
PO00523,OOR/PO/2026-04/9928,CUST0119,2026-04-23,Scanned Copy,Scanned Copy,English + Hindi terms,INR,15,2026-05-23,Tiruppur,5,conflicting_information_in_po,hard,clean_exact_match|conflicting_information_in_po|customer_specific_product_code|spelling_errors_and_abbreviations,4,N,
PO00524,CHA/PO/2026-07/550,CUST0004,2026-07-17,Email Excel,Clean Digital,English,INR,15,2026-08-16,Coimbatore,7,wrong_unit_of_measure,exception,clean_exact_match|customer_specific_product_code|expired_historical_price|minor_naming_variation|no_historical_price|spelling_errors_and_abbreviations|wrong_unit_of_measure,7,N,
PO00525,NIR/PO/2026-08/3608,CUST0114,2026-08-02,Portal Upload,Clean Digital,English + Hindi terms,INR,30,2026-09-16,Bhilwara,10,incorrect_colour_or_gsm,hard,clean_exact_match|incorrect_colour_or_gsm|minor_naming_variation|spelling_errors_and_abbreviations,4,N,
PO00526,NIR/PO/2026-08/2847,CUST0002,2026-08-04,WhatsApp Image,Scanned Copy,English,INR,45,2026-09-03,Chennai,6,ambiguous_product_match,hard,ambiguous_product_match|customer_specific_product_code|minor_naming_variation|partial_catalogue_match|spelling_errors_and_abbreviations,5,N,
PO00527,MAN/PO/2026-04/5920,CUST0023,2026-04-19,WhatsApp Image,Scanned Copy,English,INR,90,2026-06-03,Panipat,3,spelling_errors_and_abbreviations,medium,minor_naming_variation|spelling_errors_and_abbreviations,2,N,
PO00528,NAK/PO/2026-05/7825,CUST0075,2026-05-29,Email PDF,Clean Digital,English,INR,30,2026-07-13,Bengaluru,12,wrong_unit_of_measure,exception,ambiguous_product_match|clean_exact_match|missing_quantity|multiple_possible_sku_matches|small_acceptable_price_variation|spelling_errors_and_abbreviations|wrong_unit_of_measure,7,N,
PO00529,GIR/PO/2026-05/2163,CUST0090,2026-05-03,Portal Upload,Clean Digital,English,INR,0,2026-06-02,Noida,10,wrong_price_outside_tolerance,exception,ambiguous_product_match|clean_exact_match|customer_specific_product_code|incorrect_colour_or_gsm|minor_naming_variation|unusually_large_quantity|wrong_price_outside_tolerance,7,N,
PO00530,YAS/PO/2026-07/1004,CUST0124,2026-07-21,Portal Upload,Clean Digital,English,INR,60,2026-08-15,Pune,3,multiple_possible_sku_matches,hard,incorrect_colour_or_gsm|multiple_possible_sku_matches|small_acceptable_price_variation,3,N,
PO00531,VAI/PO/2026-08/4585,CUST0081,2026-08-13,Email PDF,Clean Digital,English + Hindi terms,INR,60,2026-09-12,Indore,10,conflicting_information_in_po,hard,clean_exact_match|conflicting_information_in_po|no_historical_price|partial_catalogue_match|spelling_errors_and_abbreviations,5,N,
PO00532,SAA/PO/2026-07/2435,CUST0121,2026-07-12,Scanned Copy,Scanned Copy,English,INR,15,2026-08-26,Panipat,1,no_historical_price,medium,no_historical_price,1,N,
PO00533,BHO/PO/2026-07/6948,CUST0143,2026-07-27,Email Excel,Clean Digital,English,INR,30,2026-09-10,Surat,3,new_customer_no_history,medium,new_customer_no_history,1,N,
PO00534,PAR/PO/2026-06/8659,CUST0027,2026-06-08,Portal Upload,Clean Digital,English + Hindi terms,INR,60,2026-06-23,Noida,1,minor_naming_variation,easy,minor_naming_variation,1,N,
PO00535,MAN/PO/2026-08/1505,CUST0054,2026-08-16,WhatsApp Image,Scanned Copy,English,INR,90,2026-09-30,Bhilwara,6,multiple_possible_sku_matches,hard,clean_exact_match|customer_specific_product_code|expired_historical_price|minor_naming_variation|multiple_possible_sku_matches|spelling_errors_and_abbreviations,6,N,
PO00536,BHO/PO/2026-07/3754,CUST0080,2026-07-16,Email PDF,Clean Digital,English,INR,30,2026-08-30,Ichalkaranji,3,spelling_errors_and_abbreviations,medium,clean_exact_match|customer_specific_product_code|spelling_errors_and_abbreviations,3,N,
PO00537,KAV/PO/2026-07/1799,CUST0049,2026-07-23,Portal Upload,Clean Digital,English,INR,30,2026-09-06,Bhilwara,6,incorrect_colour_or_gsm,hard,clean_exact_match|expired_historical_price|incorrect_colour_or_gsm|no_historical_price,4,N,
PO00538,MIH/PO/2026-04/4863,CUST0048,2026-04-29,WhatsApp Image,Scanned Copy,English + Hindi terms,INR,0,2026-06-13,Indore,10,ambiguous_product_match,hard,ambiguous_product_match|clean_exact_match|customer_specific_product_code|expired_historical_price|minor_naming_variation|small_acceptable_price_variation|spelling_errors_and_abbreviations,7,N,
PO00539,RID/PO/2026-07/9820,CUST0045,2026-07-07,Portal Upload,Poor Scan / Handwritten,English,INR,30,2026-08-06,Karur,7,missing_quantity,exception,clean_exact_match|customer_specific_product_code|incorrect_colour_or_gsm|missing_quantity|poor_quality_document|unusually_large_quantity|wrong_price_outside_tolerance,7,N,
PO00540,OOR/PO/2026-05/7694,CUST0069,2026-05-07,Email PDF,Clean Digital,English + Hindi terms,INR,90,2026-06-21,Chennai,7,ambiguous_product_match,hard,ambiguous_product_match|clean_exact_match|customer_specific_product_code|minor_naming_variation|no_historical_price,5,N,
PO00541,BHA/PO/2026-07/1479,CUST0108,2026-07-13,Scanned Copy,Scanned Copy,English + Hindi terms,INR,15,2026-08-27,Jaipur,6,wrong_unit_of_measure,exception,clean_exact_match|customer_specific_product_code|incorrect_colour_or_gsm|wrong_unit_of_measure,4,N,
PO00542,NIM/PO/2026-07/9312,CUST0034,2026-07-21,Email PDF,Clean Digital,English + Hindi terms,INR,90,2026-08-15,Bengaluru,3,expired_historical_price,medium,clean_exact_match|expired_historical_price|spelling_errors_and_abbreviations,3,N,
PO00543,KAV/PO/2026-07/5584,CUST0014,2026-07-04,Email PDF,Clean Digital,English + Hindi terms,INR,60,2026-08-18,Panipat,8,missing_quantity,exception,clean_exact_match|minor_naming_variation|missing_quantity|multiple_possible_sku_matches|small_acceptable_price_variation|spelling_errors_and_abbreviations,6,N,
PO00544,DEV/PO/2026-04/2653,CUST0077,2026-04-26,Email PDF,Clean Digital,English,INR,90,2026-06-10,Ahmedabad,7,missing_quantity,exception,clean_exact_match|malformed_incomplete_order|minor_naming_variation|missing_quantity|spelling_errors_and_abbreviations,5,N,
PO00545,MEG/PO/2026-06/8290,CUST0082,2026-06-18,WhatsApp Image,Scanned Copy,English,INR,30,2026-07-18,Coimbatore,4,no_historical_price,medium,clean_exact_match|no_historical_price|small_acceptable_price_variation|spelling_errors_and_abbreviations,4,N,
PO00546,UTS/PO/2026-04/6735,CUST0040,2026-04-15,Email PDF,Clean Digital,English,INR,60,2026-05-30,Bengaluru,1,clean_exact_match,easy,clean_exact_match,1,N,
PO00547,KRI/PO/2026-04/8937,CUST0008,2026-04-21,Email Excel,Clean Digital,English,INR,0,2026-06-05,Bengaluru,2,spelling_errors_and_abbreviations,medium,small_acceptable_price_variation|spelling_errors_and_abbreviations,2,N,
PO00548,ZAR/PO/2026-06/729,CUST0047,2026-06-12,Email PDF,Clean Digital,English,INR,90,2026-06-27,Indore,2,conflicting_information_in_po,hard,conflicting_information_in_po|customer_specific_product_code,2,N,
PO00549,ZEN/PO/2026-07/7281,CUST0041,2026-07-04,Email Excel,Clean Digital,English,INR,0,2026-08-18,Karur,8,malformed_incomplete_order,exception,ambiguous_product_match|clean_exact_match|customer_specific_product_code|malformed_incomplete_order|spelling_errors_and_abbreviations,5,N,
PO00550,DEV/PO/2026-06/1180,CUST0088,2026-06-24,Scanned Copy,Scanned Copy,English,INR,0,2026-07-14,Ludhiana,2,conflicting_information_in_po,hard,conflicting_information_in_po|customer_specific_product_code,2,N,
PO00551,JAA/PO/2026-04/4492,CUST0099,2026-04-25,WhatsApp Image,Scanned Copy,English,INR,90,2026-06-09,Hyderabad,6,incorrect_colour_or_gsm,hard,clean_exact_match|incorrect_colour_or_gsm|partial_catalogue_match|spelling_errors_and_abbreviations,4,N,
PO00552,BHA/PO/2026-07/2051,CUST0035,2026-07-20,Email PDF,Poor Scan / Handwritten,English,INR,30,2026-08-14,Bhilwara,5,ambiguous_product_match,hard,ambiguous_product_match|clean_exact_match|poor_quality_document|spelling_errors_and_abbreviations,4,N,
PO00553,OJA/PO/2026-04/189,CUST0111,2026-04-24,Email PDF,Clean Digital,English + Hindi terms,INR,30,2026-05-24,Ahmedabad,5,wrong_price_outside_tolerance,exception,ambiguous_product_match|conflicting_information_in_po|customer_specific_product_code|wrong_price_outside_tolerance,4,N,
PO00554,OJA/PO/2026-06/2521,CUST0111,2026-06-06,Email PDF,Clean Digital,English,INR,30,2026-07-06,Ahmedabad,6,spelling_errors_and_abbreviations,medium,clean_exact_match|customer_specific_product_code|minor_naming_variation|spelling_errors_and_abbreviations,4,N,
PO00555,SAN/PO/2026-05/2076,CUST0095,2026-05-26,Email PDF,Clean Digital,English,INR,60,2026-06-25,Bengaluru,8,missing_quantity,exception,clean_exact_match|customer_specific_product_code|expired_historical_price|missing_quantity|small_acceptable_price_variation|spelling_errors_and_abbreviations,6,N,
PO00556,NIM/PO/2026-07/345,CUST0037,2026-07-28,Email PDF,Clean Digital,English,INR,30,2026-09-11,Mumbai,10,multiple_possible_sku_matches,hard,clean_exact_match|conflicting_information_in_po|customer_specific_product_code|multiple_possible_sku_matches|partial_catalogue_match|spelling_errors_and_abbreviations,6,N,
PO00557,PRA/PO/2026-07/8066,CUST0038,2026-07-26,Email PDF,Clean Digital,English,INR,30,2026-09-09,Coimbatore,10,wrong_unit_of_measure,exception,ambiguous_product_match|clean_exact_match|incorrect_colour_or_gsm|partial_catalogue_match|small_acceptable_price_variation|spelling_errors_and_abbreviations|wrong_unit_of_measure,7,N,
PO00558,SAN/PO/2026-07/1655,CUST0039,2026-07-19,WhatsApp Image,Scanned Copy,English,INR,30,2026-08-18,Ahmedabad,1,partial_catalogue_match,medium,partial_catalogue_match,1,N,
PO00559,UTS/PO/2026-07/9268,CUST0040,2026-07-15,Email PDF,Clean Digital,English + Hindi terms,INR,60,2026-08-29,Bengaluru,4,multiple_possible_sku_matches,hard,clean_exact_match|incorrect_colour_or_gsm|multiple_possible_sku_matches,3,N,
PO00560,FAL/PO/2026-07/2322,CUST0061,2026-07-22,Portal Upload,Clean Digital,English + Hindi terms,INR,60,2026-08-16,Erode,5,multiple_possible_sku_matches,hard,ambiguous_product_match|minor_naming_variation|multiple_possible_sku_matches|partial_catalogue_match,4,N,
PO00561,OJA/PO/2026-07/7590,CUST0112,2026-07-20,Email Excel,Clean Digital,English,INR,30,2026-09-03,Tiruppur,3,partial_catalogue_match,medium,minor_naming_variation|no_historical_price|partial_catalogue_match,3,N,
PO00562,PAR/PO/2026-08/826,CUST0116,2026-08-19,Scanned Copy,Scanned Copy,English,INR,30,2026-10-03,Indore,7,unknown_product,exception,clean_exact_match|incorrect_colour_or_gsm|minor_naming_variation|unknown_product|wrong_price_outside_tolerance,5,N,
PO00563,SUR/PO/2026-07/3218,CUST0133,2026-07-13,Email Excel,Clean Digital,English,INR,30,2026-08-27,Pune,4,incorrect_colour_or_gsm,hard,clean_exact_match|incorrect_colour_or_gsm|partial_catalogue_match|small_acceptable_price_variation,4,N,
PO00564,SUR/PO/2026-07/6504,CUST0013,2026-07-22,WhatsApp Image,Scanned Copy,English,INR,60,2026-08-21,Surat,5,wrong_unit_of_measure,exception,minor_naming_variation|multiple_possible_sku_matches|spelling_errors_and_abbreviations|unknown_product|wrong_unit_of_measure,5,N,
PO00565,BHA/PO/2026-08/9238,CUST0108,2026-08-12,Scanned Copy,Scanned Copy,English,INR,15,2026-09-26,Jaipur,10,wrong_unit_of_measure,exception,clean_exact_match|incorrect_colour_or_gsm|multiple_possible_sku_matches|small_acceptable_price_variation|spelling_errors_and_abbreviations|wrong_unit_of_measure,6,N,
PO00566,NAK/PO/2026-05/569,CUST0020,2026-05-16,Email Excel,Poor Scan / Handwritten,English,INR,45,2026-06-30,Bengaluru,10,ambiguous_product_match,hard,ambiguous_product_match|clean_exact_match|customer_specific_product_code|minor_naming_variation|multiple_possible_sku_matches|poor_quality_document,6,N,
PO00567,AAR/PO/2026-05/5384,CUST0078,2026-05-02,Email Excel,Clean Digital,English + Hindi terms,INR,60,2026-06-16,Ichalkaranji,5,unusually_large_quantity,exception,conflicting_information_in_po|customer_specific_product_code|partial_catalogue_match|small_acceptable_price_variation|unusually_large_quantity,5,N,
PO00568,ESH/PO/2026-06/3807,CUST0001,2026-06-13,Email Excel,Clean Digital,English + Hindi terms,INR,45,2026-07-28,Mumbai,7,multiple_possible_sku_matches,hard,clean_exact_match|expired_historical_price|minor_naming_variation|multiple_possible_sku_matches,4,N,
PO00569,DEV/PO/2026-04/3552,CUST0104,2026-04-09,Email PDF,Poor Scan / Handwritten,English,INR,60,2026-05-24,Pune,10,unknown_product,exception,clean_exact_match|minor_naming_variation|poor_quality_document|small_acceptable_price_variation|spelling_errors_and_abbreviations|unknown_product,6,N,
PO00570,MAN/PO/2026-06/595,CUST0046,2026-06-08,WhatsApp Image,Scanned Copy,English,INR,30,2026-07-23,Panipat,10,incorrect_colour_or_gsm,hard,ambiguous_product_match|clean_exact_match|customer_specific_product_code|incorrect_colour_or_gsm|minor_naming_variation|small_acceptable_price_variation|spelling_errors_and_abbreviations,7,N,
PO00571,NIM/PO/2026-04/6010,CUST0087,2026-04-18,Scanned Copy,Poor Scan / Handwritten,English,INR,45,2026-06-02,Ludhiana,2,poor_quality_document,hard,poor_quality_document|small_acceptable_price_variation,2,N,
PO00572,KAN/PO/2026-06/1372,CUST0101,2026-06-06,Email PDF,Clean Digital,English,INR,30,2026-07-06,Tiruppur,7,ambiguous_product_match,hard,ambiguous_product_match|multiple_possible_sku_matches|partial_catalogue_match|small_acceptable_price_variation|spelling_errors_and_abbreviations,5,N,
PO00573,ZEN/PO/2026-07/9551,CUST0041,2026-07-06,Email Excel,Clean Digital,English + Hindi terms,INR,0,2026-08-20,Karur,10,wrong_unit_of_measure,exception,clean_exact_match|customer_specific_product_code|expired_historical_price|minor_naming_variation|no_historical_price|small_acceptable_price_variation|spelling_errors_and_abbreviations|wrong_unit_of_measure,8,N,
PO00574,YAS/PO/2026-06/2102,CUST0138,2026-06-12,Email Excel,Clean Digital,English + Hindi terms,INR,30,2026-07-12,Ahmedabad,2,new_customer_no_history,medium,new_customer_no_history,1,N,
PO00575,RUC/PO/2026-08/4468,CUST0073,2026-08-03,Email Excel,Clean Digital,English,INR,15,2026-09-17,Karur,2,multiple_possible_sku_matches,hard,multiple_possible_sku_matches|partial_catalogue_match,2,N,
PO00576,DEV/PO/2026-05/9764,CUST0097,2026-05-14,Email PDF,Clean Digital,English + Hindi terms,INR,0,2026-06-28,Tiruppur,8,ambiguous_product_match,hard,ambiguous_product_match|clean_exact_match|conflicting_information_in_po|customer_specific_product_code|expired_historical_price|partial_catalogue_match,6,N,
PO00577,BHA/PO/2026-04/8883,CUST0011,2026-04-11,Email PDF,Poor Scan / Handwritten,English,INR,90,2026-05-26,Surat,9,poor_quality_document,hard,clean_exact_match|minor_naming_variation|poor_quality_document|small_acceptable_price_variation|spelling_errors_and_abbreviations,5,N,
PO00578,UTS/PO/2026-05/6513,CUST0021,2026-05-23,Email Excel,Clean Digital,English,INR,15,2026-07-07,Kolkata,3,spelling_errors_and_abbreviations,medium,clean_exact_match|spelling_errors_and_abbreviations,2,N,
PO00579,DEV/PO/2026-08/1145,CUST0088,2026-08-06,Scanned Copy,Scanned Copy,English,INR,0,2026-08-26,Ludhiana,1,minor_naming_variation,easy,minor_naming_variation,1,N,
PO00580,URV/PO/2026-05/4243,CUST0029,2026-05-06,Email PDF,Clean Digital,English + Hindi terms,INR,45,2026-05-31,Bhilwara,2,clean_exact_match,easy,clean_exact_match,1,N,
PO00581,NIM/PO/2026-07/7979,CUST0030,2026-07-07,Email PDF,Clean Digital,English + Hindi terms,INR,60,2026-08-21,Erode,7,unknown_product,exception,clean_exact_match|customer_specific_product_code|multiple_possible_sku_matches|partial_catalogue_match|spelling_errors_and_abbreviations|unknown_product,6,N,
PO00582,TAN/PO/2026-08/7412,CUST0076,2026-08-16,Email PDF,Clean Digital,English,INR,0,2026-09-15,Panipat,4,ambiguous_product_match,hard,ambiguous_product_match|clean_exact_match|customer_specific_product_code|spelling_errors_and_abbreviations,4,N,
PO00583,RAJ/PO/2026-05/7573,CUST0042,2026-05-01,Email Excel,Poor Scan / Handwritten,English + Hindi terms,INR,90,2026-06-15,Bhilwara,5,wrong_price_outside_tolerance,exception,partial_catalogue_match|poor_quality_document|spelling_errors_and_abbreviations|wrong_price_outside_tolerance,4,N,
PO00584,ISH/PO/2026-07/9267,CUST0126,2026-07-21,Email PDF,Clean Digital,English,INR,0,2026-09-04,Indore,4,incorrect_colour_or_gsm,hard,ambiguous_product_match|incorrect_colour_or_gsm|small_acceptable_price_variation|spelling_errors_and_abbreviations,4,N,
PO00585,ISH/PO/2026-08/2750,CUST0126,2026-08-04,Email PDF,Poor Scan / Handwritten,English,INR,0,2026-09-18,Indore,5,poor_quality_document,hard,clean_exact_match|customer_specific_product_code|minor_naming_variation|no_historical_price|poor_quality_document,5,N,
PO00586,LAK/PO/2026-06/4099,CUST0052,2026-06-15,WhatsApp Image,Scanned Copy,English,INR,45,2026-07-30,Bengaluru,10,unknown_product,exception,clean_exact_match|customer_specific_product_code|minor_naming_variation|no_historical_price|small_acceptable_price_variation|spelling_errors_and_abbreviations|unknown_product,7,N,
PO00587,UTS/PO/2026-07/4811,CUST0021,2026-07-25,Email Excel,Clean Digital,English,INR,15,2026-09-08,Kolkata,7,ambiguous_product_match,hard,ambiguous_product_match|clean_exact_match|minor_naming_variation|small_acceptable_price_variation|spelling_errors_and_abbreviations,5,N,
PO00588,ADV/PO/2026-08/4267,CUST0092,2026-08-02,Email PDF,Clean Digital,English,INR,90,2026-08-12,Indore,1,customer_specific_product_code,medium,customer_specific_product_code,1,N,
PO00589,KAV/PO/2026-06/4156,CUST0049,2026-06-06,Portal Upload,Clean Digital,English,INR,30,2026-06-26,Bhilwara,1,incorrect_colour_or_gsm,hard,incorrect_colour_or_gsm,1,N,
PO00590,ANA/PO/2026-04/7136,CUST0150,2026-04-23,WhatsApp Image,Scanned Copy,English,INR,30,2026-06-07,Erode,6,new_customer_no_history,medium,new_customer_no_history,1,N,
PO00591,SAN/PO/2026-05/3298,CUST0085,2026-05-15,Email PDF,Clean Digital,English,INR,15,2026-06-29,Hyderabad,3,wrong_price_outside_tolerance,exception,customer_specific_product_code|spelling_errors_and_abbreviations|wrong_price_outside_tolerance,3,N,
PO00592,MAY/PO/2026-07/4317,CUST0053,2026-07-10,Email PDF,Clean Digital,English,INR,45,2026-08-24,Jaipur,7,unusually_large_quantity,exception,ambiguous_product_match|clean_exact_match|incorrect_colour_or_gsm|partial_catalogue_match|spelling_errors_and_abbreviations|unusually_large_quantity,6,N,
PO00593,UTS/PO/2026-06/3284,CUST0134,2026-06-08,Email PDF,Clean Digital,English,INR,45,2026-07-23,Karur,9,incorrect_colour_or_gsm,hard,clean_exact_match|customer_specific_product_code|incorrect_colour_or_gsm|minor_naming_variation|small_acceptable_price_variation|spelling_errors_and_abbreviations,6,N,
PO00594,NIR/PO/2026-04/5112,CUST0091,2026-04-08,Email PDF,Clean Digital,English,INR,15,2026-05-23,Coimbatore,2,minor_naming_variation,easy,clean_exact_match|minor_naming_variation,2,N,
PO00595,PRA/PO/2026-05/5256,CUST0055,2026-05-21,Email Excel,Clean Digital,English,INR,90,2026-06-20,Mumbai,5,conflicting_information_in_po,hard,clean_exact_match|conflicting_information_in_po|minor_naming_variation|multiple_possible_sku_matches,4,N,
PO00596,NAK/PO/2026-05/3344,CUST0075,2026-05-02,Email PDF,Clean Digital,English,INR,30,2026-05-27,Bengaluru,4,conflicting_information_in_po,hard,clean_exact_match|conflicting_information_in_po|customer_specific_product_code,3,N,
PO00597,KRI/PO/2026-07/4490,CUST0008,2026-07-26,Email Excel,Clean Digital,English,INR,0,2026-09-09,Bengaluru,4,unknown_product,exception,conflicting_information_in_po|incorrect_colour_or_gsm|minor_naming_variation|unknown_product,4,N,
PO00598,ADV/PO/2026-05/8174,CUST0065,2026-05-09,WhatsApp Image,Scanned Copy,English,INR,0,2026-06-23,Hyderabad,5,wrong_price_outside_tolerance,exception,clean_exact_match|partial_catalogue_match|spelling_errors_and_abbreviations|unknown_product|wrong_price_outside_tolerance,5,N,
PO00599,CHA/PO/2026-05/8461,CUST0060,2026-05-13,Portal Upload,Clean Digital,English,INR,15,2026-06-27,New Delhi,12,conflicting_information_in_po,hard,ambiguous_product_match|clean_exact_match|conflicting_information_in_po|customer_specific_product_code|minor_naming_variation|multiple_possible_sku_matches|partial_catalogue_match|spelling_errors_and_abbreviations,8,N,
PO00600,NIR/PO/2026-08/3270,CUST0114,2026-08-04,Portal Upload,Clean Digital,English,INR,30,2026-09-18,Bhilwara,2,ambiguous_product_match,hard,ambiguous_product_match|clean_exact_match,2,N,
PO00601,SAN/PO/2026-05/9679,CUST0085,2026-05-09,Email PDF,Clean Digital,English,INR,15,2026-05-24,Hyderabad,3,multiple_possible_sku_matches,hard,minor_naming_variation|multiple_possible_sku_matches,2,N,
PO00602,MEG/PO/2026-04/6521,CUST0059,2026-04-27,Email PDF,Clean Digital,English,INR,15,2026-06-11,Pune,3,conflicting_information_in_po,hard,clean_exact_match|conflicting_information_in_po|small_acceptable_price_variation,3,N,
PO00603,KAV/PO/2026-07/7193,CUST0107,2026-07-04,Email PDF,Clean Digital,English,INR,90,2026-08-18,Mumbai,6,conflicting_information_in_po,hard,conflicting_information_in_po|customer_specific_product_code|minor_naming_variation|small_acceptable_price_variation,4,N,
PO00604,MAN/PO/2026-04/4711,CUST0023,2026-04-09,WhatsApp Image,Scanned Copy,English,INR,90,2026-05-09,Panipat,1,clean_exact_match,easy,clean_exact_match,1,N,
PO00605,SAA/PO/2026-04/4290,CUST0121,2026-04-27,Scanned Copy,Scanned Copy,English + Hindi terms,INR,15,2026-06-11,Panipat,5,unknown_product,exception,customer_specific_product_code|incorrect_colour_or_gsm|no_historical_price|spelling_errors_and_abbreviations|unknown_product,5,N,
PO00606,PRA/PO/2026-04/4892,CUST0071,2026-04-03,WhatsApp Image,Poor Scan / Handwritten,English,INR,0,2026-05-18,Jaipur,7,poor_quality_document,hard,ambiguous_product_match|clean_exact_match|minor_naming_variation|multiple_possible_sku_matches|poor_quality_document|spelling_errors_and_abbreviations,6,N,
PO00607,ZEN/PO/2026-04/921,CUST0050,2026-04-25,Email PDF,Poor Scan / Handwritten,English,INR,0,2026-05-10,Pune,3,poor_quality_document,hard,partial_catalogue_match|poor_quality_document|small_acceptable_price_variation,3,N,
PO00608,ADV/PO/2026-06/7604,CUST0017,2026-06-07,Email Excel,Clean Digital,English,INR,0,2026-07-22,Karur,9,spelling_errors_and_abbreviations,medium,clean_exact_match|customer_specific_product_code|minor_naming_variation|partial_catalogue_match|small_acceptable_price_variation|spelling_errors_and_abbreviations,6,N,
PO00609,MIH/PO/2026-06/2020,CUST0048,2026-06-06,WhatsApp Image,Poor Scan / Handwritten,English,INR,0,2026-07-21,Indore,12,ambiguous_product_match,hard,ambiguous_product_match|clean_exact_match|minor_naming_variation|no_historical_price|partial_catalogue_match|poor_quality_document|small_acceptable_price_variation|spelling_errors_and_abbreviations,8,N,
PO00610,KRI/PO/2026-04/8532,CUST0086,2026-04-20,WhatsApp Image,Scanned Copy,English + Hindi terms,INR,60,2026-05-10,Indore,1,minor_naming_variation,easy,minor_naming_variation,1,N,
PO00611,SAN/PO/2026-04/6460,CUST0085,2026-04-03,Email PDF,Clean Digital,English,INR,15,2026-04-28,Hyderabad,2,partial_catalogue_match,medium,no_historical_price|partial_catalogue_match,2,N,
PO00612,MAN/PO/2026-08/2248,CUST0103,2026-08-06,WhatsApp Image,Scanned Copy,English,INR,15,2026-09-20,Bengaluru,7,ambiguous_product_match,hard,ambiguous_product_match|clean_exact_match|minor_naming_variation|spelling_errors_and_abbreviations,4,N,
PO00613,BHO/PO/2026-08/8987,CUST0015,2026-08-07,WhatsApp Image,Scanned Copy,English,INR,30,2026-09-01,Ludhiana,3,customer_specific_product_code,medium,clean_exact_match|customer_specific_product_code|minor_naming_variation,3,N,
PO00614,DEV/PO/2026-05/8472,CUST0019,2026-05-30,Email PDF,Poor Scan / Handwritten,English + Hindi terms,INR,30,2026-07-14,Ludhiana,10,incorrect_colour_or_gsm,hard,ambiguous_product_match|clean_exact_match|customer_specific_product_code|incorrect_colour_or_gsm|minor_naming_variation|multiple_possible_sku_matches|poor_quality_document|spelling_errors_and_abbreviations,8,N,
PO00615,LAK/PO/2026-08/810,CUST0052,2026-08-07,WhatsApp Image,Scanned Copy,English,INR,45,2026-08-27,Bengaluru,3,spelling_errors_and_abbreviations,medium,clean_exact_match|spelling_errors_and_abbreviations,2,N,
PO00616,MAN/PO/2026-05/4372,CUST0132,2026-05-15,Portal Upload,Poor Scan / Handwritten,English,INR,60,2026-06-14,Chennai,10,poor_quality_document,hard,clean_exact_match|customer_specific_product_code|expired_historical_price|minor_naming_variation|no_historical_price|partial_catalogue_match|poor_quality_document|spelling_errors_and_abbreviations,8,N,
PO00617,MEG/PO/2026-04/4653,CUST0082,2026-04-24,WhatsApp Image,Scanned Copy,English,INR,30,2026-06-08,Coimbatore,6,wrong_unit_of_measure,exception,clean_exact_match|no_historical_price|small_acceptable_price_variation|wrong_price_outside_tolerance|wrong_unit_of_measure,5,N,
PO00618,URV/PO/2026-04/3285,CUST0063,2026-04-22,Email PDF,Clean Digital,English,INR,15,2026-05-22,Mumbai,4,wrong_price_outside_tolerance,exception,ambiguous_product_match|clean_exact_match|spelling_errors_and_abbreviations|wrong_price_outside_tolerance,4,N,
PO00619,BHA/PO/2026-07/9390,CUST0035,2026-07-30,Email PDF,Clean Digital,English,INR,30,2026-09-13,Bhilwara,8,unknown_product,exception,ambiguous_product_match|clean_exact_match|conflicting_information_in_po|customer_specific_product_code|minor_naming_variation|small_acceptable_price_variation|unknown_product,7,N,
PO00620,SAA/PO/2026-06/1759,CUST0121,2026-06-09,Scanned Copy,Scanned Copy,English,INR,15,2026-07-09,Panipat,3,spelling_errors_and_abbreviations,medium,clean_exact_match|minor_naming_variation|spelling_errors_and_abbreviations,3,N,
PO00621,ADV/PO/2026-08/3128,CUST0127,2026-08-10,Email PDF,Clean Digital,English,INR,30,2026-09-24,Bhilwara,5,spelling_errors_and_abbreviations,medium,clean_exact_match|minor_naming_variation|spelling_errors_and_abbreviations,3,N,
PO00622,MIH/PO/2026-07/4945,CUST0048,2026-07-24,WhatsApp Image,Poor Scan / Handwritten,English + Hindi terms,INR,0,2026-09-07,Indore,8,poor_quality_document,hard,clean_exact_match|conflicting_information_in_po|customer_specific_product_code|partial_catalogue_match|poor_quality_document,5,N,
PO00623,HAR/PO/2026-07/7081,CUST0109,2026-07-17,WhatsApp Image,Scanned Copy,English + Hindi terms,INR,30,2026-08-16,Hyderabad,2,multiple_possible_sku_matches,hard,minor_naming_variation|multiple_possible_sku_matches,2,N,
PO00624,BHA/PO/2026-08/4266,CUST0108,2026-08-06,Scanned Copy,Scanned Copy,English + Hindi terms,INR,15,2026-09-20,Jaipur,4,incorrect_colour_or_gsm,hard,clean_exact_match|incorrect_colour_or_gsm|spelling_errors_and_abbreviations,3,N,
PO00625,OJA/PO/2026-06/9383,CUST0131,2026-06-07,Portal Upload,Clean Digital,English + Hindi terms,INR,45,2026-07-07,Kolkata,7,wrong_unit_of_measure,exception,ambiguous_product_match|clean_exact_match|customer_specific_product_code|spelling_errors_and_abbreviations|wrong_unit_of_measure,5,N,
PO00626,NIM/PO/2026-07/8564,CUST0030,2026-07-30,Email PDF,Clean Digital,English,INR,60,2026-08-19,Erode,2,wrong_price_outside_tolerance,exception,clean_exact_match|wrong_price_outside_tolerance,2,N,
PO00627,PAR/PO/2026-04/5732,CUST0116,2026-04-26,Scanned Copy,Scanned Copy,English,INR,30,2026-06-10,Indore,10,malformed_incomplete_order,exception,ambiguous_product_match|clean_exact_match|incorrect_colour_or_gsm|malformed_incomplete_order|minor_naming_variation|partial_catalogue_match,6,N,
PO00628,DEV/PO/2026-05/4325,CUST0096,2026-05-23,Email PDF,Clean Digital,English,INR,0,2026-07-07,New Delhi,5,multiple_possible_sku_matches,hard,clean_exact_match|minor_naming_variation|multiple_possible_sku_matches|no_historical_price,4,N,
PO00629,OOR/PO/2026-08/8943,CUST0069,2026-08-06,Email PDF,Clean Digital,English,INR,90,2026-09-20,Chennai,7,wrong_price_outside_tolerance,exception,customer_specific_product_code|minor_naming_variation|small_acceptable_price_variation|spelling_errors_and_abbreviations|unknown_product|wrong_price_outside_tolerance,6,N,
PO00630,OJA/PO/2026-06/450,CUST0131,2026-06-26,Portal Upload,Clean Digital,English + Hindi terms,INR,45,2026-08-10,Kolkata,10,ambiguous_product_match,hard,ambiguous_product_match|clean_exact_match|conflicting_information_in_po|minor_naming_variation|partial_catalogue_match|spelling_errors_and_abbreviations,6,N,
PO00631,DEV/PO/2026-07/6858,CUST0096,2026-07-10,Email PDF,Clean Digital,English,INR,0,2026-08-24,New Delhi,5,unknown_product,exception,clean_exact_match|minor_naming_variation|small_acceptable_price_variation|unknown_product,4,N,
PO00632,OJA/PO/2026-04/5635,CUST0018,2026-04-03,Scanned Copy,Scanned Copy,English,INR,15,2026-05-18,Ludhiana,9,unknown_product,exception,clean_exact_match|customer_specific_product_code|minor_naming_variation|no_historical_price|spelling_errors_and_abbreviations|unknown_product,6,N,
PO00633,MAY/PO/2026-06/579,CUST0053,2026-06-18,Email PDF,Clean Digital,English,INR,45,2026-08-02,Jaipur,10,incorrect_colour_or_gsm,hard,clean_exact_match|customer_specific_product_code|incorrect_colour_or_gsm|minor_naming_variation|partial_catalogue_match|small_acceptable_price_variation,6,N,
PO00634,LAK/PO/2026-05/2821,CUST0052,2026-05-19,WhatsApp Image,Scanned Copy,English,INR,45,2026-07-03,Bengaluru,8,wrong_price_outside_tolerance,exception,ambiguous_product_match|clean_exact_match|conflicting_information_in_po|expired_historical_price|spelling_errors_and_abbreviations|wrong_price_outside_tolerance,6,N,
PO00635,MIH/PO/2026-05/1270,CUST0048,2026-05-28,WhatsApp Image,Scanned Copy,English,INR,0,2026-07-12,Indore,5,wrong_price_outside_tolerance,exception,clean_exact_match|customer_specific_product_code|spelling_errors_and_abbreviations|wrong_price_outside_tolerance,4,N,
PO00636,MEG/PO/2026-05/6056,CUST0082,2026-05-16,WhatsApp Image,Scanned Copy,English,INR,30,2026-06-30,Coimbatore,6,customer_specific_product_code,medium,clean_exact_match|customer_specific_product_code|expired_historical_price|minor_naming_variation,4,N,
PO00637,KAN/PO/2026-07/3842,CUST0101,2026-07-21,Email PDF,Clean Digital,English + Hindi terms,INR,30,2026-09-04,Tiruppur,10,multiple_possible_sku_matches,hard,clean_exact_match|expired_historical_price|minor_naming_variation|multiple_possible_sku_matches|no_historical_price|partial_catalogue_match|small_acceptable_price_variation,7,N,
PO00638,KAV/PO/2026-06/6285,CUST0014,2026-06-01,Email PDF,Clean Digital,English + Hindi terms,INR,60,2026-06-26,Panipat,3,ambiguous_product_match,hard,ambiguous_product_match|expired_historical_price|incorrect_colour_or_gsm,3,N,
PO00639,NIR/PO/2026-06/1360,CUST0091,2026-06-18,Email PDF,Clean Digital,English,INR,15,2026-07-08,Coimbatore,4,unusually_large_quantity,exception,clean_exact_match|incorrect_colour_or_gsm|unusually_large_quantity,3,N,
PO00640,MAN/PO/2026-04/2789,CUST0132,2026-04-12,Portal Upload,Clean Digital,English + Hindi terms,INR,60,2026-05-12,Chennai,3,incorrect_colour_or_gsm,hard,incorrect_colour_or_gsm|minor_naming_variation|partial_catalogue_match,3,N,
PO00641,MAN/PO/2026-04/5204,CUST0046,2026-04-12,WhatsApp Image,Scanned Copy,English,INR,30,2026-05-12,Panipat,9,wrong_price_outside_tolerance,exception,ambiguous_product_match|conflicting_information_in_po|expired_historical_price|minor_naming_variation|small_acceptable_price_variation|spelling_errors_and_abbreviations|wrong_price_outside_tolerance,7,N,
PO00642,SUR/PO/2026-07/2067,CUST0133,2026-07-18,Email Excel,Clean Digital,English,INR,30,2026-08-07,Pune,2,spelling_errors_and_abbreviations,medium,spelling_errors_and_abbreviations,1,N,
PO00643,VAI/PO/2026-07/5834,CUST0007,2026-07-03,Email PDF,Clean Digital,English,INR,30,2026-08-02,Jaipur,2,unknown_product,exception,small_acceptable_price_variation|unknown_product,2,N,
PO00644,PAR/PO/2026-05/9439,CUST0027,2026-05-23,Portal Upload,Poor Scan / Handwritten,English,INR,60,2026-07-07,Noida,7,unknown_product,exception,clean_exact_match|multiple_possible_sku_matches|no_historical_price|partial_catalogue_match|poor_quality_document|unknown_product,6,N,
PO00645,NIR/PO/2026-05/6727,CUST0002,2026-05-02,WhatsApp Image,Scanned Copy,English + Hindi terms,INR,45,2026-06-01,Chennai,8,unknown_product,exception,customer_specific_product_code|minor_naming_variation|partial_catalogue_match|small_acceptable_price_variation|spelling_errors_and_abbreviations|unknown_product,6,N,
PO00646,SAN/PO/2026-06/2535,CUST0039,2026-06-05,WhatsApp Image,Scanned Copy,English + Hindi terms,INR,30,2026-07-20,Ahmedabad,5,wrong_price_outside_tolerance,exception,clean_exact_match|incorrect_colour_or_gsm|small_acceptable_price_variation|wrong_price_outside_tolerance,4,N,
PO00647,UTS/PO/2026-06/3685,CUST0068,2026-06-30,Email Excel,Clean Digital,English + Hindi terms,INR,45,2026-07-15,Ahmedabad,1,partial_catalogue_match,medium,partial_catalogue_match,1,N,
PO00648,UTS/PO/2026-06/8536,CUST0134,2026-06-23,Email PDF,Clean Digital,English + Hindi terms,INR,45,2026-07-23,Karur,1,incorrect_colour_or_gsm,hard,incorrect_colour_or_gsm,1,N,
PO00649,NIR/PO/2026-06/2360,CUST0022,2026-06-25,Email Excel,Clean Digital,English,INR,60,2026-07-25,Erode,4,multiple_possible_sku_matches,hard,ambiguous_product_match|clean_exact_match|incorrect_colour_or_gsm|multiple_possible_sku_matches,4,N,
PO00650,ANA/PO/2026-07/9584,CUST0150,2026-07-04,WhatsApp Image,Scanned Copy,English,INR,30,2026-08-18,Erode,5,new_customer_no_history,medium,new_customer_no_history,1,N,
PO00651,NAK/PO/2026-07/2851,CUST0105,2026-07-16,Email PDF,Clean Digital,English,INR,30,2026-08-30,Indore,8,multiple_possible_sku_matches,hard,clean_exact_match|customer_specific_product_code|expired_historical_price|minor_naming_variation|multiple_possible_sku_matches,5,N,
PO00652,VAS/PO/2026-06/2386,CUST0026,2026-06-28,WhatsApp Image,Scanned Copy,English,INR,60,2026-08-12,Ichalkaranji,7,wrong_price_outside_tolerance,exception,missing_quantity|multiple_possible_sku_matches|small_acceptable_price_variation|spelling_errors_and_abbreviations|wrong_price_outside_tolerance,5,N,
PO00653,SAN/PO/2026-07/5916,CUST0039,2026-07-12,WhatsApp Image,Scanned Copy,English,INR,30,2026-08-11,Ahmedabad,1,partial_catalogue_match,medium,partial_catalogue_match,1,N,
PO00654,NIM/PO/2026-07/3973,CUST0142,2026-07-16,Email Excel,Clean Digital,English,INR,90,2026-08-10,Coimbatore,4,new_customer_no_history,medium,new_customer_no_history,1,N,
PO00655,SAM/PO/2026-05/493,CUST0084,2026-05-29,Email Excel,Clean Digital,English,INR,30,2026-06-18,Indore,3,unusually_large_quantity,exception,minor_naming_variation|small_acceptable_price_variation|unusually_large_quantity,3,N,
PO00656,ADV/PO/2026-06/5488,CUST0017,2026-06-29,Email Excel,Clean Digital,English,INR,0,2026-07-29,Karur,5,unusually_large_quantity,exception,clean_exact_match|customer_specific_product_code|partial_catalogue_match|unusually_large_quantity,4,N,
PO00657,TAN/PO/2026-05/2368,CUST0012,2026-05-07,Email PDF,Clean Digital,English + Hindi terms,INR,30,2026-06-21,Ahmedabad,3,unusually_large_quantity,exception,clean_exact_match|small_acceptable_price_variation|unusually_large_quantity,3,N,
PO00658,YAS/PO/2026-07/8904,CUST0124,2026-07-29,Portal Upload,Poor Scan / Handwritten,English,INR,60,2026-08-28,Pune,7,poor_quality_document,hard,clean_exact_match|minor_naming_variation|no_historical_price|partial_catalogue_match|poor_quality_document|spelling_errors_and_abbreviations,6,N,
PO00659,ISH/PO/2026-06/4504,CUST0066,2026-06-24,Portal Upload,Clean Digital,English,INR,90,2026-07-24,Mumbai,6,ambiguous_product_match,hard,ambiguous_product_match|clean_exact_match|minor_naming_variation|spelling_errors_and_abbreviations,4,N,
PO00660,SAM/PO/2026-07/4471,CUST0120,2026-07-25,Email PDF,Clean Digital,English + Hindi terms,INR,0,2026-09-08,Mumbai,5,wrong_price_outside_tolerance,exception,customer_specific_product_code|small_acceptable_price_variation|spelling_errors_and_abbreviations|unknown_product|wrong_price_outside_tolerance,5,N,
PO00661,GIR/PO/2026-07/2532,CUST0135,2026-07-22,Email Excel,Clean Digital,English,INR,30,2026-09-05,Ichalkaranji,2,multiple_possible_sku_matches,hard,clean_exact_match|multiple_possible_sku_matches,2,N,
PO00662,BHA/PO/2026-04/6574,CUST0123,2026-04-06,Email Excel,Clean Digital,English,INR,30,2026-05-21,Surat,10,multiple_possible_sku_matches,hard,clean_exact_match|customer_specific_product_code|multiple_possible_sku_matches|no_historical_price|partial_catalogue_match|spelling_errors_and_abbreviations,6,N,
PO00663,UTS/PO/2026-05/6694,CUST0136,2026-05-06,WhatsApp Image,Poor Scan / Handwritten,English,INR,0,2026-06-05,New Delhi,3,poor_quality_document,hard,customer_specific_product_code|partial_catalogue_match|poor_quality_document,3,N,
PO00664,UTS/PO/2026-06/6086,CUST0068,2026-06-05,Email Excel,Poor Scan / Handwritten,English,INR,45,2026-07-20,Ahmedabad,7,poor_quality_document,hard,conflicting_information_in_po|incorrect_colour_or_gsm|partial_catalogue_match|poor_quality_document|small_acceptable_price_variation|spelling_errors_and_abbreviations,6,N,
PO00665,DEV/PO/2026-05/1776,CUST0104,2026-05-15,Email PDF,Clean Digital,English,INR,60,2026-06-09,Pune,4,spelling_errors_and_abbreviations,medium,clean_exact_match|minor_naming_variation|spelling_errors_and_abbreviations,3,N,
PO00666,NIM/PO/2026-06/8473,CUST0030,2026-06-30,Email PDF,Clean Digital,English,INR,60,2026-08-14,Erode,4,incorrect_colour_or_gsm,hard,ambiguous_product_match|clean_exact_match|incorrect_colour_or_gsm|minor_naming_variation,4,N,
PO00667,OOR/PO/2026-05/7383,CUST0119,2026-05-09,Scanned Copy,Poor Scan / Handwritten,English,INR,15,2026-06-23,Tiruppur,8,wrong_price_outside_tolerance,exception,customer_specific_product_code|minor_naming_variation|partial_catalogue_match|poor_quality_document|small_acceptable_price_variation|wrong_price_outside_tolerance,6,N,
PO00668,SAT/PO/2026-07/3183,CUST0113,2026-07-24,Email Excel,Clean Digital,English,INR,30,2026-09-07,Ichalkaranji,6,incorrect_colour_or_gsm,hard,clean_exact_match|incorrect_colour_or_gsm|minor_naming_variation|multiple_possible_sku_matches|spelling_errors_and_abbreviations,5,N,
PO00669,LAK/PO/2026-06/5639,CUST0052,2026-06-14,WhatsApp Image,Scanned Copy,English,INR,45,2026-07-14,Bengaluru,7,unknown_product,exception,clean_exact_match|customer_specific_product_code|minor_naming_variation|no_historical_price|partial_catalogue_match|unknown_product,6,N,
PO00670,SUR/PO/2026-04/8404,CUST0013,2026-04-27,WhatsApp Image,Scanned Copy,English,INR,60,2026-05-27,Surat,10,multiple_possible_sku_matches,hard,clean_exact_match|expired_historical_price|minor_naming_variation|multiple_possible_sku_matches|small_acceptable_price_variation|spelling_errors_and_abbreviations,6,N,
PO00671,SAA/PO/2026-05/7702,CUST0121,2026-05-19,Scanned Copy,Scanned Copy,English,INR,15,2026-07-03,Panipat,4,wrong_price_outside_tolerance,exception,clean_exact_match|minor_naming_variation|small_acceptable_price_variation|wrong_price_outside_tolerance,4,N,
PO00672,VRI/PO/2026-05/1546,CUST0098,2026-05-22,Email PDF,Clean Digital,English + Hindi terms,INR,30,2026-07-06,Bengaluru,5,wrong_unit_of_measure,exception,conflicting_information_in_po|minor_naming_variation|missing_quantity|wrong_unit_of_measure,4,N,
PO00673,TEJ/PO/2026-04/510,CUST0005,2026-04-01,Email PDF,Clean Digital,English,INR,45,2026-05-16,Mumbai,8,unknown_product,exception,clean_exact_match|conflicting_information_in_po|customer_specific_product_code|minor_naming_variation|spelling_errors_and_abbreviations|unknown_product,6,N,
PO00674,MAN/PO/2026-04/4760,CUST0054,2026-04-09,WhatsApp Image,Poor Scan / Handwritten,English,INR,90,2026-05-24,Bhilwara,5,multiple_possible_sku_matches,hard,conflicting_information_in_po|multiple_possible_sku_matches|partial_catalogue_match|poor_quality_document,4,N,
PO00675,NIM/PO/2026-05/2985,CUST0030,2026-05-08,Email PDF,Clean Digital,English,INR,60,2026-06-22,Erode,3,small_acceptable_price_variation,easy,clean_exact_match|minor_naming_variation|small_acceptable_price_variation,3,N,
PO00676,NIM/PO/2026-06/5170,CUST0034,2026-06-27,Email PDF,Clean Digital,English + Hindi terms,INR,90,2026-08-11,Bengaluru,10,unknown_product,exception,ambiguous_product_match|clean_exact_match|customer_specific_product_code|minor_naming_variation|small_acceptable_price_variation|spelling_errors_and_abbreviations|unknown_product|wrong_unit_of_measure,8,N,
PO00677,AMR/PO/2026-07/7514,CUST0130,2026-07-14,Email PDF,Clean Digital,English,INR,30,2026-08-08,Noida,3,clean_exact_match,easy,clean_exact_match|minor_naming_variation,2,N,
PO00678,NIM/PO/2026-04/196,CUST0037,2026-04-25,Email PDF,Clean Digital,English + Hindi terms,INR,30,2026-06-09,Mumbai,7,conflicting_information_in_po,hard,clean_exact_match|conflicting_information_in_po|minor_naming_variation|no_historical_price|spelling_errors_and_abbreviations,5,N,
PO00679,PRA/PO/2026-07/2470,CUST0038,2026-07-21,Email PDF,Clean Digital,English,INR,30,2026-08-15,Coimbatore,2,spelling_errors_and_abbreviations,medium,minor_naming_variation|spelling_errors_and_abbreviations,2,N,
PO00680,AAS/PO/2026-06/8324,CUST0067,2026-06-16,Email PDF,Clean Digital,English,INR,90,2026-07-31,Noida,3,ambiguous_product_match,hard,ambiguous_product_match|multiple_possible_sku_matches|partial_catalogue_match,3,N,
PO00681,BHO/PO/2026-05/1390,CUST0080,2026-05-13,Email PDF,Clean Digital,English,INR,30,2026-06-27,Ichalkaranji,4,incorrect_colour_or_gsm,hard,clean_exact_match|incorrect_colour_or_gsm|multiple_possible_sku_matches|partial_catalogue_match,4,N,
PO00682,VAS/PO/2026-04/1372,CUST0026,2026-04-23,WhatsApp Image,Scanned Copy,English,INR,60,2026-06-07,Ichalkaranji,5,incorrect_colour_or_gsm,hard,clean_exact_match|incorrect_colour_or_gsm|spelling_errors_and_abbreviations,3,N,
PO00683,SAT/PO/2026-04/675,CUST0009,2026-04-04,WhatsApp Image,Scanned Copy,English + Hindi terms,INR,30,2026-04-24,Ahmedabad,2,minor_naming_variation,easy,minor_naming_variation,1,N,
PO00684,OJA/PO/2026-08/9935,CUST0111,2026-08-13,Email PDF,Clean Digital,English,INR,30,2026-09-27,Ahmedabad,10,wrong_price_outside_tolerance,exception,clean_exact_match|customer_specific_product_code|expired_historical_price|minor_naming_variation|multiple_possible_sku_matches|small_acceptable_price_variation|wrong_price_outside_tolerance,7,N,
PO00685,AMR/PO/2026-04/1187,CUST0043,2026-04-07,Email PDF,Clean Digital,English,INR,0,2026-05-07,Pune,4,multiple_possible_sku_matches,hard,ambiguous_product_match|conflicting_information_in_po|multiple_possible_sku_matches,3,N,
PO00686,PRA/PO/2026-08/9275,CUST0071,2026-08-18,WhatsApp Image,Scanned Copy,English,INR,0,2026-10-02,Jaipur,6,customer_specific_product_code,medium,clean_exact_match|customer_specific_product_code|minor_naming_variation,3,N,
PO00687,KRI/PO/2026-07/1505,CUST0008,2026-07-16,Email Excel,Poor Scan / Handwritten,English,INR,0,2026-08-30,Bengaluru,7,unknown_product,exception,ambiguous_product_match|clean_exact_match|customer_specific_product_code|minor_naming_variation|poor_quality_document|unknown_product,6,N,
PO00688,YUV/PO/2026-04/9503,CUST0079,2026-04-22,Email Excel,Clean Digital,English,INR,30,2026-05-07,Hyderabad,2,clean_exact_match,easy,clean_exact_match,1,N,
PO00689,TEJ/PO/2026-07/2735,CUST0005,2026-07-25,Email PDF,Clean Digital,English,INR,45,2026-09-08,Mumbai,7,wrong_unit_of_measure,exception,clean_exact_match|expired_historical_price|incorrect_colour_or_gsm|minor_naming_variation|wrong_unit_of_measure,5,N,
PO00690,HAR/PO/2026-07/3490,CUST0083,2026-07-14,Portal Upload,Clean Digital,English,INR,15,2026-08-28,Surat,10,wrong_price_outside_tolerance,exception,clean_exact_match|minor_naming_variation|multiple_possible_sku_matches|partial_catalogue_match|spelling_errors_and_abbreviations|wrong_price_outside_tolerance,6,N,
PO00691,VAI/PO/2026-05/4442,CUST0064,2026-05-10,Email PDF,Clean Digital,English,INR,30,2026-06-09,Hyderabad,3,incorrect_colour_or_gsm,hard,incorrect_colour_or_gsm|small_acceptable_price_variation|spelling_errors_and_abbreviations,3,N,
PO00692,UTS/PO/2026-04/1236,CUST0021,2026-04-01,Email Excel,Poor Scan / Handwritten,English,INR,15,2026-04-16,Kolkata,3,multiple_possible_sku_matches,hard,ambiguous_product_match|multiple_possible_sku_matches|poor_quality_document,3,N,
PO00693,SAA/PO/2026-06/8827,CUST0121,2026-06-08,Scanned Copy,Scanned Copy,English,INR,15,2026-07-23,Panipat,5,spelling_errors_and_abbreviations,medium,clean_exact_match|partial_catalogue_match|small_acceptable_price_variation|spelling_errors_and_abbreviations,4,N,
PO00694,SUR/PO/2026-07/4511,CUST0013,2026-07-08,WhatsApp Image,Scanned Copy,English,INR,60,2026-08-22,Surat,10,unusually_large_quantity,exception,clean_exact_match|incorrect_colour_or_gsm|multiple_possible_sku_matches|no_historical_price|spelling_errors_and_abbreviations|unusually_large_quantity|wrong_price_outside_tolerance,7,N,
PO00695,PRA/PO/2026-04/2026,CUST0038,2026-04-21,Email PDF,Clean Digital,English,INR,30,2026-06-05,Coimbatore,10,multiple_possible_sku_matches,hard,clean_exact_match|minor_naming_variation|multiple_possible_sku_matches|no_historical_price|partial_catalogue_match,5,N,
PO00696,ADV/PO/2026-07/7177,CUST0092,2026-07-10,Email PDF,Clean Digital,English,INR,90,2026-08-24,Indore,8,wrong_price_outside_tolerance,exception,clean_exact_match|conflicting_information_in_po|customer_specific_product_code|minor_naming_variation|small_acceptable_price_variation|wrong_price_outside_tolerance,6,N,
PO00697,UTS/PO/2026-07/6254,CUST0021,2026-07-28,Email Excel,Clean Digital,English,INR,15,2026-09-11,Kolkata,3,wrong_price_outside_tolerance,exception,ambiguous_product_match|clean_exact_match|wrong_price_outside_tolerance,3,N,
PO00698,ISH/PO/2026-07/5902,CUST0066,2026-07-15,Portal Upload,Poor Scan / Handwritten,English + Hindi terms,INR,90,2026-08-14,Mumbai,5,unusually_large_quantity,exception,incorrect_colour_or_gsm|minor_naming_variation|poor_quality_document|small_acceptable_price_variation|unusually_large_quantity,5,N,
PO00699,YAS/PO/2026-04/7867,CUST0124,2026-04-07,Portal Upload,Clean Digital,English,INR,60,2026-05-22,Pune,3,customer_specific_product_code,medium,customer_specific_product_code|minor_naming_variation|no_historical_price,3,N,
PO00700,URV/PO/2026-07/3194,CUST0063,2026-07-03,Email PDF,Clean Digital,English,INR,15,2026-07-23,Mumbai,3,multiple_possible_sku_matches,hard,multiple_possible_sku_matches|small_acceptable_price_variation|spelling_errors_and_abbreviations,3,N,
PO00701,NIM/PO/2026-05/6172,CUST0037,2026-05-16,Email PDF,Clean Digital,English,INR,30,2026-06-15,Mumbai,2,partial_catalogue_match,medium,clean_exact_match|partial_catalogue_match,2,N,
PO00702,NIR/PO/2026-08/8606,CUST0032,2026-08-08,Email PDF,Clean Digital,English,INR,30,2026-08-28,Ludhiana,1,multiple_possible_sku_matches,hard,multiple_possible_sku_matches,1,N,
PO00703,OJA/PO/2026-06/2706,CUST0131,2026-06-08,Portal Upload,Clean Digital,English,INR,45,2026-07-23,Kolkata,3,clean_exact_match,easy,clean_exact_match|minor_naming_variation,2,N,
PO00704,CHA/PO/2026-06/1377,CUST0004,2026-06-22,Email Excel,Poor Scan / Handwritten,English,INR,15,2026-07-22,Coimbatore,6,ambiguous_product_match,hard,ambiguous_product_match|clean_exact_match|expired_historical_price|poor_quality_document|small_acceptable_price_variation,5,N,
PO00705,CHA/PO/2026-05/1125,CUST0004,2026-05-29,Email Excel,Clean Digital,English + Hindi terms,INR,15,2026-06-28,Coimbatore,3,conflicting_information_in_po,hard,conflicting_information_in_po|no_historical_price|partial_catalogue_match,3,N,
PO00706,SAN/PO/2026-06/4211,CUST0085,2026-06-26,Email PDF,Clean Digital,English,INR,15,2026-08-10,Hyderabad,6,spelling_errors_and_abbreviations,medium,clean_exact_match|customer_specific_product_code|minor_naming_variation|spelling_errors_and_abbreviations,4,N,
PO00707,GIR/PO/2026-08/1866,CUST0090,2026-08-20,Portal Upload,Clean Digital,English + Hindi terms,INR,0,2026-10-04,Noida,5,wrong_price_outside_tolerance,exception,ambiguous_product_match|conflicting_information_in_po|minor_naming_variation|multiple_possible_sku_matches|wrong_price_outside_tolerance,5,N,
PO00708,AAS/PO/2026-04/9634,CUST0067,2026-04-08,Email PDF,Poor Scan / Handwritten,English,INR,90,2026-05-23,Noida,5,poor_quality_document,hard,clean_exact_match|poor_quality_document|spelling_errors_and_abbreviations,3,N,
PO00709,VAS/PO/2026-06/6678,CUST0128,2026-06-20,Email PDF,Clean Digital,English,INR,60,2026-07-15,Kolkata,2,conflicting_information_in_po,hard,conflicting_information_in_po|incorrect_colour_or_gsm,2,N,
PO00710,SAA/PO/2026-06/7613,CUST0044,2026-06-27,Email PDF,Clean Digital,English,INR,90,2026-07-27,Surat,7,unknown_product,exception,ambiguous_product_match|clean_exact_match|incorrect_colour_or_gsm|partial_catalogue_match|spelling_errors_and_abbreviations|unknown_product,6,N,
PO00711,MAN/PO/2026-04/3602,CUST0023,2026-04-02,WhatsApp Image,Scanned Copy,English,INR,90,2026-05-17,Panipat,10,wrong_unit_of_measure,exception,clean_exact_match|conflicting_information_in_po|customer_specific_product_code|minor_naming_variation|no_historical_price|partial_catalogue_match|spelling_errors_and_abbreviations|wrong_unit_of_measure,8,N,
PO00712,CHA/PO/2026-05/5969,CUST0004,2026-05-31,Email Excel,Clean Digital,English,INR,15,2026-07-15,Coimbatore,2,ambiguous_product_match,hard,ambiguous_product_match|spelling_errors_and_abbreviations,2,N,
PO00713,PRA/PO/2026-04/5297,CUST0038,2026-04-06,Email PDF,Poor Scan / Handwritten,English + Hindi terms,INR,30,2026-05-21,Coimbatore,7,wrong_unit_of_measure,exception,clean_exact_match|conflicting_information_in_po|poor_quality_document|small_acceptable_price_variation|spelling_errors_and_abbreviations|wrong_unit_of_measure,6,N,
PO00714,OOR/PO/2026-05/4817,CUST0074,2026-05-26,Scanned Copy,Scanned Copy,English,INR,0,2026-07-10,Pune,8,ambiguous_product_match,hard,ambiguous_product_match|clean_exact_match|customer_specific_product_code|minor_naming_variation|multiple_possible_sku_matches|spelling_errors_and_abbreviations,6,N,
PO00715,KAV/PO/2026-05/9531,CUST0014,2026-05-04,Email PDF,Poor Scan / Handwritten,English + Hindi terms,INR,60,2026-06-03,Panipat,4,multiple_possible_sku_matches,hard,multiple_possible_sku_matches|poor_quality_document|spelling_errors_and_abbreviations,3,N,
PO00716,YAS/PO/2026-05/9275,CUST0036,2026-05-06,WhatsApp Image,Poor Scan / Handwritten,English,INR,30,2026-06-20,Indore,7,wrong_unit_of_measure,exception,ambiguous_product_match|clean_exact_match|no_historical_price|poor_quality_document|wrong_unit_of_measure,5,N,
PO00717,KAV/PO/2026-06/4078,CUST0049,2026-06-26,Portal Upload,Clean Digital,English,INR,30,2026-08-10,Bhilwara,5,wrong_price_outside_tolerance,exception,ambiguous_product_match|conflicting_information_in_po|partial_catalogue_match|spelling_errors_and_abbreviations|wrong_price_outside_tolerance,5,N,
PO00718,PRI/PO/2026-07/6027,CUST0051,2026-07-10,Email Excel,Clean Digital,English,INR,0,2026-07-25,Noida,4,multiple_possible_sku_matches,hard,incorrect_colour_or_gsm|minor_naming_variation|multiple_possible_sku_matches,3,N,
PO00719,TEJ/PO/2026-05/6707,CUST0005,2026-05-05,Email PDF,Clean Digital,English,INR,45,2026-06-19,Mumbai,2,conflicting_information_in_po,hard,conflicting_information_in_po|small_acceptable_price_variation,2,N,
PO00720,OOR/PO/2026-07/5466,CUST0069,2026-07-09,Email PDF,Clean Digital,English,INR,90,2026-08-23,Chennai,12,missing_quantity,exception,clean_exact_match|expired_historical_price|minor_naming_variation|missing_quantity|multiple_possible_sku_matches|no_historical_price|spelling_errors_and_abbreviations,7,N,
PO00721,AAS/PO/2026-05/5835,CUST0057,2026-05-27,Email PDF,Clean Digital,English,INR,0,2026-06-11,Tiruppur,1,small_acceptable_price_variation,easy,small_acceptable_price_variation,1,N,
PO00722,GIR/PO/2026-07/812,CUST0090,2026-07-09,Portal Upload,Clean Digital,English,INR,0,2026-08-23,Noida,9,wrong_price_outside_tolerance,exception,ambiguous_product_match|clean_exact_match|conflicting_information_in_po|customer_specific_product_code|minor_naming_variation|wrong_price_outside_tolerance,6,N,
PO00723,ZAR/PO/2026-05/4726,CUST0106,2026-05-13,Email Excel,Poor Scan / Handwritten,English,INR,30,2026-06-07,Chennai,3,poor_quality_document,hard,clean_exact_match|poor_quality_document|small_acceptable_price_variation,3,N,
PO00724,SUR/PO/2026-04/8804,CUST0013,2026-04-08,WhatsApp Image,Poor Scan / Handwritten,English,INR,60,2026-05-23,Surat,4,malformed_incomplete_order,exception,customer_specific_product_code|malformed_incomplete_order|multiple_possible_sku_matches|poor_quality_document,4,N,
PO00725,NIM/PO/2026-04/2174,CUST0037,2026-04-22,Email PDF,Poor Scan / Handwritten,English,INR,30,2026-06-06,Mumbai,10,poor_quality_document,hard,clean_exact_match|customer_specific_product_code|expired_historical_price|incorrect_colour_or_gsm|multiple_possible_sku_matches|no_historical_price|poor_quality_document|spelling_errors_and_abbreviations,8,N,
PO00726,MEG/PO/2026-07/6263,CUST0122,2026-07-10,Email PDF,Clean Digital,English,INR,90,2026-08-24,Pune,7,unknown_product,exception,clean_exact_match|minor_naming_variation|multiple_possible_sku_matches|no_historical_price|spelling_errors_and_abbreviations|unknown_product,6,N,
PO00727,YAS/PO/2026-08/8540,CUST0036,2026-08-01,WhatsApp Image,Scanned Copy,English,INR,30,2026-09-15,Indore,8,wrong_unit_of_measure,exception,clean_exact_match|minor_naming_variation|partial_catalogue_match|wrong_unit_of_measure,4,N,
PO00728,DEV/PO/2026-06/1806,CUST0077,2026-06-03,Email PDF,Clean Digital,English + Hindi terms,INR,90,2026-07-03,Ahmedabad,5,partial_catalogue_match,medium,clean_exact_match|minor_naming_variation|partial_catalogue_match,3,N,
PO00729,DEV/PO/2026-04/2231,CUST0088,2026-04-12,Scanned Copy,Scanned Copy,English,INR,0,2026-05-27,Ludhiana,10,conflicting_information_in_po,hard,clean_exact_match|conflicting_information_in_po|minor_naming_variation|partial_catalogue_match|small_acceptable_price_variation|spelling_errors_and_abbreviations,6,N,
PO00730,SUR/PO/2026-07/2689,CUST0133,2026-07-20,Email Excel,Clean Digital,English,INR,30,2026-08-14,Pune,3,wrong_unit_of_measure,exception,spelling_errors_and_abbreviations|wrong_unit_of_measure,2,N,
PO00731,SUR/PO/2026-04/1548,CUST0133,2026-04-30,Email Excel,Clean Digital,English,INR,30,2026-05-25,Pune,4,multiple_possible_sku_matches,hard,clean_exact_match|customer_specific_product_code|multiple_possible_sku_matches|partial_catalogue_match,4,N,
PO00732,CHA/PO/2026-08/7890,CUST0060,2026-08-05,Portal Upload,Clean Digital,English + Hindi terms,INR,15,2026-08-25,New Delhi,4,spelling_errors_and_abbreviations,medium,clean_exact_match|customer_specific_product_code|minor_naming_variation|spelling_errors_and_abbreviations,4,N,
PO00733,SAN/PO/2026-06/4440,CUST0085,2026-06-11,Email PDF,Clean Digital,English,INR,15,2026-07-01,Hyderabad,3,unknown_product,exception,minor_naming_variation|multiple_possible_sku_matches|unknown_product,3,N,
PO00734,TEJ/PO/2026-08/5153,CUST0005,2026-08-20,Email PDF,Clean Digital,English + Hindi terms,INR,45,2026-09-19,Mumbai,4,multiple_possible_sku_matches,hard,ambiguous_product_match|clean_exact_match|minor_naming_variation|multiple_possible_sku_matches,4,N,
PO00735,OJA/PO/2026-05/2843,CUST0018,2026-05-12,Scanned Copy,Scanned Copy,English,INR,15,2026-06-11,Ludhiana,7,wrong_price_outside_tolerance,exception,ambiguous_product_match|expired_historical_price|minor_naming_variation|partial_catalogue_match|spelling_errors_and_abbreviations|wrong_price_outside_tolerance,6,N,
PO00736,ADV/PO/2026-07/3081,CUST0065,2026-07-26,WhatsApp Image,Scanned Copy,English,INR,0,2026-08-20,Hyderabad,3,spelling_errors_and_abbreviations,medium,customer_specific_product_code|expired_historical_price|spelling_errors_and_abbreviations,3,N,
PO00737,NIR/PO/2026-04/1979,CUST0022,2026-04-02,Email Excel,Clean Digital,English,INR,60,2026-05-17,Erode,3,customer_specific_product_code,medium,clean_exact_match|customer_specific_product_code|minor_naming_variation,3,N,
PO00738,DEV/PO/2026-05/3895,CUST0104,2026-05-22,Email PDF,Clean Digital,English,INR,60,2026-07-06,Pune,2,clean_exact_match,easy,clean_exact_match,1,N,
PO00739,TEJ/PO/2026-06/5531,CUST0005,2026-06-30,Email PDF,Clean Digital,English,INR,45,2026-08-14,Mumbai,9,incorrect_colour_or_gsm,hard,clean_exact_match|expired_historical_price|incorrect_colour_or_gsm|minor_naming_variation|partial_catalogue_match|spelling_errors_and_abbreviations,6,N,
PO00740,OJA/PO/2026-06/6117,CUST0131,2026-06-21,Portal Upload,Clean Digital,English + Hindi terms,INR,45,2026-08-05,Kolkata,7,unusually_large_quantity,exception,clean_exact_match|expired_historical_price|minor_naming_variation|no_historical_price|spelling_errors_and_abbreviations|unusually_large_quantity,6,N,
PO00741,YAS/PO/2026-04/7042,CUST0010,2026-04-14,Email PDF,Clean Digital,English,INR,30,2026-04-24,Noida,1,missing_quantity,exception,missing_quantity,1,N,
PO00742,ADV/PO/2026-07/4273,CUST0092,2026-07-22,Email PDF,Clean Digital,English,INR,90,2026-09-05,Indore,2,missing_quantity,exception,missing_quantity|multiple_possible_sku_matches,2,N,
PO00743,AMR/PO/2026-06/7891,CUST0130,2026-06-10,Email PDF,Clean Digital,English,INR,30,2026-07-05,Noida,3,no_historical_price,medium,clean_exact_match|minor_naming_variation|no_historical_price,3,N,
PO00744,BHA/PO/2026-04/2891,CUST0123,2026-04-16,Email Excel,Clean Digital,English,INR,30,2026-05-31,Surat,4,ambiguous_product_match,hard,ambiguous_product_match|clean_exact_match|small_acceptable_price_variation|spelling_errors_and_abbreviations,4,N,
PO00745,KRI/PO/2026-05/9529,CUST0008,2026-05-02,Email Excel,Clean Digital,English,INR,0,2026-06-01,Bengaluru,1,minor_naming_variation,easy,minor_naming_variation,1,N,
PO00746,MEG/PO/2026-04/8688,CUST0125,2026-04-10,Scanned Copy,Scanned Copy,English,INR,0,2026-05-10,Mumbai,2,small_acceptable_price_variation,easy,clean_exact_match|small_acceptable_price_variation,2,N,
PO00747,MEG/PO/2026-04/6272,CUST0125,2026-04-14,Scanned Copy,Scanned Copy,English,INR,0,2026-05-29,Mumbai,4,conflicting_information_in_po,hard,clean_exact_match|conflicting_information_in_po|no_historical_price,3,N,
PO00748,MEG/PO/2026-05/9696,CUST0089,2026-05-25,Email PDF,Poor Scan / Handwritten,English,INR,45,2026-06-24,Coimbatore,3,poor_quality_document,hard,minor_naming_variation|poor_quality_document|spelling_errors_and_abbreviations,3,N,
PO00749,VAI/PO/2026-06/8402,CUST0007,2026-06-24,Email PDF,Poor Scan / Handwritten,English,INR,30,2026-07-24,Jaipur,5,poor_quality_document,hard,clean_exact_match|minor_naming_variation|poor_quality_document|small_acceptable_price_variation,4,N,
PO00750,NIM/PO/2026-07/1753,CUST0034,2026-07-28,Email PDF,Clean Digital,English,INR,90,2026-09-11,Bengaluru,5,incorrect_colour_or_gsm,hard,clean_exact_match|incorrect_colour_or_gsm|minor_naming_variation|small_acceptable_price_variation|spelling_errors_and_abbreviations,5,N,
PO00751,KAV/PO/2026-06/5378,CUST0014,2026-06-10,Email PDF,Clean Digital,English,INR,60,2026-07-25,Panipat,12,multiple_possible_sku_matches,hard,ambiguous_product_match|clean_exact_match|minor_naming_variation|multiple_possible_sku_matches|partial_catalogue_match|small_acceptable_price_variation|spelling_errors_and_abbreviations,7,N,
PO00752,UTS/PO/2026-06/8919,CUST0136,2026-06-24,WhatsApp Image,Scanned Copy,English,INR,0,2026-08-08,New Delhi,6,ambiguous_product_match,hard,ambiguous_product_match|customer_specific_product_code|minor_naming_variation|no_historical_price|small_acceptable_price_variation,5,N,
PO00753,SAT/PO/2026-06/1808,CUST0113,2026-06-05,Email Excel,Clean Digital,English,INR,30,2026-06-30,Ichalkaranji,2,minor_naming_variation,easy,clean_exact_match|minor_naming_variation,2,N,
PO00754,SUR/PO/2026-06/5134,CUST0110,2026-06-03,Email PDF,Poor Scan / Handwritten,English,INR,30,2026-06-23,Tiruppur,4,poor_quality_document,hard,ambiguous_product_match|incorrect_colour_or_gsm|minor_naming_variation|poor_quality_document,4,N,
PO00755,SAM/PO/2026-07/1107,CUST0120,2026-07-01,Email PDF,Clean Digital,English,INR,0,2026-08-15,Mumbai,5,ambiguous_product_match,hard,ambiguous_product_match|clean_exact_match|customer_specific_product_code|expired_historical_price|spelling_errors_and_abbreviations,5,N,
PO00756,DEV/PO/2026-07/8633,CUST0096,2026-07-25,Email PDF,Clean Digital,English,INR,0,2026-09-08,New Delhi,6,wrong_price_outside_tolerance,exception,clean_exact_match|minor_naming_variation|small_acceptable_price_variation|spelling_errors_and_abbreviations|wrong_price_outside_tolerance,5,N,
PO00757,SAN/PO/2026-08/1003,CUST0095,2026-08-11,Email PDF,Clean Digital,English + Hindi terms,INR,60,2026-09-25,Bengaluru,5,multiple_possible_sku_matches,hard,customer_specific_product_code|minor_naming_variation|multiple_possible_sku_matches|partial_catalogue_match|spelling_errors_and_abbreviations,5,N,
PO00758,VRI/PO/2026-07/2957,CUST0098,2026-07-02,Email PDF,Clean Digital,English + Hindi terms,INR,30,2026-08-16,Bengaluru,3,partial_catalogue_match,medium,clean_exact_match|minor_naming_variation|partial_catalogue_match,3,N,
PO00759,YAS/PO/2026-04/8895,CUST0016,2026-04-08,WhatsApp Image,Scanned Copy,English,INR,90,2026-05-23,Surat,7,unknown_product,exception,ambiguous_product_match|clean_exact_match|customer_specific_product_code|multiple_possible_sku_matches|small_acceptable_price_variation|unknown_product,6,N,
PO00760,ISH/PO/2026-05/7887,CUST0066,2026-05-22,Portal Upload,Poor Scan / Handwritten,English,INR,90,2026-07-06,Mumbai,7,wrong_price_outside_tolerance,exception,clean_exact_match|customer_specific_product_code|minor_naming_variation|no_historical_price|partial_catalogue_match|poor_quality_document|wrong_price_outside_tolerance,7,N,
PO00761,ANA/PO/2026-08/2915,CUST0150,2026-08-13,WhatsApp Image,Scanned Copy,English,INR,30,2026-09-12,Erode,5,new_customer_no_history,medium,new_customer_no_history,1,N,
PO00762,MEG/PO/2026-06/3540,CUST0125,2026-06-07,Scanned Copy,Scanned Copy,English,INR,0,2026-07-07,Mumbai,3,spelling_errors_and_abbreviations,medium,customer_specific_product_code|minor_naming_variation|spelling_errors_and_abbreviations,3,N,
PO00763,CHA/PO/2026-08/293,CUST0060,2026-08-09,Portal Upload,Clean Digital,English,INR,15,2026-09-23,New Delhi,4,unknown_product,exception,customer_specific_product_code|expired_historical_price|partial_catalogue_match|unknown_product,4,N,
PO00764,JAA/PO/2026-06/4479,CUST0099,2026-06-19,WhatsApp Image,Scanned Copy,English,INR,90,2026-08-03,Hyderabad,6,incorrect_colour_or_gsm,hard,ambiguous_product_match|clean_exact_match|incorrect_colour_or_gsm|minor_naming_variation|multiple_possible_sku_matches,5,N,
PO00765,AAS/PO/2026-05/2706,CUST0057,2026-05-17,Email PDF,Poor Scan / Handwritten,English,INR,0,2026-07-01,Tiruppur,12,ambiguous_product_match,hard,ambiguous_product_match|clean_exact_match|customer_specific_product_code|expired_historical_price|incorrect_colour_or_gsm|multiple_possible_sku_matches|poor_quality_document|small_acceptable_price_variation|spelling_errors_and_abbreviations,9,N,
PO00766,NAK/PO/2026-04/5593,CUST0075,2026-04-07,Email PDF,Clean Digital,English,INR,30,2026-05-22,Bengaluru,3,ambiguous_product_match,hard,ambiguous_product_match|customer_specific_product_code|minor_naming_variation,3,N,
PO00767,OJA/PO/2026-06/7384,CUST0131,2026-06-02,Portal Upload,Clean Digital,English,INR,45,2026-07-17,Kolkata,4,unusually_large_quantity,exception,ambiguous_product_match|clean_exact_match|conflicting_information_in_po|unusually_large_quantity,4,N,
PO00768,ANA/PO/2026-06/2606,CUST0100,2026-06-08,Scanned Copy,Scanned Copy,English,INR,15,2026-07-23,Ludhiana,3,ambiguous_product_match,hard,ambiguous_product_match|clean_exact_match,2,N,
PO00769,ISH/PO/2026-05/2184,CUST0126,2026-05-16,Email PDF,Clean Digital,English,INR,0,2026-06-30,Indore,3,no_historical_price,medium,clean_exact_match|no_historical_price|small_acceptable_price_variation,3,N,
PO00770,NIR/PO/2026-05/6878,CUST0117,2026-05-21,Email PDF,Poor Scan / Handwritten,English + Hindi terms,INR,90,2026-06-20,Bengaluru,12,wrong_price_outside_tolerance,exception,clean_exact_match|customer_specific_product_code|expired_historical_price|minor_naming_variation|partial_catalogue_match|poor_quality_document|small_acceptable_price_variation|spelling_errors_and_abbreviations|wrong_price_outside_tolerance,9,N,
PO00771,SAM/PO/2026-08/3621,CUST0084,2026-08-19,Email Excel,Clean Digital,English + Hindi terms,INR,30,2026-10-03,Indore,6,malformed_incomplete_order,exception,clean_exact_match|expired_historical_price|malformed_incomplete_order|no_historical_price|unknown_product,5,N,
PO00772,UTS/PO/2026-04/7803,CUST0068,2026-04-22,Email Excel,Clean Digital,English + Hindi terms,INR,45,2026-06-06,Ahmedabad,12,wrong_price_outside_tolerance,exception,ambiguous_product_match|clean_exact_match|customer_specific_product_code|incorrect_colour_or_gsm|minor_naming_variation|spelling_errors_and_abbreviations|wrong_price_outside_tolerance,7,N,
PO00773,SUR/PO/2026-08/2805,CUST0110,2026-08-12,Email PDF,Clean Digital,English,INR,30,2026-09-26,Tiruppur,1,multiple_possible_sku_matches,hard,multiple_possible_sku_matches,1,N,
PO00774,SAA/PO/2026-05/6475,CUST0148,2026-05-27,Email Excel,Clean Digital,English,INR,60,2026-06-21,Ichalkaranji,3,unknown_product,exception,new_customer_no_history|unknown_product,2,N,
PO00775,URV/PO/2026-06/601,CUST0102,2026-06-19,Email PDF,Clean Digital,English,INR,15,2026-07-19,Jaipur,2,conflicting_information_in_po,hard,conflicting_information_in_po|spelling_errors_and_abbreviations,2,N,
PO00776,ESH/PO/2026-04/2748,CUST0001,2026-04-06,Email Excel,Clean Digital,English,INR,45,2026-05-21,Mumbai,8,wrong_price_outside_tolerance,exception,clean_exact_match|conflicting_information_in_po|minor_naming_variation|no_historical_price|small_acceptable_price_variation|spelling_errors_and_abbreviations|wrong_price_outside_tolerance,7,N,
PO00777,HAR/PO/2026-06/2267,CUST0083,2026-06-11,Portal Upload,Clean Digital,English,INR,15,2026-07-01,Surat,5,spelling_errors_and_abbreviations,medium,clean_exact_match|minor_naming_variation|spelling_errors_and_abbreviations,3,N,
PO00778,BHO/PO/2026-05/7589,CUST0080,2026-05-05,Email PDF,Poor Scan / Handwritten,English + Hindi terms,INR,30,2026-06-19,Ichalkaranji,6,poor_quality_document,hard,clean_exact_match|incorrect_colour_or_gsm|multiple_possible_sku_matches|no_historical_price|partial_catalogue_match|poor_quality_document,6,N,
PO00779,VAS/PO/2026-06/5952,CUST0026,2026-06-10,WhatsApp Image,Scanned Copy,English + Hindi terms,INR,60,2026-07-05,Ichalkaranji,2,ambiguous_product_match,hard,ambiguous_product_match|spelling_errors_and_abbreviations,2,N,
PO00780,SAA/PO/2026-08/1227,CUST0044,2026-08-20,Email PDF,Clean Digital,English,INR,90,2026-10-04,Surat,3,incorrect_colour_or_gsm,hard,incorrect_colour_or_gsm|multiple_possible_sku_matches,2,N,
PO00781,ESH/PO/2026-04/1787,CUST0001,2026-04-02,Email Excel,Clean Digital,English + Hindi terms,INR,45,2026-05-17,Mumbai,6,wrong_price_outside_tolerance,exception,clean_exact_match|minor_naming_variation|small_acceptable_price_variation|spelling_errors_and_abbreviations|wrong_price_outside_tolerance,5,N,
PO00782,KRI/PO/2026-05/4157,CUST0008,2026-05-17,Email Excel,Clean Digital,English,INR,0,2026-07-01,Bengaluru,4,customer_specific_product_code,medium,clean_exact_match|customer_specific_product_code,2,N,
PO00783,NAK/PO/2026-05/1044,CUST0020,2026-05-24,Email Excel,Clean Digital,English,INR,45,2026-06-23,Bengaluru,4,multiple_possible_sku_matches,hard,clean_exact_match|multiple_possible_sku_matches|no_historical_price,3,N,
PO00784,NAV/PO/2026-06/3397,CUST0033,2026-06-20,Email Excel,Clean Digital,English + Hindi terms,INR,30,2026-07-20,Ichalkaranji,3,missing_quantity,exception,missing_quantity|no_historical_price|spelling_errors_and_abbreviations,3,N,
PO00785,ISH/PO/2026-08/7092,CUST0066,2026-08-03,Portal Upload,Clean Digital,English,INR,90,2026-09-17,Mumbai,6,multiple_possible_sku_matches,hard,clean_exact_match|minor_naming_variation|multiple_possible_sku_matches|partial_catalogue_match|small_acceptable_price_variation|spelling_errors_and_abbreviations,6,N,
PO00786,DEV/PO/2026-06/6413,CUST0097,2026-06-20,Email PDF,Clean Digital,English,INR,0,2026-07-20,Tiruppur,7,ambiguous_product_match,hard,ambiguous_product_match|clean_exact_match|customer_specific_product_code|expired_historical_price|partial_catalogue_match,5,N,
PO00787,SHR/PO/2026-04/7424,CUST0028,2026-04-03,Email Excel,Clean Digital,English,INR,60,2026-05-18,Indore,7,conflicting_information_in_po,hard,ambiguous_product_match|clean_exact_match|conflicting_information_in_po|minor_naming_variation|no_historical_price,5,N,
PO00788,URV/PO/2026-07/8393,CUST0102,2026-07-08,Email PDF,Clean Digital,English,INR,15,2026-07-18,Jaipur,1,expired_historical_price,medium,expired_historical_price,1,N,
PO00789,MAN/PO/2026-05/526,CUST0132,2026-05-19,Portal Upload,Clean Digital,English,INR,60,2026-06-13,Chennai,4,unknown_product,exception,incorrect_colour_or_gsm|minor_naming_variation|spelling_errors_and_abbreviations|unknown_product,4,N,
PO00790,AMR/PO/2026-07/4264,CUST0130,2026-07-03,Email PDF,Clean Digital,English,INR,30,2026-08-17,Noida,6,incorrect_colour_or_gsm,hard,clean_exact_match|customer_specific_product_code|incorrect_colour_or_gsm|partial_catalogue_match|spelling_errors_and_abbreviations,5,N,
PO00791,YAS/PO/2026-07/9250,CUST0036,2026-07-03,WhatsApp Image,Scanned Copy,English,INR,30,2026-08-17,Indore,4,ambiguous_product_match,hard,ambiguous_product_match|clean_exact_match|small_acceptable_price_variation|spelling_errors_and_abbreviations,4,N,
PO00792,HAR/PO/2026-06/3410,CUST0083,2026-06-12,Portal Upload,Clean Digital,English,INR,15,2026-07-27,Surat,11,missing_quantity,exception,ambiguous_product_match|clean_exact_match|conflicting_information_in_po|minor_naming_variation|missing_quantity|partial_catalogue_match|small_acceptable_price_variation|spelling_errors_and_abbreviations,8,N,
PO00793,ADV/PO/2026-08/408,CUST0065,2026-08-08,WhatsApp Image,Scanned Copy,English,INR,0,2026-09-22,Hyderabad,6,incorrect_colour_or_gsm,hard,clean_exact_match|incorrect_colour_or_gsm|partial_catalogue_match|small_acceptable_price_variation|spelling_errors_and_abbreviations,5,N,
PO00794,NIR/PO/2026-05/3273,CUST0022,2026-05-25,Email Excel,Clean Digital,English,INR,60,2026-06-19,Erode,4,multiple_possible_sku_matches,hard,expired_historical_price|minor_naming_variation|multiple_possible_sku_matches|spelling_errors_and_abbreviations,4,N,
PO00795,MEG/PO/2026-04/670,CUST0089,2026-04-19,Email PDF,Clean Digital,English,INR,45,2026-05-09,Coimbatore,3,incorrect_colour_or_gsm,hard,clean_exact_match|incorrect_colour_or_gsm|minor_naming_variation,3,N,
PO00796,SHR/PO/2026-05/6439,CUST0028,2026-05-29,Email Excel,Clean Digital,English,INR,60,2026-07-13,Indore,3,unknown_product,exception,multiple_possible_sku_matches|spelling_errors_and_abbreviations|unknown_product,3,N,
PO00797,ADV/PO/2026-08/4559,CUST0092,2026-08-02,Email PDF,Clean Digital,English + Hindi terms,INR,90,2026-08-22,Indore,1,clean_exact_match,easy,clean_exact_match,1,N,
PO00798,ANA/PO/2026-04/1797,CUST0056,2026-04-23,Email Excel,Poor Scan / Handwritten,English,INR,45,2026-05-18,Pune,5,wrong_price_outside_tolerance,exception,clean_exact_match|minor_naming_variation|poor_quality_document|spelling_errors_and_abbreviations|wrong_price_outside_tolerance,5,N,
PO00799,AMR/PO/2026-07/609,CUST0043,2026-07-29,Email PDF,Clean Digital,English,INR,0,2026-08-23,Pune,10,wrong_unit_of_measure,exception,clean_exact_match|conflicting_information_in_po|incorrect_colour_or_gsm|minor_naming_variation|missing_quantity|no_historical_price|spelling_errors_and_abbreviations|wrong_unit_of_measure,8,N,
PO00800,DEV/PO/2026-07/2395,CUST0088,2026-07-07,Scanned Copy,Scanned Copy,English + Hindi terms,INR,0,2026-08-21,Ludhiana,4,expired_historical_price,medium,clean_exact_match|customer_specific_product_code|expired_historical_price|minor_naming_variation,4,N,
PO00801,ANA/PO/2026-05/7810,CUST0150,2026-05-31,WhatsApp Image,Scanned Copy,English,INR,30,2026-07-15,Erode,10,unknown_product,exception,new_customer_no_history|unknown_product,2,N,
PO00802,PRA/PO/2026-08/405,CUST0038,2026-08-20,Email PDF,Clean Digital,English,INR,30,2026-10-04,Coimbatore,3,multiple_possible_sku_matches,hard,clean_exact_match|multiple_possible_sku_matches,2,N,
PO00803,OOR/PO/2026-06/7926,CUST0069,2026-06-14,Email PDF,Clean Digital,English,INR,90,2026-07-29,Chennai,5,wrong_price_outside_tolerance,exception,clean_exact_match|expired_historical_price|minor_naming_variation|spelling_errors_and_abbreviations|wrong_price_outside_tolerance,5,N,
PO00804,NIR/PO/2026-06/3148,CUST0117,2026-06-11,Email PDF,Clean Digital,English,INR,90,2026-07-11,Bengaluru,5,conflicting_information_in_po,hard,conflicting_information_in_po|expired_historical_price|minor_naming_variation|spelling_errors_and_abbreviations,4,N,
PO00805,ADV/PO/2026-04/4914,CUST0065,2026-04-10,WhatsApp Image,Scanned Copy,English,INR,0,2026-05-25,Hyderabad,6,incorrect_colour_or_gsm,hard,clean_exact_match|incorrect_colour_or_gsm|minor_naming_variation|small_acceptable_price_variation,4,N,
PO00806,RAJ/PO/2026-08/2910,CUST0042,2026-08-10,Email Excel,Clean Digital,English,INR,90,2026-09-09,Bhilwara,8,ambiguous_product_match,hard,ambiguous_product_match|clean_exact_match|customer_specific_product_code|incorrect_colour_or_gsm|multiple_possible_sku_matches|partial_catalogue_match|spelling_errors_and_abbreviations,7,N,
PO00807,ADV/PO/2026-07/6710,CUST0127,2026-07-13,Email PDF,Clean Digital,English,INR,30,2026-07-23,Bhilwara,1,multiple_possible_sku_matches,hard,multiple_possible_sku_matches,1,N,
PO00808,UTS/PO/2026-05/2378,CUST0021,2026-05-21,Email Excel,Clean Digital,English,INR,15,2026-06-05,Kolkata,1,clean_exact_match,easy,clean_exact_match,1,N,
PO00809,VAI/PO/2026-05/5870,CUST0081,2026-05-29,Email PDF,Clean Digital,English,INR,60,2026-07-13,Indore,7,expired_historical_price,medium,clean_exact_match|expired_historical_price|minor_naming_variation|spelling_errors_and_abbreviations,4,N,
PO00810,CHA/PO/2026-05/8145,CUST0137,2026-05-08,Scanned Copy,Scanned Copy,English,INR,30,2026-06-22,Pune,4,wrong_unit_of_measure,exception,ambiguous_product_match|clean_exact_match|expired_historical_price|wrong_unit_of_measure,4,N,
PO00811,UTS/PO/2026-06/2231,CUST0040,2026-06-23,Email PDF,Clean Digital,English + Hindi terms,INR,60,2026-07-18,Bengaluru,2,missing_quantity,exception,clean_exact_match|missing_quantity,2,N,
PO00812,TAN/PO/2026-08/3956,CUST0012,2026-08-04,Email PDF,Clean Digital,English + Hindi terms,INR,30,2026-09-18,Ahmedabad,10,unusually_large_quantity,exception,ambiguous_product_match|clean_exact_match|minor_naming_variation|multiple_possible_sku_matches|spelling_errors_and_abbreviations|unusually_large_quantity,6,N,
PO00813,NIR/PO/2026-05/5295,CUST0032,2026-05-21,Email PDF,Clean Digital,English,INR,30,2026-06-10,Ludhiana,1,minor_naming_variation,easy,minor_naming_variation,1,N,
PO00814,YAS/PO/2026-07/6250,CUST0010,2026-07-27,Email PDF,Clean Digital,English,INR,30,2026-09-10,Noida,4,partial_catalogue_match,medium,partial_catalogue_match,1,N,
PO00815,SAN/PO/2026-06/1916,CUST0039,2026-06-10,WhatsApp Image,Scanned Copy,English,INR,30,2026-07-10,Ahmedabad,2,multiple_possible_sku_matches,hard,clean_exact_match|multiple_possible_sku_matches,2,N,
PO00816,RAJ/PO/2026-05/1691,CUST0042,2026-05-06,Email Excel,Clean Digital,English + Hindi terms,INR,90,2026-06-05,Bhilwara,10,unknown_product,exception,clean_exact_match|conflicting_information_in_po|minor_naming_variation|spelling_errors_and_abbreviations|unknown_product,5,N,
PO00817,TAN/PO/2026-06/6828,CUST0076,2026-06-16,Email PDF,Poor Scan / Handwritten,English,INR,0,2026-07-31,Panipat,12,wrong_price_outside_tolerance,exception,ambiguous_product_match|conflicting_information_in_po|minor_naming_variation|multiple_possible_sku_matches|poor_quality_document|spelling_errors_and_abbreviations|unknown_product|wrong_price_outside_tolerance,8,N,
PO00818,ADV/PO/2026-06/5304,CUST0129,2026-06-09,Email Excel,Clean Digital,English,INR,30,2026-07-24,Bengaluru,2,small_acceptable_price_variation,easy,minor_naming_variation|small_acceptable_price_variation,2,N,
PO00819,NIR/PO/2026-07/1826,CUST0114,2026-07-19,Portal Upload,Clean Digital,English,INR,30,2026-08-18,Bhilwara,5,multiple_possible_sku_matches,hard,clean_exact_match|customer_specific_product_code|multiple_possible_sku_matches|spelling_errors_and_abbreviations,4,N,
PO00820,PRA/PO/2026-08/284,CUST0038,2026-08-11,Email PDF,Clean Digital,English,INR,30,2026-09-25,Coimbatore,7,unusually_large_quantity,exception,clean_exact_match|conflicting_information_in_po|incorrect_colour_or_gsm|minor_naming_variation|partial_catalogue_match|unusually_large_quantity,6,N,
PO00821,ANA/PO/2026-06/2877,CUST0100,2026-06-26,Scanned Copy,Scanned Copy,English,INR,15,2026-08-10,Ludhiana,6,wrong_price_outside_tolerance,exception,clean_exact_match|conflicting_information_in_po|multiple_possible_sku_matches|spelling_errors_and_abbreviations|wrong_price_outside_tolerance,5,N,
PO00822,SAM/PO/2026-07/1994,CUST0120,2026-07-25,Email PDF,Clean Digital,English + Hindi terms,INR,0,2026-09-08,Mumbai,5,ambiguous_product_match,hard,ambiguous_product_match|clean_exact_match|small_acceptable_price_variation|spelling_errors_and_abbreviations,4,N,
PO00823,KAV/PO/2026-08/3510,CUST0107,2026-08-14,Email PDF,Clean Digital,English,INR,90,2026-09-28,Mumbai,5,unknown_product,exception,conflicting_information_in_po|minor_naming_variation|small_acceptable_price_variation|spelling_errors_and_abbreviations|unknown_product,5,N,
PO00824,BHO/PO/2026-06/8409,CUST0080,2026-06-16,Email PDF,Clean Digital,English,INR,30,2026-07-31,Ichalkaranji,8,ambiguous_product_match,hard,ambiguous_product_match|customer_specific_product_code|expired_historical_price|multiple_possible_sku_matches|partial_catalogue_match|small_acceptable_price_variation,6,N,
PO00825,OJA/PO/2026-04/2570,CUST0112,2026-04-21,Email Excel,Clean Digital,English,INR,30,2026-05-16,Tiruppur,1,small_acceptable_price_variation,easy,small_acceptable_price_variation,1,N,
PO00826,DEV/PO/2026-06/3588,CUST0097,2026-06-19,Email PDF,Clean Digital,English,INR,0,2026-08-03,Tiruppur,3,customer_specific_product_code,medium,clean_exact_match|customer_specific_product_code|minor_naming_variation,3,N,
PO00827,MAN/PO/2026-07/5887,CUST0046,2026-07-10,WhatsApp Image,Scanned Copy,English,INR,30,2026-08-09,Panipat,1,clean_exact_match,easy,clean_exact_match,1,N,
PO00828,MAY/PO/2026-07/9998,CUST0053,2026-07-29,Email PDF,Clean Digital,English,INR,45,2026-08-23,Jaipur,1,clean_exact_match,easy,clean_exact_match,1,N,
PO00829,SAT/PO/2026-04/1431,CUST0113,2026-04-24,Email Excel,Clean Digital,English,INR,30,2026-05-04,Ichalkaranji,1,multiple_possible_sku_matches,hard,multiple_possible_sku_matches,1,N,
PO00830,NAK/PO/2026-04/2126,CUST0020,2026-04-04,Email Excel,Clean Digital,English,INR,45,2026-05-04,Bengaluru,7,missing_quantity,exception,clean_exact_match|missing_quantity|small_acceptable_price_variation|spelling_errors_and_abbreviations,4,N,
PO00831,MEG/PO/2026-04/2571,CUST0089,2026-04-29,Email PDF,Clean Digital,English,INR,45,2026-05-24,Coimbatore,3,expired_historical_price,medium,clean_exact_match|expired_historical_price,2,N,
PO00832,AMR/PO/2026-07/8231,CUST0130,2026-07-24,Email PDF,Clean Digital,English,INR,30,2026-09-07,Noida,3,spelling_errors_and_abbreviations,medium,clean_exact_match|customer_specific_product_code|spelling_errors_and_abbreviations,3,N,
PO00833,KAV/PO/2026-08/3877,CUST0049,2026-08-08,Portal Upload,Clean Digital,English,INR,30,2026-09-22,Bhilwara,3,small_acceptable_price_variation,easy,clean_exact_match|minor_naming_variation|small_acceptable_price_variation,3,N,
PO00834,OOR/PO/2026-04/1413,CUST0069,2026-04-29,Email PDF,Clean Digital,English,INR,90,2026-06-13,Chennai,5,customer_specific_product_code,medium,clean_exact_match|customer_specific_product_code|minor_naming_variation,3,N,
PO00835,PRA/PO/2026-07/1104,CUST0038,2026-07-21,Email PDF,Clean Digital,English + Hindi terms,INR,30,2026-08-20,Coimbatore,3,no_historical_price,medium,no_historical_price|partial_catalogue_match,2,N,
PO00836,YAS/PO/2026-04/9669,CUST0036,2026-04-16,WhatsApp Image,Scanned Copy,English + Hindi terms,INR,30,2026-05-31,Indore,6,unknown_product,exception,clean_exact_match|minor_naming_variation|multiple_possible_sku_matches|unknown_product,4,N,
PO00837,MAN/PO/2026-08/4071,CUST0023,2026-08-06,WhatsApp Image,Scanned Copy,English,INR,90,2026-09-05,Panipat,2,multiple_possible_sku_matches,hard,expired_historical_price|multiple_possible_sku_matches,2,N,
PO00838,CHA/PO/2026-07/431,CUST0137,2026-07-30,Scanned Copy,Poor Scan / Handwritten,English,INR,30,2026-08-29,Pune,4,poor_quality_document,hard,clean_exact_match|no_historical_price|poor_quality_document,3,N,
PO00839,ANA/PO/2026-05/4880,CUST0056,2026-05-25,Email Excel,Poor Scan / Handwritten,English,INR,45,2026-06-19,Pune,3,multiple_possible_sku_matches,hard,multiple_possible_sku_matches|poor_quality_document,2,N,
PO00840,VAS/PO/2026-06/7922,CUST0128,2026-06-16,Email PDF,Clean Digital,English,INR,60,2026-07-31,Kolkata,4,minor_naming_variation,easy,clean_exact_match|minor_naming_variation,2,N,
PO00841,UTS/PO/2026-08/2187,CUST0134,2026-08-06,Email PDF,Clean Digital,English + Hindi terms,INR,45,2026-09-20,Karur,6,wrong_price_outside_tolerance,exception,clean_exact_match|conflicting_information_in_po|missing_quantity|no_historical_price|wrong_price_outside_tolerance,5,N,
PO00842,KAV/PO/2026-07/7780,CUST0014,2026-07-10,Email PDF,Clean Digital,English,INR,60,2026-08-09,Panipat,6,ambiguous_product_match,hard,ambiguous_product_match|clean_exact_match|customer_specific_product_code|no_historical_price,4,N,
PO00843,BHA/PO/2026-08/3826,CUST0123,2026-08-07,Email Excel,Clean Digital,English,INR,30,2026-09-06,Surat,5,missing_quantity,exception,clean_exact_match|missing_quantity|partial_catalogue_match|spelling_errors_and_abbreviations,4,N,
PO00844,CHA/PO/2026-08/5649,CUST0060,2026-08-04,Portal Upload,Clean Digital,English,INR,15,2026-09-18,New Delhi,12,incorrect_colour_or_gsm,hard,clean_exact_match|conflicting_information_in_po|expired_historical_price|incorrect_colour_or_gsm|multiple_possible_sku_matches|partial_catalogue_match|small_acceptable_price_variation|spelling_errors_and_abbreviations,8,N,
PO00845,AAR/PO/2026-04/445,CUST0078,2026-04-30,Email Excel,Clean Digital,English + Hindi terms,INR,60,2026-06-14,Ichalkaranji,4,unusually_large_quantity,exception,expired_historical_price|minor_naming_variation|partial_catalogue_match|unusually_large_quantity,4,N,
PO00846,BHO/PO/2026-04/4721,CUST0143,2026-04-26,Email Excel,Clean Digital,English,INR,30,2026-05-26,Surat,4,new_customer_no_history,medium,new_customer_no_history,1,N,
PO00847,OJA/PO/2026-07/7522,CUST0111,2026-07-11,Email PDF,Clean Digital,English + Hindi terms,INR,30,2026-08-25,Ahmedabad,3,spelling_errors_and_abbreviations,medium,clean_exact_match|partial_catalogue_match|spelling_errors_and_abbreviations,3,N,
PO00848,KRI/PO/2026-04/3179,CUST0008,2026-04-24,Email Excel,Clean Digital,English,INR,0,2026-06-08,Bengaluru,8,wrong_unit_of_measure,exception,ambiguous_product_match|clean_exact_match|minor_naming_variation|partial_catalogue_match|wrong_price_outside_tolerance|wrong_unit_of_measure,6,N,
PO00849,RUC/PO/2026-04/3584,CUST0025,2026-04-15,Email PDF,Poor Scan / Handwritten,English,INR,15,2026-05-30,Noida,10,unknown_product,exception,clean_exact_match|incorrect_colour_or_gsm|minor_naming_variation|missing_quantity|multiple_possible_sku_matches|poor_quality_document|spelling_errors_and_abbreviations|unknown_product,8,N,
PO00850,UTS/PO/2026-06/4566,CUST0068,2026-06-02,Email Excel,Clean Digital,English,INR,45,2026-06-27,Ahmedabad,3,ambiguous_product_match,hard,ambiguous_product_match|clean_exact_match|small_acceptable_price_variation,3,N,
PO00851,KAV/PO/2026-04/5501,CUST0118,2026-04-23,Email PDF,Clean Digital,English,INR,60,2026-05-23,Erode,5,wrong_unit_of_measure,exception,clean_exact_match|no_historical_price|small_acceptable_price_variation|wrong_unit_of_measure,4,N,
PO00852,YAS/PO/2026-06/5472,CUST0036,2026-06-07,WhatsApp Image,Scanned Copy,English,INR,30,2026-07-22,Indore,4,no_historical_price,medium,customer_specific_product_code|minor_naming_variation|no_historical_price,3,N,
PO00853,MEG/PO/2026-04/5114,CUST0125,2026-04-05,Scanned Copy,Scanned Copy,English,INR,0,2026-05-05,Mumbai,3,incorrect_colour_or_gsm,hard,incorrect_colour_or_gsm|partial_catalogue_match,2,N,
PO00854,TAN/PO/2026-06/9752,CUST0076,2026-06-21,Email PDF,Clean Digital,English + Hindi terms,INR,0,2026-08-05,Panipat,7,multiple_possible_sku_matches,hard,ambiguous_product_match|minor_naming_variation|multiple_possible_sku_matches|spelling_errors_and_abbreviations,4,N,
PO00855,DEV/PO/2026-05/2307,CUST0096,2026-05-22,Email PDF,Clean Digital,English,INR,0,2026-06-21,New Delhi,5,spelling_errors_and_abbreviations,medium,minor_naming_variation|small_acceptable_price_variation|spelling_errors_and_abbreviations,3,N,
PO00856,SUR/PO/2026-04/5458,CUST0013,2026-04-03,WhatsApp Image,Scanned Copy,English,INR,60,2026-05-03,Surat,5,ambiguous_product_match,hard,ambiguous_product_match|clean_exact_match|multiple_possible_sku_matches|spelling_errors_and_abbreviations,4,N,
PO00857,OJA/PO/2026-07/5625,CUST0112,2026-07-24,Email Excel,Poor Scan / Handwritten,English,INR,30,2026-08-13,Tiruppur,3,conflicting_information_in_po,hard,conflicting_information_in_po|poor_quality_document,2,N,
PO00858,ESH/PO/2026-05/2295,CUST0001,2026-05-14,Email Excel,Clean Digital,English,INR,45,2026-06-13,Mumbai,7,incorrect_colour_or_gsm,hard,clean_exact_match|incorrect_colour_or_gsm|minor_naming_variation|partial_catalogue_match|small_acceptable_price_variation,5,N,
PO00859,SUR/PO/2026-07/3654,CUST0133,2026-07-11,Email Excel,Clean Digital,English,INR,30,2026-08-25,Pune,7,spelling_errors_and_abbreviations,medium,clean_exact_match|minor_naming_variation|partial_catalogue_match|spelling_errors_and_abbreviations,4,N,
PO00860,RUC/PO/2026-06/3935,CUST0025,2026-06-18,Email PDF,Clean Digital,English,INR,15,2026-07-18,Noida,7,incorrect_colour_or_gsm,hard,clean_exact_match|incorrect_colour_or_gsm|multiple_possible_sku_matches|small_acceptable_price_variation|spelling_errors_and_abbreviations,5,N,
PO00861,NAK/PO/2026-04/4226,CUST0075,2026-04-22,Email PDF,Clean Digital,English,INR,30,2026-05-02,Bengaluru,1,ambiguous_product_match,hard,ambiguous_product_match,1,N,
PO00862,URV/PO/2026-06/5916,CUST0029,2026-06-26,Email PDF,Clean Digital,English,INR,45,2026-07-06,Bhilwara,1,clean_exact_match,easy,clean_exact_match,1,N,
PO00863,KES/PO/2026-06/5296,CUST0141,2026-06-01,Email PDF,Clean Digital,English,INR,30,2026-07-16,Bengaluru,5,new_customer_no_history,medium,new_customer_no_history,1,N,
PO00864,MEG/PO/2026-04/8516,CUST0082,2026-04-05,WhatsApp Image,Scanned Copy,English,INR,30,2026-04-30,Coimbatore,2,spelling_errors_and_abbreviations,medium,customer_specific_product_code|spelling_errors_and_abbreviations,2,N,
PO00865,RID/PO/2026-05/5860,CUST0045,2026-05-09,Portal Upload,Clean Digital,English + Hindi terms,INR,30,2026-06-23,Karur,7,wrong_price_outside_tolerance,exception,ambiguous_product_match|clean_exact_match|customer_specific_product_code|minor_naming_variation|small_acceptable_price_variation|unknown_product|wrong_price_outside_tolerance,7,N,
PO00866,HAR/PO/2026-06/2133,CUST0109,2026-06-03,WhatsApp Image,Scanned Copy,English,INR,30,2026-07-18,Hyderabad,7,incorrect_colour_or_gsm,hard,clean_exact_match|customer_specific_product_code|incorrect_colour_or_gsm|multiple_possible_sku_matches|spelling_errors_and_abbreviations,5,N,
PO00867,HAR/PO/2026-05/6066,CUST0083,2026-05-01,Portal Upload,Clean Digital,English,INR,15,2026-06-15,Surat,6,wrong_price_outside_tolerance,exception,conflicting_information_in_po|incorrect_colour_or_gsm|minor_naming_variation|partial_catalogue_match|small_acceptable_price_variation|wrong_price_outside_tolerance,6,N,
PO00868,RAN/PO/2026-07/1783,CUST0062,2026-07-16,Email PDF,Clean Digital,English,INR,60,2026-08-30,Ichalkaranji,8,wrong_price_outside_tolerance,exception,ambiguous_product_match|customer_specific_product_code|incorrect_colour_or_gsm|minor_naming_variation|multiple_possible_sku_matches|no_historical_price|wrong_price_outside_tolerance|wrong_unit_of_measure,8,N,
PO00869,ESH/PO/2026-07/8301,CUST0001,2026-07-16,Email Excel,Poor Scan / Handwritten,English,INR,45,2026-08-15,Mumbai,12,wrong_price_outside_tolerance,exception,clean_exact_match|expired_historical_price|incorrect_colour_or_gsm|minor_naming_variation|poor_quality_document|spelling_errors_and_abbreviations|wrong_price_outside_tolerance,7,N,
PO00870,PAR/PO/2026-06/761,CUST0116,2026-06-08,Scanned Copy,Scanned Copy,English,INR,30,2026-07-03,Indore,5,unknown_product,exception,clean_exact_match|conflicting_information_in_po|multiple_possible_sku_matches|partial_catalogue_match|unknown_product,5,N,
PO00871,RUC/PO/2026-07/4726,CUST0073,2026-07-21,Email Excel,Clean Digital,English,INR,15,2026-08-20,Karur,4,missing_quantity,exception,clean_exact_match|missing_quantity|multiple_possible_sku_matches,3,N,
PO00872,JAA/PO/2026-07/6370,CUST0031,2026-07-08,Email Excel,Clean Digital,English,INR,0,2026-08-02,Mumbai,7,ambiguous_product_match,hard,ambiguous_product_match|conflicting_information_in_po|minor_naming_variation|no_historical_price|partial_catalogue_match|small_acceptable_price_variation,6,N,
PO00873,UTS/PO/2026-07/9609,CUST0040,2026-07-28,Email PDF,Clean Digital,English,INR,60,2026-08-22,Bengaluru,5,multiple_possible_sku_matches,hard,clean_exact_match|customer_specific_product_code|multiple_possible_sku_matches|small_acceptable_price_variation,4,N,
PO00874,SAM/PO/2026-06/6327,CUST0084,2026-06-23,Email Excel,Clean Digital,English,INR,30,2026-07-23,Indore,2,no_historical_price,medium,customer_specific_product_code|no_historical_price,2,N,
PO00875,SAA/PO/2026-04/7781,CUST0145,2026-04-11,Email Excel,Clean Digital,English,INR,90,2026-05-11,Surat,1,unknown_product,exception,unknown_product,1,N,
PO00876,NIR/PO/2026-05/9651,CUST0091,2026-05-16,Email PDF,Clean Digital,English,INR,15,2026-06-15,Coimbatore,5,wrong_unit_of_measure,exception,clean_exact_match|small_acceptable_price_variation|wrong_unit_of_measure,3,N,
PO00877,SAA/PO/2026-05/7147,CUST0145,2026-05-07,Email Excel,Clean Digital,English + Hindi terms,INR,90,2026-06-21,Surat,8,unknown_product,exception,new_customer_no_history|unknown_product,2,N,
PO00878,KAV/PO/2026-06/1779,CUST0049,2026-06-18,Portal Upload,Clean Digital,English,INR,30,2026-08-02,Bhilwara,10,unknown_product,exception,clean_exact_match|customer_specific_product_code|minor_naming_variation|no_historical_price|partial_catalogue_match|unknown_product,6,N,
PO00879,KAV/PO/2026-05/156,CUST0107,2026-05-13,Email PDF,Clean Digital,English,INR,90,2026-06-27,Mumbai,3,spelling_errors_and_abbreviations,medium,clean_exact_match|customer_specific_product_code|spelling_errors_and_abbreviations,3,N,
PO00880,MEG/PO/2026-04/6655,CUST0122,2026-04-08,Email PDF,Poor Scan / Handwritten,English + Hindi terms,INR,90,2026-05-03,Pune,2,poor_quality_document,hard,ambiguous_product_match|poor_quality_document,2,N,
PO00881,NIM/PO/2026-06/1045,CUST0030,2026-06-17,Email PDF,Clean Digital,English,INR,60,2026-07-17,Erode,10,unknown_product,exception,clean_exact_match|customer_specific_product_code|minor_naming_variation|multiple_possible_sku_matches|no_historical_price|unknown_product,6,N,
PO00882,MAN/PO/2026-07/5452,CUST0046,2026-07-11,WhatsApp Image,Scanned Copy,English,INR,30,2026-08-25,Panipat,12,malformed_incomplete_order,exception,clean_exact_match|malformed_incomplete_order|multiple_possible_sku_matches|small_acceptable_price_variation|spelling_errors_and_abbreviations,5,N,
PO00883,NAK/PO/2026-04/6039,CUST0020,2026-04-20,Email Excel,Clean Digital,English,INR,45,2026-05-15,Bengaluru,2,spelling_errors_and_abbreviations,medium,expired_historical_price|spelling_errors_and_abbreviations,2,N,
PO00884,ISH/PO/2026-07/9221,CUST0126,2026-07-28,Email PDF,Clean Digital,English + Hindi terms,INR,0,2026-09-11,Indore,7,ambiguous_product_match,hard,ambiguous_product_match|clean_exact_match|customer_specific_product_code|expired_historical_price|spelling_errors_and_abbreviations,5,N,
PO00885,ADV/PO/2026-04/8405,CUST0129,2026-04-19,Email Excel,Clean Digital,English,INR,30,2026-05-19,Bengaluru,6,spelling_errors_and_abbreviations,medium,clean_exact_match|minor_naming_variation|no_historical_price|spelling_errors_and_abbreviations,4,N,
PO00886,RAJ/PO/2026-06/1931,CUST0042,2026-06-25,Email Excel,Poor Scan / Handwritten,English + Hindi terms,INR,90,2026-07-15,Bhilwara,3,wrong_unit_of_measure,exception,poor_quality_document|small_acceptable_price_variation|wrong_unit_of_measure,3,N,
PO00887,UTS/PO/2026-05/9951,CUST0021,2026-05-11,Email Excel,Clean Digital,English,INR,15,2026-06-10,Kolkata,2,minor_naming_variation,easy,clean_exact_match|minor_naming_variation,2,N,
PO00888,RAN/PO/2026-06/8260,CUST0062,2026-06-22,Email PDF,Clean Digital,English,INR,60,2026-08-06,Ichalkaranji,5,spelling_errors_and_abbreviations,medium,clean_exact_match|minor_naming_variation|spelling_errors_and_abbreviations,3,N,
PO00889,NAK/PO/2026-04/9770,CUST0020,2026-04-28,Email Excel,Clean Digital,English,INR,45,2026-05-28,Bengaluru,3,clean_exact_match,easy,clean_exact_match|small_acceptable_price_variation,2,N,
PO00890,PRI/PO/2026-05/4128,CUST0051,2026-05-22,Email Excel,Clean Digital,English,INR,0,2026-06-16,Noida,3,expired_historical_price,medium,expired_historical_price|minor_naming_variation|spelling_errors_and_abbreviations,3,N,
PO00891,MEG/PO/2026-05/7897,CUST0089,2026-05-26,Email PDF,Clean Digital,English,INR,45,2026-06-20,Coimbatore,3,clean_exact_match,easy,clean_exact_match|minor_naming_variation,2,N,
PO00892,HAR/PO/2026-07/4483,CUST0109,2026-07-05,WhatsApp Image,Poor Scan / Handwritten,English + Hindi terms,INR,30,2026-08-19,Hyderabad,6,poor_quality_document,hard,clean_exact_match|incorrect_colour_or_gsm|poor_quality_document|small_acceptable_price_variation|spelling_errors_and_abbreviations,5,N,
PO00893,YAS/PO/2026-05/7306,CUST0010,2026-05-28,Email PDF,Clean Digital,English,INR,30,2026-06-27,Noida,2,spelling_errors_and_abbreviations,medium,minor_naming_variation|spelling_errors_and_abbreviations,2,N,
PO00894,SAN/PO/2026-06/9844,CUST0039,2026-06-05,WhatsApp Image,Scanned Copy,English,INR,30,2026-06-30,Ahmedabad,3,ambiguous_product_match,hard,ambiguous_product_match|clean_exact_match,2,N,
PO00895,PRA/PO/2026-07/9228,CUST0071,2026-07-04,WhatsApp Image,Scanned Copy,English,INR,0,2026-08-18,Jaipur,8,conflicting_information_in_po,hard,clean_exact_match|conflicting_information_in_po|incorrect_colour_or_gsm|minor_naming_variation|no_historical_price|partial_catalogue_match,6,N,
PO00896,MEG/PO/2026-07/5739,CUST0089,2026-07-22,Email PDF,Clean Digital,English,INR,45,2026-09-05,Coimbatore,10,unknown_product,exception,clean_exact_match|customer_specific_product_code|minor_naming_variation|multiple_possible_sku_matches|no_historical_price|spelling_errors_and_abbreviations|unknown_product|wrong_price_outside_tolerance,8,N,
PO00897,ANA/PO/2026-07/5910,CUST0150,2026-07-22,WhatsApp Image,Scanned Copy,English,INR,30,2026-08-11,Erode,5,new_customer_no_history,medium,new_customer_no_history,1,N,
PO00898,LAK/PO/2026-04/1889,CUST0052,2026-04-12,WhatsApp Image,Scanned Copy,English,INR,45,2026-05-27,Bengaluru,7,missing_quantity,exception,clean_exact_match|minor_naming_variation|missing_quantity|no_historical_price|spelling_errors_and_abbreviations,5,N,
PO00899,GIR/PO/2026-04/5887,CUST0135,2026-04-02,Email Excel,Clean Digital,English,INR,30,2026-04-27,Ichalkaranji,5,wrong_unit_of_measure,exception,missing_quantity|multiple_possible_sku_matches|spelling_errors_and_abbreviations|wrong_unit_of_measure,4,N,
PO00900,ADV/PO/2026-07/8561,CUST0129,2026-07-03,Email Excel,Clean Digital,English,INR,30,2026-08-02,Bengaluru,2,expired_historical_price,medium,clean_exact_match|expired_historical_price,2,N,
PO00901,SAA/PO/2026-04/297,CUST0121,2026-04-17,Scanned Copy,Scanned Copy,English,INR,15,2026-05-17,Panipat,5,unknown_product,exception,customer_specific_product_code|incorrect_colour_or_gsm|multiple_possible_sku_matches|spelling_errors_and_abbreviations|unknown_product,5,N,
PO00902,DEV/PO/2026-07/8169,CUST0104,2026-07-14,Email PDF,Clean Digital,English,INR,60,2026-08-28,Pune,5,incorrect_colour_or_gsm,hard,clean_exact_match|incorrect_colour_or_gsm|partial_catalogue_match|spelling_errors_and_abbreviations,4,N,
PO00903,ISH/PO/2026-05/4741,CUST0126,2026-05-25,Email PDF,Clean Digital,English,INR,0,2026-06-14,Indore,2,conflicting_information_in_po,hard,conflicting_information_in_po|multiple_possible_sku_matches,2,N,
PO00904,GIR/PO/2026-04/9449,CUST0090,2026-04-17,Portal Upload,Poor Scan / Handwritten,English + Hindi terms,INR,0,2026-06-01,Noida,8,ambiguous_product_match,hard,ambiguous_product_match|clean_exact_match|expired_historical_price|poor_quality_document|small_acceptable_price_variation|spelling_errors_and_abbreviations,6,N,
PO00905,DEV/PO/2026-08/8182,CUST0096,2026-08-16,Email PDF,Clean Digital,English,INR,0,2026-09-30,New Delhi,4,customer_specific_product_code,medium,clean_exact_match|customer_specific_product_code|minor_naming_variation|spelling_errors_and_abbreviations,4,N,
PO00906,KRI/PO/2026-05/6165,CUST0086,2026-05-30,WhatsApp Image,Scanned Copy,English,INR,60,2026-07-14,Indore,2,clean_exact_match,easy,clean_exact_match|small_acceptable_price_variation,2,N,
PO00907,KAV/PO/2026-06/1923,CUST0049,2026-06-01,Portal Upload,Clean Digital,English,INR,30,2026-07-16,Bhilwara,6,multiple_possible_sku_matches,hard,clean_exact_match|customer_specific_product_code|minor_naming_variation|multiple_possible_sku_matches|small_acceptable_price_variation,5,N,
PO00908,TAN/PO/2026-08/6887,CUST0012,2026-08-20,Email PDF,Clean Digital,English,INR,30,2026-10-04,Ahmedabad,7,wrong_price_outside_tolerance,exception,ambiguous_product_match|clean_exact_match|customer_specific_product_code|minor_naming_variation|wrong_price_outside_tolerance,5,N,
PO00909,DEV/PO/2026-06/1711,CUST0096,2026-06-11,Email PDF,Clean Digital,English,INR,0,2026-07-26,New Delhi,5,missing_quantity,exception,ambiguous_product_match|clean_exact_match|missing_quantity,3,N,
PO00910,SAN/PO/2026-05/8170,CUST0095,2026-05-07,Email PDF,Clean Digital,English,INR,60,2026-06-06,Bengaluru,5,ambiguous_product_match,hard,ambiguous_product_match|clean_exact_match|customer_specific_product_code|minor_naming_variation,4,N,
PO00911,NIR/PO/2026-04/486,CUST0114,2026-04-03,Portal Upload,Clean Digital,English,INR,30,2026-05-18,Bhilwara,4,ambiguous_product_match,hard,ambiguous_product_match|expired_historical_price|small_acceptable_price_variation,3,N,
PO00912,MEG/PO/2026-04/3517,CUST0122,2026-04-22,Email PDF,Clean Digital,English,INR,90,2026-06-06,Pune,3,wrong_price_outside_tolerance,exception,clean_exact_match|minor_naming_variation|wrong_price_outside_tolerance,3,N,
PO00913,VAI/PO/2026-07/9248,CUST0081,2026-07-01,Email PDF,Clean Digital,English + Hindi terms,INR,60,2026-08-15,Indore,2,multiple_possible_sku_matches,hard,clean_exact_match|multiple_possible_sku_matches,2,N,
PO00914,SAM/PO/2026-08/7973,CUST0120,2026-08-15,Email PDF,Clean Digital,English,INR,0,2026-09-14,Mumbai,1,ambiguous_product_match,hard,ambiguous_product_match,1,N,
PO00915,UTS/PO/2026-06/1727,CUST0134,2026-06-29,Email PDF,Poor Scan / Handwritten,English,INR,45,2026-07-24,Karur,8,unknown_product,exception,clean_exact_match|minor_naming_variation|poor_quality_document|small_acceptable_price_variation|spelling_errors_and_abbreviations|unknown_product,6,N,
PO00916,NAV/PO/2026-05/1806,CUST0115,2026-05-17,WhatsApp Image,Scanned Copy,English,INR,45,2026-06-11,Erode,2,small_acceptable_price_variation,easy,minor_naming_variation|small_acceptable_price_variation,2,N,
PO00917,MEG/PO/2026-04/6902,CUST0122,2026-04-21,Email PDF,Clean Digital,English,INR,90,2026-05-06,Pune,4,partial_catalogue_match,medium,clean_exact_match|customer_specific_product_code|partial_catalogue_match,3,N,
PO00918,ISH/PO/2026-06/2981,CUST0126,2026-06-21,Email PDF,Poor Scan / Handwritten,English + Hindi terms,INR,0,2026-08-05,Indore,10,ambiguous_product_match,hard,ambiguous_product_match|clean_exact_match|minor_naming_variation|partial_catalogue_match|poor_quality_document|small_acceptable_price_variation|spelling_errors_and_abbreviations,7,N,
PO00919,HAR/PO/2026-07/1068,CUST0109,2026-07-04,WhatsApp Image,Scanned Copy,English,INR,30,2026-08-18,Hyderabad,3,customer_specific_product_code,medium,clean_exact_match|customer_specific_product_code|minor_naming_variation,3,N,
PO00920,TEJ/PO/2026-08/4923,CUST0005,2026-08-19,Email PDF,Clean Digital,English,INR,45,2026-10-03,Mumbai,8,incorrect_colour_or_gsm,hard,ambiguous_product_match|clean_exact_match|incorrect_colour_or_gsm|minor_naming_variation|multiple_possible_sku_matches|no_historical_price|partial_catalogue_match,7,N,
PO00921,AMR/PO/2026-04/9411,CUST0130,2026-04-16,Email PDF,Clean Digital,English + Hindi terms,INR,30,2026-05-11,Noida,2,unknown_product,exception,small_acceptable_price_variation|unknown_product,2,N,
PO00922,MAY/PO/2026-07/324,CUST0053,2026-07-04,Email PDF,Poor Scan / Handwritten,English,INR,45,2026-08-18,Jaipur,7,wrong_price_outside_tolerance,exception,clean_exact_match|conflicting_information_in_po|incorrect_colour_or_gsm|poor_quality_document|small_acceptable_price_variation|spelling_errors_and_abbreviations|wrong_price_outside_tolerance,7,N,
PO00923,DEV/PO/2026-06/1239,CUST0104,2026-06-09,Email PDF,Clean Digital,English,INR,60,2026-07-24,Pune,8,spelling_errors_and_abbreviations,medium,clean_exact_match|minor_naming_variation|small_acceptable_price_variation|spelling_errors_and_abbreviations,4,N,
PO00924,SAM/PO/2026-07/4571,CUST0120,2026-07-23,Email PDF,Clean Digital,English,INR,0,2026-09-06,Mumbai,2,partial_catalogue_match,medium,clean_exact_match|partial_catalogue_match,2,N,
PO00925,PAR/PO/2026-06/3017,CUST0027,2026-06-21,Portal Upload,Poor Scan / Handwritten,English,INR,60,2026-08-05,Noida,6,ambiguous_product_match,hard,ambiguous_product_match|incorrect_colour_or_gsm|minor_naming_variation|no_historical_price|poor_quality_document|spelling_errors_and_abbreviations,6,N,
PO00926,MAN/PO/2026-06/5066,CUST0103,2026-06-27,WhatsApp Image,Scanned Copy,English,INR,15,2026-08-11,Bengaluru,3,ambiguous_product_match,hard,ambiguous_product_match|customer_specific_product_code|incorrect_colour_or_gsm,3,N,
PO00927,MEG/PO/2026-07/1692,CUST0122,2026-07-09,Email PDF,Clean Digital,English,INR,90,2026-08-23,Pune,7,unknown_product,exception,clean_exact_match|expired_historical_price|multiple_possible_sku_matches|spelling_errors_and_abbreviations|unknown_product,5,N,
PO00928,NAK/PO/2026-06/4553,CUST0105,2026-06-02,Email PDF,Clean Digital,English,INR,30,2026-07-17,Indore,6,incorrect_colour_or_gsm,hard,clean_exact_match|customer_specific_product_code|incorrect_colour_or_gsm|minor_naming_variation|no_historical_price|partial_catalogue_match,6,N,
PO00929,RID/PO/2026-07/4734,CUST0045,2026-07-14,Portal Upload,Poor Scan / Handwritten,English,INR,30,2026-08-28,Karur,8,missing_quantity,exception,clean_exact_match|customer_specific_product_code|expired_historical_price|missing_quantity|poor_quality_document|spelling_errors_and_abbreviations,6,N,
PO00930,URV/PO/2026-05/5123,CUST0102,2026-05-27,Email PDF,Clean Digital,English,INR,15,2026-07-11,Jaipur,4,ambiguous_product_match,hard,ambiguous_product_match|clean_exact_match|incorrect_colour_or_gsm,3,N,
PO00931,TAN/PO/2026-05/4165,CUST0072,2026-05-03,Email PDF,Clean Digital,English,INR,30,2026-05-28,New Delhi,4,missing_quantity,exception,clean_exact_match|missing_quantity,2,N,
PO00932,NAK/PO/2026-07/4230,CUST0075,2026-07-06,Email PDF,Clean Digital,English,INR,30,2026-08-05,Bengaluru,3,customer_specific_product_code,medium,customer_specific_product_code|minor_naming_variation,2,N,
PO00933,PAR/PO/2026-04/1059,CUST0027,2026-04-22,Portal Upload,Clean Digital,English,INR,60,2026-06-06,Noida,8,ambiguous_product_match,hard,ambiguous_product_match|clean_exact_match|minor_naming_variation|partial_catalogue_match|small_acceptable_price_variation|spelling_errors_and_abbreviations,6,N,
PO00934,NIM/PO/2026-05/5023,CUST0034,2026-05-25,Email PDF,Clean Digital,English,INR,90,2026-07-09,Bengaluru,2,unknown_product,exception,clean_exact_match|unknown_product,2,N,
PO00935,DEV/PO/2026-06/5690,CUST0019,2026-06-04,Email PDF,Clean Digital,English,INR,30,2026-06-29,Ludhiana,4,unknown_product,exception,clean_exact_match|customer_specific_product_code|spelling_errors_and_abbreviations|unknown_product,4,N,
PO00936,RAN/PO/2026-05/2885,CUST0062,2026-05-28,Email PDF,Clean Digital,English,INR,60,2026-07-12,Ichalkaranji,7,spelling_errors_and_abbreviations,medium,clean_exact_match|minor_naming_variation|no_historical_price|small_acceptable_price_variation|spelling_errors_and_abbreviations,5,N,
PO00937,OJA/PO/2026-08/5129,CUST0018,2026-08-14,Scanned Copy,Scanned Copy,English,INR,15,2026-09-28,Ludhiana,9,wrong_price_outside_tolerance,exception,clean_exact_match|conflicting_information_in_po|incorrect_colour_or_gsm|minor_naming_variation|multiple_possible_sku_matches|spelling_errors_and_abbreviations|wrong_price_outside_tolerance,7,N,
PO00938,NIM/PO/2026-06/7850,CUST0030,2026-06-09,Email PDF,Clean Digital,English,INR,60,2026-07-09,Erode,6,no_historical_price,medium,clean_exact_match|minor_naming_variation|no_historical_price|spelling_errors_and_abbreviations,4,N,
PO00939,MAN/PO/2026-04/3210,CUST0023,2026-04-24,WhatsApp Image,Poor Scan / Handwritten,English,INR,90,2026-06-08,Panipat,4,conflicting_information_in_po,hard,conflicting_information_in_po|poor_quality_document|spelling_errors_and_abbreviations,3,N,
PO00940,SAN/PO/2026-07/3971,CUST0039,2026-07-04,WhatsApp Image,Scanned Copy,English,INR,30,2026-08-18,Ahmedabad,4,incorrect_colour_or_gsm,hard,clean_exact_match|incorrect_colour_or_gsm|minor_naming_variation,3,N,
PO00941,YAS/PO/2026-07/8693,CUST0124,2026-07-28,Portal Upload,Clean Digital,English + Hindi terms,INR,60,2026-09-11,Pune,3,no_historical_price,medium,minor_naming_variation|no_historical_price|small_acceptable_price_variation,3,N,
PO00942,GIR/PO/2026-07/4769,CUST0135,2026-07-31,Email Excel,Poor Scan / Handwritten,English,INR,30,2026-09-14,Ichalkaranji,12,conflicting_information_in_po,hard,clean_exact_match|conflicting_information_in_po|customer_specific_product_code|multiple_possible_sku_matches|no_historical_price|poor_quality_document|spelling_errors_and_abbreviations,7,N,
PO00943,AAS/PO/2026-04/8336,CUST0057,2026-04-23,Email PDF,Clean Digital,English,INR,0,2026-06-07,Tiruppur,7,wrong_unit_of_measure,exception,ambiguous_product_match|clean_exact_match|expired_historical_price|minor_naming_variation|partial_catalogue_match|spelling_errors_and_abbreviations|wrong_unit_of_measure,7,N,
PO00944,DEV/PO/2026-05/3813,CUST0104,2026-05-29,Email PDF,Clean Digital,English,INR,60,2026-07-13,Pune,4,wrong_unit_of_measure,exception,conflicting_information_in_po|no_historical_price|wrong_unit_of_measure,3,N,
PO00945,YAS/PO/2026-04/9599,CUST0124,2026-04-29,Portal Upload,Clean Digital,English,INR,60,2026-05-19,Pune,3,ambiguous_product_match,hard,ambiguous_product_match|clean_exact_match,2,N,
PO00946,TAN/PO/2026-06/861,CUST0076,2026-06-01,Email PDF,Clean Digital,English + Hindi terms,INR,0,2026-07-16,Panipat,8,conflicting_information_in_po,hard,clean_exact_match|conflicting_information_in_po|multiple_possible_sku_matches|no_historical_price|spelling_errors_and_abbreviations,5,N,
PO00947,PRA/PO/2026-06/9059,CUST0071,2026-06-11,WhatsApp Image,Scanned Copy,English,INR,0,2026-06-26,Jaipur,1,customer_specific_product_code,medium,customer_specific_product_code,1,N,
PO00948,OOR/PO/2026-08/5699,CUST0069,2026-08-05,Email PDF,Clean Digital,English,INR,90,2026-09-04,Chennai,8,wrong_price_outside_tolerance,exception,clean_exact_match|minor_naming_variation|multiple_possible_sku_matches|partial_catalogue_match|spelling_errors_and_abbreviations|wrong_price_outside_tolerance,6,N,
PO00949,PRI/PO/2026-06/6096,CUST0051,2026-06-25,Email Excel,Poor Scan / Handwritten,English,INR,0,2026-08-09,Noida,3,poor_quality_document,hard,no_historical_price|poor_quality_document|spelling_errors_and_abbreviations,3,N,
PO00950,JAA/PO/2026-06/8074,CUST0099,2026-06-17,WhatsApp Image,Scanned Copy,English,INR,90,2026-08-01,Hyderabad,8,malformed_incomplete_order,exception,clean_exact_match|malformed_incomplete_order|minor_naming_variation|no_historical_price|spelling_errors_and_abbreviations|unknown_product,6,N,
PO00951,YAS/PO/2026-07/5121,CUST0010,2026-07-10,Email PDF,Clean Digital,English,INR,30,2026-07-30,Noida,4,wrong_price_outside_tolerance,exception,customer_specific_product_code|minor_naming_variation|small_acceptable_price_variation|wrong_price_outside_tolerance,4,N,
PO00952,KRI/PO/2026-04/6813,CUST0008,2026-04-03,Email Excel,Poor Scan / Handwritten,English,INR,0,2026-04-28,Bengaluru,1,poor_quality_document,hard,poor_quality_document,1,N,
PO00953,KAV/PO/2026-05/6886,CUST0014,2026-05-03,Email PDF,Clean Digital,English,INR,60,2026-06-17,Panipat,6,wrong_price_outside_tolerance,exception,ambiguous_product_match|multiple_possible_sku_matches|no_historical_price|partial_catalogue_match|spelling_errors_and_abbreviations|wrong_price_outside_tolerance,6,N,
PO00954,YUV/PO/2026-05/6776,CUST0006,2026-05-27,Email Excel,Clean Digital,English,INR,30,2026-07-11,Noida,6,multiple_possible_sku_matches,hard,clean_exact_match|incorrect_colour_or_gsm|minor_naming_variation|multiple_possible_sku_matches|partial_catalogue_match|spelling_errors_and_abbreviations,6,N,
PO00955,NAK/PO/2026-06/1887,CUST0105,2026-06-23,Email PDF,Clean Digital,English,INR,30,2026-08-07,Indore,8,malformed_incomplete_order,exception,ambiguous_product_match|clean_exact_match|customer_specific_product_code|incorrect_colour_or_gsm|malformed_incomplete_order,5,N,
PO00956,SUR/PO/2026-08/8283,CUST0133,2026-08-20,Email Excel,Clean Digital,English,INR,30,2026-09-09,Pune,3,minor_naming_variation,easy,clean_exact_match|minor_naming_variation,2,N,
PO00957,SAN/PO/2026-06/8680,CUST0095,2026-06-02,Email PDF,Clean Digital,English,INR,60,2026-07-17,Bengaluru,8,conflicting_information_in_po,hard,ambiguous_product_match|clean_exact_match|conflicting_information_in_po|minor_naming_variation|small_acceptable_price_variation|spelling_errors_and_abbreviations,6,N,
PO00958,DEV/PO/2026-04/2228,CUST0104,2026-04-19,Email PDF,Clean Digital,English,INR,60,2026-06-03,Pune,5,multiple_possible_sku_matches,hard,clean_exact_match|minor_naming_variation|multiple_possible_sku_matches|small_acceptable_price_variation,4,N,
PO00959,DHR/PO/2026-08/5743,CUST0094,2026-08-04,Portal Upload,Poor Scan / Handwritten,English,INR,30,2026-09-18,Erode,4,poor_quality_document,hard,clean_exact_match|incorrect_colour_or_gsm|multiple_possible_sku_matches|poor_quality_document,4,N,
PO00960,BHO/PO/2026-08/8036,CUST0015,2026-08-12,WhatsApp Image,Scanned Copy,English,INR,30,2026-09-26,Ludhiana,10,malformed_incomplete_order,exception,ambiguous_product_match|clean_exact_match|conflicting_information_in_po|customer_specific_product_code|incorrect_colour_or_gsm|malformed_incomplete_order|minor_naming_variation|partial_catalogue_match,8,N,
PO00961,HAR/PO/2026-04/6055,CUST0109,2026-04-25,WhatsApp Image,Scanned Copy,English,INR,30,2026-05-25,Hyderabad,10,wrong_price_outside_tolerance,exception,ambiguous_product_match|clean_exact_match|incorrect_colour_or_gsm|minor_naming_variation|partial_catalogue_match|wrong_price_outside_tolerance,6,N,
PO00962,NIR/PO/2026-07/8936,CUST0002,2026-07-18,WhatsApp Image,Scanned Copy,English,INR,45,2026-09-01,Chennai,8,multiple_possible_sku_matches,hard,clean_exact_match|minor_naming_variation|multiple_possible_sku_matches|small_acceptable_price_variation|spelling_errors_and_abbreviations,5,N,
PO00963,ZAR/PO/2026-06/9530,CUST0047,2026-06-02,Email PDF,Clean Digital,English,INR,90,2026-07-02,Indore,4,unknown_product,exception,clean_exact_match|customer_specific_product_code|small_acceptable_price_variation|unknown_product,4,N,
PO00964,YAS/PO/2026-06/2152,CUST0010,2026-06-02,Email PDF,Poor Scan / Handwritten,English,INR,30,2026-07-17,Noida,3,poor_quality_document,hard,clean_exact_match|poor_quality_document,2,N,
PO00965,KAV/PO/2026-05/3871,CUST0014,2026-05-06,Email PDF,Clean Digital,English,INR,60,2026-06-20,Panipat,2,multiple_possible_sku_matches,hard,clean_exact_match|multiple_possible_sku_matches,2,N,
PO00966,MEG/PO/2026-06/3089,CUST0059,2026-06-12,Email PDF,Clean Digital,English,INR,15,2026-07-27,Pune,2,incorrect_colour_or_gsm,hard,clean_exact_match|incorrect_colour_or_gsm,2,N,
PO00967,SAA/PO/2026-05/1321,CUST0121,2026-05-26,Scanned Copy,Scanned Copy,English,INR,15,2026-07-10,Panipat,4,multiple_possible_sku_matches,hard,clean_exact_match|customer_specific_product_code|multiple_possible_sku_matches,3,N,
PO00968,AAS/PO/2026-08/2403,CUST0067,2026-08-16,Email PDF,Poor Scan / Handwritten,English + Hindi terms,INR,90,2026-09-30,Noida,7,conflicting_information_in_po,hard,clean_exact_match|conflicting_information_in_po|minor_naming_variation|partial_catalogue_match|poor_quality_document|small_acceptable_price_variation,6,N,
PO00969,SUR/PO/2026-05/8606,CUST0013,2026-05-30,WhatsApp Image,Scanned Copy,English,INR,60,2026-07-14,Surat,11,incorrect_colour_or_gsm,hard,clean_exact_match|customer_specific_product_code|incorrect_colour_or_gsm|minor_naming_variation|no_historical_price|partial_catalogue_match|small_acceptable_price_variation|spelling_errors_and_abbreviations,8,N,
PO00970,ZAR/PO/2026-06/6192,CUST0047,2026-06-07,Email PDF,Clean Digital,English,INR,90,2026-07-22,Indore,6,conflicting_information_in_po,hard,ambiguous_product_match|conflicting_information_in_po|customer_specific_product_code|expired_historical_price|minor_naming_variation|spelling_errors_and_abbreviations,6,N,
PO00971,PRI/PO/2026-06/325,CUST0139,2026-06-11,Email PDF,Clean Digital,English,INR,45,2026-07-26,Tiruppur,4,unknown_product,exception,new_customer_no_history|unknown_product,2,N,
PO00972,SUR/PO/2026-08/1484,CUST0013,2026-08-16,WhatsApp Image,Scanned Copy,English,INR,60,2026-09-15,Surat,2,spelling_errors_and_abbreviations,medium,minor_naming_variation|spelling_errors_and_abbreviations,2,N,
PO00973,SAM/PO/2026-04/5238,CUST0120,2026-04-25,Email PDF,Clean Digital,English,INR,0,2026-05-25,Mumbai,4,ambiguous_product_match,hard,ambiguous_product_match|clean_exact_match|multiple_possible_sku_matches|spelling_errors_and_abbreviations,4,N,
PO00974,SAA/PO/2026-06/6753,CUST0044,2026-06-13,Email PDF,Clean Digital,English,INR,90,2026-06-28,Surat,1,minor_naming_variation,easy,minor_naming_variation,1,N,
PO00975,ADV/PO/2026-08/8252,CUST0092,2026-08-05,Email PDF,Poor Scan / Handwritten,English,INR,90,2026-09-19,Indore,10,poor_quality_document,hard,clean_exact_match|minor_naming_variation|poor_quality_document,3,N,
PO00976,RID/PO/2026-05/1888,CUST0045,2026-05-04,Portal Upload,Clean Digital,English,INR,30,2026-06-18,Karur,7,missing_quantity,exception,clean_exact_match|conflicting_information_in_po|expired_historical_price|missing_quantity|small_acceptable_price_variation|spelling_errors_and_abbreviations,6,N,
PO00977,URV/PO/2026-04/6335,CUST0063,2026-04-16,Email PDF,Clean Digital,English,INR,15,2026-05-16,Mumbai,4,malformed_incomplete_order,exception,clean_exact_match|malformed_incomplete_order|partial_catalogue_match|small_acceptable_price_variation,4,N,
PO00978,JAA/PO/2026-05/4339,CUST0099,2026-05-14,WhatsApp Image,Scanned Copy,English,INR,90,2026-06-28,Hyderabad,6,missing_quantity,exception,clean_exact_match|customer_specific_product_code|missing_quantity|partial_catalogue_match,4,N,
PO00979,AAR/PO/2026-07/6728,CUST0078,2026-07-22,Email Excel,Poor Scan / Handwritten,English,INR,60,2026-09-05,Ichalkaranji,6,multiple_possible_sku_matches,hard,customer_specific_product_code|multiple_possible_sku_matches|poor_quality_document|small_acceptable_price_variation|spelling_errors_and_abbreviations,5,N,
PO00980,BHO/PO/2026-08/1220,CUST0143,2026-08-12,Email Excel,Clean Digital,English,INR,30,2026-09-26,Surat,7,unknown_product,exception,new_customer_no_history|unknown_product,2,N,
PO00981,YUV/PO/2026-08/6460,CUST0079,2026-08-09,Email Excel,Poor Scan / Handwritten,English,INR,30,2026-09-23,Hyderabad,12,ambiguous_product_match,hard,ambiguous_product_match|clean_exact_match|conflicting_information_in_po|minor_naming_variation|partial_catalogue_match|poor_quality_document,6,N,
PO00982,YAS/PO/2026-06/104,CUST0036,2026-06-10,WhatsApp Image,Scanned Copy,English,INR,30,2026-07-25,Indore,3,no_historical_price,medium,clean_exact_match|customer_specific_product_code|no_historical_price,3,N,
PO00983,PRI/PO/2026-04/4441,CUST0051,2026-04-28,Email Excel,Clean Digital,English,INR,0,2026-05-28,Noida,7,incorrect_colour_or_gsm,hard,clean_exact_match|incorrect_colour_or_gsm|minor_naming_variation|spelling_errors_and_abbreviations,4,N,
PO00984,LAK/PO/2026-04/1054,CUST0052,2026-04-10,WhatsApp Image,Scanned Copy,English,INR,45,2026-05-25,Bengaluru,6,unknown_product,exception,ambiguous_product_match|clean_exact_match|partial_catalogue_match|unknown_product,4,N,
PO00985,YAS/PO/2026-08/2495,CUST0016,2026-08-01,WhatsApp Image,Scanned Copy,English,INR,90,2026-08-26,Surat,2,customer_specific_product_code,medium,customer_specific_product_code|minor_naming_variation,2,N,
PO00986,ISH/PO/2026-08/5426,CUST0066,2026-08-02,Portal Upload,Clean Digital,English,INR,90,2026-08-27,Mumbai,3,spelling_errors_and_abbreviations,medium,clean_exact_match|minor_naming_variation|spelling_errors_and_abbreviations,3,N,
PO00987,DHR/PO/2026-05/4222,CUST0094,2026-05-17,Portal Upload,Clean Digital,English,INR,30,2026-06-16,Erode,3,partial_catalogue_match,medium,clean_exact_match|partial_catalogue_match|spelling_errors_and_abbreviations,3,N,
PO00988,DEV/PO/2026-07/6294,CUST0096,2026-07-23,Email PDF,Clean Digital,English,INR,0,2026-09-06,New Delhi,9,malformed_incomplete_order,exception,ambiguous_product_match|clean_exact_match|malformed_incomplete_order|minor_naming_variation|multiple_possible_sku_matches|small_acceptable_price_variation,6,N,
PO00989,AMR/PO/2026-04/5648,CUST0130,2026-04-19,Email PDF,Clean Digital,English,INR,30,2026-06-03,Noida,5,duplicate_purchase_order,exception,duplicate_purchase_order,1,Y,PO00460
PO00990,SAM/PO/2026-06/5696,CUST0084,2026-06-28,Email Excel,Clean Digital,English + Hindi terms,INR,30,2026-08-12,Indore,3,duplicate_purchase_order,exception,duplicate_purchase_order,1,Y,PO00470
PO00991,SHR/PO/2026-07/8403,CUST0028,2026-07-30,Email Excel,Clean Digital,English,INR,60,2026-08-29,Indore,3,duplicate_purchase_order,exception,duplicate_purchase_order,1,Y,PO00267
PO00992,PAR/PO/2026-05/3459,CUST0116,2026-05-06,Scanned Copy,Scanned Copy,English,INR,30,2026-06-20,Indore,6,duplicate_purchase_order,exception,duplicate_purchase_order,1,Y,PO00475
PO00993,UTS/PO/2026-05/4180,CUST0021,2026-05-18,Email Excel,Clean Digital,English,INR,15,2026-06-17,Kolkata,2,duplicate_purchase_order,exception,duplicate_purchase_order,1,Y,PO00887
PO00994,VRI/PO/2026-06/4549,CUST0070,2026-06-02,Email PDF,Clean Digital,English,INR,30,2026-06-17,Noida,3,duplicate_purchase_order,exception,duplicate_purchase_order,1,Y,PO00108
PO00995,RUC/PO/2026-05/1407,CUST0025,2026-05-23,Email PDF,Clean Digital,English,INR,15,2026-06-22,Noida,5,duplicate_purchase_order,exception,duplicate_purchase_order,1,Y,PO00163
PO00996,SAT/PO/2026-04/9201,CUST0009,2026-04-07,WhatsApp Image,Scanned Copy,English,INR,30,2026-05-22,Ahmedabad,2,duplicate_purchase_order,exception,duplicate_purchase_order,1,Y,PO00683
PO00997,AMR/PO/2026-07/6389,CUST0130,2026-07-23,Email PDF,Clean Digital,English,INR,30,2026-08-17,Noida,3,duplicate_purchase_order,exception,duplicate_purchase_order,1,Y,PO00677
PO00998,URV/PO/2026-05/8556,CUST0102,2026-05-11,Email PDF,Clean Digital,English,INR,15,2026-06-25,Jaipur,2,duplicate_purchase_order,exception,duplicate_purchase_order,1,Y,PO00045
PO00999,AMR/PO/2026-08/229,CUST0043,2026-08-16,Email PDF,Clean Digital,English + Hindi terms,INR,0,2026-09-30,Pune,2,duplicate_purchase_order,exception,duplicate_purchase_order,1,Y,PO00191
PO01000,UTS/PO/2026-04/2673,CUST0136,2026-04-23,WhatsApp Image,Scanned Copy,English + Hindi terms,INR,0,2026-05-23,New Delhi,4,duplicate_purchase_order,exception,duplicate_purchase_order,1,Y,PO00016
