transaction_id,order_ref,line_no,customer_id,sku,transaction_date,quantity,uom,unit_price_inr,line_amount_inr,currency,discount_pct_applied,order_status
TXN000001,HIST-2023-00001,1,CUST0052,DD-CIN-0024,2023-04-04,136,MTR,252.95,34401.2,INR,3.0,Delivered
TXN000002,HIST-2023-00001,2,CUST0052,DD-FLN-0012,2023-04-04,265,MTR,123.44,32711.6,INR,3.0,Delivered
TXN002444,HIST-2023-00898,1,CUST0016,DD-KIR-0001,2023-04-08,303,KG,310.72,94148.16,INR,12.0,Delivered
TXN006520,HIST-2023-02389,1,CUST0007,DD-KFT-0007,2023-04-11,292,KG,380.41,111079.72,INR,7.0,Partially Delivered
TXN006521,HIST-2023-02389,2,CUST0007,DD-CTS-0008,2023-04-11,425,MTR,117.91,50111.75,INR,7.0,Delivered
TXN000221,HIST-2023-00081,1,CUST0136,DD-FLN-0005,2023-04-15,135,MTR,137.51,18563.85,INR,12.0,Cancelled
TXN000222,HIST-2023-00081,2,CUST0136,DD-RBL-0004,2023-04-15,1777,MTR,40.08,71222.16,INR,12.0,Delivered
TXN000223,HIST-2023-00081,3,CUST0136,DD-LIN-0005,2023-04-15,150,MTR,273.5,41025.0,INR,12.0,Delivered
TXN000224,HIST-2023-00081,4,CUST0136,DD-PCS-0016,2023-04-15,263,MTR,88.32,23228.16,INR,12.0,Delivered
TXN000225,HIST-2023-00081,5,CUST0136,DD-SAT-0022,2023-04-15,1070,MTR,120.79,129245.3,INR,12.0,Partially Delivered
TXN000226,HIST-2023-00081,6,CUST0136,DD-VSR-0015,2023-04-15,1128,MTR,73.31,82693.68,INR,12.0,Delivered
TXN003357,HIST-2023-01231,1,CUST0006,DD-KSJ-0011,2023-04-18,147,KG,278.17,40890.99,INR,7.0,Partially Delivered
TXN003358,HIST-2023-01231,2,CUST0006,DD-CTB-0017,2023-04-18,180,MTR,140.45,25281.0,INR,7.0,Delivered
TXN003359,HIST-2023-01231,3,CUST0006,DD-MOD-0014,2023-04-18,448,MTR,225.84,101176.32,INR,7.0,Delivered
TXN003699,HIST-2023-01341,1,CUST0013,DD-CTB-0005,2023-04-18,247,MTR,215.07,53122.29,INR,3.0,Delivered
TXN005770,HIST-2023-02121,1,CUST0047,DD-CTB-0019,2023-04-18,1192,MTR,196.57,234311.44,INR,7.0,Delivered
TXN005771,HIST-2023-02121,2,CUST0047,DD-KIR-0017,2023-04-18,134,KG,437.44,58616.96,INR,7.0,Delivered
TXN005772,HIST-2023-02121,3,CUST0047,DD-DNM-0022,2023-04-18,730,MTR,190.33,138940.9,INR,7.0,Delivered
TXN005773,HIST-2023-02121,4,CUST0047,DD-KSJ-0023,2023-04-18,71,KG,368.16,26139.36,INR,7.0,Delivered
TXN005774,HIST-2023-02121,5,CUST0047,DD-KFT-0026,2023-04-18,252,KG,307.43,77472.36,INR,7.0,Delivered
TXN005775,HIST-2023-02121,6,CUST0047,DD-CTB-0013,2023-04-18,209,MTR,151.85,31736.65,INR,7.0,Delivered
TXN006604,HIST-2023-02423,1,CUST0034,DD-KFT-0015,2023-04-18,53,KG,242.09,12830.77,INR,7.0,Delivered
TXN000835,HIST-2023-00296,1,CUST0047,DD-CTB-0006,2023-04-20,168,MTR,191.55,32180.4,INR,7.0,Delivered
TXN000836,HIST-2023-00296,2,CUST0047,DD-CTB-0013,2023-04-20,168,MTR,152.15,25561.2,INR,7.0,Delivered
TXN001153,HIST-2023-00418,1,CUST0079,DD-CIN-0027,2023-04-20,871,MTR,173.53,151144.63,INR,3.0,Partially Delivered
TXN001154,HIST-2023-00418,2,CUST0079,DD-SUT-0023,2023-04-20,2159,MTR,238.6,515137.4,INR,3.0,Delivered
TXN001155,HIST-2023-00418,3,CUST0079,DD-VSR-0019,2023-04-20,2110,MTR,81.78,172555.8,INR,3.0,Delivered
TXN004282,HIST-2023-01560,1,CUST0047,DD-CTB-0013,2023-04-23,1204,MTR,152.2,183248.8,INR,7.0,Delivered
TXN004283,HIST-2023-01560,2,CUST0047,DD-KIR-0019,2023-04-23,340,KG,344.27,117051.8,INR,7.0,Delivered
TXN004284,HIST-2023-01560,3,CUST0047,DD-CTB-0019,2023-04-23,284,MTR,196.54,55817.36,INR,7.0,Delivered
TXN004285,HIST-2023-01560,4,CUST0047,DD-CTB-0022,2023-04-23,452,MTR,200.55,90648.6,INR,7.0,Delivered
TXN000247,HIST-2023-00089,1,CUST0099,DD-SUT-0029,2023-04-24,388,MTR,189.26,73432.88,INR,7.0,Delivered
TXN000248,HIST-2023-00089,2,CUST0099,DD-KSJ-0002,2023-04-24,451,KG,437.21,197181.71,INR,7.0,Delivered
TXN000249,HIST-2023-00089,3,CUST0099,DD-PCS-0021,2023-04-24,396,MTR,78.66,31149.36,INR,7.0,Delivered
TXN001340,HIST-2023-00484,1,CUST0098,DD-PRB-0020,2023-04-26,1541,MTR,102.08,157305.28,INR,7.0,Delivered
TXN001341,HIST-2023-00484,2,CUST0098,DD-FLN-0027,2023-04-26,2012,MTR,153.22,308278.64,INR,7.0,Delivered
TXN002614,HIST-2023-00965,1,CUST0077,DD-KFT-0009,2023-04-26,89,KG,380.5,33864.5,INR,7.0,Delivered
TXN002615,HIST-2023-00965,2,CUST0077,DD-FLN-0023,2023-04-26,234,MTR,163.49,38256.66,INR,7.0,Delivered
TXN002616,HIST-2023-00965,3,CUST0077,DD-RBL-0004,2023-04-26,1191,MTR,43.87,52249.17,INR,7.0,Delivered
TXN006813,HIST-2023-02508,1,CUST0059,DD-SUT-0005,2023-04-30,155,MTR,195.7,30333.5,INR,12.0,Delivered
TXN006814,HIST-2023-02508,2,CUST0059,DD-CTB-0023,2023-04-30,2185,MTR,173.69,379512.65,INR,12.0,Delivered
TXN006815,HIST-2023-02508,3,CUST0059,DD-CIN-0030,2023-04-30,1098,MTR,164.19,180280.62,INR,12.0,Delivered
TXN007233,HIST-2023-02658,1,CUST0130,DD-LIN-0017,2023-05-02,446,MTR,417.27,186102.42,INR,7.0,Delivered
TXN006021,HIST-2023-02214,1,CUST0076,DD-CTS-0011,2023-05-03,1077,MTR,126.09,135798.93,INR,7.0,Delivered
TXN006022,HIST-2023-02214,2,CUST0076,DD-CTS-0014,2023-05-03,315,MTR,109.19,34394.85,INR,7.0,Delivered
TXN006023,HIST-2023-02214,3,CUST0076,DD-KSJ-0006,2023-05-03,439,KG,319.55,140282.45,INR,7.0,Delivered
TXN006024,HIST-2023-02214,4,CUST0076,DD-CTB-0026,2023-05-03,396,MTR,181.69,71949.24,INR,7.0,Partially Delivered
TXN003626,HIST-2023-01315,1,CUST0034,DD-KFT-0005,2023-05-04,95,KG,300.14,28513.3,INR,7.0,Partially Delivered
TXN003627,HIST-2023-01315,2,CUST0034,DD-KFT-0015,2023-05-04,84,KG,235.99,19823.16,INR,7.0,Delivered
TXN003628,HIST-2023-01315,3,CUST0034,DD-CTB-0019,2023-05-04,1802,MTR,208.79,376239.58,INR,7.0,Delivered
TXN005485,HIST-2023-02013,1,CUST0052,DD-SUT-0009,2023-05-04,413,MTR,181.41,74922.33,INR,3.0,Delivered
TXN006130,HIST-2023-02250,1,CUST0108,DD-RBL-0017,2023-05-05,1747,MTR,56.51,98722.97,INR,12.0,Delivered
TXN006131,HIST-2023-02250,2,CUST0108,DD-HCT-0018,2023-05-05,344,MTR,135.11,46477.84,INR,12.0,Delivered
TXN004333,HIST-2023-01582,1,CUST0074,DD-CTS-0027,2023-05-06,2263,MTR,87.5,198012.5,INR,3.0,Delivered
TXN004334,HIST-2023-01582,2,CUST0074,DD-MOD-0028,2023-05-06,132,MTR,144.6,19087.2,INR,3.0,Delivered
TXN004335,HIST-2023-01582,3,CUST0074,DD-DNM-0029,2023-05-06,1378,MTR,280.85,387011.3,INR,3.0,Delivered
TXN005961,HIST-2023-02192,1,CUST0085,DD-CTB-0002,2023-05-06,183,MTR,157.62,28844.46,INR,3.0,Delivered
TXN005962,HIST-2023-02192,2,CUST0085,DD-MOD-0026,2023-05-06,855,MTR,156.65,133935.75,INR,3.0,Delivered
TXN005963,HIST-2023-02192,3,CUST0085,DD-MOD-0004,2023-05-06,213,MTR,198.24,42225.12,INR,3.0,Delivered
TXN005964,HIST-2023-02192,4,CUST0085,DD-DNM-0021,2023-05-06,134,MTR,198.17,26554.78,INR,3.0,Delivered
TXN005965,HIST-2023-02192,5,CUST0085,DD-LIN-0006,2023-05-06,267,MTR,331.56,88526.52,INR,3.0,Delivered
TXN006356,HIST-2023-02334,1,CUST0076,DD-CTS-0014,2023-05-08,346,MTR,111.45,38561.7,INR,7.0,Delivered
TXN006357,HIST-2023-02334,2,CUST0076,DD-CTS-0011,2023-05-08,1349,MTR,124.83,168395.67,INR,7.0,Delivered
TXN006358,HIST-2023-02334,3,CUST0076,DD-MOD-0016,2023-05-08,1177,MTR,220.66,259716.82,INR,7.0,Delivered
TXN000191,HIST-2023-00068,1,CUST0048,DD-KSJ-0025,2023-05-09,47,KG,342.0,16074.0,INR,12.0,Delivered
TXN000192,HIST-2023-00068,2,CUST0048,DD-MOD-0023,2023-05-09,423,MTR,147.89,62557.47,INR,12.0,Delivered
TXN002432,HIST-2023-00893,1,CUST0080,DD-TWL-0024,2023-05-13,99,PCS,199.75,19775.25,INR,7.0,Delivered
TXN007390,HIST-2023-02723,1,CUST0053,DD-SUT-0021,2023-05-13,1284,MTR,247.7,318046.8,INR,3.0,Delivered
TXN007391,HIST-2023-02723,2,CUST0053,DD-CTB-0001,2023-05-13,1486,MTR,161.74,240345.64,INR,3.0,Delivered
TXN004999,HIST-2023-01836,1,CUST0110,DD-CIN-0025,2023-05-16,434,MTR,253.37,109962.58,INR,3.0,Delivered
TXN005000,HIST-2023-01836,2,CUST0110,DD-PCS-0027,2023-05-16,1139,MTR,91.06,103717.34,INR,3.0,Delivered
TXN005001,HIST-2023-01836,3,CUST0110,DD-CIN-0003,2023-05-16,367,MTR,207.47,76141.49,INR,3.0,Delivered
TXN005002,HIST-2023-01836,4,CUST0110,DD-PCS-0009,2023-05-16,393,MTR,95.85,37669.05,INR,3.0,Delivered
TXN005003,HIST-2023-01836,5,CUST0110,DD-CTB-0018,2023-05-16,865,MTR,137.53,118963.45,INR,3.0,Delivered
TXN000239,HIST-2023-00086,1,CUST0018,DD-LIN-0004,2023-05-20,1177,MTR,312.06,367294.62,INR,7.0,Delivered
TXN000240,HIST-2023-00086,2,CUST0018,DD-CTB-0023,2023-05-20,160,MTR,178.77,28603.2,INR,7.0,Delivered
TXN000241,HIST-2023-00086,3,CUST0018,DD-MOD-0026,2023-05-20,300,MTR,149.41,44823.0,INR,7.0,Delivered
TXN001781,HIST-2023-00645,1,CUST0053,DD-SUT-0037,2023-05-21,170,MTR,178.64,30368.8,INR,3.0,Delivered
TXN001782,HIST-2023-00645,2,CUST0053,DD-CTB-0018,2023-05-21,517,MTR,143.51,74194.67,INR,3.0,Delivered
TXN001783,HIST-2023-00645,3,CUST0053,DD-SUT-0021,2023-05-21,226,MTR,245.61,55507.86,INR,3.0,Delivered
TXN001784,HIST-2023-00645,4,CUST0053,DD-PCS-0005,2023-05-21,194,MTR,78.56,15240.64,INR,3.0,Delivered
TXN001785,HIST-2023-00645,5,CUST0053,DD-SUT-0018,2023-05-21,255,MTR,198.11,50518.05,INR,3.0,Delivered
TXN001786,HIST-2023-00645,6,CUST0053,DD-CTB-0007,2023-05-21,1103,MTR,223.62,246652.86,INR,3.0,Delivered
TXN001384,HIST-2023-00500,1,CUST0018,DD-CTB-0023,2023-05-23,1374,MTR,179.24,246275.76,INR,7.0,Delivered
TXN005094,HIST-2023-01869,1,CUST0070,DD-PRB-0035,2023-05-23,1157,MTR,150.9,174591.3,INR,3.0,Delivered
TXN005095,HIST-2023-01869,2,CUST0070,DD-LIN-0003,2023-05-23,1082,MTR,396.82,429359.24,INR,3.0,Delivered
TXN005096,HIST-2023-01869,3,CUST0070,DD-FLN-0010,2023-05-23,283,MTR,174.99,49522.17,INR,3.0,Delivered
TXN005097,HIST-2023-01869,4,CUST0070,DD-LIN-0020,2023-05-23,704,MTR,401.04,282332.16,INR,3.0,Delivered
TXN005098,HIST-2023-01869,5,CUST0070,DD-CTB-0003,2023-05-23,319,MTR,159.83,50985.77,INR,3.0,Delivered
TXN000333,HIST-2023-00118,1,CUST0018,DD-CTB-0023,2023-05-25,616,MTR,180.91,111440.56,INR,7.0,Delivered
TXN000334,HIST-2023-00118,2,CUST0018,DD-CTS-0012,2023-05-25,1632,MTR,123.38,201356.16,INR,7.0,Delivered
TXN002601,HIST-2023-00957,1,CUST0126,DD-MOD-0004,2023-05-25,205,MTR,192.91,39546.55,INR,7.0,Delivered
TXN002602,HIST-2023-00957,2,CUST0126,DD-DNM-0027,2023-05-25,791,MTR,190.46,150653.86,INR,7.0,Cancelled
TXN004669,HIST-2023-01718,1,CUST0095,DD-HUP-0024,2023-05-25,364,MTR,265.6,96678.4,INR,7.0,Delivered
TXN004255,HIST-2023-01551,1,CUST0056,DD-CTB-0013,2023-05-26,170,MTR,145.11,24668.7,INR,12.0,Delivered
TXN004256,HIST-2023-01551,2,CUST0056,DD-KIR-0013,2023-05-26,110,KG,431.42,47456.2,INR,12.0,Delivered
TXN004257,HIST-2023-01551,3,CUST0056,DD-CTB-0017,2023-05-26,516,MTR,130.88,67534.08,INR,12.0,Delivered
TXN003683,HIST-2023-01334,1,CUST0030,DD-DNM-0016,2023-05-27,143,MTR,230.44,32952.92,INR,12.0,Delivered
TXN003684,HIST-2023-01334,2,CUST0030,DD-DNM-0028,2023-05-27,1065,MTR,189.83,202168.95,INR,12.0,Delivered
TXN004780,HIST-2023-01757,1,CUST0124,DD-PGT-0008,2023-05-27,1098,MTR,66.29,72786.42,INR,7.0,Delivered
TXN004781,HIST-2023-01757,2,CUST0124,DD-LIN-0021,2023-05-27,282,MTR,417.97,117867.54,INR,7.0,Delivered
TXN002437,HIST-2023-00896,1,CUST0114,DD-RBL-0015,2023-05-31,995,MTR,49.51,49262.45,INR,12.0,Delivered
TXN002438,HIST-2023-00896,2,CUST0114,DD-KIR-0036,2023-05-31,136,KG,336.73,45795.28,INR,12.0,Delivered
TXN002439,HIST-2023-00896,3,CUST0114,DD-CTS-0011,2023-05-31,190,MTR,120.14,22826.6,INR,12.0,Delivered
TXN002440,HIST-2023-00896,4,CUST0114,DD-FLN-0012,2023-05-31,517,MTR,116.21,60080.57,INR,12.0,Cancelled
TXN002441,HIST-2023-00896,5,CUST0114,DD-CDV-0025,2023-05-31,404,MTR,174.23,70388.92,INR,12.0,Delivered
TXN002843,HIST-2023-01047,1,CUST0108,DD-CTB-0020,2023-05-31,446,MTR,187.0,83402.0,INR,12.0,Delivered
TXN002844,HIST-2023-01047,2,CUST0108,DD-KIR-0012,2023-05-31,273,KG,411.65,112380.45,INR,12.0,Delivered
TXN004286,HIST-2023-01561,1,CUST0032,DD-KIR-0010,2023-05-31,64,KG,426.52,27297.28,INR,3.0,Delivered
TXN004287,HIST-2023-01561,2,CUST0032,DD-FLN-0013,2023-05-31,890,MTR,122.1,108669.0,INR,3.0,Delivered
TXN004288,HIST-2023-01561,3,CUST0032,DD-MOD-0026,2023-05-31,283,MTR,160.77,45497.91,INR,3.0,Delivered
TXN004732,HIST-2023-01739,1,CUST0116,DD-PRB-0014,2023-05-31,1646,MTR,131.45,216366.7,INR,7.0,Delivered
TXN004733,HIST-2023-01739,2,CUST0116,DD-MOD-0031,2023-05-31,151,MTR,163.1,24628.1,INR,7.0,Delivered
TXN004911,HIST-2023-01801,1,CUST0046,DD-CIN-0019,2023-05-31,547,MTR,236.24,129223.28,INR,7.0,Delivered
TXN004912,HIST-2023-01801,2,CUST0046,DD-PCS-0015,2023-05-31,153,MTR,87.37,13367.61,INR,7.0,Delivered
TXN004913,HIST-2023-01801,3,CUST0046,DD-CIN-0020,2023-05-31,271,MTR,247.58,67094.18,INR,7.0,Delivered
TXN006414,HIST-2023-02353,1,CUST0119,DD-PRB-0038,2023-06-01,229,MTR,147.01,33665.29,INR,7.0,Delivered
TXN001932,HIST-2023-00707,1,CUST0046,DD-SUT-0035,2023-06-04,612,MTR,176.39,107950.68,INR,7.0,Delivered
TXN001933,HIST-2023-00707,2,CUST0046,DD-CIN-0020,2023-06-04,581,MTR,251.68,146226.08,INR,7.0,Delivered
TXN003457,HIST-2023-01270,1,CUST0056,DD-CTS-0008,2023-06-04,513,MTR,114.76,58871.88,INR,12.0,Delivered
TXN003458,HIST-2023-01270,2,CUST0056,DD-DNM-0008,2023-06-04,672,MTR,219.82,147719.04,INR,12.0,Delivered
TXN003459,HIST-2023-01270,3,CUST0056,DD-CTB-0034,2023-06-04,1031,MTR,165.61,170743.91,INR,12.0,Delivered
TXN003460,HIST-2023-01270,4,CUST0056,DD-DNM-0028,2023-06-04,270,MTR,195.37,52749.9,INR,12.0,Delivered
TXN003461,HIST-2023-01270,5,CUST0056,DD-KFT-0010,2023-06-04,238,KG,372.84,88735.92,INR,12.0,Delivered
TXN000535,HIST-2023-00193,1,CUST0100,DD-DNM-0017,2023-06-06,1619,MTR,264.73,428597.87,INR,3.0,Delivered
TXN000536,HIST-2023-00193,2,CUST0100,DD-CTS-0016,2023-06-06,667,MTR,116.27,77552.09,INR,3.0,Delivered
TXN000537,HIST-2023-00193,3,CUST0100,DD-KIR-0033,2023-06-06,467,KG,399.17,186412.39,INR,3.0,Delivered
TXN004778,HIST-2023-01756,1,CUST0067,DD-HCT-0016,2023-06-07,303,MTR,140.24,42492.72,INR,12.0,Delivered
TXN004779,HIST-2023-01756,2,CUST0067,DD-TWL-0033,2023-06-07,95,PCS,243.4,23123.0,INR,12.0,Delivered
TXN007353,HIST-2023-02710,1,CUST0047,DD-CTB-0019,2023-06-07,201,MTR,197.11,39619.11,INR,7.0,Delivered
TXN007354,HIST-2023-02710,2,CUST0047,DD-CTB-0006,2023-06-07,311,MTR,192.99,60019.89,INR,7.0,Partially Delivered
TXN005842,HIST-2023-02142,1,CUST0052,DD-CIN-0028,2023-06-08,179,MTR,172.75,30922.25,INR,3.0,Delivered
TXN005843,HIST-2023-02142,2,CUST0052,DD-PCS-0007,2023-06-08,1290,MTR,86.95,112165.5,INR,3.0,Delivered
TXN002206,HIST-2023-00812,1,CUST0077,DD-PCS-0011,2023-06-09,167,MTR,68.87,11501.29,INR,7.0,Delivered
TXN002207,HIST-2023-00812,2,CUST0077,DD-PGT-0024,2023-06-09,1195,MTR,47.03,56200.85,INR,7.0,Delivered
TXN002208,HIST-2023-00812,3,CUST0077,DD-FLN-0001,2023-06-09,550,MTR,135.91,74750.5,INR,7.0,Delivered
TXN002209,HIST-2023-00812,4,CUST0077,DD-FLN-0023,2023-06-09,223,MTR,166.26,37075.98,INR,7.0,Delivered
TXN003735,HIST-2023-01359,1,CUST0096,DD-DNM-0008,2023-06-10,1859,MTR,218.18,405596.62,INR,7.0,Delivered
TXN003736,HIST-2023-01359,2,CUST0096,DD-KFT-0028,2023-06-10,264,KG,219.04,57826.56,INR,7.0,Delivered
TXN001910,HIST-2023-00697,1,CUST0070,DD-PRB-0035,2023-06-12,1449,MTR,152.2,220537.8,INR,3.0,Delivered
TXN001911,HIST-2023-00697,2,CUST0070,DD-LIN-0020,2023-06-12,1501,MTR,395.92,594275.92,INR,3.0,Delivered
TXN005545,HIST-2023-02039,1,CUST0073,DD-CIN-0017,2023-06-14,143,MTR,234.56,33542.08,INR,12.0,Delivered
TXN005546,HIST-2023-02039,2,CUST0073,DD-TWL-0024,2023-06-14,258,PCS,183.19,47263.02,INR,12.0,Delivered
TXN005547,HIST-2023-02039,3,CUST0073,DD-HCT-0028,2023-06-14,183,MTR,113.29,20732.07,INR,12.0,Delivered
TXN005548,HIST-2023-02039,4,CUST0073,DD-CIN-0008,2023-06-14,688,MTR,212.43,146151.84,INR,12.0,Delivered
TXN005549,HIST-2023-02039,5,CUST0073,DD-HUP-0026,2023-06-14,844,MTR,228.15,192558.6,INR,12.0,Delivered
TXN002464,HIST-2023-00908,1,CUST0073,DD-CIN-0008,2023-06-16,198,MTR,209.63,41506.74,INR,12.0,Delivered
TXN002465,HIST-2023-00908,2,CUST0073,DD-TWL-0024,2023-06-16,1114,PCS,186.5,207761.0,INR,12.0,Delivered
TXN002466,HIST-2023-00908,3,CUST0073,DD-HUP-0026,2023-06-16,412,MTR,230.26,94867.12,INR,12.0,Delivered
TXN002467,HIST-2023-00908,4,CUST0073,DD-HUP-0008,2023-06-16,620,MTR,304.87,189019.4,INR,12.0,Delivered
TXN002468,HIST-2023-00908,5,CUST0073,DD-HCT-0028,2023-06-16,1038,MTR,111.19,115415.22,INR,12.0,Delivered
TXN003701,HIST-2023-01343,1,CUST0039,DD-KIR-0014,2023-06-17,317,KG,448.85,142285.45,INR,7.0,Delivered
TXN003702,HIST-2023-01343,2,CUST0039,DD-KIR-0005,2023-06-17,51,KG,382.22,19493.22,INR,7.0,Delivered
TXN003703,HIST-2023-01343,3,CUST0039,DD-CTB-0033,2023-06-17,1054,MTR,197.15,207796.1,INR,7.0,Delivered
TXN003704,HIST-2023-01343,4,CUST0039,DD-CTS-0027,2023-06-17,181,MTR,86.06,15576.86,INR,7.0,Delivered
TXN005757,HIST-2023-02115,1,CUST0132,DD-CTS-0016,2023-06-17,464,MTR,106.68,49499.52,INR,7.0,Delivered
TXN006311,HIST-2023-02313,1,CUST0119,DD-PRB-0014,2023-06-18,1366,MTR,130.17,177812.22,INR,7.0,Delivered
TXN006312,HIST-2023-02313,2,CUST0119,DD-PRB-0038,2023-06-18,249,MTR,146.86,36568.14,INR,7.0,Delivered
TXN003764,HIST-2023-01370,1,CUST0116,DD-PRB-0014,2023-06-19,274,MTR,130.17,35666.58,INR,7.0,Delivered
TXN003765,HIST-2023-01370,2,CUST0116,DD-CDV-0006,2023-06-19,444,MTR,179.55,79720.2,INR,7.0,Delivered
TXN003766,HIST-2023-01370,3,CUST0116,DD-KIR-0018,2023-06-19,268,KG,443.34,118815.12,INR,7.0,Delivered
TXN003767,HIST-2023-01370,4,CUST0116,DD-SUT-0028,2023-06-19,269,MTR,189.86,51072.34,INR,7.0,Delivered
TXN005286,HIST-2023-01942,1,CUST0036,DD-DNM-0013,2023-06-19,2199,MTR,156.1,343263.9,INR,12.0,Delivered
TXN003416,HIST-2023-01254,1,CUST0103,DD-LIN-0008,2023-06-20,518,MTR,320.29,165910.22,INR,3.0,Delivered
TXN006343,HIST-2023-02325,1,CUST0132,DD-CTS-0024,2023-06-20,1955,MTR,77.91,152314.05,INR,7.0,Delivered
TXN002455,HIST-2023-00904,1,CUST0015,DD-HCT-0035,2023-06-21,176,MTR,213.83,37634.08,INR,3.0,Delivered
TXN002456,HIST-2023-00904,2,CUST0015,DD-HUP-0009,2023-06-21,2060,MTR,322.47,664288.2,INR,3.0,Delivered
TXN005852,HIST-2023-02147,1,CUST0077,DD-LIN-0034,2023-06-21,685,MTR,255.27,174859.95,INR,7.0,Delivered
TXN005853,HIST-2023-02147,2,CUST0077,DD-HCT-0014,2023-06-21,1598,MTR,192.32,307327.36,INR,7.0,Delivered
TXN000983,HIST-2023-00354,1,CUST0095,DD-CIN-0025,2023-06-22,660,MTR,236.02,155773.2,INR,7.0,Delivered
TXN000984,HIST-2023-00354,2,CUST0095,DD-HCT-0034,2023-06-22,290,MTR,195.83,56790.7,INR,7.0,Delivered
TXN002543,HIST-2023-00937,1,CUST0029,DD-DNM-0013,2023-06-23,711,MTR,166.04,118054.44,INR,7.0,Delivered
TXN002544,HIST-2023-00937,2,CUST0029,DD-CTB-0023,2023-06-23,665,MTR,181.73,120850.45,INR,7.0,Delivered
TXN002822,HIST-2023-01040,1,CUST0079,DD-SUT-0023,2023-06-23,195,MTR,239.18,46640.1,INR,3.0,Delivered
TXN002823,HIST-2023-01040,2,CUST0079,DD-DNM-0004,2023-06-23,713,MTR,210.35,149979.55,INR,3.0,Delivered
TXN002824,HIST-2023-01040,3,CUST0079,DD-CIN-0027,2023-06-23,1885,MTR,172.98,326067.3,INR,3.0,Delivered
TXN002825,HIST-2023-01040,4,CUST0079,DD-LIN-0009,2023-06-23,1769,MTR,376.3,665674.7,INR,3.0,Delivered
TXN002826,HIST-2023-01040,5,CUST0079,DD-KSJ-0009,2023-06-23,226,KG,314.4,71054.4,INR,3.0,Cancelled
TXN003032,HIST-2023-01117,1,CUST0131,DD-KSJ-0008,2023-06-23,268,KG,291.42,78100.56,INR,7.0,Delivered
TXN003033,HIST-2023-01117,2,CUST0131,DD-LIN-0004,2023-06-23,688,MTR,322.66,221990.08,INR,7.0,Delivered
TXN002610,HIST-2023-00963,1,CUST0098,DD-CDV-0024,2023-06-24,434,MTR,190.42,82642.28,INR,7.0,Delivered
TXN000518,HIST-2023-00187,1,CUST0030,DD-KSJ-0011,2023-06-25,400,KG,262.35,104940.0,INR,12.0,Delivered
TXN004289,HIST-2023-01562,1,CUST0120,DD-HCT-0013,2023-06-25,260,MTR,204.98,53294.8,INR,7.0,Cancelled
TXN004290,HIST-2023-01562,2,CUST0120,DD-SUT-0021,2023-06-25,541,MTR,232.81,125950.21,INR,7.0,Delivered
TXN004291,HIST-2023-01562,3,CUST0120,DD-KSJ-0011,2023-06-25,79,KG,274.35,21673.65,INR,7.0,Delivered
TXN004292,HIST-2023-01562,4,CUST0120,DD-KFT-0016,2023-06-25,51,KG,281.25,14343.75,INR,7.0,Delivered
TXN000855,HIST-2023-00304,1,CUST0053,DD-CTB-0007,2023-06-26,1185,MTR,223.12,264397.2,INR,3.0,Delivered
TXN000856,HIST-2023-00304,2,CUST0053,DD-PCS-0017,2023-06-26,799,MTR,96.17,76839.83,INR,3.0,Delivered
TXN000857,HIST-2023-00304,3,CUST0053,DD-SUT-0037,2023-06-26,425,MTR,180.72,76806.0,INR,3.0,Delivered
TXN005168,HIST-2023-01898,1,CUST0122,DD-PCS-0029,2023-06-26,812,MTR,93.59,75995.08,INR,3.0,Delivered
TXN004857,HIST-2023-01783,1,CUST0001,DD-PCS-0005,2023-06-27,1060,MTR,82.27,87206.2,INR,3.0,Delivered
TXN004858,HIST-2023-01783,2,CUST0001,DD-CTS-0011,2023-06-27,393,MTR,125.04,49140.72,INR,3.0,Delivered
TXN004859,HIST-2023-01783,3,CUST0001,DD-FLN-0021,2023-06-27,473,MTR,177.05,83744.65,INR,3.0,Delivered
TXN004860,HIST-2023-01783,4,CUST0001,DD-MOD-0032,2023-06-27,669,MTR,267.1,178689.9,INR,3.0,Delivered
TXN007436,HIST-2023-02741,1,CUST0047,DD-KIR-0019,2023-06-28,87,KG,342.51,29798.37,INR,7.0,Delivered
TXN002275,HIST-2023-00836,1,CUST0096,DD-CTS-0022,2023-06-30,2269,MTR,83.37,189166.53,INR,7.0,Delivered
TXN002276,HIST-2023-00836,2,CUST0096,DD-CTB-0024,2023-06-30,566,MTR,187.56,106158.96,INR,7.0,Delivered
TXN004426,HIST-2023-01621,1,CUST0010,DD-CTB-0030,2023-07-01,145,MTR,155.48,22544.6,INR,7.0,Delivered
TXN004427,HIST-2023-01621,2,CUST0010,DD-DNM-0022,2023-07-01,213,MTR,193.48,41211.24,INR,7.0,Delivered
TXN003360,HIST-2023-01232,1,CUST0048,DD-KSJ-0001,2023-07-04,466,KG,409.95,191036.7,INR,12.0,Delivered
TXN003361,HIST-2023-01232,2,CUST0048,DD-DNM-0004,2023-07-04,371,MTR,211.58,78496.18,INR,12.0,Delivered
TXN003362,HIST-2023-01232,3,CUST0048,DD-LIN-0030,2023-07-04,326,MTR,356.85,116333.1,INR,12.0,Delivered
TXN003363,HIST-2023-01232,4,CUST0048,DD-DNM-0030,2023-07-04,895,MTR,255.66,228815.7,INR,12.0,Delivered
TXN003364,HIST-2023-01232,5,CUST0048,DD-KSJ-0025,2023-07-04,169,KG,342.88,57946.72,INR,12.0,Delivered
TXN006425,HIST-2023-02358,1,CUST0118,DD-HUP-0016,2023-07-04,138,MTR,284.2,39219.6,INR,7.0,Delivered
TXN003258,HIST-2023-01196,1,CUST0044,DD-HCT-0034,2023-07-05,429,MTR,200.06,85825.74,INR,7.0,Delivered
TXN003259,HIST-2023-01196,2,CUST0044,DD-CIN-0024,2023-07-05,210,MTR,250.24,52550.4,INR,7.0,Delivered
TXN003260,HIST-2023-01196,3,CUST0044,DD-BDS-0026,2023-07-05,223,MTR,205.22,45764.06,INR,7.0,Delivered
TXN001179,HIST-2023-00426,1,CUST0118,DD-CIN-0021,2023-07-06,217,MTR,246.85,53566.45,INR,7.0,Delivered
TXN001180,HIST-2023-00426,2,CUST0118,DD-BDS-0017,2023-07-06,401,MTR,187.26,75091.26,INR,7.0,Delivered
TXN001181,HIST-2023-00426,3,CUST0118,DD-TWL-0015,2023-07-06,200,PCS,196.76,39352.0,INR,7.0,Delivered
TXN001182,HIST-2023-00426,4,CUST0118,DD-KIR-0001,2023-07-06,54,KG,302.45,16332.3,INR,7.0,Delivered
TXN001457,HIST-2023-00530,1,CUST0093,DD-KIR-0007,2023-07-06,327,KG,351.38,114901.26,INR,12.0,Delivered
TXN001458,HIST-2023-00530,2,CUST0093,DD-CTS-0025,2023-07-06,1754,MTR,87.6,153650.4,INR,12.0,Delivered
TXN001459,HIST-2023-00530,3,CUST0093,DD-CTB-0023,2023-07-06,1506,MTR,178.62,269001.72,INR,12.0,Delivered
TXN001497,HIST-2023-00546,1,CUST0079,DD-DNM-0004,2023-07-06,626,MTR,214.04,133989.04,INR,3.0,Partially Delivered
TXN003602,HIST-2023-01308,1,CUST0011,DD-CIN-0001,2023-07-07,1575,MTR,202.73,319299.75,INR,7.0,Delivered
TXN003603,HIST-2023-01308,2,CUST0011,DD-HUP-0029,2023-07-07,1948,MTR,248.48,484039.04,INR,7.0,Delivered
TXN003604,HIST-2023-01308,3,CUST0011,DD-DNM-0021,2023-07-07,1133,MTR,189.63,214850.79,INR,7.0,Delivered
TXN000656,HIST-2023-00234,1,CUST0116,DD-HCT-0008,2023-07-08,865,MTR,204.44,176840.6,INR,7.0,Delivered
TXN001123,HIST-2023-00407,1,CUST0039,DD-KIR-0022,2023-07-10,74,KG,341.33,25258.42,INR,7.0,Delivered
TXN001124,HIST-2023-00407,2,CUST0039,DD-KSJ-0004,2023-07-10,209,KG,307.31,64227.79,INR,7.0,Delivered
TXN001125,HIST-2023-00407,3,CUST0039,DD-CTB-0033,2023-07-10,529,MTR,202.41,107074.89,INR,7.0,Cancelled
TXN001347,HIST-2023-00486,1,CUST0023,DD-FLN-0025,2023-07-10,767,MTR,157.85,121070.95,INR,7.0,Delivered
TXN001348,HIST-2023-00486,2,CUST0023,DD-CIN-0002,2023-07-10,685,MTR,204.22,139890.7,INR,7.0,Delivered
TXN001349,HIST-2023-00486,3,CUST0023,DD-FLN-0013,2023-07-10,276,MTR,120.19,33172.44,INR,7.0,Delivered
TXN001350,HIST-2023-00486,4,CUST0023,DD-PCS-0005,2023-07-10,1047,MTR,77.01,80629.47,INR,7.0,Delivered
TXN002586,HIST-2023-00952,1,CUST0098,DD-LIN-0021,2023-07-10,969,MTR,434.44,420972.36,INR,7.0,Delivered
TXN002587,HIST-2023-00952,2,CUST0098,DD-VSR-0025,2023-07-10,1732,MTR,97.96,169666.72,INR,7.0,Delivered
TXN001469,HIST-2023-00535,1,CUST0105,DD-LIN-0001,2023-07-12,1039,MTR,375.46,390102.94,INR,12.0,Delivered
TXN001470,HIST-2023-00535,2,CUST0105,DD-CTS-0022,2023-07-12,552,MTR,77.21,42619.92,INR,12.0,Delivered
TXN001471,HIST-2023-00535,3,CUST0105,DD-CTB-0031,2023-07-12,238,MTR,134.9,32106.2,INR,12.0,Delivered
TXN002692,HIST-2023-00993,1,CUST0128,DD-CTS-0009,2023-07-12,1118,MTR,127.45,142489.1,INR,3.0,Delivered
TXN002693,HIST-2023-00993,2,CUST0128,DD-DNM-0020,2023-07-12,165,MTR,236.57,39034.05,INR,3.0,Delivered
TXN002694,HIST-2023-00993,3,CUST0128,DD-DNM-0032,2023-07-12,551,MTR,272.83,150329.33,INR,3.0,Delivered
TXN005010,HIST-2023-01839,1,CUST0111,DD-PRB-0009,2023-07-12,252,MTR,127.3,32079.6,INR,12.0,Delivered
TXN005011,HIST-2023-01839,2,CUST0111,DD-MOD-0021,2023-07-12,1294,MTR,203.14,262863.16,INR,12.0,Delivered
TXN003104,HIST-2023-01139,1,CUST0105,DD-MOD-0011,2023-07-13,1721,MTR,218.63,376262.23,INR,12.0,Delivered
TXN004196,HIST-2023-01529,1,CUST0103,DD-CTB-0029,2023-07-16,1126,MTR,167.73,188863.98,INR,3.0,Delivered
TXN007244,HIST-2023-02663,1,CUST0046,DD-FLN-0022,2023-07-16,431,MTR,162.31,69955.61,INR,7.0,Delivered
TXN007245,HIST-2023-02663,2,CUST0046,DD-CTB-0015,2023-07-16,851,MTR,140.63,119676.13,INR,7.0,Delivered
TXN007246,HIST-2023-02663,3,CUST0046,DD-PCS-0004,2023-07-16,651,MTR,78.9,51363.9,INR,7.0,Delivered
TXN000914,HIST-2023-00323,1,CUST0108,DD-KFT-0005,2023-07-17,326,KG,310.31,101161.06,INR,12.0,Delivered
TXN000915,HIST-2023-00323,2,CUST0108,DD-CIN-0007,2023-07-17,747,MTR,216.37,161628.39,INR,12.0,Delivered
TXN005152,HIST-2023-01890,1,CUST0052,DD-CIN-0028,2023-07-17,1622,MTR,176.27,285909.94,INR,3.0,Delivered
TXN000040,HIST-2023-00016,1,CUST0118,DD-TWL-0007,2023-07-18,100,PCS,230.71,23071.0,INR,7.0,Delivered
TXN000041,HIST-2023-00016,2,CUST0118,DD-CDV-0007,2023-07-18,1251,MTR,176.89,221289.39,INR,7.0,Delivered
TXN003336,HIST-2023-01222,1,CUST0112,DD-BDS-0025,2023-07-18,1287,MTR,236.23,304028.01,INR,7.0,Delivered
TXN004802,HIST-2023-01765,1,CUST0001,DD-DNM-0004,2023-07-20,261,MTR,225.48,58850.28,INR,3.0,Delivered
TXN001132,HIST-2023-00411,1,CUST0067,DD-BDS-0006,2023-07-21,785,MTR,136.84,107419.4,INR,12.0,Delivered
TXN001897,HIST-2023-00692,1,CUST0030,DD-DNM-0028,2023-07-21,293,MTR,188.45,55215.85,INR,12.0,Delivered
TXN005193,HIST-2023-01908,1,CUST0080,DD-CIN-0005,2023-07-21,913,MTR,191.03,174410.39,INR,7.0,Delivered
TXN005194,HIST-2023-01908,2,CUST0080,DD-CIN-0003,2023-07-21,842,MTR,203.22,171111.24,INR,7.0,Delivered
TXN005971,HIST-2023-02196,1,CUST0119,DD-PRB-0038,2023-07-21,919,MTR,146.98,135074.62,INR,7.0,Delivered
TXN005972,HIST-2023-02196,2,CUST0119,DD-LIN-0021,2023-07-21,911,MTR,410.16,373655.76,INR,7.0,Delivered
TXN005973,HIST-2023-02196,3,CUST0119,DD-SAT-0018,2023-07-21,1350,MTR,140.19,189256.5,INR,7.0,Delivered
TXN002048,HIST-2023-00750,1,CUST0111,DD-VSR-0003,2023-07-22,169,MTR,97.68,16507.92,INR,12.0,Delivered
TXN002605,HIST-2023-00960,1,CUST0029,DD-KSJ-0020,2023-07-23,146,KG,279.03,40738.38,INR,7.0,Delivered
TXN004342,HIST-2023-01586,1,CUST0114,DD-SUT-0033,2023-07-23,2202,MTR,164.29,361766.58,INR,12.0,Delivered
TXN004343,HIST-2023-01586,2,CUST0114,DD-PRB-0009,2023-07-23,372,MTR,123.03,45767.16,INR,12.0,Delivered
TXN005903,HIST-2023-02173,1,CUST0131,DD-BDS-0009,2023-07-25,556,MTR,142.5,79230.0,INR,7.0,Delivered
TXN005904,HIST-2023-02173,2,CUST0131,DD-VSR-0019,2023-07-25,1491,MTR,84.11,125408.01,INR,7.0,Delivered
TXN004959,HIST-2023-01817,1,CUST0072,DD-PCS-0002,2023-07-26,1882,MTR,72.42,136294.44,INR,12.0,Delivered
TXN004960,HIST-2023-01817,2,CUST0072,DD-CDV-0030,2023-07-26,1775,MTR,148.69,263924.75,INR,12.0,Delivered
TXN004587,HIST-2023-01691,1,CUST0036,DD-KSJ-0023,2023-07-27,230,KG,338.95,77958.5,INR,12.0,Delivered
TXN004588,HIST-2023-01691,2,CUST0036,DD-KSJ-0019,2023-07-27,486,KG,289.33,140614.38,INR,12.0,Delivered
TXN003223,HIST-2023-01185,1,CUST0073,DD-CIN-0017,2023-07-28,574,MTR,237.24,136175.76,INR,12.0,Partially Delivered
TXN003224,HIST-2023-01185,2,CUST0073,DD-BDS-0002,2023-07-28,1616,MTR,203.38,328662.08,INR,12.0,Cancelled
TXN006184,HIST-2023-02267,1,CUST0052,DD-SUT-0009,2023-07-28,161,MTR,182.03,29306.83,INR,3.0,Delivered
TXN006185,HIST-2023-02267,2,CUST0052,DD-SUT-0029,2023-07-28,396,MTR,203.22,80475.12,INR,3.0,Delivered
TXN007335,HIST-2023-02702,1,CUST0118,DD-SUT-0017,2023-07-28,341,MTR,188.23,64186.43,INR,7.0,Delivered
TXN000942,HIST-2023-00338,1,CUST0077,DD-SUT-0015,2023-07-30,2144,MTR,256.78,550536.32,INR,7.0,Delivered
TXN004183,HIST-2023-01523,1,CUST0098,DD-PRB-0020,2023-07-30,420,MTR,104.19,43759.8,INR,7.0,Delivered
TXN002310,HIST-2023-00851,1,CUST0120,DD-SUT-0028,2023-07-31,351,MTR,190.1,66725.1,INR,7.0,Delivered
TXN002311,HIST-2023-00851,2,CUST0120,DD-KIR-0023,2023-07-31,71,KG,328.45,23319.95,INR,7.0,Delivered
TXN002312,HIST-2023-00851,3,CUST0120,DD-KSJ-0006,2023-07-31,535,KG,300.04,160521.4,INR,7.0,Delivered
TXN002313,HIST-2023-00851,4,CUST0120,DD-FLN-0014,2023-07-31,1351,MTR,116.3,157121.3,INR,7.0,Delivered
TXN002314,HIST-2023-00851,5,CUST0120,DD-SAT-0025,2023-07-31,153,MTR,148.36,22699.08,INR,7.0,Delivered
TXN006182,HIST-2023-02266,1,CUST0095,DD-HCT-0023,2023-08-02,462,MTR,164.56,76026.72,INR,7.0,Delivered
TXN006183,HIST-2023-02266,2,CUST0095,DD-HUP-0030,2023-08-02,329,MTR,238.6,78499.4,INR,7.0,Delivered
TXN003760,HIST-2023-01368,1,CUST0028,DD-SAT-0019,2023-08-03,2020,MTR,149.87,302737.4,INR,3.0,Delivered
TXN003761,HIST-2023-01368,2,CUST0028,DD-PGT-0005,2023-08-03,422,MTR,68.33,28835.26,INR,3.0,Delivered
TXN005439,HIST-2023-01994,1,CUST0111,DD-VSR-0019,2023-08-03,226,MTR,76.89,17377.14,INR,12.0,Partially Delivered
TXN005440,HIST-2023-01994,2,CUST0111,DD-MOD-0032,2023-08-03,1348,MTR,247.39,333481.72,INR,12.0,Delivered
TXN005441,HIST-2023-01994,3,CUST0111,DD-PRB-0012,2023-08-03,1803,MTR,129.1,232767.3,INR,12.0,Delivered
TXN007159,HIST-2023-02630,1,CUST0004,DD-LIN-0013,2023-08-03,224,MTR,377.95,84660.8,INR,3.0,Partially Delivered
TXN007160,HIST-2023-02630,2,CUST0004,DD-CTS-0022,2023-08-03,169,MTR,88.8,15007.2,INR,3.0,Delivered
TXN000622,HIST-2023-00222,1,CUST0086,DD-PGT-0015,2023-08-04,280,MTR,62.89,17609.2,INR,7.0,Partially Delivered
TXN000623,HIST-2023-00222,2,CUST0086,DD-PRB-0001,2023-08-04,454,MTR,119.17,54103.18,INR,7.0,Delivered
TXN000624,HIST-2023-00222,3,CUST0086,DD-MOD-0012,2023-08-04,1058,MTR,248.58,262997.64,INR,7.0,Delivered
TXN000625,HIST-2023-00222,4,CUST0086,DD-PGT-0011,2023-08-04,815,MTR,59.36,48378.4,INR,7.0,Delivered
TXN002776,HIST-2023-01026,1,CUST0092,DD-MOD-0016,2023-08-04,1149,MTR,236.71,271979.79,INR,3.0,Delivered
TXN002777,HIST-2023-01026,2,CUST0092,DD-VSR-0010,2023-08-04,135,MTR,73.55,9929.25,INR,3.0,Cancelled
TXN002778,HIST-2023-01026,3,CUST0092,DD-PGT-0028,2023-08-04,596,MTR,63.34,37750.64,INR,3.0,Delivered
TXN002779,HIST-2023-01026,4,CUST0092,DD-SAT-0035,2023-08-04,442,MTR,93.6,41371.2,INR,3.0,Delivered
TXN001840,HIST-2023-00668,1,CUST0122,DD-FLN-0033,2023-08-05,1158,MTR,147.01,170237.58,INR,3.0,Delivered
TXN001841,HIST-2023-00668,2,CUST0122,DD-SUT-0021,2023-08-05,164,MTR,249.2,40868.8,INR,3.0,Delivered
TXN003281,HIST-2023-01204,1,CUST0013,DD-CTB-0005,2023-08-05,1322,MTR,220.47,291461.34,INR,3.0,Delivered
TXN003282,HIST-2023-01204,2,CUST0013,DD-KSJ-0014,2023-08-05,138,KG,305.3,42131.4,INR,3.0,Delivered
TXN003283,HIST-2023-01204,3,CUST0013,DD-MOD-0025,2023-08-05,174,MTR,155.82,27112.68,INR,3.0,Delivered
TXN003284,HIST-2023-01204,4,CUST0013,DD-CTB-0015,2023-08-05,1647,MTR,148.46,244513.62,INR,3.0,Delivered
TXN003285,HIST-2023-01204,5,CUST0013,DD-CTS-0012,2023-08-05,689,MTR,129.28,89073.92,INR,3.0,Delivered
TXN004990,HIST-2023-01831,1,CUST0043,DD-CTS-0004,2023-08-05,2295,MTR,118.88,272829.6,INR,3.0,Delivered
TXN004991,HIST-2023-01831,2,CUST0043,DD-CTS-0007,2023-08-05,146,MTR,134.06,19572.76,INR,3.0,Partially Delivered
TXN000446,HIST-2023-00160,1,CUST0134,DD-CTB-0012,2023-08-06,1670,MTR,171.38,286204.6,INR,3.0,Partially Delivered
TXN000447,HIST-2023-00160,2,CUST0134,DD-CIN-0008,2023-08-06,1328,MTR,225.96,300074.88,INR,3.0,Delivered
TXN000448,HIST-2023-00160,3,CUST0134,DD-PCS-0023,2023-08-06,284,MTR,92.12,26162.08,INR,3.0,Delivered
TXN000449,HIST-2023-00160,4,CUST0134,DD-CTB-0005,2023-08-06,1112,MTR,207.01,230195.12,INR,3.0,Delivered
TXN000172,HIST-2023-00058,1,CUST0103,DD-CTB-0002,2023-08-07,224,MTR,164.38,36821.12,INR,3.0,Delivered
TXN002321,HIST-2023-00853,1,CUST0106,DD-SUT-0024,2023-08-08,240,MTR,206.75,49620.0,INR,7.0,Delivered
TXN002322,HIST-2023-00853,2,CUST0106,DD-CIN-0017,2023-08-08,1617,MTR,247.0,399399.0,INR,7.0,Delivered
TXN004224,HIST-2023-01541,1,CUST0072,DD-PCS-0002,2023-08-08,1353,MTR,70.68,95630.04,INR,12.0,Delivered
TXN004225,HIST-2023-01541,2,CUST0072,DD-CDV-0030,2023-08-08,2156,MTR,149.24,321761.44,INR,12.0,Delivered
TXN004226,HIST-2023-01541,3,CUST0072,DD-DNM-0008,2023-08-08,1070,MTR,206.48,220933.6,INR,12.0,Partially Delivered
TXN004227,HIST-2023-01541,4,CUST0072,DD-MOD-0003,2023-08-08,258,MTR,176.34,45495.72,INR,12.0,Delivered
TXN004228,HIST-2023-01541,5,CUST0072,DD-DNM-0002,2023-08-08,176,MTR,210.38,37026.88,INR,12.0,Delivered
TXN004664,HIST-2023-01716,1,CUST0115,DD-CTB-0009,2023-08-08,174,MTR,233.29,40592.46,INR,7.0,Delivered
TXN004665,HIST-2023-01716,2,CUST0115,DD-KFT-0010,2023-08-08,102,KG,383.08,39074.16,INR,7.0,Delivered
TXN004666,HIST-2023-01716,3,CUST0115,DD-KSJ-0018,2023-08-08,439,KG,296.66,130233.74,INR,7.0,Delivered
TXN007290,HIST-2023-02683,1,CUST0099,DD-CDV-0009,2023-08-08,1077,MTR,199.7,215076.9,INR,7.0,Delivered
TXN007291,HIST-2023-02683,2,CUST0099,DD-CIN-0007,2023-08-08,687,MTR,225.21,154719.27,INR,7.0,Delivered
TXN007292,HIST-2023-02683,3,CUST0099,DD-KSJ-0002,2023-08-08,237,KG,437.69,103732.53,INR,7.0,Delivered
TXN005575,HIST-2023-02051,1,CUST0030,DD-KIR-0036,2023-08-09,443,KG,339.38,150345.34,INR,12.0,Delivered
TXN005576,HIST-2023-02051,2,CUST0030,DD-KSJ-0011,2023-08-09,46,KG,262.17,12059.82,INR,12.0,Delivered
TXN005577,HIST-2023-02051,3,CUST0030,DD-CTS-0017,2023-08-09,228,MTR,77.11,17581.08,INR,12.0,Delivered
TXN005578,HIST-2023-02051,4,CUST0030,DD-KFT-0009,2023-08-09,298,KG,353.97,105483.06,INR,12.0,Delivered
TXN001628,HIST-2023-00594,1,CUST0052,DD-SUT-0029,2023-08-10,811,MTR,204.83,166117.13,INR,3.0,Delivered
TXN001629,HIST-2023-00594,2,CUST0052,DD-CIN-0028,2023-08-10,336,MTR,175.77,59058.72,INR,3.0,Delivered
TXN001630,HIST-2023-00594,3,CUST0052,DD-CIN-0003,2023-08-10,203,MTR,220.83,44828.49,INR,3.0,Delivered
TXN001631,HIST-2023-00594,4,CUST0052,DD-CIN-0004,2023-08-10,278,MTR,196.25,54557.5,INR,3.0,Delivered
TXN001632,HIST-2023-00594,5,CUST0052,DD-FLN-0012,2023-08-10,165,MTR,125.0,20625.0,INR,3.0,Delivered
TXN003425,HIST-2023-01259,1,CUST0006,DD-MOD-0016,2023-08-10,161,MTR,223.54,35989.94,INR,7.0,Delivered
TXN003426,HIST-2023-01259,2,CUST0006,DD-CTB-0012,2023-08-10,682,MTR,163.12,111247.84,INR,7.0,Delivered
TXN003427,HIST-2023-01259,3,CUST0006,DD-KSJ-0011,2023-08-10,74,KG,283.01,20942.74,INR,7.0,Delivered
TXN004548,HIST-2023-01676,1,CUST0094,DD-KIR-0009,2023-08-10,131,KG,401.42,52586.02,INR,7.0,Delivered
TXN002201,HIST-2023-00810,1,CUST0054,DD-BDS-0003,2023-08-12,566,MTR,199.2,112747.2,INR,7.0,Delivered
TXN002202,HIST-2023-00810,2,CUST0054,DD-HCT-0037,2023-08-12,131,MTR,203.82,26700.42,INR,7.0,Delivered
TXN002203,HIST-2023-00810,3,CUST0054,DD-CIN-0009,2023-08-12,358,MTR,238.04,85218.32,INR,7.0,Delivered
TXN003384,HIST-2023-01241,1,CUST0072,DD-SUT-0031,2023-08-12,265,MTR,173.9,46083.5,INR,12.0,Delivered
TXN005567,HIST-2023-02047,1,CUST0069,DD-BDS-0009,2023-08-12,465,MTR,153.98,71600.7,INR,7.0,Delivered
TXN006658,HIST-2023-02447,1,CUST0030,DD-KSJ-0011,2023-08-12,57,KG,265.19,15115.83,INR,12.0,Delivered
TXN006858,HIST-2023-02524,1,CUST0062,DD-KSJ-0006,2023-08-12,45,KG,282.69,12721.05,INR,12.0,Delivered
TXN006859,HIST-2023-02524,2,CUST0062,DD-LIN-0010,2023-08-12,201,MTR,354.11,71176.11,INR,12.0,Delivered
TXN006860,HIST-2023-02524,3,CUST0062,DD-DNM-0022,2023-08-12,1110,MTR,181.94,201953.4,INR,12.0,Delivered
TXN006861,HIST-2023-02524,4,CUST0062,DD-LIN-0009,2023-08-12,224,MTR,336.95,75476.8,INR,12.0,Delivered
TXN006862,HIST-2023-02524,5,CUST0062,DD-CTS-0017,2023-08-12,580,MTR,84.72,49137.6,INR,12.0,Delivered
TXN007205,HIST-2023-02648,1,CUST0010,DD-CTS-0019,2023-08-12,697,MTR,87.49,60980.53,INR,7.0,Delivered
TXN007206,HIST-2023-02648,2,CUST0010,DD-DNM-0029,2023-08-12,1617,MTR,279.29,451611.93,INR,7.0,Delivered
TXN007207,HIST-2023-02648,3,CUST0010,DD-CTB-0030,2023-08-12,225,MTR,155.68,35028.0,INR,7.0,Delivered
TXN007208,HIST-2023-02648,4,CUST0010,DD-KIR-0004,2023-08-12,202,KG,347.52,70199.04,INR,7.0,Delivered
TXN000210,HIST-2023-00077,1,CUST0132,DD-CTS-0016,2023-08-13,316,MTR,106.98,33805.68,INR,7.0,Delivered
TXN000211,HIST-2023-00077,2,CUST0132,DD-DNM-0030,2023-08-13,146,MTR,268.7,39230.2,INR,7.0,Delivered
TXN006031,HIST-2023-02218,1,CUST0011,DD-CIN-0025,2023-08-13,223,MTR,235.25,52460.75,INR,7.0,Delivered
TXN006032,HIST-2023-02218,2,CUST0011,DD-SAT-0001,2023-08-13,1001,MTR,174.14,174314.14,INR,7.0,Delivered
TXN000120,HIST-2023-00042,1,CUST0135,DD-HUP-0028,2023-08-16,1080,MTR,263.03,284072.4,INR,3.0,Delivered
TXN001318,HIST-2023-00475,1,CUST0093,DD-CTB-0018,2023-08-18,135,MTR,130.9,17671.5,INR,12.0,Delivered
TXN001319,HIST-2023-00475,2,CUST0093,DD-KIR-0005,2023-08-18,68,KG,366.09,24894.12,INR,12.0,Delivered
TXN001320,HIST-2023-00475,3,CUST0093,DD-DNM-0011,2023-08-18,1056,MTR,158.12,166974.72,INR,12.0,Delivered
TXN001321,HIST-2023-00475,4,CUST0093,DD-KIR-0033,2023-08-18,197,KG,355.19,69972.43,INR,12.0,Delivered
TXN002116,HIST-2023-00779,1,CUST0053,DD-CTB-0007,2023-08-19,967,MTR,223.86,216472.62,INR,3.0,Delivered
TXN002671,HIST-2023-00983,1,CUST0120,DD-HCT-0013,2023-08-23,644,MTR,202.95,130699.8,INR,7.0,Delivered
TXN002672,HIST-2023-00983,2,CUST0120,DD-KIR-0019,2023-08-23,278,KG,337.09,93711.02,INR,7.0,Cancelled
TXN002673,HIST-2023-00983,3,CUST0120,DD-SUT-0028,2023-08-23,647,MTR,193.86,125427.42,INR,7.0,Delivered
TXN003445,HIST-2023-01266,1,CUST0131,DD-VSR-0019,2023-08-23,702,MTR,85.07,59719.14,INR,7.0,Delivered
TXN003446,HIST-2023-01266,2,CUST0131,DD-PGT-0032,2023-08-23,220,MTR,72.55,15961.0,INR,7.0,Partially Delivered
TXN005829,HIST-2023-02139,1,CUST0031,DD-CTS-0024,2023-08-23,146,MTR,80.91,11812.86,INR,7.0,Delivered
TXN005830,HIST-2023-02139,2,CUST0031,DD-KFT-0011,2023-08-23,213,KG,382.36,81442.68,INR,7.0,Partially Delivered
TXN007073,HIST-2023-02600,1,CUST0103,DD-LIN-0014,2023-08-23,171,MTR,401.43,68644.53,INR,3.0,Delivered
TXN007074,HIST-2023-02600,2,CUST0103,DD-LIN-0008,2023-08-23,1595,MTR,315.99,504004.05,INR,3.0,Delivered
TXN007075,HIST-2023-02600,3,CUST0103,DD-CTS-0006,2023-08-23,671,MTR,120.29,80714.59,INR,3.0,Delivered
TXN007076,HIST-2023-02600,4,CUST0103,DD-MOD-0016,2023-08-23,563,MTR,240.43,135362.09,INR,3.0,Delivered
TXN007077,HIST-2023-02600,5,CUST0103,DD-CTB-0002,2023-08-23,377,MTR,164.65,62073.05,INR,3.0,Delivered
TXN006061,HIST-2023-02229,1,CUST0067,DD-BDS-0009,2023-08-24,376,MTR,139.02,52271.52,INR,12.0,Delivered
TXN006062,HIST-2023-02229,2,CUST0067,DD-BDS-0006,2023-08-24,342,MTR,140.38,48009.96,INR,12.0,Delivered
TXN006063,HIST-2023-02229,3,CUST0067,DD-CIN-0014,2023-08-24,269,MTR,204.8,55091.2,INR,12.0,Delivered
TXN001305,HIST-2023-00471,1,CUST0032,DD-PGT-0017,2023-08-26,169,MTR,62.89,10628.41,INR,3.0,Delivered
TXN001306,HIST-2023-00471,2,CUST0032,DD-TWL-0014,2023-08-26,294,PCS,201.53,59249.82,INR,3.0,Delivered
TXN001521,HIST-2023-00554,1,CUST0036,DD-KSJ-0019,2023-08-26,172,KG,285.11,49038.92,INR,12.0,Delivered
TXN001033,HIST-2023-00372,1,CUST0011,DD-TWL-0033,2023-08-27,887,PCS,268.0,237716.0,INR,7.0,Delivered
TXN001205,HIST-2023-00433,1,CUST0132,DD-DNM-0030,2023-08-28,241,MTR,271.76,65494.16,INR,7.0,Delivered
TXN002010,HIST-2023-00736,1,CUST0076,DD-LIN-0003,2023-08-28,284,MTR,401.4,113997.6,INR,7.0,Partially Delivered
TXN002011,HIST-2023-00736,2,CUST0076,DD-KSJ-0008,2023-08-28,407,KG,272.45,110887.15,INR,7.0,Delivered
TXN000893,HIST-2023-00317,1,CUST0040,DD-SAT-0001,2023-08-29,1345,MTR,168.58,226740.1,INR,12.0,Delivered
TXN000894,HIST-2023-00317,2,CUST0040,DD-MOD-0020,2023-08-29,636,MTR,194.5,123702.0,INR,12.0,Delivered
TXN000895,HIST-2023-00317,3,CUST0040,DD-LIN-0012,2023-08-29,600,MTR,362.28,217368.0,INR,12.0,Delivered
TXN000896,HIST-2023-00317,4,CUST0040,DD-PGT-0037,2023-08-29,338,MTR,66.84,22591.92,INR,12.0,Delivered
TXN000897,HIST-2023-00317,5,CUST0040,DD-SAT-0025,2023-08-29,1062,MTR,149.54,158811.48,INR,12.0,Delivered
TXN000898,HIST-2023-00317,6,CUST0040,DD-MOD-0002,2023-08-29,893,MTR,184.15,164445.95,INR,12.0,Delivered
TXN000585,HIST-2023-00209,1,CUST0071,DD-LIN-0030,2023-09-02,304,MTR,392.73,119389.92,INR,7.0,Delivered
TXN004065,HIST-2023-01482,1,CUST0052,DD-SUT-0029,2023-09-02,959,MTR,203.12,194792.08,INR,3.0,Delivered
TXN004066,HIST-2023-01482,2,CUST0052,DD-FLN-0021,2023-09-02,2214,MTR,172.11,381051.54,INR,3.0,Delivered
TXN004067,HIST-2023-01482,3,CUST0052,DD-FLN-0025,2023-09-02,250,MTR,165.92,41480.0,INR,3.0,Delivered
TXN004068,HIST-2023-01482,4,CUST0052,DD-PCS-0011,2023-09-02,1554,MTR,76.55,118958.7,INR,3.0,Delivered
TXN002668,HIST-2023-00982,1,CUST0093,DD-KFT-0023,2023-09-04,257,KG,337.79,86812.03,INR,12.0,Delivered
TXN002669,HIST-2023-00982,2,CUST0093,DD-KFT-0029,2023-09-04,182,KG,236.87,43110.34,INR,12.0,Delivered
TXN002670,HIST-2023-00982,3,CUST0093,DD-DNM-0025,2023-09-04,224,MTR,186.77,41836.48,INR,12.0,Delivered
TXN000468,HIST-2023-00167,1,CUST0052,DD-SUT-0029,2023-09-06,2160,MTR,204.08,440812.8,INR,3.0,Delivered
TXN000469,HIST-2023-00167,2,CUST0052,DD-CIN-0024,2023-09-06,261,MTR,256.15,66855.15,INR,3.0,Delivered
TXN000470,HIST-2023-00167,3,CUST0052,DD-PCS-0007,2023-09-06,301,MTR,86.28,25970.28,INR,3.0,Delivered
TXN006292,HIST-2023-02307,1,CUST0103,DD-LIN-0014,2023-09-06,1036,MTR,397.88,412203.68,INR,3.0,Delivered
TXN006293,HIST-2023-02307,2,CUST0103,DD-KSJ-0014,2023-09-06,93,KG,300.44,27940.92,INR,3.0,Delivered
TXN006294,HIST-2023-02307,3,CUST0103,DD-LIN-0008,2023-09-06,280,MTR,321.79,90101.2,INR,3.0,Delivered
TXN006295,HIST-2023-02307,4,CUST0103,DD-DNM-0019,2023-09-06,590,MTR,245.21,144673.9,INR,3.0,Delivered
TXN001895,HIST-2023-00690,1,CUST0018,DD-KSJ-0011,2023-09-07,245,KG,280.55,68734.75,INR,7.0,Delivered
TXN003631,HIST-2023-01317,1,CUST0011,DD-DNM-0032,2023-09-07,228,MTR,264.83,60381.24,INR,7.0,Delivered
TXN003632,HIST-2023-01317,2,CUST0011,DD-PGT-0014,2023-09-07,600,MTR,58.97,35382.0,INR,7.0,Partially Delivered
TXN005848,HIST-2023-02144,1,CUST0119,DD-MOD-0024,2023-09-07,1795,MTR,160.91,288833.45,INR,7.0,Delivered
TXN005336,HIST-2023-01959,1,CUST0111,DD-MOD-0032,2023-09-08,248,MTR,247.32,61335.36,INR,12.0,Delivered
TXN005337,HIST-2023-01959,2,CUST0111,DD-PRB-0034,2023-09-08,913,MTR,131.23,119812.99,INR,12.0,Delivered
TXN000998,HIST-2023-00359,1,CUST0102,DD-KSJ-0007,2023-09-09,54,KG,329.27,17780.58,INR,7.0,Delivered
TXN002871,HIST-2023-01057,1,CUST0038,DD-TWL-0010,2023-09-09,750,PCS,165.42,124065.0,INR,12.0,Delivered
TXN002872,HIST-2023-01057,2,CUST0038,DD-CIN-0004,2023-09-09,304,MTR,188.93,57434.72,INR,12.0,Delivered
TXN002873,HIST-2023-01057,3,CUST0038,DD-BDS-0014,2023-09-09,163,MTR,225.21,36709.23,INR,12.0,Delivered
TXN002874,HIST-2023-01057,4,CUST0038,DD-BDS-0024,2023-09-09,129,MTR,228.0,29412.0,INR,12.0,Delivered
TXN004240,HIST-2023-01546,1,CUST0128,DD-KSJ-0027,2023-09-09,506,KG,301.9,152761.4,INR,3.0,Delivered
TXN005956,HIST-2023-02191,1,CUST0134,DD-FLN-0003,2023-09-09,775,MTR,147.77,114521.75,INR,3.0,Delivered
TXN005957,HIST-2023-02191,2,CUST0134,DD-CTB-0017,2023-09-09,256,MTR,141.78,36295.68,INR,3.0,Partially Delivered
TXN005958,HIST-2023-02191,3,CUST0134,DD-CTB-0023,2023-09-09,157,MTR,198.76,31205.32,INR,3.0,Delivered
TXN005959,HIST-2023-02191,4,CUST0134,DD-CIN-0007,2023-09-09,834,MTR,240.16,200293.44,INR,3.0,Partially Delivered
TXN005960,HIST-2023-02191,5,CUST0134,DD-PCS-0023,2023-09-09,521,MTR,92.55,48218.55,INR,3.0,Delivered
TXN003396,HIST-2023-01246,1,CUST0128,DD-CTB-0006,2023-09-10,450,MTR,215.88,97146.0,INR,3.0,Cancelled
TXN003397,HIST-2023-01246,2,CUST0128,DD-DNM-0032,2023-09-10,344,MTR,277.2,95356.8,INR,3.0,Delivered
TXN006807,HIST-2023-02504,1,CUST0055,DD-LIN-0021,2023-09-10,377,MTR,452.15,170460.55,INR,3.0,Delivered
TXN006808,HIST-2023-02504,2,CUST0055,DD-KSJ-0012,2023-09-10,550,KG,306.23,168426.5,INR,3.0,Delivered
TXN002110,HIST-2023-00777,1,CUST0079,DD-LIN-0009,2023-09-11,661,MTR,378.29,250049.69,INR,3.0,Delivered
TXN002111,HIST-2023-00777,2,CUST0079,DD-RBL-0011,2023-09-11,1630,MTR,53.29,86862.7,INR,3.0,Delivered
TXN002112,HIST-2023-00777,3,CUST0079,DD-DNM-0004,2023-09-11,388,MTR,212.94,82620.72,INR,3.0,Cancelled
TXN002113,HIST-2023-00777,4,CUST0079,DD-VSR-0019,2023-09-11,1712,MTR,81.38,139322.56,INR,3.0,Delivered
TXN002114,HIST-2023-00777,5,CUST0079,DD-KSJ-0009,2023-09-11,308,KG,320.21,98624.68,INR,3.0,Partially Delivered
TXN004649,HIST-2023-01711,1,CUST0072,DD-DNM-0008,2023-09-12,180,MTR,210.02,37803.6,INR,12.0,Delivered
TXN004650,HIST-2023-01711,2,CUST0072,DD-MOD-0003,2023-09-12,157,MTR,179.68,28209.76,INR,12.0,Delivered
TXN004651,HIST-2023-01711,3,CUST0072,DD-LIN-0019,2023-09-12,893,MTR,395.13,352851.09,INR,12.0,Delivered
TXN004083,HIST-2023-01491,1,CUST0053,DD-PCS-0005,2023-09-13,1103,MTR,79.53,87721.59,INR,3.0,Delivered
TXN001576,HIST-2023-00575,1,CUST0101,DD-KSJ-0016,2023-09-14,73,KG,300.51,21937.23,INR,7.0,Delivered
TXN006928,HIST-2023-02550,1,CUST0011,DD-FLN-0025,2023-09-14,190,MTR,158.84,30179.6,INR,7.0,Delivered
TXN006929,HIST-2023-02550,2,CUST0011,DD-TWL-0033,2023-09-14,1485,PCS,264.95,393450.75,INR,7.0,Delivered
TXN007479,HIST-2023-02758,1,CUST0105,DD-MOD-0027,2023-09-14,342,MTR,154.95,52992.9,INR,12.0,Delivered
TXN007480,HIST-2023-02758,2,CUST0105,DD-CTB-0013,2023-09-14,744,MTR,145.2,108028.8,INR,12.0,Delivered
TXN007481,HIST-2023-02758,3,CUST0105,DD-MOD-0011,2023-09-14,340,MTR,220.12,74840.8,INR,12.0,Delivered
TXN007482,HIST-2023-02758,4,CUST0105,DD-KSJ-0027,2023-09-14,172,KG,277.64,47754.08,INR,12.0,Delivered
TXN000666,HIST-2023-00238,1,CUST0120,DD-PRB-0033,2023-09-15,451,MTR,144.37,65110.87,INR,7.0,Delivered
TXN000667,HIST-2023-00238,2,CUST0120,DD-KFT-0016,2023-09-15,333,KG,284.33,94681.89,INR,7.0,Delivered
TXN000668,HIST-2023-00238,3,CUST0120,DD-FLN-0014,2023-09-15,913,MTR,116.74,106583.62,INR,7.0,Delivered
TXN002946,HIST-2023-01083,1,CUST0134,DD-PCS-0023,2023-09-15,1105,MTR,94.29,104190.45,INR,3.0,Delivered
TXN002947,HIST-2023-01083,2,CUST0134,DD-CIN-0007,2023-09-15,315,MTR,238.66,75177.9,INR,3.0,Delivered
TXN002948,HIST-2023-01083,3,CUST0134,DD-CTB-0023,2023-09-15,1695,MTR,199.01,337321.95,INR,3.0,Delivered
TXN002545,HIST-2023-00938,1,CUST0070,DD-LIN-0020,2023-09-16,469,MTR,402.31,188683.39,INR,3.0,Delivered
TXN003654,HIST-2023-01327,1,CUST0044,DD-HCT-0034,2023-09-17,1448,MTR,201.18,291308.64,INR,7.0,Delivered
TXN003655,HIST-2023-01327,2,CUST0044,DD-TWL-0019,2023-09-17,86,PCS,199.97,17197.42,INR,7.0,Delivered
TXN003656,HIST-2023-01327,3,CUST0044,DD-BDS-0026,2023-09-17,392,MTR,210.5,82516.0,INR,7.0,Delivered
TXN000266,HIST-2023-00095,1,CUST0011,DD-SAT-0031,2023-09-18,229,MTR,80.09,18340.61,INR,7.0,Delivered
TXN000267,HIST-2023-00095,2,CUST0011,DD-CIN-0025,2023-09-18,166,MTR,237.5,39425.0,INR,7.0,Delivered
TXN000268,HIST-2023-00095,3,CUST0011,DD-CIN-0017,2023-09-18,1209,MTR,252.35,305091.15,INR,7.0,Partially Delivered
TXN006847,HIST-2023-02520,1,CUST0053,DD-SUT-0018,2023-09-18,1790,MTR,199.56,357212.4,INR,3.0,Delivered
TXN001556,HIST-2023-00568,1,CUST0077,DD-CIN-0007,2023-09-19,312,MTR,222.89,69541.68,INR,7.0,Delivered
TXN004150,HIST-2023-01514,1,CUST0036,DD-DNM-0013,2023-09-20,492,MTR,160.98,79202.16,INR,12.0,Delivered
TXN004151,HIST-2023-01514,2,CUST0036,DD-KSJ-0023,2023-09-20,78,KG,341.72,26654.16,INR,12.0,Delivered
TXN004152,HIST-2023-01514,3,CUST0036,DD-KSJ-0019,2023-09-20,183,KG,290.76,53209.08,INR,12.0,Partially Delivered
TXN004153,HIST-2023-01514,4,CUST0036,DD-LIN-0016,2023-09-20,705,MTR,373.21,263113.05,INR,12.0,Delivered
TXN006964,HIST-2023-02563,1,CUST0070,DD-LIN-0020,2023-09-20,2036,MTR,407.72,830117.92,INR,3.0,Delivered
TXN006965,HIST-2023-02563,2,CUST0070,DD-CDV-0011,2023-09-20,199,MTR,241.65,48088.35,INR,3.0,Delivered
TXN004119,HIST-2023-01503,1,CUST0036,DD-KSJ-0019,2023-09-21,49,KG,286.85,14055.65,INR,12.0,Delivered
TXN004120,HIST-2023-01503,2,CUST0036,DD-KSJ-0023,2023-09-21,482,KG,337.35,162602.7,INR,12.0,Delivered
TXN004121,HIST-2023-01503,3,CUST0036,DD-DNM-0013,2023-09-21,313,MTR,157.8,49391.4,INR,12.0,Partially Delivered
TXN004122,HIST-2023-01503,4,CUST0036,DD-LIN-0016,2023-09-21,128,MTR,371.94,47608.32,INR,12.0,Delivered
TXN004123,HIST-2023-01503,5,CUST0036,DD-CTB-0014,2023-09-21,1904,MTR,145.67,277355.68,INR,12.0,Delivered
TXN004941,HIST-2023-01813,1,CUST0119,DD-PRB-0014,2023-09-21,2133,MTR,129.96,277204.68,INR,7.0,Delivered
TXN004942,HIST-2023-01813,2,CUST0119,DD-PRB-0038,2023-09-21,147,MTR,144.72,21273.84,INR,7.0,Delivered
TXN004943,HIST-2023-01813,3,CUST0119,DD-SAT-0018,2023-09-21,225,MTR,140.64,31644.0,INR,7.0,Delivered
TXN005223,HIST-2023-01921,1,CUST0073,DD-BDS-0002,2023-09-21,127,MTR,202.25,25685.75,INR,12.0,Delivered
TXN005224,HIST-2023-01921,2,CUST0073,DD-BDS-0027,2023-09-21,1432,MTR,196.37,281201.84,INR,12.0,Delivered
TXN005225,HIST-2023-01921,3,CUST0073,DD-HUP-0026,2023-09-21,1493,MTR,233.86,349152.98,INR,12.0,Delivered
TXN005226,HIST-2023-01921,4,CUST0073,DD-HUP-0008,2023-09-21,153,MTR,308.57,47211.21,INR,12.0,Delivered
TXN005533,HIST-2023-02033,1,CUST0094,DD-DNM-0019,2023-09-21,133,MTR,225.32,29967.56,INR,7.0,Delivered
TXN001896,HIST-2023-00691,1,CUST0050,DD-SUT-0037,2023-09-22,1845,MTR,191.62,353538.9,INR,3.0,Delivered
TXN000232,HIST-2023-00084,1,CUST0079,DD-RBL-0011,2023-09-23,150,MTR,53.07,7960.5,INR,3.0,Delivered
TXN000233,HIST-2023-00084,2,CUST0079,DD-SUT-0023,2023-09-23,1024,MTR,239.69,245442.56,INR,3.0,Delivered
TXN000234,HIST-2023-00084,3,CUST0079,DD-KSJ-0009,2023-09-23,198,KG,323.44,64041.12,INR,3.0,Delivered
TXN000235,HIST-2023-00084,4,CUST0079,DD-CIN-0027,2023-09-23,443,MTR,176.03,77981.29,INR,3.0,Delivered
TXN000236,HIST-2023-00084,5,CUST0079,DD-VSR-0019,2023-09-23,427,MTR,82.53,35240.31,INR,3.0,Delivered
TXN005720,HIST-2023-02098,1,CUST0098,DD-PGT-0025,2023-09-23,319,MTR,48.19,15372.61,INR,7.0,Delivered
TXN005721,HIST-2023-02098,2,CUST0098,DD-PRB-0004,2023-09-23,179,MTR,107.47,19237.13,INR,7.0,Delivered
TXN002727,HIST-2023-01005,1,CUST0071,DD-MOD-0034,2023-09-24,1175,MTR,266.96,313678.0,INR,7.0,Delivered
TXN002728,HIST-2023-01005,2,CUST0071,DD-MOD-0023,2023-09-24,262,MTR,161.5,42313.0,INR,7.0,Delivered
TXN002729,HIST-2023-01005,3,CUST0071,DD-LIN-0030,2023-09-24,129,MTR,389.83,50288.07,INR,7.0,Delivered
TXN002730,HIST-2023-01005,4,CUST0071,DD-DNM-0002,2023-09-24,1230,MTR,224.54,276184.2,INR,7.0,Delivered
TXN001574,HIST-2023-00574,1,CUST0126,DD-LIN-0032,2023-09-25,208,MTR,390.81,81288.48,INR,7.0,Delivered
TXN001575,HIST-2023-00574,2,CUST0126,DD-MOD-0004,2023-09-25,556,MTR,192.35,106946.6,INR,7.0,Delivered
TXN005686,HIST-2023-02088,1,CUST0044,DD-HUP-0002,2023-09-25,1105,MTR,278.84,308118.2,INR,7.0,Delivered
TXN005687,HIST-2023-02088,2,CUST0044,DD-HCT-0016,2023-09-25,374,MTR,152.98,57214.52,INR,7.0,Delivered
TXN005688,HIST-2023-02088,3,CUST0044,DD-HCT-0032,2023-09-25,853,MTR,146.44,124913.32,INR,7.0,Delivered
TXN005689,HIST-2023-02088,4,CUST0044,DD-TWL-0019,2023-09-25,302,PCS,200.16,60448.32,INR,7.0,Delivered
TXN005621,HIST-2023-02065,1,CUST0030,DD-CTS-0017,2023-09-26,206,MTR,76.73,15806.38,INR,12.0,Delivered
TXN001620,HIST-2023-00590,1,CUST0047,DD-KFT-0009,2023-09-27,77,KG,373.84,28785.68,INR,7.0,Delivered
TXN001621,HIST-2023-00590,2,CUST0047,DD-KIR-0021,2023-09-27,51,KG,349.55,17827.05,INR,7.0,Delivered
TXN001930,HIST-2023-00705,1,CUST0114,DD-PRB-0009,2023-09-27,206,MTR,123.98,25539.88,INR,12.0,Delivered
TXN007320,HIST-2023-02695,1,CUST0063,DD-CTS-0023,2023-09-27,1059,MTR,80.91,85683.69,INR,7.0,Delivered
TXN007321,HIST-2023-02695,2,CUST0063,DD-KIR-0005,2023-09-27,56,KG,376.22,21068.32,INR,7.0,Delivered
TXN007322,HIST-2023-02695,3,CUST0063,DD-KIR-0004,2023-09-27,327,KG,353.79,115689.33,INR,7.0,Delivered
TXN002581,HIST-2023-00951,1,CUST0108,DD-PRB-0027,2023-09-28,2152,MTR,96.9,208528.8,INR,12.0,Delivered
TXN002582,HIST-2023-00951,2,CUST0108,DD-TWL-0028,2023-09-28,943,PCS,197.55,186289.65,INR,12.0,Delivered
TXN002583,HIST-2023-00951,3,CUST0108,DD-TWL-0020,2023-09-28,959,PCS,185.64,178028.76,INR,12.0,Delivered
TXN002584,HIST-2023-00951,4,CUST0108,DD-HCT-0013,2023-09-28,860,MTR,191.68,164844.8,INR,12.0,Delivered
TXN002585,HIST-2023-00951,5,CUST0108,DD-HUP-0007,2023-09-28,1207,MTR,279.47,337320.29,INR,12.0,Partially Delivered
TXN004924,HIST-2023-01806,1,CUST0082,DD-DNM-0029,2023-09-28,581,MTR,278.45,161779.45,INR,7.0,Delivered
TXN001421,HIST-2023-00516,1,CUST0095,DD-HCT-0034,2023-09-30,467,MTR,200.3,93540.1,INR,7.0,Delivered
TXN001422,HIST-2023-00516,2,CUST0095,DD-CIN-0029,2023-09-30,132,MTR,185.51,24487.32,INR,7.0,Partially Delivered
TXN006359,HIST-2023-02335,1,CUST0105,DD-CTS-0022,2023-09-30,216,MTR,77.11,16655.76,INR,12.0,Delivered
TXN006360,HIST-2023-02335,2,CUST0105,DD-MOD-0027,2023-09-30,288,MTR,157.02,45221.76,INR,12.0,Delivered
TXN006361,HIST-2023-02335,3,CUST0105,DD-MOD-0011,2023-09-30,633,MTR,223.0,141159.0,INR,12.0,Delivered
TXN006362,HIST-2023-02335,4,CUST0105,DD-CTS-0007,2023-09-30,169,MTR,115.41,19504.29,INR,12.0,Delivered
TXN006363,HIST-2023-02335,5,CUST0105,DD-KSJ-0027,2023-09-30,338,KG,282.65,95535.7,INR,12.0,Delivered
TXN006816,HIST-2023-02509,1,CUST0098,DD-MOD-0024,2023-09-30,140,MTR,160.18,22425.2,INR,7.0,Delivered
TXN006572,HIST-2023-02410,1,CUST0136,DD-SUT-0002,2023-10-01,210,MTR,178.83,37554.3,INR,12.0,Partially Delivered
TXN006573,HIST-2023-02410,2,CUST0136,DD-PCS-0015,2023-10-01,196,MTR,84.55,16571.8,INR,12.0,Delivered
TXN001914,HIST-2023-00699,1,CUST0047,DD-KIR-0017,2023-10-03,89,KG,440.47,39201.83,INR,7.0,Delivered
TXN001915,HIST-2023-00699,2,CUST0047,DD-KSJ-0023,2023-10-03,233,KG,374.33,87218.89,INR,7.0,Delivered
TXN000004,HIST-2023-00003,1,CUST0130,DD-LIN-0026,2023-10-04,243,MTR,245.56,59671.08,INR,7.0,Delivered
TXN000956,HIST-2023-00345,1,CUST0106,DD-CTB-0030,2023-10-05,1151,MTR,153.49,176666.99,INR,7.0,Partially Delivered
TXN000957,HIST-2023-00345,2,CUST0106,DD-SUT-0027,2023-10-05,470,MTR,212.88,100053.6,INR,7.0,Delivered
TXN002999,HIST-2023-01103,1,CUST0119,DD-PGT-0010,2023-10-06,304,MTR,58.76,17863.04,INR,7.0,Delivered
TXN003000,HIST-2023-01103,2,CUST0119,DD-MOD-0024,2023-10-06,317,MTR,160.87,50995.79,INR,7.0,Delivered
TXN005851,HIST-2023-02146,1,CUST0070,DD-LIN-0020,2023-10-06,433,MTR,405.95,175776.35,INR,3.0,Delivered
TXN006638,HIST-2023-02436,1,CUST0029,DD-CTB-0023,2023-10-07,849,MTR,182.09,154594.41,INR,7.0,Delivered
TXN007125,HIST-2023-02619,1,CUST0036,DD-LIN-0016,2023-10-07,216,MTR,373.43,80660.88,INR,12.0,Delivered
TXN007126,HIST-2023-02619,2,CUST0036,DD-KSJ-0019,2023-10-07,431,KG,283.59,122227.29,INR,12.0,Delivered
TXN000788,HIST-2023-00280,1,CUST0118,DD-KIR-0001,2023-10-10,202,KG,311.75,62973.5,INR,7.0,Delivered
TXN000789,HIST-2023-00280,2,CUST0118,DD-SAT-0032,2023-10-10,194,MTR,76.76,14891.44,INR,7.0,Delivered
TXN000790,HIST-2023-00280,3,CUST0118,DD-SUT-0019,2023-10-10,1358,MTR,245.16,332927.28,INR,7.0,Delivered
TXN000791,HIST-2023-00280,4,CUST0118,DD-CDV-0007,2023-10-10,217,MTR,178.04,38634.68,INR,7.0,Delivered
TXN002569,HIST-2023-00945,1,CUST0029,DD-CTB-0034,2023-10-10,838,MTR,180.61,151351.18,INR,7.0,Cancelled
TXN002570,HIST-2023-00945,2,CUST0029,DD-CTS-0021,2023-10-10,1123,MTR,71.88,80721.24,INR,7.0,Delivered
TXN002571,HIST-2023-00945,3,CUST0029,DD-KFT-0013,2023-10-10,142,KG,263.72,37448.24,INR,7.0,Delivered
TXN002572,HIST-2023-00945,4,CUST0029,DD-CTS-0022,2023-10-10,262,MTR,83.16,21787.92,INR,7.0,Delivered
TXN002573,HIST-2023-00945,5,CUST0029,DD-CTS-0008,2023-10-10,1491,MTR,120.63,179859.33,INR,7.0,Partially Delivered
TXN006657,HIST-2023-02446,1,CUST0117,DD-KFT-0021,2023-10-15,425,KG,363.84,154632.0,INR,3.0,Delivered
TXN001656,HIST-2023-00600,1,CUST0031,DD-KFT-0011,2023-10-16,74,KG,374.85,27738.9,INR,7.0,Delivered
TXN005674,HIST-2023-02085,1,CUST0114,DD-PCS-0032,2023-10-16,1000,MTR,74.15,74150.0,INR,12.0,Delivered
TXN005675,HIST-2023-02085,2,CUST0114,DD-CDV-0029,2023-10-16,133,MTR,158.34,21059.22,INR,12.0,Delivered
TXN005676,HIST-2023-02085,3,CUST0114,DD-CTS-0011,2023-10-16,271,MTR,124.01,33606.71,INR,12.0,Delivered
TXN005677,HIST-2023-02085,4,CUST0114,DD-MOD-0022,2023-10-16,202,MTR,206.24,41660.48,INR,12.0,Delivered
TXN005678,HIST-2023-02085,5,CUST0114,DD-PRB-0009,2023-10-16,577,MTR,122.77,70838.29,INR,12.0,Delivered
TXN005679,HIST-2023-02085,6,CUST0114,DD-PRB-0001,2023-10-16,251,MTR,104.99,26352.49,INR,12.0,Delivered
TXN000660,HIST-2023-00236,1,CUST0019,DD-KIR-0034,2023-10-17,75,KG,413.63,31022.25,INR,12.0,Delivered
TXN000661,HIST-2023-00236,2,CUST0019,DD-KSJ-0018,2023-10-17,288,KG,281.48,81066.24,INR,12.0,Delivered
TXN000662,HIST-2023-00236,3,CUST0019,DD-CTB-0015,2023-10-17,848,MTR,135.45,114861.6,INR,12.0,Delivered
TXN006464,HIST-2023-02373,1,CUST0112,DD-HUP-0016,2023-10-17,256,MTR,297.88,76257.28,INR,7.0,Delivered
TXN006465,HIST-2023-02373,2,CUST0112,DD-TWL-0020,2023-10-17,291,PCS,209.89,61077.99,INR,7.0,Delivered
TXN006466,HIST-2023-02373,3,CUST0112,DD-BDS-0025,2023-10-17,184,MTR,233.67,42995.28,INR,7.0,Delivered
TXN006467,HIST-2023-02373,4,CUST0112,DD-TWL-0003,2023-10-17,97,PCS,179.11,17373.67,INR,7.0,Delivered
TXN005191,HIST-2023-01907,1,CUST0070,DD-LIN-0003,2023-10-18,538,MTR,399.16,214748.08,INR,3.0,Delivered
TXN005192,HIST-2023-01907,2,CUST0070,DD-FLN-0010,2023-10-18,1472,MTR,173.94,256039.68,INR,3.0,Delivered
TXN005996,HIST-2023-02204,1,CUST0124,DD-PRB-0016,2023-10-18,507,MTR,103.25,52347.75,INR,7.0,Delivered
TXN005997,HIST-2023-02204,2,CUST0124,DD-PGT-0006,2023-10-18,947,MTR,70.96,67199.12,INR,7.0,Delivered
TXN005998,HIST-2023-02204,3,CUST0124,DD-LIN-0021,2023-10-18,320,MTR,424.28,135769.6,INR,7.0,Partially Delivered
TXN005999,HIST-2023-02204,4,CUST0124,DD-PGT-0008,2023-10-18,300,MTR,67.85,20355.0,INR,7.0,Delivered
TXN006000,HIST-2023-02204,5,CUST0124,DD-SAT-0001,2023-10-18,1350,MTR,169.3,228555.0,INR,7.0,Delivered
TXN000981,HIST-2023-00353,1,CUST0122,DD-SUT-0010,2023-10-19,1324,MTR,184.63,244450.12,INR,3.0,Delivered
TXN000982,HIST-2023-00353,2,CUST0122,DD-CIN-0024,2023-10-19,541,MTR,252.49,136597.09,INR,3.0,Delivered
TXN005403,HIST-2023-01981,1,CUST0120,DD-MOD-0008,2023-10-19,1429,MTR,217.75,311164.75,INR,7.0,Delivered
TXN007466,HIST-2023-02754,1,CUST0010,DD-KIR-0024,2023-10-19,74,KG,362.56,26829.44,INR,7.0,Delivered
TXN007467,HIST-2023-02754,2,CUST0010,DD-DNM-0030,2023-10-19,175,MTR,277.41,48546.75,INR,7.0,Delivered
TXN007468,HIST-2023-02754,3,CUST0010,DD-CTB-0009,2023-10-19,724,MTR,238.99,173028.76,INR,7.0,Delivered
TXN007469,HIST-2023-02754,4,CUST0010,DD-DNM-0002,2023-10-19,1314,MTR,225.02,295676.28,INR,7.0,Delivered
TXN007470,HIST-2023-02754,5,CUST0010,DD-KIR-0029,2023-10-19,238,KG,344.39,81964.82,INR,7.0,Delivered
TXN004113,HIST-2023-01501,1,CUST0002,DD-HUP-0012,2023-10-21,597,MTR,219.24,130886.28,INR,7.0,Partially Delivered
TXN005053,HIST-2023-01854,1,CUST0023,DD-PCS-0005,2023-10-21,170,MTR,76.54,13011.8,INR,7.0,Delivered
TXN000352,HIST-2023-00124,1,CUST0118,DD-CDV-0007,2023-10-22,530,MTR,178.96,94848.8,INR,7.0,Delivered
TXN004072,HIST-2023-01485,1,CUST0107,DD-SAT-0016,2023-10-22,511,MTR,141.7,72408.7,INR,3.0,Delivered
TXN004073,HIST-2023-01485,2,CUST0107,DD-KSJ-0012,2023-10-22,223,KG,289.94,64656.62,INR,3.0,Delivered
TXN000885,HIST-2023-00315,1,CUST0032,DD-MOD-0016,2023-10-23,736,MTR,241.61,177824.96,INR,3.0,Delivered
TXN000886,HIST-2023-00315,2,CUST0032,DD-VSR-0022,2023-10-23,1810,MTR,104.49,189126.9,INR,3.0,Delivered
TXN000887,HIST-2023-00315,3,CUST0032,DD-PGT-0010,2023-10-23,1138,MTR,64.55,73457.9,INR,3.0,Delivered
TXN000888,HIST-2023-00315,4,CUST0032,DD-CIN-0007,2023-10-23,347,MTR,242.57,84171.79,INR,3.0,Delivered
TXN004880,HIST-2023-01792,1,CUST0018,DD-CTS-0012,2023-10-23,865,MTR,127.92,110650.8,INR,7.0,Partially Delivered
TXN004881,HIST-2023-01792,2,CUST0018,DD-CTB-0023,2023-10-23,1443,MTR,185.91,268268.13,INR,7.0,Delivered
TXN004882,HIST-2023-01792,3,CUST0018,DD-KSJ-0011,2023-10-23,423,KG,281.14,118922.22,INR,7.0,Delivered
TXN004883,HIST-2023-01792,4,CUST0018,DD-DNM-0022,2023-10-23,366,MTR,193.43,70795.38,INR,7.0,Delivered
TXN001436,HIST-2023-00521,1,CUST0124,DD-PGT-0008,2023-10-24,1053,MTR,67.17,70730.01,INR,7.0,Delivered
TXN001437,HIST-2023-00521,2,CUST0124,DD-LIN-0021,2023-10-24,1302,MTR,428.73,558206.46,INR,7.0,Delivered
TXN003349,HIST-2023-01228,1,CUST0021,DD-CIN-0028,2023-10-24,1716,MTR,182.78,313650.48,INR,3.0,Delivered
TXN003350,HIST-2023-01228,2,CUST0021,DD-TWL-0025,2023-10-24,1098,PCS,225.18,247247.64,INR,3.0,Delivered
TXN000479,HIST-2023-00172,1,CUST0119,DD-SAT-0022,2023-10-25,826,MTR,129.19,106710.94,INR,7.0,Partially Delivered
TXN004456,HIST-2023-01634,1,CUST0052,DD-CIN-0003,2023-10-25,768,MTR,222.9,171187.2,INR,3.0,Delivered
TXN004457,HIST-2023-01634,2,CUST0052,DD-CIN-0004,2023-10-25,662,MTR,197.06,130453.72,INR,3.0,Delivered
TXN001420,HIST-2023-00515,1,CUST0053,DD-PCS-0005,2023-10-26,1132,MTR,79.86,90401.52,INR,3.0,Delivered
TXN007307,HIST-2023-02690,1,CUST0027,DD-PRB-0029,2023-10-26,256,MTR,143.81,36815.36,INR,7.0,Delivered
TXN007308,HIST-2023-02690,2,CUST0027,DD-VSR-0028,2023-10-26,909,MTR,101.62,92372.58,INR,7.0,Delivered
TXN007309,HIST-2023-02690,3,CUST0027,DD-SAT-0018,2023-10-26,588,MTR,145.35,85465.8,INR,7.0,Delivered
TXN007310,HIST-2023-02690,4,CUST0027,DD-MOD-0027,2023-10-26,134,MTR,159.99,21438.66,INR,7.0,Delivered
TXN007311,HIST-2023-02690,5,CUST0027,DD-SAT-0035,2023-10-26,351,MTR,87.4,30677.4,INR,7.0,Delivered
TXN007312,HIST-2023-02690,6,CUST0027,DD-SAT-0030,2023-10-26,832,MTR,84.69,70462.08,INR,7.0,Delivered
TXN000331,HIST-2023-00117,1,CUST0121,DD-HCT-0006,2023-10-27,1248,MTR,198.37,247565.76,INR,12.0,Delivered
TXN000332,HIST-2023-00117,2,CUST0121,DD-BDS-0002,2023-10-27,418,MTR,192.68,80540.24,INR,12.0,Delivered
TXN004328,HIST-2023-01580,1,CUST0071,DD-CTB-0018,2023-10-27,213,MTR,132.82,28290.66,INR,7.0,Partially Delivered
TXN005015,HIST-2023-01841,1,CUST0043,DD-DNM-0025,2023-10-27,243,MTR,200.34,48682.62,INR,3.0,Delivered
TXN005016,HIST-2023-01841,2,CUST0043,DD-CTB-0032,2023-10-27,285,MTR,154.85,44132.25,INR,3.0,Delivered
TXN005017,HIST-2023-01841,3,CUST0043,DD-CTS-0007,2023-10-27,1739,MTR,133.04,231356.56,INR,3.0,Delivered
TXN005018,HIST-2023-01841,4,CUST0043,DD-DNM-0003,2023-10-27,243,MTR,210.06,51044.58,INR,3.0,Delivered
TXN005019,HIST-2023-01841,5,CUST0043,DD-KSJ-0019,2023-10-27,143,KG,320.62,45848.66,INR,3.0,Delivered
TXN005020,HIST-2023-01841,6,CUST0043,DD-CTB-0015,2023-10-27,383,MTR,148.35,56818.05,INR,3.0,Delivered
TXN000827,HIST-2023-00293,1,CUST0034,DD-KSJ-0005,2023-10-28,129,KG,306.2,39499.8,INR,7.0,Delivered
TXN000828,HIST-2023-00293,2,CUST0034,DD-DNM-0003,2023-10-28,385,MTR,211.04,81250.4,INR,7.0,Delivered
TXN000829,HIST-2023-00293,3,CUST0034,DD-KFT-0015,2023-10-28,298,KG,246.42,73433.16,INR,7.0,Delivered
TXN001809,HIST-2023-00656,1,CUST0108,DD-BDS-0011,2023-10-29,350,MTR,144.27,50494.5,INR,12.0,Delivered
TXN001810,HIST-2023-00656,2,CUST0108,DD-FLN-0029,2023-10-29,251,MTR,143.27,35960.77,INR,12.0,Delivered
TXN001811,HIST-2023-00656,3,CUST0108,DD-BDS-0018,2023-10-29,246,MTR,206.48,50794.08,INR,12.0,Delivered
TXN004452,HIST-2023-01632,1,CUST0111,DD-SAT-0005,2023-10-29,129,MTR,158.99,20509.71,INR,12.0,Delivered
TXN004453,HIST-2023-01632,2,CUST0111,DD-VSR-0031,2023-10-29,319,MTR,100.22,31970.18,INR,12.0,Delivered
TXN004454,HIST-2023-01632,3,CUST0111,DD-VSR-0021,2023-10-29,541,MTR,93.43,50545.63,INR,12.0,Delivered
TXN006149,HIST-2023-02256,1,CUST0088,DD-TWL-0007,2023-10-29,655,PCS,217.62,142541.1,INR,12.0,Delivered
TXN006150,HIST-2023-02256,2,CUST0088,DD-TWL-0012,2023-10-29,88,PCS,176.21,15506.48,INR,12.0,Delivered
TXN006151,HIST-2023-02256,3,CUST0088,DD-CIN-0011,2023-10-29,671,MTR,199.6,133931.6,INR,12.0,Delivered
TXN006152,HIST-2023-02256,4,CUST0088,DD-TWL-0025,2023-10-29,996,PCS,200.11,199309.56,INR,12.0,Delivered
TXN002508,HIST-2023-00924,1,CUST0024,DD-CTS-0027,2023-10-30,452,MTR,89.0,40228.0,INR,3.0,Delivered
TXN002509,HIST-2023-00924,2,CUST0024,DD-DNM-0020,2023-10-30,493,MTR,240.79,118709.47,INR,3.0,Delivered
TXN002510,HIST-2023-00924,3,CUST0024,DD-KFT-0009,2023-10-30,244,KG,393.89,96109.16,INR,3.0,Delivered
TXN002511,HIST-2023-00924,4,CUST0024,DD-DNM-0018,2023-10-30,773,MTR,250.03,193273.19,INR,3.0,Delivered
TXN007489,HIST-2023-02763,1,CUST0059,DD-CIN-0006,2023-10-30,2136,MTR,179.11,382578.96,INR,12.0,Delivered
TXN005741,HIST-2023-02109,1,CUST0096,DD-KIR-0031,2023-10-31,48,KG,356.61,17117.28,INR,7.0,Cancelled
TXN005742,HIST-2023-02109,2,CUST0096,DD-KIR-0023,2023-10-31,161,KG,357.69,57588.09,INR,7.0,Delivered
TXN004408,HIST-2023-01613,1,CUST0079,DD-DNM-0004,2023-11-01,1313,MTR,214.6,281769.8,INR,3.0,Delivered
TXN006091,HIST-2023-02238,1,CUST0028,DD-SAT-0007,2023-11-01,213,MTR,148.18,31562.34,INR,3.0,Delivered
TXN006092,HIST-2023-02238,2,CUST0028,DD-PGT-0020,2023-11-01,650,MTR,60.94,39611.0,INR,3.0,Delivered
TXN006093,HIST-2023-02238,3,CUST0028,DD-SAT-0018,2023-11-01,587,MTR,147.87,86799.69,INR,3.0,Delivered
TXN006094,HIST-2023-02238,4,CUST0028,DD-PRB-0038,2023-11-01,525,MTR,146.22,76765.5,INR,3.0,Delivered
TXN006095,HIST-2023-02238,5,CUST0028,DD-MOD-0002,2023-11-01,681,MTR,193.78,131964.18,INR,3.0,Delivered
TXN006538,HIST-2023-02397,1,CUST0001,DD-RBL-0029,2023-11-01,938,MTR,48.5,45493.0,INR,3.0,Delivered
TXN006539,HIST-2023-02397,2,CUST0001,DD-FLN-0021,2023-11-01,1020,MTR,178.45,182019.0,INR,3.0,Delivered
TXN006540,HIST-2023-02397,3,CUST0001,DD-MOD-0009,2023-11-01,511,MTR,218.81,111811.91,INR,3.0,Delivered
TXN006541,HIST-2023-02397,4,CUST0001,DD-PCS-0005,2023-11-01,152,MTR,84.55,12851.6,INR,3.0,Delivered
TXN006542,HIST-2023-02397,5,CUST0001,DD-FLN-0016,2023-11-01,1091,MTR,143.22,156253.02,INR,3.0,Delivered
TXN001210,HIST-2023-00436,1,CUST0068,DD-CDV-0029,2023-11-02,269,MTR,168.22,45251.18,INR,3.0,Delivered
TXN003491,HIST-2023-01279,1,CUST0059,DD-PCS-0026,2023-11-02,199,MTR,84.87,16889.13,INR,12.0,Delivered
TXN001487,HIST-2023-00543,1,CUST0056,DD-CTS-0027,2023-11-03,328,MTR,83.38,27348.64,INR,12.0,Delivered
TXN001686,HIST-2023-00612,1,CUST0017,DD-DNM-0013,2023-11-03,599,MTR,173.52,103938.48,INR,7.0,Partially Delivered
TXN003273,HIST-2023-01201,1,CUST0068,DD-PGT-0027,2023-11-03,292,MTR,49.97,14591.24,INR,3.0,Delivered
TXN003274,HIST-2023-01201,2,CUST0068,DD-HUP-0030,2023-11-03,338,MTR,263.45,89046.1,INR,3.0,Delivered
TXN003275,HIST-2023-01201,3,CUST0068,DD-TWL-0014,2023-11-03,778,PCS,210.17,163512.26,INR,3.0,Partially Delivered
TXN007012,HIST-2023-02581,1,CUST0097,DD-MOD-0005,2023-11-03,615,MTR,225.25,138528.75,INR,3.0,Delivered
TXN007013,HIST-2023-02581,2,CUST0097,DD-MOD-0022,2023-11-03,1071,MTR,219.05,234602.55,INR,3.0,Delivered
TXN007014,HIST-2023-02581,3,CUST0097,DD-VSR-0012,2023-11-03,263,MTR,82.18,21613.34,INR,3.0,Delivered
TXN003839,HIST-2023-01404,1,CUST0126,DD-DNM-0027,2023-11-04,519,MTR,193.93,100649.67,INR,7.0,Delivered
TXN000488,HIST-2023-00176,1,CUST0008,DD-CTB-0006,2023-11-05,326,MTR,208.36,67925.36,INR,7.0,Delivered
TXN000489,HIST-2023-00176,2,CUST0008,DD-CTS-0013,2023-11-05,1448,MTR,104.96,151982.08,INR,7.0,Partially Delivered
TXN000490,HIST-2023-00176,3,CUST0008,DD-KIR-0028,2023-11-05,330,KG,351.88,116120.4,INR,7.0,Delivered
TXN000471,HIST-2023-00168,1,CUST0065,DD-PGT-0036,2023-11-06,305,MTR,71.4,21777.0,INR,12.0,Delivered
TXN000472,HIST-2023-00168,2,CUST0065,DD-PRB-0017,2023-11-06,1526,MTR,97.29,148464.54,INR,12.0,Delivered
TXN002300,HIST-2023-00847,1,CUST0020,DD-DNM-0025,2023-11-06,556,MTR,208.52,115937.12,INR,7.0,Delivered
TXN002301,HIST-2023-00847,2,CUST0020,DD-MOD-0010,2023-11-06,1649,MTR,219.68,362252.32,INR,7.0,Delivered
TXN002302,HIST-2023-00847,3,CUST0020,DD-CTB-0002,2023-11-06,922,MTR,153.65,141665.3,INR,7.0,Delivered
TXN002303,HIST-2023-00847,4,CUST0020,DD-MOD-0006,2023-11-06,1715,MTR,221.75,380301.25,INR,7.0,Delivered
TXN002304,HIST-2023-00847,5,CUST0020,DD-CTB-0028,2023-11-06,164,MTR,157.34,25803.76,INR,7.0,Delivered
TXN002305,HIST-2023-00847,6,CUST0020,DD-DNM-0023,2023-11-06,1409,MTR,197.19,277840.71,INR,7.0,Delivered
TXN007146,HIST-2023-02626,1,CUST0052,DD-SUT-0024,2023-11-09,360,MTR,209.84,75542.4,INR,3.0,Delivered
TXN007147,HIST-2023-02626,2,CUST0052,DD-SUT-0029,2023-11-09,1377,MTR,204.61,281747.97,INR,3.0,Delivered
TXN007148,HIST-2023-02626,3,CUST0052,DD-CIN-0024,2023-11-09,181,MTR,259.73,47011.13,INR,3.0,Delivered
TXN007149,HIST-2023-02626,4,CUST0052,DD-FLN-0025,2023-11-09,919,MTR,165.48,152076.12,INR,3.0,Delivered
TXN002997,HIST-2023-01102,1,CUST0007,DD-DNM-0016,2023-11-10,137,MTR,238.89,32727.93,INR,7.0,Delivered
TXN002998,HIST-2023-01102,2,CUST0007,DD-DNM-0035,2023-11-10,329,MTR,189.81,62447.49,INR,7.0,Delivered
TXN004515,HIST-2023-01662,1,CUST0030,DD-KIR-0013,2023-11-10,304,KG,418.39,127190.56,INR,12.0,Delivered
TXN002797,HIST-2023-01032,1,CUST0020,DD-CTB-0028,2023-11-12,342,MTR,156.06,53372.52,INR,7.0,Delivered
TXN002798,HIST-2023-01032,2,CUST0020,DD-CTB-0029,2023-11-12,1570,MTR,153.13,240414.1,INR,7.0,Delivered
TXN002799,HIST-2023-01032,3,CUST0020,DD-CTB-0014,2023-11-12,878,MTR,153.0,134334.0,INR,7.0,Partially Delivered
TXN002800,HIST-2023-01032,4,CUST0020,DD-DNM-0025,2023-11-12,603,MTR,207.69,125237.07,INR,7.0,Delivered
TXN002801,HIST-2023-01032,5,CUST0020,DD-CTB-0002,2023-11-12,449,MTR,153.58,68957.42,INR,7.0,Delivered
TXN005456,HIST-2023-02000,1,CUST0022,DD-LIN-0009,2023-11-12,1294,MTR,375.21,485521.74,INR,7.0,Delivered
TXN005457,HIST-2023-02000,2,CUST0022,DD-MOD-0019,2023-11-12,230,MTR,213.4,49082.0,INR,7.0,Delivered
TXN005458,HIST-2023-02000,3,CUST0022,DD-HCT-0038,2023-11-12,434,MTR,180.58,78371.72,INR,7.0,Delivered
TXN005459,HIST-2023-02000,4,CUST0022,DD-DNM-0019,2023-11-12,1096,MTR,234.16,256639.36,INR,7.0,Delivered
TXN005460,HIST-2023-02000,5,CUST0022,DD-FLN-0010,2023-11-12,272,MTR,164.79,44822.88,INR,7.0,Delivered
TXN001133,HIST-2023-00412,1,CUST0047,DD-KFT-0026,2023-11-13,297,KG,307.55,91342.35,INR,7.0,Delivered
TXN002603,HIST-2023-00958,1,CUST0030,DD-KIR-0007,2023-11-14,105,KG,346.86,36420.3,INR,12.0,Delivered
TXN003870,HIST-2023-01418,1,CUST0059,DD-SUT-0005,2023-11-14,419,MTR,194.75,81600.25,INR,12.0,Delivered
TXN003871,HIST-2023-01418,2,CUST0059,DD-SUT-0018,2023-11-14,668,MTR,185.29,123773.72,INR,12.0,Delivered
TXN003872,HIST-2023-01418,3,CUST0059,DD-PCS-0035,2023-11-14,755,MTR,83.67,63170.85,INR,12.0,Delivered
TXN003873,HIST-2023-01418,4,CUST0059,DD-CTB-0023,2023-11-14,725,MTR,180.7,131007.5,INR,12.0,Delivered
TXN006191,HIST-2023-02271,1,CUST0098,DD-DNM-0011,2023-11-14,504,MTR,162.38,81839.52,INR,7.0,Delivered
TXN006192,HIST-2023-02271,2,CUST0098,DD-PGT-0030,2023-11-14,278,MTR,69.98,19454.44,INR,7.0,Partially Delivered
TXN006193,HIST-2023-02271,3,CUST0098,DD-BDS-0002,2023-11-14,164,MTR,212.77,34894.28,INR,7.0,Delivered
TXN006194,HIST-2023-02271,4,CUST0098,DD-MOD-0031,2023-11-14,157,MTR,160.15,25143.55,INR,7.0,Delivered
TXN006195,HIST-2023-02271,5,CUST0098,DD-PGT-0025,2023-11-14,153,MTR,48.64,7441.92,INR,7.0,Delivered
TXN006196,HIST-2023-02271,6,CUST0098,DD-FLN-0027,2023-11-14,569,MTR,155.21,88314.49,INR,7.0,Delivered
TXN001690,HIST-2023-00614,1,CUST0082,DD-CTB-0019,2023-11-15,448,MTR,215.96,96750.08,INR,7.0,Delivered
TXN004192,HIST-2023-01527,1,CUST0030,DD-DNM-0028,2023-11-15,913,MTR,191.53,174866.89,INR,12.0,Partially Delivered
TXN004193,HIST-2023-01527,2,CUST0030,DD-DNM-0016,2023-11-15,1284,MTR,234.03,300494.52,INR,12.0,Delivered
TXN005247,HIST-2023-01929,1,CUST0074,DD-CTB-0011,2023-11-15,1018,MTR,168.41,171441.38,INR,3.0,Delivered
TXN005248,HIST-2023-01929,2,CUST0074,DD-MOD-0015,2023-11-15,271,MTR,211.69,57367.99,INR,3.0,Delivered
TXN005249,HIST-2023-01929,3,CUST0074,DD-MOD-0027,2023-11-15,1073,MTR,164.43,176433.39,INR,3.0,Delivered
TXN005250,HIST-2023-01929,4,CUST0074,DD-MOD-0028,2023-11-15,269,MTR,147.69,39728.61,INR,3.0,Partially Delivered
TXN005251,HIST-2023-01929,5,CUST0074,DD-CTS-0027,2023-11-15,153,MTR,89.52,13696.56,INR,3.0,Delivered
TXN005598,HIST-2023-02058,1,CUST0023,DD-CIN-0002,2023-11-15,1249,MTR,209.85,262102.65,INR,7.0,Delivered
TXN005599,HIST-2023-02058,2,CUST0023,DD-PCS-0030,2023-11-15,274,MTR,89.05,24399.7,INR,7.0,Delivered
TXN005600,HIST-2023-02058,3,CUST0023,DD-PCS-0005,2023-11-15,2274,MTR,77.75,176803.5,INR,7.0,Delivered
TXN000108,HIST-2023-00039,1,CUST0043,DD-CTS-0007,2023-11-16,135,MTR,136.18,18384.3,INR,3.0,Delivered
TXN000109,HIST-2023-00039,2,CUST0043,DD-CTB-0032,2023-11-16,204,MTR,157.15,32058.6,INR,3.0,Partially Delivered
TXN000110,HIST-2023-00039,3,CUST0043,DD-CTB-0015,2023-11-16,302,MTR,148.6,44877.2,INR,3.0,Delivered
TXN000773,HIST-2023-00276,1,CUST0065,DD-PRB-0022,2023-11-17,1413,MTR,98.47,139138.11,INR,12.0,Delivered
TXN000774,HIST-2023-00276,2,CUST0065,DD-SAT-0022,2023-11-17,248,MTR,115.69,28691.12,INR,12.0,Partially Delivered
TXN000775,HIST-2023-00276,3,CUST0065,DD-PGT-0002,2023-11-17,757,MTR,58.71,44443.47,INR,12.0,Delivered
TXN003410,HIST-2023-01251,1,CUST0026,DD-KIR-0002,2023-11-17,75,KG,372.77,27957.75,INR,3.0,Delivered
TXN003762,HIST-2023-01369,1,CUST0096,DD-CTB-0011,2023-11-17,225,MTR,151.95,34188.75,INR,7.0,Partially Delivered
TXN003763,HIST-2023-01369,2,CUST0096,DD-CTB-0002,2023-11-17,592,MTR,146.2,86550.4,INR,7.0,Delivered
TXN007429,HIST-2023-02738,1,CUST0115,DD-KSJ-0009,2023-11-17,49,KG,334.21,16376.29,INR,7.0,Delivered
TXN007430,HIST-2023-02738,2,CUST0115,DD-KIR-0015,2023-11-17,282,KG,425.86,120092.52,INR,7.0,Delivered
TXN005241,HIST-2023-01926,1,CUST0056,DD-CTB-0023,2023-11-19,624,MTR,178.14,111159.36,INR,12.0,Delivered
TXN005242,HIST-2023-01926,2,CUST0056,DD-DNM-0020,2023-11-19,625,MTR,210.49,131556.25,INR,12.0,Delivered
TXN005815,HIST-2023-02134,1,CUST0109,DD-CTB-0017,2023-11-19,432,MTR,129.23,55827.36,INR,12.0,Delivered
TXN005816,HIST-2023-02134,2,CUST0109,DD-KSJ-0011,2023-11-19,327,KG,275.68,90147.36,INR,12.0,Delivered
TXN004316,HIST-2023-01575,1,CUST0098,DD-CDV-0024,2023-11-20,862,MTR,197.2,169986.4,INR,7.0,Delivered
TXN004317,HIST-2023-01575,2,CUST0098,DD-MOD-0024,2023-11-20,148,MTR,158.58,23469.84,INR,7.0,Delivered
TXN007372,HIST-2023-02717,1,CUST0071,DD-DNM-0002,2023-11-21,1922,MTR,226.01,434391.22,INR,7.0,Delivered
TXN007373,HIST-2023-02717,2,CUST0071,DD-MOD-0034,2023-11-21,343,MTR,266.19,91303.17,INR,7.0,Delivered
TXN007374,HIST-2023-02717,3,CUST0071,DD-MOD-0023,2023-11-21,976,MTR,161.69,157809.44,INR,7.0,Delivered
TXN005566,HIST-2023-02046,1,CUST0008,DD-CTS-0013,2023-11-22,1947,MTR,105.05,204532.35,INR,7.0,Delivered
TXN007323,HIST-2023-02696,1,CUST0073,DD-HUP-0026,2023-11-22,866,MTR,234.4,202990.4,INR,12.0,Delivered
TXN007324,HIST-2023-02696,2,CUST0073,DD-HCT-0028,2023-11-22,161,MTR,114.62,18453.82,INR,12.0,Delivered
TXN000007,HIST-2023-00005,1,CUST0029,DD-KFT-0013,2023-11-23,56,KG,266.33,14914.48,INR,7.0,Delivered
TXN000008,HIST-2023-00005,2,CUST0029,DD-KSJ-0020,2023-11-23,266,KG,275.35,73243.1,INR,7.0,Delivered
TXN000009,HIST-2023-00005,3,CUST0029,DD-CTS-0021,2023-11-23,162,MTR,71.83,11636.46,INR,7.0,Delivered
TXN000010,HIST-2023-00005,4,CUST0029,DD-CTB-0023,2023-11-23,808,MTR,180.93,146191.44,INR,7.0,Delivered
TXN003696,HIST-2023-01339,1,CUST0071,DD-MOD-0023,2023-11-23,1037,MTR,160.32,166251.84,INR,7.0,Delivered
TXN003697,HIST-2023-01339,2,CUST0071,DD-CTB-0018,2023-11-23,2237,MTR,135.43,302956.91,INR,7.0,Delivered
TXN006033,HIST-2023-02219,1,CUST0077,DD-RBL-0027,2023-11-23,338,MTR,41.86,14148.68,INR,7.0,Delivered
TXN006034,HIST-2023-02219,2,CUST0077,DD-CTS-0024,2023-11-23,253,MTR,82.86,20963.58,INR,7.0,Delivered
TXN003010,HIST-2023-01109,1,CUST0053,DD-SUT-0037,2023-11-24,1887,MTR,184.65,348434.55,INR,3.0,Delivered
TXN003011,HIST-2023-01109,2,CUST0053,DD-CTB-0018,2023-11-24,1632,MTR,146.87,239691.84,INR,3.0,Delivered
TXN000941,HIST-2023-00337,1,CUST0065,DD-MOD-0025,2023-11-25,2064,MTR,150.63,310900.32,INR,12.0,Delivered
TXN003385,HIST-2023-01242,1,CUST0053,DD-CTB-0007,2023-11-25,455,MTR,228.61,104017.55,INR,3.0,Delivered
TXN003386,HIST-2023-01242,2,CUST0053,DD-PCS-0017,2023-11-25,807,MTR,94.99,76656.93,INR,3.0,Partially Delivered
TXN003387,HIST-2023-01242,3,CUST0053,DD-SUT-0021,2023-11-25,245,MTR,248.67,60924.15,INR,3.0,Delivered
TXN003388,HIST-2023-01242,4,CUST0053,DD-CTB-0001,2023-11-25,147,MTR,160.32,23567.04,INR,3.0,Delivered
TXN004891,HIST-2023-01796,1,CUST0029,DD-CTS-0022,2023-11-25,1045,MTR,83.78,87550.1,INR,7.0,Delivered
TXN004892,HIST-2023-01796,2,CUST0029,DD-CTS-0008,2023-11-25,1336,MTR,121.8,162724.8,INR,7.0,Delivered
TXN004893,HIST-2023-01796,3,CUST0029,DD-KFT-0013,2023-11-25,146,KG,268.88,39256.48,INR,7.0,Delivered
TXN004894,HIST-2023-01796,4,CUST0029,DD-KSJ-0020,2023-11-25,139,KG,278.3,38683.7,INR,7.0,Delivered
TXN004895,HIST-2023-01796,5,CUST0029,DD-CTB-0023,2023-11-25,236,MTR,184.28,43490.08,INR,7.0,Delivered
TXN002158,HIST-2023-00796,1,CUST0112,DD-HCT-0008,2023-11-26,215,MTR,204.36,43937.4,INR,7.0,Delivered
TXN002862,HIST-2023-01054,1,CUST0028,DD-SAT-0019,2023-11-26,220,MTR,150.91,33200.2,INR,3.0,Delivered
TXN002863,HIST-2023-01054,2,CUST0028,DD-PGT-0020,2023-11-26,994,MTR,60.86,60494.84,INR,3.0,Delivered
TXN006266,HIST-2023-02298,1,CUST0034,DD-CTB-0009,2023-11-26,368,MTR,233.75,86020.0,INR,7.0,Delivered
TXN006267,HIST-2023-02298,2,CUST0034,DD-KFT-0015,2023-11-26,413,KG,244.23,100866.99,INR,7.0,Delivered
TXN006268,HIST-2023-02298,3,CUST0034,DD-KFT-0005,2023-11-26,228,KG,311.14,70939.92,INR,7.0,Delivered
TXN006742,HIST-2023-02477,1,CUST0073,DD-HUP-0008,2023-11-26,305,MTR,303.72,92634.6,INR,12.0,Delivered
TXN002864,HIST-2023-01055,1,CUST0079,DD-CTS-0014,2023-11-27,241,MTR,114.28,27541.48,INR,3.0,Delivered
TXN002865,HIST-2023-01055,2,CUST0079,DD-LIN-0009,2023-11-27,239,MTR,379.35,90664.65,INR,3.0,Delivered
TXN002866,HIST-2023-01055,3,CUST0079,DD-RBL-0011,2023-11-27,270,MTR,54.17,14625.9,INR,3.0,Delivered
TXN002867,HIST-2023-01055,4,CUST0079,DD-CIN-0027,2023-11-27,165,MTR,179.34,29591.1,INR,3.0,Delivered
TXN002868,HIST-2023-01055,5,CUST0079,DD-VSR-0019,2023-11-27,137,MTR,83.49,11438.13,INR,3.0,Delivered
TXN002869,HIST-2023-01055,6,CUST0079,DD-DNM-0004,2023-11-27,278,MTR,215.25,59839.5,INR,3.0,Delivered
TXN005923,HIST-2023-02182,1,CUST0126,DD-MOD-0022,2023-11-28,1715,MTR,208.33,357285.95,INR,7.0,Delivered
TXN005924,HIST-2023-02182,2,CUST0126,DD-MOD-0006,2023-11-28,1337,MTR,213.66,285663.42,INR,7.0,Delivered
TXN000883,HIST-2023-00314,1,CUST0002,DD-HUP-0012,2023-11-29,343,MTR,220.16,75514.88,INR,7.0,Delivered
TXN000884,HIST-2023-00314,2,CUST0002,DD-HUP-0003,2023-11-29,182,MTR,248.76,45274.32,INR,7.0,Delivered
TXN001570,HIST-2023-00573,1,CUST0056,DD-DNM-0020,2023-11-29,658,MTR,214.35,141042.3,INR,12.0,Delivered
TXN001571,HIST-2023-00573,2,CUST0056,DD-CTB-0026,2023-11-29,233,MTR,172.38,40164.54,INR,12.0,Delivered
TXN001572,HIST-2023-00573,3,CUST0056,DD-CTB-0023,2023-11-29,744,MTR,178.43,132751.92,INR,12.0,Delivered
TXN001573,HIST-2023-00573,4,CUST0056,DD-DNM-0003,2023-11-29,1175,MTR,202.72,238196.0,INR,12.0,Partially Delivered
TXN002191,HIST-2023-00807,1,CUST0001,DD-PCS-0005,2023-11-29,424,MTR,84.33,35755.92,INR,3.0,Delivered
TXN002192,HIST-2023-00807,2,CUST0001,DD-PCS-0013,2023-11-29,2034,MTR,75.49,153546.66,INR,3.0,Delivered
TXN002193,HIST-2023-00807,3,CUST0001,DD-PGT-0022,2023-11-29,330,MTR,50.45,16648.5,INR,3.0,Delivered
TXN002194,HIST-2023-00807,4,CUST0001,DD-FLN-0021,2023-11-29,204,MTR,182.23,37174.92,INR,3.0,Delivered
TXN002882,HIST-2023-01060,1,CUST0048,DD-CTB-0023,2023-11-29,700,MTR,176.43,123501.0,INR,12.0,Delivered
TXN002883,HIST-2023-01060,2,CUST0048,DD-CTB-0034,2023-11-29,805,MTR,167.5,134837.5,INR,12.0,Partially Delivered
TXN002884,HIST-2023-01060,3,CUST0048,DD-DNM-0004,2023-11-29,1502,MTR,210.99,316906.98,INR,12.0,Partially Delivered
TXN000553,HIST-2023-00199,1,CUST0033,DD-SUT-0011,2023-11-30,378,MTR,175.7,66414.6,INR,3.0,Delivered
TXN000554,HIST-2023-00199,2,CUST0033,DD-HUP-0023,2023-11-30,1847,MTR,282.76,522257.72,INR,3.0,Partially Delivered
TXN002090,HIST-2023-00767,1,CUST0047,DD-DNM-0026,2023-11-30,218,MTR,194.79,42464.22,INR,7.0,Delivered
TXN002091,HIST-2023-00767,2,CUST0047,DD-KIR-0027,2023-11-30,370,KG,364.99,135046.3,INR,7.0,Delivered
TXN002092,HIST-2023-00767,3,CUST0047,DD-CTB-0015,2023-11-30,258,MTR,135.15,34868.7,INR,7.0,Delivered
TXN002093,HIST-2023-00767,4,CUST0047,DD-KIR-0036,2023-11-30,558,KG,376.27,209958.66,INR,7.0,Delivered
TXN002714,HIST-2023-01001,1,CUST0118,DD-CIN-0021,2023-12-01,558,MTR,250.76,139924.08,INR,7.0,Delivered
TXN002715,HIST-2023-01001,2,CUST0118,DD-TWL-0010,2023-12-01,746,PCS,185.81,138614.26,INR,7.0,Delivered
TXN002716,HIST-2023-01001,3,CUST0118,DD-VSR-0019,2023-12-01,1120,MTR,80.9,90608.0,INR,7.0,Delivered
TXN002717,HIST-2023-01001,4,CUST0118,DD-TWL-0007,2023-12-01,100,PCS,231.89,23189.0,INR,7.0,Delivered
TXN002718,HIST-2023-01001,5,CUST0118,DD-CDV-0007,2023-12-01,349,MTR,180.3,62924.7,INR,7.0,Partially Delivered
TXN005939,HIST-2023-02187,1,CUST0052,DD-SUT-0009,2023-12-01,523,MTR,184.55,96519.65,INR,3.0,Delivered
TXN005940,HIST-2023-02187,2,CUST0052,DD-PCS-0007,2023-12-01,1651,MTR,89.38,147566.38,INR,3.0,Delivered
TXN005941,HIST-2023-02187,3,CUST0052,DD-CIN-0024,2023-12-01,138,MTR,259.76,35846.88,INR,3.0,Delivered
TXN001778,HIST-2023-00644,1,CUST0020,DD-CTB-0017,2023-12-02,1953,MTR,133.74,261194.22,INR,7.0,Delivered
TXN001779,HIST-2023-00644,2,CUST0020,DD-LIN-0019,2023-12-02,2184,MTR,407.8,890635.2,INR,7.0,Delivered
TXN001780,HIST-2023-00644,3,CUST0020,DD-MOD-0010,2023-12-02,231,MTR,218.49,50471.19,INR,7.0,Delivered
TXN005256,HIST-2023-01931,1,CUST0034,DD-DNM-0003,2023-12-03,306,MTR,211.99,64868.94,INR,7.0,Delivered
TXN005257,HIST-2023-01931,2,CUST0034,DD-KSJ-0005,2023-12-03,252,KG,305.16,76900.32,INR,7.0,Delivered
TXN005258,HIST-2023-01931,3,CUST0034,DD-CTB-0009,2023-12-03,228,MTR,233.1,53146.8,INR,7.0,Delivered
TXN000427,HIST-2023-00154,1,CUST0109,DD-CTS-0003,2023-12-04,1337,MTR,85.26,113992.62,INR,12.0,Delivered
TXN000428,HIST-2023-00154,2,CUST0109,DD-LIN-0001,2023-12-04,431,MTR,392.53,169180.43,INR,12.0,Partially Delivered
TXN000083,HIST-2023-00030,1,CUST0066,DD-CTB-0012,2023-12-05,780,MTR,168.76,131632.8,INR,3.0,Delivered
TXN000084,HIST-2023-00030,2,CUST0066,DD-SUT-0031,2023-12-05,132,MTR,204.96,27054.72,INR,3.0,Delivered
TXN000085,HIST-2023-00030,3,CUST0066,DD-LIN-0002,2023-12-05,354,MTR,396.93,140513.22,INR,3.0,Delivered
TXN000086,HIST-2023-00030,4,CUST0066,DD-VSR-0028,2023-12-05,810,MTR,102.45,82984.5,INR,3.0,Delivered
TXN000087,HIST-2023-00030,5,CUST0066,DD-SUT-0016,2023-12-05,1327,MTR,203.93,270615.11,INR,3.0,Delivered
TXN001502,HIST-2023-00548,1,CUST0118,DD-SAT-0032,2023-12-05,724,MTR,76.72,55545.28,INR,7.0,Delivered
TXN001503,HIST-2023-00548,2,CUST0118,DD-BDS-0017,2023-12-05,131,MTR,189.56,24832.36,INR,7.0,Delivered
TXN001504,HIST-2023-00548,3,CUST0118,DD-TWL-0007,2023-12-05,800,PCS,231.53,185224.0,INR,7.0,Delivered
TXN001505,HIST-2023-00548,4,CUST0118,DD-TWL-0010,2023-12-05,1015,PCS,183.75,186506.25,INR,7.0,Delivered
TXN001506,HIST-2023-00548,5,CUST0118,DD-VSR-0019,2023-12-05,338,MTR,79.57,26894.66,INR,7.0,Partially Delivered
TXN006645,HIST-2023-02440,1,CUST0067,DD-HCT-0005,2023-12-05,317,MTR,118.51,37567.67,INR,12.0,Delivered
TXN006646,HIST-2023-02440,2,CUST0067,DD-BDS-0029,2023-12-05,222,MTR,198.91,44158.02,INR,12.0,Delivered
TXN006952,HIST-2023-02560,1,CUST0118,DD-SUT-0019,2023-12-05,349,MTR,245.44,85658.56,INR,7.0,Delivered
TXN006953,HIST-2023-02560,2,CUST0118,DD-SAT-0032,2023-12-05,1128,MTR,76.48,86269.44,INR,7.0,Delivered
TXN006954,HIST-2023-02560,3,CUST0118,DD-TWL-0007,2023-12-05,307,PCS,230.53,70772.71,INR,7.0,Delivered
TXN006955,HIST-2023-02560,4,CUST0118,DD-VSR-0019,2023-12-05,406,MTR,79.85,32419.1,INR,7.0,Delivered
TXN007065,HIST-2023-02598,1,CUST0068,DD-HUP-0016,2023-12-05,1046,MTR,311.17,325483.82,INR,3.0,Partially Delivered
TXN007066,HIST-2023-02598,2,CUST0068,DD-TWL-0014,2023-12-05,93,PCS,207.45,19292.85,INR,3.0,Delivered
TXN007067,HIST-2023-02598,3,CUST0068,DD-HUP-0014,2023-12-05,256,MTR,233.39,59747.84,INR,3.0,Delivered
TXN007068,HIST-2023-02598,4,CUST0068,DD-DNM-0004,2023-12-05,277,MTR,224.2,62103.4,INR,3.0,Delivered
TXN007069,HIST-2023-02598,5,CUST0068,DD-CDV-0029,2023-12-05,2076,MTR,170.04,353003.04,INR,3.0,Delivered
TXN005167,HIST-2023-01897,1,CUST0068,DD-HUP-0014,2023-12-06,335,MTR,235.57,78915.95,INR,3.0,Delivered
TXN006282,HIST-2023-02303,1,CUST0128,DD-CTB-0020,2023-12-06,1208,MTR,213.94,258439.52,INR,3.0,Delivered
TXN006283,HIST-2023-02303,2,CUST0128,DD-DNM-0027,2023-12-06,1349,MTR,208.57,281360.93,INR,3.0,Delivered
TXN007035,HIST-2023-02587,1,CUST0047,DD-KSJ-0023,2023-12-09,259,KG,379.45,98277.55,INR,7.0,Delivered
TXN001535,HIST-2023-00559,1,CUST0030,DD-KFT-0009,2023-12-10,379,KG,356.76,135212.04,INR,12.0,Partially Delivered
TXN001536,HIST-2023-00559,2,CUST0030,DD-KSJ-0011,2023-12-10,360,KG,266.04,95774.4,INR,12.0,Delivered
TXN002076,HIST-2023-00762,1,CUST0006,DD-LIN-0009,2023-12-10,1700,MTR,387.09,658053.0,INR,7.0,Delivered
TXN002077,HIST-2023-00762,2,CUST0006,DD-DNM-0034,2023-12-10,414,MTR,260.39,107801.46,INR,7.0,Delivered
TXN003989,HIST-2023-01460,1,CUST0040,DD-PGT-0037,2023-12-10,185,MTR,66.32,12269.2,INR,12.0,Delivered
TXN003990,HIST-2023-01460,2,CUST0040,DD-SAT-0001,2023-12-10,1036,MTR,167.88,173923.68,INR,12.0,Delivered
TXN003991,HIST-2023-01460,3,CUST0040,DD-LIN-0008,2023-12-10,1921,MTR,309.2,593973.2,INR,12.0,Delivered
TXN003992,HIST-2023-01460,4,CUST0040,DD-LIN-0012,2023-12-10,1468,MTR,366.86,538550.48,INR,12.0,Delivered
TXN003993,HIST-2023-01460,5,CUST0040,DD-PRB-0005,2023-12-10,166,MTR,113.02,18761.32,INR,12.0,Delivered
TXN005849,HIST-2023-02145,1,CUST0116,DD-DNM-0029,2023-12-10,1067,MTR,282.83,301779.61,INR,7.0,Delivered
TXN005850,HIST-2023-02145,2,CUST0116,DD-HCT-0008,2023-12-10,1510,MTR,209.02,315620.2,INR,7.0,Partially Delivered
TXN005831,HIST-2023-02140,1,CUST0073,DD-BDS-0002,2023-12-12,373,MTR,208.28,77688.44,INR,12.0,Delivered
TXN005832,HIST-2023-02140,2,CUST0073,DD-HUP-0008,2023-12-12,1363,MTR,312.26,425610.38,INR,12.0,Delivered
TXN005833,HIST-2023-02140,3,CUST0073,DD-HUP-0026,2023-12-12,870,MTR,235.79,205137.3,INR,12.0,Delivered
TXN005834,HIST-2023-02140,4,CUST0073,DD-HCT-0028,2023-12-12,568,MTR,113.46,64445.28,INR,12.0,Delivered
TXN005835,HIST-2023-02140,5,CUST0073,DD-TWL-0024,2023-12-12,1668,PCS,185.73,309797.64,INR,12.0,Delivered
TXN000200,HIST-2023-00073,1,CUST0030,DD-KSJ-0007,2023-12-13,336,KG,294.71,99022.56,INR,12.0,Delivered
TXN000201,HIST-2023-00073,2,CUST0030,DD-KIR-0007,2023-12-13,107,KG,342.35,36631.45,INR,12.0,Partially Delivered
TXN000202,HIST-2023-00073,3,CUST0030,DD-KIR-0013,2023-12-13,290,KG,419.81,121744.9,INR,12.0,Delivered
TXN005756,HIST-2023-02114,1,CUST0056,DD-CTS-0018,2023-12-13,352,MTR,78.82,27744.64,INR,12.0,Delivered
TXN007224,HIST-2023-02655,1,CUST0052,DD-FLN-0025,2023-12-15,335,MTR,166.75,55861.25,INR,3.0,Delivered
TXN007225,HIST-2023-02655,2,CUST0052,DD-PCS-0011,2023-12-15,883,MTR,76.66,67690.78,INR,3.0,Delivered
TXN000205,HIST-2023-00075,1,CUST0056,DD-DNM-0028,2023-12-16,2132,MTR,196.05,417978.6,INR,12.0,Delivered
TXN000206,HIST-2023-00075,2,CUST0056,DD-CTB-0033,2023-12-16,605,MTR,184.14,111404.7,INR,12.0,Delivered
TXN000338,HIST-2023-00120,1,CUST0112,DD-HCT-0038,2023-12-16,141,MTR,188.28,26547.48,INR,7.0,Delivered
TXN006338,HIST-2023-02323,1,CUST0070,DD-FLN-0010,2023-12-16,473,MTR,177.13,83782.49,INR,3.0,Delivered
TXN006339,HIST-2023-02323,2,CUST0070,DD-PRB-0035,2023-12-16,205,MTR,153.46,31459.3,INR,3.0,Delivered
TXN006353,HIST-2023-02332,1,CUST0053,DD-PCS-0005,2023-12-18,541,MTR,80.19,43382.79,INR,3.0,Partially Delivered
TXN006354,HIST-2023-02332,2,CUST0053,DD-PCS-0017,2023-12-18,912,MTR,95.09,86722.08,INR,3.0,Delivered
TXN002977,HIST-2023-01094,1,CUST0067,DD-HCT-0002,2023-12-19,214,MTR,119.84,25645.76,INR,12.0,Delivered
TXN002978,HIST-2023-01094,2,CUST0067,DD-BDS-0029,2023-12-19,365,MTR,196.92,71875.8,INR,12.0,Delivered
TXN002979,HIST-2023-01094,3,CUST0067,DD-CIN-0014,2023-12-19,747,MTR,206.43,154203.21,INR,12.0,Delivered
TXN004753,HIST-2023-01747,1,CUST0114,DD-FLN-0012,2023-12-20,967,MTR,118.95,115024.65,INR,12.0,Delivered
TXN003705,HIST-2023-01344,1,CUST0059,DD-SUT-0018,2023-12-21,574,MTR,183.78,105489.72,INR,12.0,Delivered
TXN003706,HIST-2023-01344,2,CUST0059,DD-CTB-0023,2023-12-21,1354,MTR,176.73,239292.42,INR,12.0,Partially Delivered
TXN001144,HIST-2023-00415,1,CUST0099,DD-CIN-0007,2023-12-22,750,MTR,224.99,168742.5,INR,7.0,Delivered
TXN001145,HIST-2023-00415,2,CUST0099,DD-SUT-0029,2023-12-22,139,MTR,196.02,27246.78,INR,7.0,Delivered
TXN001146,HIST-2023-00415,3,CUST0099,DD-HUP-0005,2023-12-22,724,MTR,301.0,217924.0,INR,7.0,Delivered
TXN001147,HIST-2023-00415,4,CUST0099,DD-KSJ-0002,2023-12-22,82,KG,442.65,36297.3,INR,7.0,Delivered
TXN003329,HIST-2023-01217,1,CUST0076,DD-CTS-0014,2023-12-22,137,MTR,111.34,15253.58,INR,7.0,Delivered
TXN003710,HIST-2023-01346,1,CUST0025,DD-CTB-0029,2023-12-22,274,MTR,159.84,43796.16,INR,3.0,Delivered
TXN003711,HIST-2023-01346,2,CUST0025,DD-MOD-0032,2023-12-22,201,MTR,278.9,56058.9,INR,3.0,Delivered
TXN006421,HIST-2023-02357,1,CUST0095,DD-CIN-0005,2023-12-22,1005,MTR,191.39,192346.95,INR,7.0,Delivered
TXN006422,HIST-2023-02357,2,CUST0095,DD-CIN-0023,2023-12-22,229,MTR,264.18,60497.22,INR,7.0,Delivered
TXN006423,HIST-2023-02357,3,CUST0095,DD-HUP-0006,2023-12-22,1024,MTR,319.06,326717.44,INR,7.0,Delivered
TXN006424,HIST-2023-02357,4,CUST0095,DD-HUP-0030,2023-12-22,722,MTR,246.69,178110.18,INR,7.0,Delivered
TXN006779,HIST-2023-02491,1,CUST0125,DD-KIR-0036,2023-12-23,504,KG,359.61,181243.44,INR,7.0,Delivered
TXN002760,HIST-2023-01020,1,CUST0098,DD-CIN-0014,2023-12-24,500,MTR,205.97,102985.0,INR,7.0,Delivered
TXN002761,HIST-2023-01020,2,CUST0098,DD-RBL-0002,2023-12-24,280,MTR,43.83,12272.4,INR,7.0,Delivered
TXN002762,HIST-2023-01020,3,CUST0098,DD-PCS-0022,2023-12-24,1426,MTR,81.76,116589.76,INR,7.0,Delivered
TXN003539,HIST-2023-01292,1,CUST0091,DD-KIR-0025,2023-12-24,432,KG,343.96,148590.72,INR,12.0,Delivered
TXN003540,HIST-2023-01292,2,CUST0091,DD-KFT-0001,2023-12-24,150,KG,305.96,45894.0,INR,12.0,Delivered
TXN003541,HIST-2023-01292,3,CUST0091,DD-KFT-0024,2023-12-24,401,KG,293.17,117561.17,INR,12.0,Delivered
TXN003542,HIST-2023-01292,4,CUST0091,DD-CTB-0012,2023-12-24,1504,MTR,155.01,233135.04,INR,12.0,Delivered
TXN003543,HIST-2023-01292,5,CUST0091,DD-KIR-0006,2023-12-24,175,KG,364.98,63871.5,INR,12.0,Delivered
TXN003544,HIST-2023-01292,6,CUST0091,DD-CTB-0006,2023-12-24,136,MTR,194.4,26438.4,INR,12.0,Delivered
TXN000586,HIST-2023-00210,1,CUST0095,DD-HCT-0034,2023-12-25,152,MTR,200.46,30469.92,INR,7.0,Delivered
TXN000587,HIST-2023-00210,2,CUST0095,DD-CIN-0006,2023-12-25,803,MTR,194.63,156287.89,INR,7.0,Delivered
TXN000588,HIST-2023-00210,3,CUST0095,DD-HUP-0024,2023-12-25,1863,MTR,272.36,507406.68,INR,7.0,Delivered
TXN000589,HIST-2023-00210,4,CUST0095,DD-TWL-0019,2023-12-25,109,PCS,203.65,22197.85,INR,7.0,Delivered
TXN000905,HIST-2023-00320,1,CUST0136,DD-VSR-0015,2023-12-25,605,MTR,75.78,45846.9,INR,12.0,Delivered
TXN000906,HIST-2023-00320,2,CUST0136,DD-CDV-0010,2023-12-25,153,MTR,211.3,32328.9,INR,12.0,Delivered
TXN003791,HIST-2023-01385,1,CUST0047,DD-KFT-0003,2023-12-25,47,KG,300.7,14132.9,INR,7.0,Delivered
TXN003792,HIST-2023-01385,2,CUST0047,DD-KIR-0019,2023-12-25,46,KG,349.33,16069.18,INR,7.0,Delivered
TXN003793,HIST-2023-01385,3,CUST0047,DD-KIR-0027,2023-12-25,242,KG,365.0,88330.0,INR,7.0,Partially Delivered
TXN003001,HIST-2023-01104,1,CUST0098,DD-RBL-0002,2023-12-26,698,MTR,44.0,30712.0,INR,7.0,Delivered
TXN003002,HIST-2023-01104,2,CUST0098,DD-CDV-0027,2023-12-26,535,MTR,167.42,89569.7,INR,7.0,Delivered
TXN003003,HIST-2023-01104,3,CUST0098,DD-LIN-0013,2023-12-26,274,MTR,390.74,107062.76,INR,7.0,Partially Delivered
TXN004388,HIST-2023-01606,1,CUST0069,DD-BDS-0004,2023-12-26,304,MTR,149.96,45587.84,INR,7.0,Delivered
TXN005573,HIST-2023-02050,1,CUST0079,DD-RBL-0011,2023-12-26,397,MTR,54.75,21735.75,INR,3.0,Delivered
TXN005574,HIST-2023-02050,2,CUST0079,DD-DNM-0004,2023-12-26,343,MTR,212.83,73000.69,INR,3.0,Delivered
TXN006317,HIST-2023-02316,1,CUST0115,DD-KIR-0033,2023-12-29,428,KG,378.25,161891.0,INR,7.0,Delivered
TXN006318,HIST-2023-02316,2,CUST0115,DD-KIR-0015,2023-12-29,49,KG,434.89,21309.61,INR,7.0,Delivered
TXN006319,HIST-2023-02316,3,CUST0115,DD-CTS-0009,2023-12-29,171,MTR,130.58,22329.18,INR,7.0,Delivered
TXN006320,HIST-2023-02316,4,CUST0115,DD-DNM-0025,2023-12-29,639,MTR,207.89,132841.71,INR,7.0,Delivered
TXN002268,HIST-2023-00834,1,CUST0070,DD-VSR-0024,2023-12-30,220,MTR,103.81,22838.2,INR,3.0,Delivered
TXN002269,HIST-2023-00834,2,CUST0070,DD-CTB-0003,2023-12-30,228,MTR,163.09,37184.52,INR,3.0,Delivered
TXN002270,HIST-2023-00834,3,CUST0070,DD-LIN-0012,2023-12-30,1910,MTR,409.29,781743.9,INR,3.0,Delivered
TXN002271,HIST-2023-00834,4,CUST0070,DD-PRB-0035,2023-12-30,422,MTR,154.76,65308.72,INR,3.0,Delivered
TXN002272,HIST-2023-00834,5,CUST0070,DD-FLN-0010,2023-12-30,1033,MTR,175.53,181322.49,INR,3.0,Delivered
TXN003316,HIST-2023-01214,1,CUST0022,DD-TWL-0017,2023-12-30,113,PCS,205.07,23172.91,INR,7.0,Delivered
TXN003317,HIST-2023-01214,2,CUST0022,DD-LIN-0014,2023-12-30,1463,MTR,384.56,562611.28,INR,7.0,Delivered
TXN003318,HIST-2023-01214,3,CUST0022,DD-SUT-0028,2023-12-30,140,MTR,201.44,28201.6,INR,7.0,Delivered
TXN003319,HIST-2023-01214,4,CUST0022,DD-FLN-0010,2023-12-30,221,MTR,166.23,36736.83,INR,7.0,Delivered
TXN003320,HIST-2023-01214,5,CUST0022,DD-HCT-0038,2023-12-30,901,MTR,177.38,159819.38,INR,7.0,Partially Delivered
TXN003321,HIST-2023-01214,6,CUST0022,DD-RBL-0008,2023-12-30,960,MTR,56.46,54201.6,INR,7.0,Delivered
TXN006332,HIST-2023-02321,1,CUST0117,DD-KIR-0014,2023-12-30,168,KG,491.34,82545.12,INR,3.0,Delivered
TXN006333,HIST-2023-02321,2,CUST0117,DD-PRB-0040,2023-12-30,669,MTR,139.67,93439.23,INR,3.0,Delivered
TXN006977,HIST-2023-02568,1,CUST0002,DD-HUP-0003,2023-12-30,678,MTR,248.94,168781.32,INR,7.0,Delivered
TXN006978,HIST-2023-02568,2,CUST0002,DD-HUP-0012,2023-12-30,437,MTR,221.19,96660.03,INR,7.0,Delivered
TXN003785,HIST-2023-01382,1,CUST0073,DD-CIN-0017,2023-12-31,448,MTR,238.75,106960.0,INR,12.0,Delivered
TXN003786,HIST-2023-01382,2,CUST0073,DD-HUP-0008,2023-12-31,1306,MTR,312.7,408386.2,INR,12.0,Delivered
TXN004712,HIST-2023-01731,1,CUST0098,DD-FLN-0027,2023-12-31,431,MTR,156.7,67537.7,INR,7.0,Delivered
TXN004236,HIST-2024-01545,1,CUST0121,DD-TWL-0027,2024-01-01,1344,PCS,188.8,253747.2,INR,12.0,Delivered
TXN004237,HIST-2024-01545,2,CUST0121,DD-HCT-0006,2024-01-01,254,MTR,196.84,49997.36,INR,12.0,Delivered
TXN004238,HIST-2024-01545,3,CUST0121,DD-TWL-0002,2024-01-01,1435,PCS,182.76,262260.6,INR,12.0,Delivered
TXN004239,HIST-2024-01545,4,CUST0121,DD-BDS-0034,2024-01-01,2174,MTR,148.76,323404.24,INR,12.0,Delivered
TXN005511,HIST-2024-02023,1,CUST0081,DD-LIN-0027,2024-01-01,1125,MTR,245.3,275962.5,INR,7.0,Delivered
TXN005512,HIST-2024-02023,2,CUST0081,DD-LIN-0035,2024-01-01,550,MTR,265.89,146239.5,INR,7.0,Delivered
TXN005513,HIST-2024-02023,3,CUST0081,DD-PGT-0008,2024-01-01,206,MTR,65.43,13478.58,INR,7.0,Delivered
TXN005514,HIST-2024-02023,4,CUST0081,DD-LIN-0028,2024-01-01,451,MTR,236.27,106557.77,INR,7.0,Delivered
TXN005515,HIST-2024-02023,5,CUST0081,DD-SAT-0021,2024-01-01,344,MTR,132.73,45659.12,INR,7.0,Delivered
TXN005086,HIST-2024-01867,1,CUST0103,DD-MOD-0028,2024-01-02,234,MTR,142.69,33389.46,INR,3.0,Delivered
TXN005087,HIST-2024-01867,2,CUST0103,DD-DNM-0019,2024-01-02,1041,MTR,250.56,260832.96,INR,3.0,Delivered
TXN005088,HIST-2024-01867,3,CUST0103,DD-MOD-0016,2024-01-02,178,MTR,242.07,43088.46,INR,3.0,Delivered
TXN005089,HIST-2024-01867,4,CUST0103,DD-CTB-0006,2024-01-02,497,MTR,216.86,107779.42,INR,3.0,Partially Delivered
TXN005666,HIST-2024-02081,1,CUST0103,DD-MOD-0016,2024-01-02,1885,MTR,245.24,462277.4,INR,3.0,Delivered
TXN005667,HIST-2024-02081,2,CUST0103,DD-MOD-0010,2024-01-02,643,MTR,232.78,149677.54,INR,3.0,Partially Delivered
TXN005668,HIST-2024-02081,3,CUST0103,DD-CTS-0006,2024-01-02,1067,MTR,123.65,131934.55,INR,3.0,Delivered
TXN005285,HIST-2024-01941,1,CUST0021,DD-CIN-0024,2024-01-03,223,MTR,267.17,59578.91,INR,3.0,Delivered
TXN006013,HIST-2024-02211,1,CUST0047,DD-KIR-0034,2024-01-03,543,KG,439.08,238420.44,INR,7.0,Partially Delivered
TXN006014,HIST-2024-02211,2,CUST0047,DD-KFT-0003,2024-01-03,428,KG,307.22,131490.16,INR,7.0,Delivered
TXN006015,HIST-2024-02211,3,CUST0047,DD-KFT-0009,2024-01-03,44,KG,381.05,16766.2,INR,7.0,Delivered
TXN006016,HIST-2024-02211,4,CUST0047,DD-KIR-0017,2024-01-03,194,KG,438.82,85131.08,INR,7.0,Delivered
TXN006017,HIST-2024-02211,5,CUST0047,DD-CTB-0015,2024-01-03,1388,MTR,134.79,187088.52,INR,7.0,Delivered
TXN000710,HIST-2024-00252,1,CUST0073,DD-HCT-0028,2024-01-04,475,MTR,114.64,54454.0,INR,12.0,Delivered
TXN000711,HIST-2024-00252,2,CUST0073,DD-HUP-0008,2024-01-04,306,MTR,309.51,94710.06,INR,12.0,Delivered
TXN001799,HIST-2024-00651,1,CUST0063,DD-KFT-0002,2024-01-04,45,KG,297.96,13408.2,INR,7.0,Partially Delivered
TXN002135,HIST-2024-00788,1,CUST0060,DD-KFT-0029,2024-01-04,88,KG,237.53,20902.64,INR,12.0,Delivered
TXN002136,HIST-2024-00788,2,CUST0060,DD-CTB-0012,2024-01-04,382,MTR,157.91,60321.62,INR,12.0,Delivered
TXN002137,HIST-2024-00788,3,CUST0060,DD-KSJ-0015,2024-01-04,48,KG,282.23,13547.04,INR,12.0,Partially Delivered
TXN006452,HIST-2024-02368,1,CUST0097,DD-MOD-0005,2024-01-04,145,MTR,226.71,32872.95,INR,3.0,Delivered
TXN006453,HIST-2024-02368,2,CUST0097,DD-VSR-0008,2024-01-04,444,MTR,86.6,38450.4,INR,3.0,Delivered
TXN006454,HIST-2024-02368,3,CUST0097,DD-VSR-0012,2024-01-04,341,MTR,82.18,28023.38,INR,3.0,Delivered
TXN000366,HIST-2024-00132,1,CUST0003,DD-CIN-0001,2024-01-05,391,MTR,210.13,82160.83,INR,7.0,Delivered
TXN000367,HIST-2024-00132,2,CUST0003,DD-PCS-0033,2024-01-05,269,MTR,92.02,24753.38,INR,7.0,Delivered
TXN001075,HIST-2024-00386,1,CUST0038,DD-HUP-0004,2024-01-05,217,MTR,278.33,60397.61,INR,12.0,Delivered
TXN001076,HIST-2024-00386,2,CUST0038,DD-TWL-0010,2024-01-05,1300,PCS,168.75,219375.0,INR,12.0,Delivered
TXN004696,HIST-2024-01727,1,CUST0115,DD-KIR-0035,2024-01-05,132,KG,460.81,60826.92,INR,7.0,Delivered
TXN002381,HIST-2024-00876,1,CUST0002,DD-HUP-0003,2024-01-06,186,MTR,248.83,46282.38,INR,7.0,Delivered
TXN002382,HIST-2024-00876,2,CUST0002,DD-HUP-0012,2024-01-06,442,MTR,223.34,98716.28,INR,7.0,Delivered
TXN002383,HIST-2024-00876,3,CUST0002,DD-CIN-0003,2024-01-06,1280,MTR,202.01,258572.8,INR,7.0,Delivered
TXN002384,HIST-2024-00876,4,CUST0002,DD-HUP-0017,2024-01-06,289,MTR,281.81,81443.09,INR,7.0,Delivered
TXN003605,HIST-2024-01309,1,CUST0031,DD-KFT-0011,2024-01-06,303,KG,385.03,116664.09,INR,7.0,Delivered
TXN000834,HIST-2024-00295,1,CUST0007,DD-CTS-0017,2024-01-07,476,MTR,87.27,41540.52,INR,7.0,Delivered
TXN004247,HIST-2024-01548,1,CUST0083,DD-KIR-0019,2024-01-07,340,KG,358.48,121883.2,INR,3.0,Delivered
TXN004248,HIST-2024-01548,2,CUST0083,DD-CTS-0007,2024-01-07,879,MTR,130.39,114612.81,INR,3.0,Delivered
TXN005372,HIST-2024-01970,1,CUST0018,DD-CTB-0023,2024-01-07,1671,MTR,183.24,306194.04,INR,7.0,Delivered
TXN006096,HIST-2024-02239,1,CUST0069,DD-LIN-0012,2024-01-07,376,MTR,396.27,148997.52,INR,7.0,Delivered
TXN006097,HIST-2024-02239,2,CUST0069,DD-CTS-0019,2024-01-07,224,MTR,86.21,19311.04,INR,7.0,Delivered
TXN006098,HIST-2024-02239,3,CUST0069,DD-CDV-0007,2024-01-07,235,MTR,181.52,42657.2,INR,7.0,Delivered
TXN002522,HIST-2024-00929,1,CUST0095,DD-HCT-0034,2024-01-08,272,MTR,199.73,54326.56,INR,7.0,Delivered
TXN004053,HIST-2024-01478,1,CUST0058,DD-CTB-0028,2024-01-08,682,MTR,162.53,110845.46,INR,7.0,Cancelled
TXN004054,HIST-2024-01478,2,CUST0058,DD-KFT-0001,2024-01-08,461,KG,322.66,148746.26,INR,7.0,Delivered
TXN004055,HIST-2024-01478,3,CUST0058,DD-KFT-0024,2024-01-08,548,KG,317.44,173957.12,INR,7.0,Delivered
TXN004056,HIST-2024-01478,4,CUST0058,DD-CTB-0031,2024-01-08,296,MTR,146.87,43473.52,INR,7.0,Delivered
TXN004057,HIST-2024-01478,5,CUST0058,DD-CTB-0024,2024-01-08,468,MTR,176.63,82662.84,INR,7.0,Delivered
TXN005327,HIST-2024-01957,1,CUST0070,DD-VSR-0024,2024-01-08,182,MTR,105.42,19186.44,INR,3.0,Delivered
TXN005328,HIST-2024-01957,2,CUST0070,DD-CTB-0003,2024-01-08,1867,MTR,165.9,309735.3,INR,3.0,Delivered
TXN005329,HIST-2024-01957,3,CUST0070,DD-PRB-0035,2024-01-08,1717,MTR,154.21,264778.57,INR,3.0,Delivered
TXN005330,HIST-2024-01957,4,CUST0070,DD-LIN-0012,2024-01-08,225,MTR,403.32,90747.0,INR,3.0,Delivered
TXN005331,HIST-2024-01957,5,CUST0070,DD-LIN-0003,2024-01-08,275,MTR,406.25,111718.75,INR,3.0,Delivered
TXN005332,HIST-2024-01957,6,CUST0070,DD-FLN-0010,2024-01-08,1290,MTR,176.99,228317.1,INR,3.0,Delivered
TXN007181,HIST-2024-02640,1,CUST0044,DD-BDS-0026,2024-01-08,946,MTR,212.52,201043.92,INR,7.0,Delivered
TXN007182,HIST-2024-02640,2,CUST0044,DD-HCT-0016,2024-01-08,840,MTR,154.62,129880.8,INR,7.0,Delivered
TXN007183,HIST-2024-02640,3,CUST0044,DD-TWL-0019,2024-01-08,1496,PCS,204.62,306111.52,INR,7.0,Delivered
TXN004293,HIST-2024-01563,1,CUST0052,DD-CIN-0028,2024-01-09,589,MTR,175.08,103122.12,INR,3.0,Partially Delivered
TXN004294,HIST-2024-01563,2,CUST0052,DD-FLN-0025,2024-01-09,1097,MTR,168.09,184394.73,INR,3.0,Delivered
TXN004404,HIST-2024-01612,1,CUST0109,DD-LIN-0034,2024-01-09,822,MTR,257.32,211517.04,INR,12.0,Delivered
TXN004405,HIST-2024-01612,2,CUST0109,DD-CTB-0017,2024-01-09,132,MTR,132.84,17534.88,INR,12.0,Delivered
TXN004406,HIST-2024-01612,3,CUST0109,DD-MOD-0017,2024-01-09,293,MTR,219.12,64202.16,INR,12.0,Delivered
TXN004407,HIST-2024-01612,4,CUST0109,DD-MOD-0004,2024-01-09,233,MTR,193.73,45139.09,INR,12.0,Delivered
TXN006622,HIST-2024-02429,1,CUST0116,DD-SUT-0028,2024-01-09,267,MTR,192.85,51490.95,INR,7.0,Delivered
TXN006623,HIST-2024-02429,2,CUST0116,DD-CDV-0006,2024-01-09,465,MTR,184.93,85992.45,INR,7.0,Delivered
TXN001283,HIST-2024-00463,1,CUST0047,DD-KFT-0009,2024-01-11,145,KG,372.97,54080.65,INR,7.0,Delivered
TXN004499,HIST-2024-01655,1,CUST0011,DD-SAT-0021,2024-01-12,1529,MTR,134.74,206017.46,INR,7.0,Delivered
TXN004500,HIST-2024-01655,2,CUST0011,DD-SAT-0031,2024-01-12,361,MTR,80.97,29230.17,INR,7.0,Delivered
TXN004501,HIST-2024-01655,3,CUST0011,DD-DNM-0032,2024-01-12,870,MTR,264.17,229827.9,INR,7.0,Delivered
TXN001557,HIST-2024-00569,1,CUST0106,DD-FLN-0014,2024-01-13,442,MTR,108.86,48116.12,INR,7.0,Delivered
TXN001558,HIST-2024-00569,2,CUST0106,DD-SUT-0019,2024-01-13,137,MTR,232.03,31788.11,INR,7.0,Delivered
TXN001559,HIST-2024-00569,3,CUST0106,DD-CTB-0017,2024-01-13,941,MTR,142.76,134337.16,INR,7.0,Delivered
TXN001560,HIST-2024-00569,4,CUST0106,DD-PCS-0007,2024-01-13,1267,MTR,84.7,107314.9,INR,7.0,Delivered
TXN001561,HIST-2024-00569,5,CUST0106,DD-CTB-0030,2024-01-13,1316,MTR,155.78,205006.48,INR,7.0,Delivered
TXN001562,HIST-2024-00569,6,CUST0106,DD-CIN-0021,2024-01-13,1416,MTR,242.88,343918.08,INR,7.0,Delivered
TXN001826,HIST-2024-00662,1,CUST0047,DD-KIR-0019,2024-01-13,285,KG,353.68,100798.8,INR,7.0,Delivered
TXN001827,HIST-2024-00662,2,CUST0047,DD-CTB-0013,2024-01-13,2178,MTR,157.66,343383.48,INR,7.0,Delivered
TXN001828,HIST-2024-00662,3,CUST0047,DD-KFT-0003,2024-01-13,300,KG,307.55,92265.0,INR,7.0,Delivered
TXN004928,HIST-2024-01808,1,CUST0062,DD-DNM-0022,2024-01-13,425,MTR,181.22,77018.5,INR,12.0,Delivered
TXN001998,HIST-2024-00731,1,CUST0004,DD-CTS-0022,2024-01-14,2275,MTR,92.23,209823.25,INR,3.0,Delivered
TXN001999,HIST-2024-00731,2,CUST0004,DD-DNM-0029,2024-01-14,1073,MTR,313.06,335913.38,INR,3.0,Delivered
TXN002000,HIST-2024-00731,3,CUST0004,DD-LIN-0013,2024-01-14,278,MTR,382.65,106376.7,INR,3.0,Partially Delivered
TXN002001,HIST-2024-00731,4,CUST0004,DD-DNM-0027,2024-01-14,514,MTR,201.75,103699.5,INR,3.0,Delivered
TXN004217,HIST-2024-01539,1,CUST0030,DD-KSJ-0007,2024-01-14,398,KG,302.15,120255.7,INR,12.0,Delivered
TXN005916,HIST-2024-02178,1,CUST0095,DD-HUP-0024,2024-01-14,564,MTR,274.7,154930.8,INR,7.0,Partially Delivered
TXN007236,HIST-2024-02660,1,CUST0062,DD-LIN-0009,2024-01-14,617,MTR,343.52,211951.84,INR,12.0,Delivered
TXN007237,HIST-2024-02660,2,CUST0062,DD-LIN-0010,2024-01-14,948,MTR,361.43,342635.64,INR,12.0,Partially Delivered
TXN003809,HIST-2024-01391,1,CUST0073,DD-CIN-0008,2024-01-15,2288,MTR,217.08,496679.04,INR,12.0,Delivered
TXN004441,HIST-2024-01627,1,CUST0047,DD-DNM-0026,2024-01-15,169,MTR,196.22,33161.18,INR,7.0,Partially Delivered
TXN004442,HIST-2024-01627,2,CUST0047,DD-KSJ-0023,2024-01-15,175,KG,374.3,65502.5,INR,7.0,Delivered
TXN004542,HIST-2024-01674,1,CUST0110,DD-CIN-0025,2024-01-15,462,MTR,259.67,119967.54,INR,3.0,Delivered
TXN004543,HIST-2024-01674,2,CUST0110,DD-PCS-0027,2024-01-15,1511,MTR,95.35,144073.85,INR,3.0,Delivered
TXN004544,HIST-2024-01674,3,CUST0110,DD-CIN-0003,2024-01-15,1514,MTR,216.15,327251.1,INR,3.0,Delivered
TXN004805,HIST-2024-01767,1,CUST0072,DD-KFT-0023,2024-01-15,47,KG,346.32,16277.04,INR,12.0,Cancelled
TXN004806,HIST-2024-01767,2,CUST0072,DD-TWL-0018,2024-01-15,175,PCS,196.81,34441.75,INR,12.0,Delivered
TXN001991,HIST-2024-00729,1,CUST0103,DD-MOD-0010,2024-01-16,169,MTR,232.31,39260.39,INR,3.0,Delivered
TXN001992,HIST-2024-00729,2,CUST0103,DD-CTB-0029,2024-01-16,1001,MTR,173.66,173833.66,INR,3.0,Delivered
TXN001993,HIST-2024-00729,3,CUST0103,DD-DNM-0019,2024-01-16,1551,MTR,249.87,387548.37,INR,3.0,Delivered
TXN002915,HIST-2024-01071,1,CUST0043,DD-CTS-0007,2024-01-17,390,MTR,136.54,53250.6,INR,3.0,Delivered
TXN002916,HIST-2024-01071,2,CUST0043,DD-DNM-0024,2024-01-17,299,MTR,204.85,61250.15,INR,3.0,Delivered
TXN003615,HIST-2024-01313,1,CUST0083,DD-CTB-0026,2024-01-17,134,MTR,185.67,24879.78,INR,3.0,Delivered
TXN003616,HIST-2024-01313,2,CUST0083,DD-DNM-0034,2024-01-17,499,MTR,277.46,138452.54,INR,3.0,Delivered
TXN003617,HIST-2024-01313,3,CUST0083,DD-DNM-0032,2024-01-17,144,MTR,294.27,42374.88,INR,3.0,Delivered
TXN003618,HIST-2024-01313,4,CUST0083,DD-CTB-0008,2024-01-17,259,MTR,234.96,60854.64,INR,3.0,Delivered
TXN003619,HIST-2024-01313,5,CUST0083,DD-CTS-0026,2024-01-17,1010,MTR,96.93,97899.3,INR,3.0,Delivered
TXN004601,HIST-2024-01695,1,CUST0132,DD-DNM-0005,2024-01-17,835,MTR,214.53,179132.55,INR,7.0,Delivered
TXN004602,HIST-2024-01695,2,CUST0132,DD-MOD-0029,2024-01-17,771,MTR,159.77,123182.67,INR,7.0,Delivered
TXN004603,HIST-2024-01695,3,CUST0132,DD-DNM-0030,2024-01-17,1574,MTR,272.62,429103.88,INR,7.0,Delivered
TXN004604,HIST-2024-01695,4,CUST0132,DD-LIN-0024,2024-01-17,504,MTR,245.8,123883.2,INR,7.0,Delivered
TXN004605,HIST-2024-01695,5,CUST0132,DD-KSJ-0022,2024-01-17,366,KG,374.25,136975.5,INR,7.0,Delivered
TXN004606,HIST-2024-01695,6,CUST0132,DD-KSJ-0008,2024-01-17,148,KG,294.84,43636.32,INR,7.0,Delivered
TXN001108,HIST-2024-00401,1,CUST0030,DD-KSJ-0011,2024-01-18,110,KG,262.36,28859.6,INR,12.0,Delivered
TXN001109,HIST-2024-00401,2,CUST0030,DD-CTS-0017,2024-01-18,663,MTR,79.83,52927.29,INR,12.0,Delivered
TXN001110,HIST-2024-00401,3,CUST0030,DD-KIR-0007,2024-01-18,99,KG,343.51,34007.49,INR,12.0,Delivered
TXN001111,HIST-2024-00401,4,CUST0030,DD-DNM-0028,2024-01-18,154,MTR,191.9,29552.6,INR,12.0,Delivered
TXN001112,HIST-2024-00401,5,CUST0030,DD-DNM-0016,2024-01-18,1886,MTR,240.47,453526.42,INR,12.0,Delivered
TXN001113,HIST-2024-00401,6,CUST0030,DD-KSJ-0007,2024-01-18,569,KG,302.04,171860.76,INR,12.0,Delivered
TXN002049,HIST-2024-00751,1,CUST0098,DD-BDS-0002,2024-01-19,218,MTR,212.04,46224.72,INR,7.0,Partially Delivered
TXN002050,HIST-2024-00751,2,CUST0098,DD-RBL-0002,2024-01-19,472,MTR,43.6,20579.2,INR,7.0,Delivered
TXN002051,HIST-2024-00751,3,CUST0098,DD-MOD-0031,2024-01-19,304,MTR,161.45,49080.8,INR,7.0,Delivered
TXN002052,HIST-2024-00751,4,CUST0098,DD-FLN-0027,2024-01-19,438,MTR,153.98,67443.24,INR,7.0,Delivered
TXN001660,HIST-2024-00602,1,CUST0122,DD-PCS-0004,2024-01-20,300,MTR,84.26,25278.0,INR,3.0,Delivered
TXN001661,HIST-2024-00602,2,CUST0122,DD-SUT-0034,2024-01-20,2117,MTR,179.07,379091.19,INR,3.0,Cancelled
TXN001662,HIST-2024-00602,3,CUST0122,DD-FLN-0004,2024-01-20,158,MTR,149.09,23556.22,INR,3.0,Delivered
TXN006242,HIST-2024-02289,1,CUST0054,DD-HCT-0020,2024-01-20,515,MTR,160.83,82827.45,INR,7.0,Delivered
TXN006243,HIST-2024-02289,2,CUST0054,DD-TWL-0004,2024-01-20,1116,PCS,246.21,274770.36,INR,7.0,Partially Delivered
TXN006244,HIST-2024-02289,3,CUST0054,DD-CIN-0009,2024-01-20,913,MTR,242.99,221849.87,INR,7.0,Partially Delivered
TXN006245,HIST-2024-02289,4,CUST0054,DD-HCT-0034,2024-01-20,378,MTR,213.41,80668.98,INR,7.0,Delivered
TXN002002,HIST-2024-00732,1,CUST0048,DD-MOD-0021,2024-01-21,590,MTR,209.47,123587.3,INR,12.0,Cancelled
TXN002003,HIST-2024-00732,2,CUST0048,DD-MOD-0023,2024-01-21,1739,MTR,152.61,265388.79,INR,12.0,Delivered
TXN003847,HIST-2024-01409,1,CUST0107,DD-CIN-0019,2024-01-21,215,MTR,265.95,57179.25,INR,3.0,Delivered
TXN000830,HIST-2024-00294,1,CUST0070,DD-VSR-0024,2024-01-22,153,MTR,105.42,16129.26,INR,3.0,Delivered
TXN000831,HIST-2024-00294,2,CUST0070,DD-CTB-0003,2024-01-22,514,MTR,164.55,84578.7,INR,3.0,Delivered
TXN000832,HIST-2024-00294,3,CUST0070,DD-LIN-0003,2024-01-22,558,MTR,408.4,227887.2,INR,3.0,Delivered
TXN000833,HIST-2024-00294,4,CUST0070,DD-CDV-0011,2024-01-22,169,MTR,242.67,41011.23,INR,3.0,Delivered
TXN000648,HIST-2024-00229,1,CUST0112,DD-HCT-0038,2024-01-23,138,MTR,193.41,26690.58,INR,7.0,Delivered
TXN000649,HIST-2024-00229,2,CUST0112,DD-BDS-0025,2024-01-23,217,MTR,238.32,51715.44,INR,7.0,Delivered
TXN003430,HIST-2024-01261,1,CUST0059,DD-SUT-0018,2024-01-23,216,MTR,185.34,40033.44,INR,12.0,Partially Delivered
TXN003431,HIST-2024-01261,2,CUST0059,DD-CIN-0030,2024-01-23,273,MTR,167.79,45806.67,INR,12.0,Delivered
TXN003432,HIST-2024-01261,3,CUST0059,DD-CIN-0006,2024-01-23,278,MTR,182.51,50737.78,INR,12.0,Delivered
TXN005276,HIST-2024-01939,1,CUST0011,DD-PGT-0005,2024-01-23,1368,MTR,64.98,88892.64,INR,7.0,Delivered
TXN005277,HIST-2024-01939,2,CUST0011,DD-SAT-0001,2024-01-23,583,MTR,173.65,101237.95,INR,7.0,Delivered
TXN005278,HIST-2024-01939,3,CUST0011,DD-CTB-0004,2024-01-23,227,MTR,220.75,50110.25,INR,7.0,Delivered
TXN005279,HIST-2024-01939,4,CUST0011,DD-SAT-0031,2024-01-23,881,MTR,80.34,70779.54,INR,7.0,Delivered
TXN005280,HIST-2024-01939,5,CUST0011,DD-HUP-0029,2024-01-23,202,MTR,254.26,51360.52,INR,7.0,Delivered
TXN005281,HIST-2024-01939,6,CUST0011,DD-PCS-0031,2024-01-23,1453,MTR,94.97,137991.41,INR,7.0,Delivered
TXN001227,HIST-2024-00442,1,CUST0026,DD-CIN-0007,2024-01-24,319,MTR,251.57,80250.83,INR,3.0,Delivered
TXN001228,HIST-2024-00442,2,CUST0026,DD-CDV-0027,2024-01-24,554,MTR,174.64,96750.56,INR,3.0,Delivered
TXN003084,HIST-2024-01133,1,CUST0074,DD-MOD-0015,2024-01-24,262,MTR,211.45,55399.9,INR,3.0,Delivered
TXN003085,HIST-2024-01133,2,CUST0074,DD-KSJ-0022,2024-01-24,76,KG,370.76,28177.76,INR,3.0,Delivered
TXN003086,HIST-2024-01133,3,CUST0074,DD-MOD-0018,2024-01-24,427,MTR,224.87,96019.49,INR,3.0,Delivered
TXN003143,HIST-2024-01156,1,CUST0068,DD-HUP-0030,2024-01-24,870,MTR,267.75,232942.5,INR,3.0,Delivered
TXN003144,HIST-2024-01156,2,CUST0068,DD-LIN-0001,2024-01-24,521,MTR,416.49,216991.29,INR,3.0,Delivered
TXN003145,HIST-2024-01156,3,CUST0068,DD-TWL-0014,2024-01-24,270,PCS,206.96,55879.2,INR,3.0,Delivered
TXN000532,HIST-2024-00192,1,CUST0056,DD-KSJ-0016,2024-01-25,48,KG,286.7,13761.6,INR,12.0,Delivered
TXN000533,HIST-2024-00192,2,CUST0056,DD-DNM-0028,2024-01-25,1874,MTR,198.09,371220.66,INR,12.0,Delivered
TXN000534,HIST-2024-00192,3,CUST0056,DD-KFT-0010,2024-01-25,104,KG,373.23,38815.92,INR,12.0,Delivered
TXN002085,HIST-2024-00766,1,CUST0030,DD-CTS-0017,2024-01-25,162,MTR,78.84,12772.08,INR,12.0,Delivered
TXN002086,HIST-2024-00766,2,CUST0030,DD-KIR-0032,2024-01-25,238,KG,354.6,84394.8,INR,12.0,Delivered
TXN002087,HIST-2024-00766,3,CUST0030,DD-DNM-0016,2024-01-25,142,MTR,235.75,33476.5,INR,12.0,Delivered
TXN002088,HIST-2024-00766,4,CUST0030,DD-KIR-0036,2024-01-25,66,KG,337.34,22264.44,INR,12.0,Delivered
TXN002089,HIST-2024-00766,5,CUST0030,DD-KIR-0021,2024-01-25,509,KG,330.14,168041.26,INR,12.0,Delivered
TXN002457,HIST-2024-00905,1,CUST0077,DD-KFT-0009,2024-01-25,169,KG,384.27,64941.63,INR,7.0,Delivered
TXN002458,HIST-2024-00905,2,CUST0077,DD-CIN-0007,2024-01-25,602,MTR,227.67,137057.34,INR,7.0,Delivered
TXN002459,HIST-2024-00905,3,CUST0077,DD-FLN-0023,2024-01-25,172,MTR,168.41,28966.52,INR,7.0,Delivered
TXN002578,HIST-2024-00949,1,CUST0118,DD-CIN-0021,2024-01-25,264,MTR,255.53,67459.92,INR,7.0,Partially Delivered
TXN004002,HIST-2024-01464,1,CUST0003,DD-SUT-0013,2024-01-25,207,MTR,253.72,52520.04,INR,7.0,Delivered
TXN004003,HIST-2024-01464,2,CUST0003,DD-CIN-0001,2024-01-25,147,MTR,207.79,30545.13,INR,7.0,Delivered
TXN004004,HIST-2024-01464,3,CUST0003,DD-SUT-0030,2024-01-25,347,MTR,194.44,67470.68,INR,7.0,Delivered
TXN004005,HIST-2024-01464,4,CUST0003,DD-PCS-0033,2024-01-25,229,MTR,93.86,21493.94,INR,7.0,Delivered
TXN004006,HIST-2024-01464,5,CUST0003,DD-SUT-0007,2024-01-25,1341,MTR,177.74,238349.34,INR,7.0,Partially Delivered
TXN000300,HIST-2024-00104,1,CUST0012,DD-KSJ-0007,2024-01-26,166,KG,358.67,59539.22,INR,3.0,Delivered
TXN000301,HIST-2024-00104,2,CUST0012,DD-KSJ-0016,2024-01-26,92,KG,313.36,28829.12,INR,3.0,Delivered
TXN000302,HIST-2024-00104,3,CUST0012,DD-LIN-0002,2024-01-26,1126,MTR,415.8,468190.8,INR,3.0,Delivered
TXN000362,HIST-2024-00130,1,CUST0134,DD-CTB-0017,2024-01-26,803,MTR,142.53,114451.59,INR,3.0,Delivered
TXN000363,HIST-2024-00130,2,CUST0134,DD-CTB-0023,2024-01-26,1100,MTR,202.18,222398.0,INR,3.0,Delivered
TXN005048,HIST-2024-01852,1,CUST0036,DD-CTB-0014,2024-01-26,1103,MTR,150.38,165869.14,INR,12.0,Cancelled
TXN005049,HIST-2024-01852,2,CUST0036,DD-KSJ-0019,2024-01-26,347,KG,293.11,101709.17,INR,12.0,Delivered
TXN005050,HIST-2024-01852,3,CUST0036,DD-DNM-0013,2024-01-26,200,MTR,162.84,32568.0,INR,12.0,Delivered
TXN003433,HIST-2024-01262,1,CUST0048,DD-KSJ-0025,2024-01-27,112,KG,344.47,38580.64,INR,12.0,Delivered
TXN003434,HIST-2024-01262,2,CUST0048,DD-MOD-0021,2024-01-27,1081,MTR,206.98,223745.38,INR,12.0,Delivered
TXN000735,HIST-2024-00261,1,CUST0091,DD-KIR-0025,2024-01-28,109,KG,345.24,37631.16,INR,12.0,Delivered
TXN004355,HIST-2024-01594,1,CUST0079,DD-LIN-0009,2024-01-28,502,MTR,389.25,195403.5,INR,3.0,Delivered
TXN000018,HIST-2024-00009,1,CUST0111,DD-PRB-0034,2024-01-30,2124,MTR,133.16,282831.84,INR,12.0,Delivered
TXN000019,HIST-2024-00009,2,CUST0111,DD-VSR-0003,2024-01-30,247,MTR,98.59,24351.73,INR,12.0,Delivered
TXN001061,HIST-2024-00382,1,CUST0112,DD-HUP-0028,2024-01-30,471,MTR,242.33,114137.43,INR,7.0,Delivered
TXN007176,HIST-2024-02637,1,CUST0019,DD-CTS-0019,2024-01-30,1695,MTR,78.62,133260.9,INR,12.0,Delivered
TXN000496,HIST-2024-00180,1,CUST0027,DD-PRB-0002,2024-01-31,137,MTR,113.97,15613.89,INR,7.0,Delivered
TXN002656,HIST-2024-00979,1,CUST0024,DD-CTS-0004,2024-02-01,417,MTR,118.2,49289.4,INR,3.0,Partially Delivered
TXN002657,HIST-2024-00979,2,CUST0024,DD-DNM-0020,2024-02-01,1370,MTR,239.7,328389.0,INR,3.0,Partially Delivered
TXN002658,HIST-2024-00979,3,CUST0024,DD-DNM-0007,2024-02-01,1028,MTR,244.43,251274.04,INR,3.0,Partially Delivered
TXN002659,HIST-2024-00979,4,CUST0024,DD-KSJ-0007,2024-02-01,302,KG,346.65,104688.3,INR,3.0,Delivered
TXN002660,HIST-2024-00979,5,CUST0024,DD-KFT-0009,2024-02-01,275,KG,393.58,108234.5,INR,3.0,Delivered
TXN002661,HIST-2024-00979,6,CUST0024,DD-KFT-0020,2024-02-01,43,KG,359.3,15449.9,INR,3.0,Delivered
TXN000097,HIST-2024-00034,1,CUST0052,DD-PCS-0011,2024-02-02,1674,MTR,78.24,130973.76,INR,3.0,Delivered
TXN000098,HIST-2024-00034,2,CUST0052,DD-CIN-0024,2024-02-02,306,MTR,263.37,80591.22,INR,3.0,Delivered
TXN000099,HIST-2024-00034,3,CUST0052,DD-CIN-0028,2024-02-02,644,MTR,174.71,112513.24,INR,3.0,Delivered
TXN000100,HIST-2024-00034,4,CUST0052,DD-CIN-0003,2024-02-02,445,MTR,222.91,99194.95,INR,3.0,Delivered
TXN003058,HIST-2024-01125,1,CUST0044,DD-CIN-0024,2024-02-02,244,MTR,252.8,61683.2,INR,7.0,Delivered
TXN003059,HIST-2024-01125,2,CUST0044,DD-HUP-0002,2024-02-02,341,MTR,285.13,97229.33,INR,7.0,Delivered
TXN003060,HIST-2024-01125,3,CUST0044,DD-BDS-0026,2024-02-02,437,MTR,212.53,92875.61,INR,7.0,Delivered
TXN003061,HIST-2024-01125,4,CUST0044,DD-HCT-0016,2024-02-02,164,MTR,155.57,25513.48,INR,7.0,Delivered
TXN003062,HIST-2024-01125,5,CUST0044,DD-HCT-0034,2024-02-02,143,MTR,204.53,29247.79,INR,7.0,Delivered
TXN003063,HIST-2024-01125,6,CUST0044,DD-HCT-0032,2024-02-02,407,MTR,146.58,59658.06,INR,7.0,Delivered
TXN006099,HIST-2024-02240,1,CUST0002,DD-HCT-0022,2024-02-02,2204,MTR,172.31,379771.24,INR,7.0,Delivered
TXN006100,HIST-2024-02240,2,CUST0002,DD-HUP-0012,2024-02-02,141,MTR,223.8,31555.8,INR,7.0,Delivered
TXN006101,HIST-2024-02240,3,CUST0002,DD-HUP-0003,2024-02-02,714,MTR,250.36,178757.04,INR,7.0,Delivered
TXN001254,HIST-2024-00451,1,CUST0132,DD-MOD-0014,2024-02-03,1014,MTR,218.31,221366.34,INR,7.0,Delivered
TXN001255,HIST-2024-00451,2,CUST0132,DD-DNM-0005,2024-02-03,479,MTR,210.85,100997.15,INR,7.0,Delivered
TXN001256,HIST-2024-00451,3,CUST0132,DD-KSJ-0020,2024-02-03,278,KG,280.07,77859.46,INR,7.0,Delivered
TXN001257,HIST-2024-00451,4,CUST0132,DD-CTS-0024,2024-02-03,146,MTR,80.0,11680.0,INR,7.0,Delivered
TXN001258,HIST-2024-00451,5,CUST0132,DD-DNM-0030,2024-02-03,375,MTR,279.82,104932.5,INR,7.0,Delivered
TXN005662,HIST-2024-02079,1,CUST0103,DD-MOD-0010,2024-02-05,130,MTR,230.89,30015.7,INR,3.0,Delivered
TXN005663,HIST-2024-02079,2,CUST0103,DD-MOD-0028,2024-02-05,938,MTR,144.4,135447.2,INR,3.0,Delivered
TXN005664,HIST-2024-02079,3,CUST0103,DD-DNM-0019,2024-02-05,2209,MTR,248.23,548340.07,INR,3.0,Delivered
TXN007257,HIST-2024-02670,1,CUST0052,DD-FLN-0012,2024-02-05,1736,MTR,127.4,221166.4,INR,3.0,Delivered
TXN003688,HIST-2024-01336,1,CUST0011,DD-HUP-0027,2024-02-06,964,MTR,242.6,233866.4,INR,7.0,Delivered
TXN004484,HIST-2024-01647,1,CUST0018,DD-DNM-0022,2024-02-06,376,MTR,193.95,72925.2,INR,7.0,Delivered
TXN004485,HIST-2024-01647,2,CUST0018,DD-CTB-0023,2024-02-06,428,MTR,186.05,79629.4,INR,7.0,Delivered
TXN001368,HIST-2024-00494,1,CUST0135,DD-HCT-0012,2024-02-07,286,MTR,201.85,57729.1,INR,3.0,Delivered
TXN001369,HIST-2024-00494,2,CUST0135,DD-BDS-0018,2024-02-07,2149,MTR,237.24,509828.76,INR,3.0,Delivered
TXN001370,HIST-2024-00494,3,CUST0135,DD-HUP-0028,2024-02-07,1481,MTR,269.44,399040.64,INR,3.0,Delivered
TXN001371,HIST-2024-00494,4,CUST0135,DD-HCT-0030,2024-02-07,158,MTR,131.54,20783.32,INR,3.0,Delivered
TXN004308,HIST-2024-01571,1,CUST0097,DD-VSR-0008,2024-02-07,549,MTR,87.6,48092.4,INR,3.0,Delivered
TXN001894,HIST-2024-00689,1,CUST0097,DD-MOD-0018,2024-02-08,163,MTR,238.38,38855.94,INR,3.0,Delivered
TXN001263,HIST-2024-00454,1,CUST0129,DD-LIN-0014,2024-02-09,2199,MTR,394.6,867725.4,INR,3.0,Delivered
TXN001264,HIST-2024-00454,2,CUST0129,DD-SUT-0014,2024-02-09,310,MTR,265.7,82367.0,INR,3.0,Delivered
TXN001265,HIST-2024-00454,3,CUST0129,DD-SAT-0021,2024-02-09,188,MTR,132.36,24883.68,INR,3.0,Delivered
TXN001266,HIST-2024-00454,4,CUST0129,DD-PRB-0006,2024-02-09,459,MTR,134.19,61593.21,INR,3.0,Delivered
TXN001267,HIST-2024-00454,5,CUST0129,DD-PGT-0002,2024-02-09,448,MTR,65.08,29155.84,INR,3.0,Delivered
TXN001268,HIST-2024-00454,6,CUST0129,DD-MOD-0013,2024-02-09,162,MTR,240.72,38996.64,INR,3.0,Delivered
TXN002403,HIST-2024-00883,1,CUST0031,DD-CTB-0024,2024-02-09,555,MTR,182.92,101520.6,INR,7.0,Delivered
TXN002404,HIST-2024-00883,2,CUST0031,DD-KFT-0011,2024-02-09,499,KG,378.17,188706.83,INR,7.0,Delivered
TXN003165,HIST-2024-01163,1,CUST0134,DD-CTB-0012,2024-02-09,1147,MTR,172.5,197857.5,INR,3.0,Delivered
TXN003166,HIST-2024-01163,2,CUST0134,DD-CIN-0007,2024-02-09,219,MTR,240.45,52658.55,INR,3.0,Delivered
TXN003167,HIST-2024-01163,3,CUST0134,DD-CTB-0005,2024-02-09,1774,MTR,212.78,377471.72,INR,3.0,Delivered
TXN003168,HIST-2024-01163,4,CUST0134,DD-FLN-0003,2024-02-09,344,MTR,149.75,51514.0,INR,3.0,Delivered
TXN003646,HIST-2024-01324,1,CUST0032,DD-CTB-0015,2024-02-09,532,MTR,151.14,80406.48,INR,3.0,Delivered
TXN003647,HIST-2024-01324,2,CUST0032,DD-TWL-0014,2024-02-09,1427,PCS,202.75,289324.25,INR,3.0,Delivered
TXN003893,HIST-2024-01427,1,CUST0057,DD-CTS-0023,2024-02-09,427,MTR,88.12,37627.24,INR,7.0,Delivered
TXN003894,HIST-2024-01427,2,CUST0057,DD-KIR-0021,2024-02-09,195,KG,343.7,67021.5,INR,7.0,Delivered
TXN003895,HIST-2024-01427,3,CUST0057,DD-CTS-0013,2024-02-09,1089,MTR,110.87,120737.43,INR,7.0,Delivered
TXN003896,HIST-2024-01427,4,CUST0057,DD-KSJ-0008,2024-02-09,214,KG,299.02,63990.28,INR,7.0,Delivered
TXN000261,HIST-2024-00093,1,CUST0026,DD-SUT-0002,2024-02-10,1323,MTR,196.82,260392.86,INR,3.0,Delivered
TXN000262,HIST-2024-00093,2,CUST0026,DD-CIN-0007,2024-02-10,721,MTR,245.92,177308.32,INR,3.0,Delivered
TXN000263,HIST-2024-00093,3,CUST0026,DD-CDV-0007,2024-02-10,860,MTR,194.52,167287.2,INR,3.0,Delivered
TXN000264,HIST-2024-00093,4,CUST0026,DD-SAT-0007,2024-02-10,759,MTR,155.27,117849.93,INR,3.0,Delivered
TXN003734,HIST-2024-01358,1,CUST0109,DD-MOD-0002,2024-02-10,170,MTR,196.3,33371.0,INR,12.0,Delivered
TXN003877,HIST-2024-01420,1,CUST0073,DD-BDS-0002,2024-02-12,676,MTR,209.35,141520.6,INR,12.0,Delivered
TXN003878,HIST-2024-01420,2,CUST0073,DD-BDS-0027,2024-02-12,212,MTR,201.98,42819.76,INR,12.0,Delivered
TXN001797,HIST-2024-00650,1,CUST0005,DD-PRB-0038,2024-02-13,774,MTR,135.66,105000.84,INR,12.0,Partially Delivered
TXN001798,HIST-2024-00650,2,CUST0005,DD-PRB-0011,2024-02-13,555,MTR,123.24,68398.2,INR,12.0,Delivered
TXN003334,HIST-2024-01221,1,CUST0096,DD-KIR-0023,2024-02-13,327,KG,354.79,116016.33,INR,7.0,Delivered
TXN003335,HIST-2024-01221,2,CUST0096,DD-CTB-0024,2024-02-13,127,MTR,188.97,23999.19,INR,7.0,Delivered
TXN005730,HIST-2024-02102,1,CUST0079,DD-SUT-0023,2024-02-13,494,MTR,244.15,120610.1,INR,3.0,Delivered
TXN006932,HIST-2024-02553,1,CUST0044,DD-BDS-0008,2024-02-13,442,MTR,150.84,66671.28,INR,7.0,Delivered
TXN006933,HIST-2024-02553,2,CUST0044,DD-HCT-0016,2024-02-13,217,MTR,153.21,33246.57,INR,7.0,Delivered
TXN006468,HIST-2024-02374,1,CUST0047,DD-CTB-0015,2024-02-14,230,MTR,137.56,31638.8,INR,7.0,Delivered
TXN006469,HIST-2024-02374,2,CUST0047,DD-KSJ-0023,2024-02-14,415,KG,374.84,155558.6,INR,7.0,Delivered
TXN006470,HIST-2024-02374,3,CUST0047,DD-CTB-0006,2024-02-14,864,MTR,198.35,171374.4,INR,7.0,Delivered
TXN006471,HIST-2024-02374,4,CUST0047,DD-DNM-0020,2024-02-14,2232,MTR,220.06,491173.92,INR,7.0,Delivered
TXN001518,HIST-2024-00552,1,CUST0132,DD-LIN-0024,2024-02-15,282,MTR,251.13,70818.66,INR,7.0,Cancelled
TXN005136,HIST-2024-01884,1,CUST0003,DD-SUT-0013,2024-02-16,219,MTR,255.46,55945.74,INR,7.0,Partially Delivered
TXN001121,HIST-2024-00406,1,CUST0097,DD-VSR-0012,2024-02-17,373,MTR,84.35,31462.55,INR,3.0,Delivered
TXN001122,HIST-2024-00406,2,CUST0097,DD-MOD-0022,2024-02-17,1152,MTR,219.96,253393.92,INR,3.0,Delivered
TXN001829,HIST-2024-00663,1,CUST0091,DD-CTB-0012,2024-02-17,444,MTR,158.03,70165.32,INR,12.0,Delivered
TXN001830,HIST-2024-00663,2,CUST0091,DD-KFT-0001,2024-02-17,237,KG,305.69,72448.53,INR,12.0,Delivered
TXN001519,HIST-2024-00553,1,CUST0029,DD-CTS-0022,2024-02-18,158,MTR,84.18,13300.44,INR,7.0,Delivered
TXN001520,HIST-2024-00553,2,CUST0029,DD-KFT-0013,2024-02-18,86,KG,270.46,23259.56,INR,7.0,Delivered
TXN004505,HIST-2024-01658,1,CUST0073,DD-TWL-0024,2024-02-19,753,PCS,188.02,141579.06,INR,12.0,Delivered
TXN003330,HIST-2024-01218,1,CUST0037,DD-CTB-0001,2024-02-20,1405,MTR,167.6,235478.0,INR,7.0,Delivered
TXN003331,HIST-2024-01218,2,CUST0037,DD-MOD-0007,2024-02-20,405,MTR,217.84,88225.2,INR,7.0,Delivered
TXN007497,HIST-2024-02766,1,CUST0006,DD-MOD-0016,2024-02-20,739,MTR,225.99,167006.61,INR,7.0,Delivered
TXN007498,HIST-2024-02766,2,CUST0006,DD-LIN-0004,2024-02-20,328,MTR,338.65,111077.2,INR,7.0,Delivered
TXN007499,HIST-2024-02766,3,CUST0006,DD-CTS-0018,2024-02-20,308,MTR,83.36,25674.88,INR,7.0,Delivered
TXN001332,HIST-2024-00482,1,CUST0125,DD-CTS-0007,2024-02-23,1171,MTR,120.76,141409.96,INR,7.0,Delivered
TXN001333,HIST-2024-00482,2,CUST0125,DD-KSJ-0023,2024-02-23,263,KG,382.88,100697.44,INR,7.0,Delivered
TXN001334,HIST-2024-00482,3,CUST0125,DD-KFT-0026,2024-02-23,205,KG,329.46,67539.3,INR,7.0,Delivered
TXN004199,HIST-2024-01531,1,CUST0067,DD-CIN-0026,2024-02-23,446,MTR,177.23,79044.58,INR,12.0,Delivered
TXN004200,HIST-2024-01531,2,CUST0067,DD-HCT-0016,2024-02-23,1886,MTR,142.04,267887.44,INR,12.0,Delivered
TXN003777,HIST-2024-01377,1,CUST0111,DD-LIN-0025,2024-02-25,230,MTR,235.34,54128.2,INR,12.0,Delivered
TXN003778,HIST-2024-01377,2,CUST0111,DD-VSR-0031,2024-02-25,2278,MTR,103.09,234839.02,INR,12.0,Delivered
TXN003779,HIST-2024-01377,3,CUST0111,DD-PRB-0012,2024-02-25,665,MTR,131.38,87367.7,INR,12.0,Delivered
TXN005354,HIST-2024-01965,1,CUST0135,DD-BDS-0018,2024-02-25,953,MTR,239.01,227776.53,INR,3.0,Delivered
TXN005355,HIST-2024-01965,2,CUST0135,DD-HUP-0028,2024-02-25,438,MTR,265.26,116183.88,INR,3.0,Delivered
TXN005356,HIST-2024-01965,3,CUST0135,DD-HCT-0030,2024-02-25,656,MTR,131.3,86132.8,INR,3.0,Delivered
TXN005357,HIST-2024-01965,4,CUST0135,DD-CIN-0021,2024-02-25,527,MTR,260.4,137230.8,INR,3.0,Delivered
TXN005358,HIST-2024-01965,5,CUST0135,DD-HCT-0012,2024-02-25,606,MTR,197.87,119909.22,INR,3.0,Delivered
TXN004667,HIST-2024-01717,1,CUST0070,DD-CDV-0011,2024-02-26,1138,MTR,245.39,279253.82,INR,3.0,Delivered
TXN004668,HIST-2024-01717,2,CUST0070,DD-CTB-0003,2024-02-26,1042,MTR,163.84,170721.28,INR,3.0,Delivered
TXN000523,HIST-2024-00190,1,CUST0080,DD-HUP-0018,2024-02-27,428,MTR,227.12,97207.36,INR,7.0,Delivered
TXN000524,HIST-2024-00190,2,CUST0080,DD-CIN-0003,2024-02-27,762,MTR,204.64,155935.68,INR,7.0,Delivered
TXN000525,HIST-2024-00190,3,CUST0080,DD-CIN-0018,2024-02-27,1400,MTR,251.72,352408.0,INR,7.0,Delivered
TXN000526,HIST-2024-00190,4,CUST0080,DD-CIN-0005,2024-02-27,1059,MTR,196.69,208294.71,INR,7.0,Delivered
TXN000527,HIST-2024-00190,5,CUST0080,DD-TWL-0016,2024-02-27,966,PCS,184.0,177744.0,INR,7.0,Delivered
TXN002282,HIST-2024-00840,1,CUST0077,DD-SAT-0017,2024-02-27,1373,MTR,148.61,204041.53,INR,7.0,Delivered
TXN002283,HIST-2024-00840,2,CUST0077,DD-PGT-0024,2024-02-27,1761,MTR,47.75,84087.75,INR,7.0,Delivered
TXN002704,HIST-2024-00998,1,CUST0108,DD-PRB-0027,2024-02-27,820,MTR,99.49,81581.8,INR,12.0,Delivered
TXN002705,HIST-2024-00998,2,CUST0108,DD-BDS-0011,2024-02-27,208,MTR,144.44,30043.52,INR,12.0,Delivered
TXN002706,HIST-2024-00998,3,CUST0108,DD-HUP-0007,2024-02-27,390,MTR,290.71,113376.9,INR,12.0,Cancelled
TXN002707,HIST-2024-00998,4,CUST0108,DD-CTB-0027,2024-02-27,943,MTR,146.54,138187.22,INR,12.0,Delivered
TXN002708,HIST-2024-00998,5,CUST0108,DD-TWL-0028,2024-02-27,203,PCS,201.36,40876.08,INR,12.0,Delivered
TXN004673,HIST-2024-01720,1,CUST0129,DD-SAT-0021,2024-02-27,1538,MTR,132.81,204261.78,INR,3.0,Delivered
TXN004674,HIST-2024-01720,2,CUST0129,DD-PGT-0002,2024-02-27,1029,MTR,64.1,65958.9,INR,3.0,Delivered
TXN004675,HIST-2024-01720,3,CUST0129,DD-MOD-0001,2024-02-27,1484,MTR,215.23,319401.32,INR,3.0,Delivered
TXN005146,HIST-2024-01888,1,CUST0118,DD-SUT-0019,2024-02-27,1278,MTR,252.2,322311.6,INR,7.0,Delivered
TXN005147,HIST-2024-01888,2,CUST0118,DD-KIR-0001,2024-02-27,287,KG,316.99,90976.13,INR,7.0,Delivered
TXN005148,HIST-2024-01888,3,CUST0118,DD-SUT-0017,2024-02-27,278,MTR,194.34,54026.52,INR,7.0,Delivered
TXN005149,HIST-2024-01888,4,CUST0118,DD-TWL-0015,2024-02-27,1625,PCS,202.67,329338.75,INR,7.0,Delivered
TXN005150,HIST-2024-01888,5,CUST0118,DD-TWL-0007,2024-02-27,861,PCS,232.87,200501.07,INR,7.0,Delivered
TXN006893,HIST-2024-02538,1,CUST0012,DD-LIN-0002,2024-02-28,996,MTR,419.29,417612.84,INR,3.0,Delivered
TXN006894,HIST-2024-02538,2,CUST0012,DD-KSJ-0007,2024-02-28,86,KG,354.12,30454.32,INR,3.0,Delivered
TXN006895,HIST-2024-02538,3,CUST0012,DD-KSJ-0016,2024-02-28,144,KG,314.27,45254.88,INR,3.0,Delivered
TXN006896,HIST-2024-02538,4,CUST0012,DD-MOD-0034,2024-02-28,765,MTR,269.72,206335.8,INR,3.0,Delivered
TXN001438,HIST-2024-00522,1,CUST0039,DD-KIR-0025,2024-02-29,74,KG,349.3,25848.2,INR,7.0,Delivered
TXN001439,HIST-2024-00522,2,CUST0039,DD-KSJ-0004,2024-02-29,74,KG,311.76,23070.24,INR,7.0,Delivered
TXN001440,HIST-2024-00522,3,CUST0039,DD-DNM-0007,2024-02-29,192,MTR,224.95,43190.4,INR,7.0,Delivered
TXN001441,HIST-2024-00522,4,CUST0039,DD-CTS-0018,2024-02-29,881,MTR,80.86,71237.66,INR,7.0,Delivered
TXN001512,HIST-2024-00551,1,CUST0051,DD-DNM-0016,2024-02-29,394,MTR,253.4,99839.6,INR,7.0,Delivered
TXN001513,HIST-2024-00551,2,CUST0051,DD-CTB-0028,2024-02-29,134,MTR,155.62,20853.08,INR,7.0,Delivered
TXN001514,HIST-2024-00551,3,CUST0051,DD-KFT-0004,2024-02-29,492,KG,289.75,142557.0,INR,7.0,Delivered
TXN001515,HIST-2024-00551,4,CUST0051,DD-CTS-0021,2024-02-29,1046,MTR,74.21,77623.66,INR,7.0,Delivered
TXN001516,HIST-2024-00551,5,CUST0051,DD-KIR-0020,2024-02-29,255,KG,331.75,84596.25,INR,7.0,Delivered
TXN001517,HIST-2024-00551,6,CUST0051,DD-KIR-0004,2024-02-29,504,KG,354.87,178854.48,INR,7.0,Delivered
TXN006865,HIST-2024-02527,1,CUST0032,DD-HUP-0016,2024-02-29,1347,MTR,321.65,433262.55,INR,3.0,Delivered
TXN006866,HIST-2024-02527,2,CUST0032,DD-VSR-0009,2024-02-29,550,MTR,88.09,48449.5,INR,3.0,Delivered
TXN006867,HIST-2024-02527,3,CUST0032,DD-CIN-0007,2024-02-29,135,MTR,247.74,33444.9,INR,3.0,Delivered
TXN006868,HIST-2024-02527,4,CUST0032,DD-KIR-0010,2024-02-29,140,KG,446.87,62561.8,INR,3.0,Delivered
TXN006869,HIST-2024-02527,5,CUST0032,DD-TWL-0014,2024-02-29,1720,PCS,205.83,354027.6,INR,3.0,Delivered
TXN006870,HIST-2024-02527,6,CUST0032,DD-HUP-0021,2024-02-29,282,MTR,289.69,81692.58,INR,3.0,Delivered
TXN005120,HIST-2024-01876,1,CUST0031,DD-KFT-0025,2024-03-01,201,KG,346.18,69582.18,INR,7.0,Delivered
TXN005121,HIST-2024-01876,2,CUST0031,DD-KIR-0035,2024-03-01,314,KG,464.03,145705.42,INR,7.0,Delivered
TXN006981,HIST-2024-02570,1,CUST0085,DD-DNM-0020,2024-03-01,260,MTR,248.11,64508.6,INR,3.0,Delivered
TXN006982,HIST-2024-02570,2,CUST0085,DD-MOD-0016,2024-03-01,161,MTR,249.61,40187.21,INR,3.0,Partially Delivered
TXN001746,HIST-2024-00634,1,CUST0003,DD-CIN-0001,2024-03-02,862,MTR,212.83,183459.46,INR,7.0,Delivered
TXN001747,HIST-2024-00634,2,CUST0003,DD-SUT-0007,2024-03-02,572,MTR,182.0,104104.0,INR,7.0,Delivered
TXN004589,HIST-2024-01692,1,CUST0077,DD-CIN-0008,2024-03-02,294,MTR,226.12,66479.28,INR,7.0,Delivered
TXN004590,HIST-2024-01692,2,CUST0077,DD-KIR-0010,2024-03-02,309,KG,403.75,124758.75,INR,7.0,Delivered
TXN001273,HIST-2024-00457,1,CUST0034,DD-CTB-0014,2024-03-03,146,MTR,169.23,24707.58,INR,7.0,Partially Delivered
TXN003994,HIST-2024-01461,1,CUST0121,DD-BDS-0020,2024-03-03,950,MTR,217.26,206397.0,INR,12.0,Delivered
TXN003995,HIST-2024-01461,2,CUST0121,DD-TWL-0030,2024-03-03,743,PCS,228.79,169990.97,INR,12.0,Delivered
TXN003996,HIST-2024-01461,3,CUST0121,DD-TWL-0027,2024-03-03,264,PCS,190.86,50387.04,INR,12.0,Delivered
TXN000372,HIST-2024-00135,1,CUST0103,DD-MOD-0028,2024-03-04,292,MTR,145.02,42345.84,INR,3.0,Delivered
TXN000373,HIST-2024-00135,2,CUST0103,DD-MOD-0016,2024-03-04,159,MTR,245.93,39102.87,INR,3.0,Delivered
TXN000374,HIST-2024-00135,3,CUST0103,DD-MOD-0010,2024-03-04,651,MTR,228.87,148994.37,INR,3.0,Delivered
TXN000375,HIST-2024-00135,4,CUST0103,DD-DNM-0019,2024-03-04,370,MTR,250.49,92681.3,INR,3.0,Delivered
TXN000376,HIST-2024-00135,5,CUST0103,DD-KSJ-0014,2024-03-04,170,KG,303.11,51528.7,INR,3.0,Delivered
TXN000377,HIST-2024-00135,6,CUST0103,DD-CTB-0002,2024-03-04,898,MTR,170.06,152713.88,INR,3.0,Delivered
TXN000717,HIST-2024-00256,1,CUST0076,DD-CTS-0011,2024-03-04,569,MTR,130.12,74038.28,INR,7.0,Delivered
TXN005469,HIST-2024-02006,1,CUST0059,DD-CTB-0023,2024-03-04,526,MTR,177.35,93286.1,INR,12.0,Delivered
TXN005470,HIST-2024-02006,2,CUST0059,DD-CIN-0030,2024-03-04,190,MTR,168.46,32007.4,INR,12.0,Delivered
TXN006404,HIST-2024-02351,1,CUST0101,DD-CTB-0006,2024-03-04,404,MTR,208.24,84128.96,INR,7.0,Delivered
TXN006405,HIST-2024-02351,2,CUST0101,DD-KSJ-0004,2024-03-04,70,KG,305.03,21352.1,INR,7.0,Delivered
TXN006406,HIST-2024-02351,3,CUST0101,DD-LIN-0024,2024-03-04,276,MTR,240.85,66474.6,INR,7.0,Delivered
TXN006407,HIST-2024-02351,4,CUST0101,DD-KSJ-0016,2024-03-04,51,KG,303.71,15489.21,INR,7.0,Delivered
TXN006408,HIST-2024-02351,5,CUST0101,DD-CTS-0015,2024-03-04,503,MTR,114.7,57694.1,INR,7.0,Delivered
TXN006409,HIST-2024-02351,6,CUST0101,DD-DNM-0035,2024-03-04,681,MTR,196.12,133557.72,INR,7.0,Delivered
TXN004497,HIST-2024-01654,1,CUST0132,DD-CTS-0024,2024-03-05,263,MTR,78.68,20692.84,INR,7.0,Delivered
TXN004498,HIST-2024-01654,2,CUST0132,DD-DNM-0030,2024-03-05,311,MTR,278.43,86591.73,INR,7.0,Delivered
TXN002308,HIST-2024-00850,1,CUST0047,DD-CTB-0006,2024-03-07,198,MTR,199.59,39518.82,INR,7.0,Delivered
TXN002309,HIST-2024-00850,2,CUST0047,DD-DNM-0020,2024-03-07,1110,MTR,222.08,246508.8,INR,7.0,Delivered
TXN002665,HIST-2024-00981,1,CUST0125,DD-CTS-0009,2024-03-07,1998,MTR,123.94,247632.12,INR,7.0,Delivered
TXN002666,HIST-2024-00981,2,CUST0125,DD-DNM-0008,2024-03-07,430,MTR,228.06,98065.8,INR,7.0,Delivered
TXN002667,HIST-2024-00981,3,CUST0125,DD-CTB-0012,2024-03-07,1141,MTR,162.49,185401.09,INR,7.0,Delivered
TXN003845,HIST-2024-01408,1,CUST0072,DD-TWL-0018,2024-03-07,205,PCS,195.67,40112.35,INR,12.0,Delivered
TXN003846,HIST-2024-01408,2,CUST0072,DD-LIN-0019,2024-03-07,741,MTR,402.39,298170.99,INR,12.0,Delivered
TXN003838,HIST-2024-01403,1,CUST0029,DD-CTS-0021,2024-03-08,2229,MTR,72.5,161602.5,INR,7.0,Delivered
TXN006492,HIST-2024-02381,1,CUST0098,DD-LIN-0021,2024-03-08,1298,MTR,437.77,568225.46,INR,7.0,Delivered
TXN006493,HIST-2024-02381,2,CUST0098,DD-LIN-0013,2024-03-08,154,MTR,386.51,59522.54,INR,7.0,Partially Delivered
TXN006494,HIST-2024-02381,3,CUST0098,DD-VSR-0025,2024-03-08,153,MTR,99.41,15209.73,INR,7.0,Delivered
TXN006495,HIST-2024-02381,4,CUST0098,DD-PGT-0030,2024-03-08,1471,MTR,71.24,104794.04,INR,7.0,Delivered
TXN002806,HIST-2024-01034,1,CUST0073,DD-BDS-0027,2024-03-09,1080,MTR,201.17,217263.6,INR,12.0,Delivered
TXN004752,HIST-2024-01746,1,CUST0044,DD-CIN-0024,2024-03-09,2187,MTR,256.08,560046.96,INR,7.0,Delivered
TXN007419,HIST-2024-02733,1,CUST0049,DD-FLN-0010,2024-03-09,1259,MTR,179.73,226280.07,INR,3.0,Delivered
TXN007420,HIST-2024-02733,2,CUST0049,DD-PCS-0011,2024-03-09,871,MTR,75.06,65377.26,INR,3.0,Delivered
TXN001845,HIST-2024-00670,1,CUST0073,DD-HCT-0028,2024-03-11,321,MTR,116.14,37280.94,INR,12.0,Delivered
TXN002505,HIST-2024-00922,1,CUST0079,DD-VSR-0019,2024-03-12,522,MTR,83.94,43816.68,INR,3.0,Delivered
TXN003950,HIST-2024-01445,1,CUST0126,DD-DNM-0029,2024-03-12,730,MTR,279.84,204283.2,INR,7.0,Delivered
TXN005922,HIST-2024-02181,1,CUST0052,DD-FLN-0012,2024-03-12,343,MTR,127.17,43619.31,INR,3.0,Delivered
TXN005502,HIST-2024-02019,1,CUST0048,DD-DNM-0030,2024-03-14,343,MTR,265.44,91045.92,INR,12.0,Delivered
TXN005503,HIST-2024-02019,2,CUST0048,DD-MOD-0023,2024-03-14,623,MTR,153.24,95468.52,INR,12.0,Delivered
TXN006600,HIST-2024-02421,1,CUST0073,DD-HUP-0008,2024-03-14,1515,MTR,307.87,466423.05,INR,12.0,Delivered
TXN006601,HIST-2024-02421,2,CUST0073,DD-BDS-0002,2024-03-14,337,MTR,209.14,70480.18,INR,12.0,Delivered
TXN006739,HIST-2024-02476,1,CUST0022,DD-SAT-0008,2024-03-14,288,MTR,177.44,51102.72,INR,7.0,Delivered
TXN006740,HIST-2024-02476,2,CUST0022,DD-HCT-0011,2024-03-14,214,MTR,207.41,44385.74,INR,7.0,Partially Delivered
TXN006741,HIST-2024-02476,3,CUST0022,DD-LIN-0009,2024-03-14,747,MTR,382.35,285615.45,INR,7.0,Delivered
TXN003019,HIST-2024-01113,1,CUST0079,DD-VSR-0019,2024-03-16,266,MTR,84.14,22381.24,INR,3.0,Delivered
TXN003020,HIST-2024-01113,2,CUST0079,DD-CTS-0014,2024-03-16,1827,MTR,116.07,212059.89,INR,3.0,Delivered
TXN003657,HIST-2024-01328,1,CUST0076,DD-MOD-0016,2024-03-17,268,MTR,230.23,61701.64,INR,7.0,Delivered
TXN003658,HIST-2024-01328,2,CUST0076,DD-CTB-0026,2024-03-17,150,MTR,184.02,27603.0,INR,7.0,Partially Delivered
TXN003659,HIST-2024-01328,3,CUST0076,DD-KSJ-0006,2024-03-17,202,KG,327.57,66169.14,INR,7.0,Delivered
TXN003660,HIST-2024-01328,4,CUST0076,DD-CTS-0014,2024-03-17,678,MTR,114.53,77651.34,INR,7.0,Delivered
TXN003661,HIST-2024-01328,5,CUST0076,DD-LIN-0003,2024-03-17,873,MTR,416.37,363491.01,INR,7.0,Delivered
TXN003662,HIST-2024-01328,6,CUST0076,DD-CTB-0031,2024-03-17,1296,MTR,155.92,202072.32,INR,7.0,Delivered
TXN005431,HIST-2024-01991,1,CUST0051,DD-KIR-0004,2024-03-17,273,KG,356.18,97237.14,INR,7.0,Delivered
TXN003452,HIST-2024-01268,1,CUST0076,DD-MOD-0016,2024-03-18,889,MTR,226.84,201660.76,INR,7.0,Delivered
TXN003453,HIST-2024-01268,2,CUST0076,DD-CTB-0026,2024-03-18,443,MTR,184.02,81520.86,INR,7.0,Delivered
TXN003454,HIST-2024-01268,3,CUST0076,DD-LIN-0003,2024-03-18,172,MTR,414.75,71337.0,INR,7.0,Delivered
TXN003881,HIST-2024-01422,1,CUST0001,DD-FLN-0016,2024-03-18,1352,MTR,143.2,193606.4,INR,3.0,Delivered
TXN004181,HIST-2024-01522,1,CUST0045,DD-HUP-0028,2024-03-19,373,MTR,248.67,92753.91,INR,7.0,Delivered
TXN004182,HIST-2024-01522,2,CUST0045,DD-HUP-0004,2024-03-19,1411,MTR,285.98,403517.78,INR,7.0,Delivered
TXN005500,HIST-2024-02018,1,CUST0095,DD-HUP-0027,2024-03-19,216,MTR,254.2,54907.2,INR,7.0,Delivered
TXN005501,HIST-2024-02018,2,CUST0095,DD-CIN-0005,2024-03-19,991,MTR,192.89,191153.99,INR,7.0,Delivered
TXN001423,HIST-2024-00517,1,CUST0018,DD-CTS-0012,2024-03-20,162,MTR,129.34,20953.08,INR,7.0,Delivered
TXN003279,HIST-2024-01203,1,CUST0097,DD-LIN-0011,2024-03-20,853,MTR,396.91,338564.23,INR,3.0,Delivered
TXN003280,HIST-2024-01203,2,CUST0097,DD-PRB-0016,2024-03-20,353,MTR,103.5,36535.5,INR,3.0,Delivered
TXN005190,HIST-2024-01906,1,CUST0108,DD-HUP-0007,2024-03-20,2230,MTR,284.64,634747.2,INR,12.0,Delivered
TXN000858,HIST-2024-00305,1,CUST0097,DD-MOD-0022,2024-03-21,1691,MTR,226.23,382554.93,INR,3.0,Delivered
TXN000859,HIST-2024-00305,2,CUST0097,DD-MOD-0018,2024-03-21,578,MTR,241.7,139702.6,INR,3.0,Delivered
TXN000860,HIST-2024-00305,3,CUST0097,DD-VSR-0008,2024-03-21,351,MTR,87.66,30768.66,INR,3.0,Delivered
TXN007459,HIST-2024-02751,1,CUST0105,DD-LIN-0001,2024-03-21,1699,MTR,383.89,652229.11,INR,12.0,Delivered
TXN007460,HIST-2024-02751,2,CUST0105,DD-KSJ-0014,2024-03-21,151,KG,289.25,43676.75,INR,12.0,Delivered
TXN007461,HIST-2024-02751,3,CUST0105,DD-KSJ-0027,2024-03-21,473,KG,287.47,135973.31,INR,12.0,Delivered
TXN007462,HIST-2024-02751,4,CUST0105,DD-CTB-0001,2024-03-21,265,MTR,151.33,40102.45,INR,12.0,Delivered
TXN001386,HIST-2024-00502,1,CUST0004,DD-CTS-0009,2024-03-22,603,MTR,131.2,79113.6,INR,3.0,Delivered
TXN001387,HIST-2024-00502,2,CUST0004,DD-DNM-0027,2024-03-22,1322,MTR,201.26,266065.72,INR,3.0,Delivered
TXN003572,HIST-2024-01301,1,CUST0110,DD-CIN-0003,2024-03-22,2036,MTR,215.04,437821.44,INR,3.0,Delivered
TXN003573,HIST-2024-01301,2,CUST0110,DD-CTB-0018,2024-03-22,535,MTR,140.87,75365.45,INR,3.0,Delivered
TXN003574,HIST-2024-01301,3,CUST0110,DD-PCS-0027,2024-03-22,532,MTR,95.78,50954.96,INR,3.0,Delivered
TXN003575,HIST-2024-01301,4,CUST0110,DD-CIN-0025,2024-03-22,371,MTR,264.52,98136.92,INR,3.0,Delivered
TXN005417,HIST-2024-01986,1,CUST0011,DD-SAT-0001,2024-03-22,510,MTR,178.73,91152.3,INR,7.0,Delivered
TXN005418,HIST-2024-01986,2,CUST0011,DD-SAT-0031,2024-03-22,414,MTR,81.59,33778.26,INR,7.0,Delivered
TXN005419,HIST-2024-01986,3,CUST0011,DD-SAT-0021,2024-03-22,277,MTR,135.08,37417.16,INR,7.0,Delivered
TXN006702,HIST-2024-02461,1,CUST0111,DD-PRB-0034,2024-03-23,1149,MTR,134.76,154839.24,INR,12.0,Delivered
TXN006703,HIST-2024-02461,2,CUST0111,DD-MOD-0032,2024-03-23,1998,MTR,251.66,502816.68,INR,12.0,Delivered
TXN001646,HIST-2024-00598,1,CUST0108,DD-TWL-0028,2024-03-24,114,PCS,201.2,22936.8,INR,12.0,Delivered
TXN001647,HIST-2024-00598,2,CUST0108,DD-CTB-0020,2024-03-24,901,MTR,191.6,172631.6,INR,12.0,Delivered
TXN001648,HIST-2024-00598,3,CUST0108,DD-BDS-0011,2024-03-24,535,MTR,144.9,77521.5,INR,12.0,Delivered
TXN001649,HIST-2024-00598,4,CUST0108,DD-KIR-0012,2024-03-24,43,KG,421.62,18129.66,INR,12.0,Delivered
TXN001650,HIST-2024-00598,5,CUST0108,DD-CTS-0005,2024-03-24,132,MTR,108.3,14295.6,INR,12.0,Delivered
TXN007364,HIST-2024-02714,1,CUST0105,DD-KSJ-0014,2024-03-24,167,KG,293.15,48956.05,INR,12.0,Delivered
TXN007365,HIST-2024-02714,2,CUST0105,DD-LIN-0001,2024-03-24,459,MTR,389.24,178661.16,INR,12.0,Delivered
TXN007366,HIST-2024-02714,3,CUST0105,DD-CTB-0013,2024-03-24,456,MTR,149.56,68199.36,INR,12.0,Delivered
TXN001324,HIST-2024-00478,1,CUST0070,DD-LIN-0020,2024-03-25,219,MTR,411.88,90201.72,INR,3.0,Cancelled
TXN001325,HIST-2024-00478,2,CUST0070,DD-LIN-0012,2024-03-25,301,MTR,410.5,123560.5,INR,3.0,Delivered
TXN002094,HIST-2024-00768,1,CUST0047,DD-DNM-0020,2024-03-25,567,MTR,220.73,125153.91,INR,7.0,Delivered
TXN003095,HIST-2024-01136,1,CUST0124,DD-PGT-0006,2024-03-25,885,MTR,71.81,63551.85,INR,7.0,Delivered
TXN003096,HIST-2024-01136,2,CUST0124,DD-LIN-0021,2024-03-25,265,MTR,433.81,114959.65,INR,7.0,Delivered
TXN003097,HIST-2024-01136,3,CUST0124,DD-SAT-0001,2024-03-25,492,MTR,170.13,83703.96,INR,7.0,Cancelled
TXN004670,HIST-2024-01719,1,CUST0029,DD-CTB-0034,2024-03-25,195,MTR,182.48,35583.6,INR,7.0,Delivered
TXN004671,HIST-2024-01719,2,CUST0029,DD-CTS-0022,2024-03-25,819,MTR,84.21,68967.99,INR,7.0,Delivered
TXN004672,HIST-2024-01719,3,CUST0029,DD-CTB-0023,2024-03-25,248,MTR,185.9,46103.2,INR,7.0,Delivered
TXN000679,HIST-2024-00242,1,CUST0034,DD-KFT-0015,2024-03-26,53,KG,243.37,12898.61,INR,7.0,Delivered
TXN004624,HIST-2024-01702,1,CUST0043,DD-KSJ-0019,2024-03-26,66,KG,326.68,21560.88,INR,3.0,Cancelled
TXN004625,HIST-2024-01702,2,CUST0043,DD-CTS-0004,2024-03-26,366,MTR,120.7,44176.2,INR,3.0,Delivered
TXN004626,HIST-2024-01702,3,CUST0043,DD-CTB-0015,2024-03-26,1548,MTR,151.31,234227.88,INR,3.0,Delivered
TXN004627,HIST-2024-01702,4,CUST0043,DD-CTS-0007,2024-03-26,1355,MTR,134.29,181962.95,INR,3.0,Delivered
TXN004628,HIST-2024-01702,5,CUST0043,DD-DNM-0025,2024-03-26,704,MTR,201.14,141602.56,INR,3.0,Delivered
TXN004629,HIST-2024-01702,6,CUST0043,DD-DNM-0024,2024-03-26,370,MTR,206.41,76371.7,INR,3.0,Delivered
TXN007490,HIST-2024-02764,1,CUST0103,DD-LIN-0014,2024-03-26,136,MTR,402.57,54749.52,INR,3.0,Delivered
TXN000868,HIST-2024-00308,1,CUST0114,DD-PRB-0009,2024-03-28,404,MTR,126.94,51283.76,INR,12.0,Delivered
TXN000869,HIST-2024-00308,2,CUST0114,DD-CDV-0030,2024-03-28,618,MTR,158.38,97878.84,INR,12.0,Delivered
TXN000881,HIST-2024-00312,1,CUST0048,DD-CTB-0003,2024-03-28,184,MTR,154.34,28398.56,INR,12.0,Delivered
TXN001326,HIST-2024-00479,1,CUST0051,DD-KFT-0004,2024-03-28,263,KG,292.07,76814.41,INR,7.0,Delivered
TXN001327,HIST-2024-00479,2,CUST0051,DD-CTB-0017,2024-03-28,309,MTR,145.07,44826.63,INR,7.0,Cancelled
TXN001328,HIST-2024-00479,3,CUST0051,DD-KSJ-0003,2024-03-28,391,KG,445.09,174030.19,INR,7.0,Delivered
TXN003975,HIST-2024-01453,1,CUST0077,DD-CTB-0005,2024-03-28,1510,MTR,203.11,306696.1,INR,7.0,Delivered
TXN003976,HIST-2024-01453,2,CUST0077,DD-MOD-0035,2024-03-28,1566,MTR,267.42,418779.72,INR,7.0,Partially Delivered
TXN003977,HIST-2024-01453,3,CUST0077,DD-RBL-0027,2024-03-28,946,MTR,42.82,40507.72,INR,7.0,Delivered
TXN004798,HIST-2024-01763,1,CUST0083,DD-KFT-0026,2024-03-28,134,KG,322.53,43219.02,INR,3.0,Delivered
TXN004799,HIST-2024-01763,2,CUST0083,DD-CTB-0026,2024-03-28,1037,MTR,186.62,193524.94,INR,3.0,Delivered
TXN004800,HIST-2024-01763,3,CUST0083,DD-KSJ-0004,2024-03-28,275,KG,332.36,91399.0,INR,3.0,Delivered
TXN000730,HIST-2024-00260,1,CUST0137,DD-MOD-0008,2024-03-29,540,MTR,220.36,118994.4,INR,7.0,Delivered
TXN000731,HIST-2024-00260,2,CUST0137,DD-LIN-0034,2024-03-29,257,MTR,254.94,65519.58,INR,7.0,Delivered
TXN000732,HIST-2024-00260,3,CUST0137,DD-KSJ-0022,2024-03-29,156,KG,369.41,57627.96,INR,7.0,Delivered
TXN000733,HIST-2024-00260,4,CUST0137,DD-LIN-0001,2024-03-29,1035,MTR,402.16,416235.6,INR,7.0,Delivered
TXN000734,HIST-2024-00260,5,CUST0137,DD-CTB-0023,2024-03-29,541,MTR,190.73,103184.93,INR,7.0,Delivered
TXN001062,HIST-2024-00383,1,CUST0031,DD-KFT-0025,2024-03-29,194,KG,338.78,65723.32,INR,7.0,Delivered
TXN001063,HIST-2024-00383,2,CUST0031,DD-KFT-0011,2024-03-29,532,KG,384.59,204601.88,INR,7.0,Delivered
TXN002058,HIST-2024-00754,1,CUST0059,DD-PCS-0035,2024-03-29,215,MTR,86.07,18505.05,INR,12.0,Partially Delivered
TXN002059,HIST-2024-00754,2,CUST0059,DD-SUT-0005,2024-03-29,169,MTR,197.33,33348.77,INR,12.0,Delivered
TXN002060,HIST-2024-00754,3,CUST0059,DD-CIN-0030,2024-03-29,291,MTR,168.71,49094.61,INR,12.0,Delivered
TXN002084,HIST-2024-00765,1,CUST0011,DD-SAT-0021,2024-03-29,917,MTR,134.21,123070.57,INR,7.0,Delivered
TXN002106,HIST-2024-00775,1,CUST0108,DD-LIN-0034,2024-03-29,167,MTR,241.28,40293.76,INR,12.0,Delivered
TXN002686,HIST-2024-00990,1,CUST0028,DD-SAT-0013,2024-03-29,1787,MTR,162.72,290780.64,INR,3.0,Cancelled
TXN007437,HIST-2024-02742,1,CUST0091,DD-KFT-0024,2024-03-29,323,KG,294.87,95243.01,INR,12.0,Delivered
TXN007438,HIST-2024-02742,2,CUST0091,DD-KIR-0025,2024-03-29,64,KG,347.86,22263.04,INR,12.0,Partially Delivered
TXN001763,HIST-2024-00639,1,CUST0111,DD-VSR-0003,2024-03-31,710,MTR,98.48,69920.8,INR,12.0,Delivered
TXN001764,HIST-2024-00639,2,CUST0111,DD-PRB-0034,2024-03-31,479,MTR,133.79,64085.41,INR,12.0,Delivered
TXN004281,HIST-2024-01559,1,CUST0106,DD-CTB-0017,2024-03-31,383,MTR,143.08,54799.64,INR,7.0,Delivered
TXN001567,HIST-2024-00572,1,CUST0005,DD-PRB-0038,2024-04-01,188,MTR,138.08,25959.04,INR,12.0,Delivered
TXN001568,HIST-2024-00572,2,CUST0005,DD-PRB-0029,2024-04-01,563,MTR,130.13,73263.19,INR,12.0,Delivered
TXN001569,HIST-2024-00572,3,CUST0005,DD-LIN-0022,2024-04-01,1466,MTR,374.85,549530.1,INR,12.0,Delivered
TXN002149,HIST-2024-00794,1,CUST0044,DD-HCT-0016,2024-04-01,378,MTR,156.34,59096.52,INR,7.0,Delivered
TXN002150,HIST-2024-00794,2,CUST0044,DD-HCT-0034,2024-04-01,419,MTR,211.05,88429.95,INR,7.0,Delivered
TXN002151,HIST-2024-00794,3,CUST0044,DD-BDS-0008,2024-04-01,188,MTR,149.84,28169.92,INR,7.0,Cancelled
TXN002152,HIST-2024-00794,4,CUST0044,DD-BDS-0026,2024-04-01,167,MTR,210.3,35120.1,INR,7.0,Delivered
TXN001310,HIST-2024-00473,1,CUST0118,DD-SUT-0017,2024-04-02,216,MTR,191.67,41400.72,INR,7.0,Delivered
TXN001311,HIST-2024-00473,2,CUST0118,DD-SAT-0032,2024-04-02,268,MTR,78.37,21003.16,INR,7.0,Delivered
TXN001312,HIST-2024-00473,3,CUST0118,DD-TWL-0010,2024-04-02,1471,PCS,185.91,273473.61,INR,7.0,Delivered
TXN001313,HIST-2024-00473,4,CUST0118,DD-HUP-0016,2024-04-02,2064,MTR,291.43,601511.52,INR,7.0,Delivered
TXN002299,HIST-2024-00846,1,CUST0035,DD-CTB-0013,2024-04-02,502,MTR,167.63,84150.26,INR,3.0,Delivered
TXN002546,HIST-2024-00939,1,CUST0073,DD-CIN-0008,2024-04-02,869,MTR,214.51,186409.19,INR,12.0,Delivered
TXN002547,HIST-2024-00939,2,CUST0073,DD-HUP-0026,2024-04-02,1573,MTR,238.77,375585.21,INR,12.0,Delivered
TXN002548,HIST-2024-00939,3,CUST0073,DD-CIN-0017,2024-04-02,852,MTR,239.55,204096.6,INR,12.0,Delivered
TXN002549,HIST-2024-00939,4,CUST0073,DD-BDS-0027,2024-04-02,145,MTR,202.57,29372.65,INR,12.0,Delivered
TXN003255,HIST-2024-01195,1,CUST0030,DD-CTS-0017,2024-04-02,540,MTR,78.04,42141.6,INR,12.0,Delivered
TXN003256,HIST-2024-01195,2,CUST0030,DD-KSJ-0007,2024-04-02,257,KG,300.82,77310.74,INR,12.0,Delivered
TXN003257,HIST-2024-01195,3,CUST0030,DD-KIR-0032,2024-04-02,223,KG,351.39,78359.97,INR,12.0,Delivered
TXN003629,HIST-2024-01316,1,CUST0115,DD-KSJ-0018,2024-04-02,70,KG,305.67,21396.9,INR,7.0,Delivered
TXN003630,HIST-2024-01316,2,CUST0115,DD-CTS-0021,2024-04-02,1273,MTR,70.76,90077.48,INR,7.0,Delivered
TXN001285,HIST-2024-00465,1,CUST0031,DD-KFT-0011,2024-04-03,46,KG,381.72,17559.12,INR,7.0,Delivered
TXN001286,HIST-2024-00465,2,CUST0031,DD-CTB-0024,2024-04-03,170,MTR,181.36,30831.2,INR,7.0,Delivered
TXN003276,HIST-2024-01202,1,CUST0117,DD-LIN-0028,2024-04-05,1690,MTR,251.45,424950.5,INR,3.0,Delivered
TXN003277,HIST-2024-01202,2,CUST0117,DD-BDS-0025,2024-04-05,2014,MTR,250.82,505151.48,INR,3.0,Delivered
TXN003278,HIST-2024-01202,3,CUST0117,DD-KFT-0021,2024-04-05,48,KG,378.95,18189.6,INR,3.0,Delivered
TXN000079,HIST-2024-00028,1,CUST0076,DD-LIN-0003,2024-04-06,871,MTR,412.53,359313.63,INR,7.0,Delivered
TXN003034,HIST-2024-01118,1,CUST0124,DD-PRB-0016,2024-04-06,599,MTR,105.31,63080.69,INR,7.0,Delivered
TXN003035,HIST-2024-01118,2,CUST0124,DD-LIN-0021,2024-04-06,1263,MTR,427.53,539970.39,INR,7.0,Delivered
TXN003036,HIST-2024-01118,3,CUST0124,DD-PGT-0006,2024-04-06,1049,MTR,71.99,75517.51,INR,7.0,Delivered
TXN002375,HIST-2024-00873,1,CUST0056,DD-KIR-0013,2024-04-07,68,KG,436.55,29685.4,INR,12.0,Delivered
TXN002376,HIST-2024-00873,2,CUST0056,DD-CTB-0034,2024-04-07,846,MTR,173.17,146501.82,INR,12.0,Delivered
TXN002783,HIST-2024-01029,1,CUST0093,DD-KIR-0033,2024-04-07,206,KG,367.42,75688.52,INR,12.0,Delivered
TXN002784,HIST-2024-01029,2,CUST0093,DD-CTB-0003,2024-04-07,1307,MTR,154.57,202022.99,INR,12.0,Delivered
TXN002785,HIST-2024-01029,3,CUST0093,DD-CTB-0018,2024-04-07,430,MTR,135.58,58299.4,INR,12.0,Delivered
TXN002786,HIST-2024-01029,4,CUST0093,DD-DNM-0011,2024-04-07,145,MTR,158.73,23015.85,INR,12.0,Delivered
TXN002787,HIST-2024-01029,5,CUST0093,DD-KIR-0005,2024-04-07,449,KG,369.04,165698.96,INR,12.0,Delivered
TXN002788,HIST-2024-01029,6,CUST0093,DD-CTB-0023,2024-04-07,285,MTR,181.45,51713.25,INR,12.0,Delivered
TXN000389,HIST-2024-00139,1,CUST0070,DD-LIN-0012,2024-04-08,681,MTR,413.32,281470.92,INR,3.0,Delivered
TXN000390,HIST-2024-00139,2,CUST0070,DD-CTB-0003,2024-04-08,155,MTR,168.06,26049.3,INR,3.0,Cancelled
TXN005333,HIST-2024-01958,1,CUST0121,DD-TWL-0030,2024-04-08,916,PCS,228.75,209535.0,INR,12.0,Delivered
TXN005334,HIST-2024-01958,2,CUST0121,DD-CIN-0011,2024-04-08,1587,MTR,205.15,325573.05,INR,12.0,Partially Delivered
TXN005335,HIST-2024-01958,3,CUST0121,DD-CIN-0031,2024-04-08,281,MTR,209.63,58906.03,INR,12.0,Delivered
TXN005895,HIST-2024-02170,1,CUST0046,DD-CIN-0001,2024-04-08,305,MTR,212.44,64794.2,INR,7.0,Delivered
TXN005896,HIST-2024-02170,2,CUST0046,DD-PCS-0004,2024-04-08,2138,MTR,81.41,174054.58,INR,7.0,Delivered
TXN004730,HIST-2024-01738,1,CUST0126,DD-DNM-0027,2024-04-11,191,MTR,200.39,38274.49,INR,7.0,Delivered
TXN004731,HIST-2024-01738,2,CUST0126,DD-LIN-0032,2024-04-11,268,MTR,404.56,108422.08,INR,7.0,Delivered
TXN006992,HIST-2024-02575,1,CUST0068,DD-CDV-0029,2024-04-11,2049,MTR,170.49,349334.01,INR,3.0,Delivered
TXN006993,HIST-2024-02575,2,CUST0068,DD-TWL-0014,2024-04-11,461,PCS,212.47,97948.67,INR,3.0,Partially Delivered
TXN006994,HIST-2024-02575,3,CUST0068,DD-PGT-0027,2024-04-11,170,MTR,49.79,8464.3,INR,3.0,Delivered
TXN006995,HIST-2024-02575,4,CUST0068,DD-HUP-0014,2024-04-11,1978,MTR,236.96,468706.88,INR,3.0,Delivered
TXN001507,HIST-2024-00549,1,CUST0122,DD-FLN-0023,2024-04-12,636,MTR,180.51,114804.36,INR,3.0,Delivered
TXN001508,HIST-2024-00549,2,CUST0122,DD-FLN-0004,2024-04-12,1254,MTR,148.1,185717.4,INR,3.0,Delivered
TXN001509,HIST-2024-00549,3,CUST0122,DD-PCS-0004,2024-04-12,488,MTR,85.88,41909.44,INR,3.0,Delivered
TXN002680,HIST-2024-00986,1,CUST0017,DD-KIR-0024,2024-04-12,87,KG,348.61,30329.07,INR,7.0,Delivered
TXN002681,HIST-2024-00986,2,CUST0017,DD-KFT-0005,2024-04-12,51,KG,318.96,16266.96,INR,7.0,Delivered
TXN006172,HIST-2024-02262,1,CUST0069,DD-BDS-0009,2024-04-12,1661,MTR,158.14,262670.54,INR,7.0,Delivered
TXN006173,HIST-2024-02262,2,CUST0069,DD-CTS-0007,2024-04-12,1495,MTR,128.46,192047.7,INR,7.0,Delivered
TXN006174,HIST-2024-02262,3,CUST0069,DD-SUT-0004,2024-04-12,416,MTR,198.73,82671.68,INR,7.0,Delivered
TXN007316,HIST-2024-02693,1,CUST0078,DD-SAT-0016,2024-04-12,218,MTR,140.89,30714.02,INR,7.0,Delivered
TXN007317,HIST-2024-02693,2,CUST0078,DD-LIN-0033,2024-04-12,1193,MTR,255.65,304990.45,INR,7.0,Delivered
TXN001292,HIST-2024-00467,1,CUST0010,DD-DNM-0002,2024-04-13,369,MTR,226.99,83759.31,INR,7.0,Delivered
TXN001293,HIST-2024-00467,2,CUST0010,DD-CTB-0021,2024-04-13,348,MTR,214.13,74517.24,INR,7.0,Delivered
TXN001978,HIST-2024-00723,1,CUST0070,DD-LIN-0020,2024-04-13,562,MTR,409.41,230088.42,INR,3.0,Delivered
TXN001979,HIST-2024-00723,2,CUST0070,DD-CDV-0011,2024-04-13,609,MTR,248.95,151610.55,INR,3.0,Delivered
TXN005763,HIST-2024-02118,1,CUST0114,DD-LIN-0008,2024-04-13,520,MTR,310.75,161590.0,INR,12.0,Delivered
TXN001768,HIST-2024-00641,1,CUST0076,DD-CTS-0014,2024-04-14,939,MTR,113.68,106745.52,INR,7.0,Delivered
TXN001769,HIST-2024-00641,2,CUST0076,DD-KSJ-0008,2024-04-14,47,KG,277.26,13031.22,INR,7.0,Delivered
TXN001770,HIST-2024-00641,3,CUST0076,DD-MOD-0016,2024-04-14,1671,MTR,230.26,384764.46,INR,7.0,Delivered
TXN006659,HIST-2024-02448,1,CUST0134,DD-CIN-0008,2024-04-14,1116,MTR,230.52,257260.32,INR,3.0,Delivered
TXN006660,HIST-2024-02448,2,CUST0134,DD-PCS-0023,2024-04-14,265,MTR,94.85,25135.25,INR,3.0,Partially Delivered
TXN006661,HIST-2024-02448,3,CUST0134,DD-CTB-0017,2024-04-14,170,MTR,143.57,24406.9,INR,3.0,Partially Delivered
TXN006662,HIST-2024-02448,4,CUST0134,DD-CIN-0007,2024-04-14,158,MTR,245.13,38730.54,INR,3.0,Delivered
TXN006663,HIST-2024-02448,5,CUST0134,DD-FLN-0003,2024-04-14,1332,MTR,152.24,202783.68,INR,3.0,Delivered
TXN002955,HIST-2024-01085,1,CUST0023,DD-PCS-0005,2024-04-15,1652,MTR,79.08,130640.16,INR,7.0,Partially Delivered
TXN002956,HIST-2024-01085,2,CUST0023,DD-CIN-0002,2024-04-15,1105,MTR,213.64,236072.2,INR,7.0,Delivered
TXN002957,HIST-2024-01085,3,CUST0023,DD-PCS-0030,2024-04-15,429,MTR,89.72,38489.88,INR,7.0,Delivered
TXN007401,HIST-2024-02727,1,CUST0120,DD-KSJ-0011,2024-04-15,147,KG,283.77,41714.19,INR,7.0,Delivered
TXN000851,HIST-2024-00302,1,CUST0077,DD-PCS-0011,2024-04-16,197,MTR,71.83,14150.51,INR,7.0,Cancelled
TXN000852,HIST-2024-00302,2,CUST0077,DD-PCS-0004,2024-04-16,880,MTR,79.39,69863.2,INR,7.0,Delivered
TXN005038,HIST-2024-01849,1,CUST0118,DD-CIN-0021,2024-04-16,144,MTR,258.77,37262.88,INR,7.0,Partially Delivered
TXN002949,HIST-2024-01084,1,CUST0016,DD-LIN-0034,2024-04-17,526,MTR,259.49,136491.74,INR,12.0,Delivered
TXN002950,HIST-2024-01084,2,CUST0016,DD-FLN-0025,2024-04-17,157,MTR,153.48,24096.36,INR,12.0,Delivered
TXN002951,HIST-2024-01084,3,CUST0016,DD-CIN-0006,2024-04-17,191,MTR,185.03,35340.73,INR,12.0,Delivered
TXN002952,HIST-2024-01084,4,CUST0016,DD-SUT-0006,2024-04-17,1320,MTR,192.44,254020.8,INR,12.0,Delivered
TXN002953,HIST-2024-01084,5,CUST0016,DD-PRB-0002,2024-04-17,246,MTR,111.1,27330.6,INR,12.0,Delivered
TXN002954,HIST-2024-01084,6,CUST0016,DD-KIR-0001,2024-04-17,154,KG,319.22,49159.88,INR,12.0,Delivered
TXN003867,HIST-2024-01417,1,CUST0082,DD-KIR-0025,2024-04-17,413,KG,364.62,150588.06,INR,7.0,Delivered
TXN003868,HIST-2024-01417,2,CUST0082,DD-DNM-0029,2024-04-17,260,MTR,279.76,72737.6,INR,7.0,Delivered
TXN003869,HIST-2024-01417,3,CUST0082,DD-CTB-0019,2024-04-17,648,MTR,215.44,139605.12,INR,7.0,Delivered
TXN004096,HIST-2024-01495,1,CUST0077,DD-CIN-0008,2024-04-17,807,MTR,226.09,182454.63,INR,7.0,Delivered
TXN004097,HIST-2024-01495,2,CUST0077,DD-CTS-0024,2024-04-17,895,MTR,82.65,73971.75,INR,7.0,Delivered
TXN004098,HIST-2024-01495,3,CUST0077,DD-KIR-0016,2024-04-17,85,KG,471.76,40099.6,INR,7.0,Delivered
TXN004963,HIST-2024-01820,1,CUST0132,DD-DNM-0030,2024-04-17,179,MTR,279.28,49991.12,INR,7.0,Partially Delivered
TXN004964,HIST-2024-01820,2,CUST0132,DD-CTS-0024,2024-04-17,1121,MTR,79.5,89119.5,INR,7.0,Delivered
TXN005142,HIST-2024-01886,1,CUST0073,DD-BDS-0027,2024-04-17,1329,MTR,204.06,271195.74,INR,12.0,Delivered
TXN005143,HIST-2024-01886,2,CUST0073,DD-HUP-0026,2024-04-17,1678,MTR,236.83,397400.74,INR,12.0,Delivered
TXN001106,HIST-2024-00400,1,CUST0091,DD-CTB-0005,2024-04-18,148,MTR,186.03,27532.44,INR,12.0,Delivered
TXN001107,HIST-2024-00400,2,CUST0091,DD-KFT-0001,2024-04-18,186,KG,307.07,57115.02,INR,12.0,Delivered
TXN002731,HIST-2024-01006,1,CUST0063,DD-CTB-0001,2024-04-18,904,MTR,165.85,149928.4,INR,7.0,Delivered
TXN002732,HIST-2024-01006,2,CUST0063,DD-KIR-0023,2024-04-18,474,KG,359.33,170322.42,INR,7.0,Delivered
TXN005252,HIST-2024-01930,1,CUST0062,DD-DNM-0022,2024-04-18,169,MTR,183.24,30967.56,INR,12.0,Delivered
TXN005253,HIST-2024-01930,2,CUST0062,DD-LIN-0010,2024-04-18,1126,MTR,362.12,407747.12,INR,12.0,Delivered
TXN005254,HIST-2024-01930,3,CUST0062,DD-KSJ-0006,2024-04-18,220,KG,291.58,64147.6,INR,12.0,Delivered
TXN005255,HIST-2024-01930,4,CUST0062,DD-CTS-0017,2024-04-18,173,MTR,85.63,14813.99,INR,12.0,Delivered
TXN000378,HIST-2024-00136,1,CUST0011,DD-CIN-0017,2024-04-19,431,MTR,259.96,112042.76,INR,7.0,Delivered
TXN000379,HIST-2024-00136,2,CUST0011,DD-CTB-0004,2024-04-19,144,MTR,218.06,31400.64,INR,7.0,Delivered
TXN000380,HIST-2024-00136,3,CUST0011,DD-FLN-0025,2024-04-19,155,MTR,161.5,25032.5,INR,7.0,Delivered
TXN000381,HIST-2024-00136,4,CUST0011,DD-FLN-0027,2024-04-19,1229,MTR,147.7,181523.3,INR,7.0,Delivered
TXN000382,HIST-2024-00136,5,CUST0011,DD-HCT-0028,2024-04-19,240,MTR,127.57,30616.8,INR,7.0,Delivered
TXN000383,HIST-2024-00136,6,CUST0011,DD-HCT-0018,2024-04-19,2008,MTR,152.9,307023.2,INR,7.0,Delivered
TXN005708,HIST-2024-02094,1,CUST0048,DD-DNM-0004,2024-04-19,250,MTR,216.75,54187.5,INR,12.0,Delivered
TXN005709,HIST-2024-02094,2,CUST0048,DD-MOD-0011,2024-04-19,380,MTR,236.25,89775.0,INR,12.0,Delivered
TXN005710,HIST-2024-02094,3,CUST0048,DD-KSJ-0001,2024-04-19,106,KG,424.04,44948.24,INR,12.0,Delivered
TXN005711,HIST-2024-02094,4,CUST0048,DD-LIN-0030,2024-04-19,811,MTR,368.02,298464.22,INR,12.0,Delivered
TXN005712,HIST-2024-02094,5,CUST0048,DD-KSJ-0025,2024-04-19,49,KG,352.32,17263.68,INR,12.0,Delivered
TXN003054,HIST-2024-01124,1,CUST0073,DD-BDS-0027,2024-04-20,141,MTR,203.26,28659.66,INR,12.0,Delivered
TXN003055,HIST-2024-01124,2,CUST0073,DD-TWL-0024,2024-04-20,325,PCS,190.08,61776.0,INR,12.0,Delivered
TXN003056,HIST-2024-01124,3,CUST0073,DD-BDS-0002,2024-04-20,226,MTR,205.74,46497.24,INR,12.0,Delivered
TXN003057,HIST-2024-01124,4,CUST0073,DD-HCT-0028,2024-04-20,992,MTR,115.91,114982.72,INR,12.0,Delivered
TXN003398,HIST-2024-01247,1,CUST0118,DD-VSR-0019,2024-04-20,433,MTR,80.11,34687.63,INR,7.0,Delivered
TXN003399,HIST-2024-01247,2,CUST0118,DD-HUP-0016,2024-04-20,284,MTR,290.98,82638.32,INR,7.0,Delivered
TXN003400,HIST-2024-01247,3,CUST0118,DD-CDV-0007,2024-04-20,2149,MTR,182.44,392063.56,INR,7.0,Delivered
TXN003401,HIST-2024-01247,4,CUST0118,DD-KIR-0001,2024-04-20,267,KG,313.5,83704.5,INR,7.0,Delivered
TXN003402,HIST-2024-01247,5,CUST0118,DD-CIN-0021,2024-04-20,1034,MTR,254.76,263421.84,INR,7.0,Delivered
TXN004423,HIST-2024-01618,1,CUST0121,DD-CIN-0016,2024-04-20,687,MTR,221.21,151971.27,INR,12.0,Delivered
TXN006817,HIST-2024-02510,1,CUST0098,DD-RBL-0002,2024-04-20,343,MTR,43.74,15002.82,INR,7.0,Delivered
TXN001356,HIST-2024-00490,1,CUST0101,DD-DNM-0022,2024-04-21,1523,MTR,202.01,307661.23,INR,7.0,Delivered
TXN001357,HIST-2024-00490,2,CUST0101,DD-CTB-0006,2024-04-21,809,MTR,211.86,171394.74,INR,7.0,Delivered
TXN001358,HIST-2024-00490,3,CUST0101,DD-DNM-0035,2024-04-21,868,MTR,195.19,169424.92,INR,7.0,Delivered
TXN001359,HIST-2024-00490,4,CUST0101,DD-CTB-0017,2024-04-21,1034,MTR,140.54,145318.36,INR,7.0,Delivered
TXN001360,HIST-2024-00490,5,CUST0101,DD-CTS-0015,2024-04-21,433,MTR,116.77,50561.41,INR,7.0,Delivered
TXN004325,HIST-2024-01579,1,CUST0071,DD-MOD-0023,2024-04-21,450,MTR,160.46,72207.0,INR,7.0,Delivered
TXN004326,HIST-2024-01579,2,CUST0071,DD-DNM-0002,2024-04-21,135,MTR,225.92,30499.2,INR,7.0,Delivered
TXN004327,HIST-2024-01579,3,CUST0071,DD-LIN-0030,2024-04-21,1483,MTR,406.19,602379.77,INR,7.0,Delivered
TXN005900,HIST-2024-02172,1,CUST0091,DD-KFT-0001,2024-04-21,56,KG,306.05,17138.8,INR,12.0,Delivered
TXN005901,HIST-2024-02172,2,CUST0091,DD-KIR-0006,2024-04-21,299,KG,367.97,110023.03,INR,12.0,Delivered
TXN005902,HIST-2024-02172,3,CUST0091,DD-CTB-0006,2024-04-21,435,MTR,196.51,85481.85,INR,12.0,Delivered
TXN002971,HIST-2024-01092,1,CUST0043,DD-CTB-0032,2024-04-22,343,MTR,160.16,54934.88,INR,3.0,Delivered
TXN000313,HIST-2024-00109,1,CUST0022,DD-KIR-0035,2024-04-23,143,KG,439.99,62918.57,INR,7.0,Delivered
TXN000314,HIST-2024-00109,2,CUST0022,DD-TWL-0017,2024-04-23,435,PCS,206.84,89975.4,INR,7.0,Delivered
TXN001983,HIST-2024-00726,1,CUST0014,DD-FLN-0019,2024-04-23,255,MTR,133.06,33930.3,INR,7.0,Delivered
TXN001984,HIST-2024-00726,2,CUST0014,DD-SUT-0031,2024-04-23,146,MTR,198.88,29036.48,INR,7.0,Delivered
TXN003853,HIST-2024-01411,1,CUST0117,DD-BDS-0031,2024-04-23,1209,MTR,201.18,243226.62,INR,3.0,Delivered
TXN003854,HIST-2024-01411,2,CUST0117,DD-BDS-0025,2024-04-23,1096,MTR,252.67,276926.32,INR,3.0,Delivered
TXN005810,HIST-2024-02133,1,CUST0082,DD-KSJ-0019,2024-04-23,436,KG,294.36,128340.96,INR,7.0,Delivered
TXN005811,HIST-2024-02133,2,CUST0082,DD-KIR-0025,2024-04-23,154,KG,371.91,57274.14,INR,7.0,Delivered
TXN005812,HIST-2024-02133,3,CUST0082,DD-CTB-0019,2024-04-23,408,MTR,219.1,89392.8,INR,7.0,Partially Delivered
TXN005813,HIST-2024-02133,4,CUST0082,DD-KIR-0021,2024-04-23,96,KG,331.2,31795.2,INR,7.0,Delivered
TXN005814,HIST-2024-02133,5,CUST0082,DD-DNM-0029,2024-04-23,416,MTR,278.21,115735.36,INR,7.0,Cancelled
TXN007006,HIST-2024-02580,1,CUST0007,DD-KIR-0007,2024-04-23,465,KG,369.59,171859.35,INR,7.0,Delivered
TXN007007,HIST-2024-02580,2,CUST0007,DD-DNM-0011,2024-04-23,1548,MTR,164.89,255249.72,INR,7.0,Delivered
TXN007008,HIST-2024-02580,3,CUST0007,DD-KFT-0004,2024-04-23,213,KG,320.78,68326.14,INR,7.0,Delivered
TXN007009,HIST-2024-02580,4,CUST0007,DD-CTB-0031,2024-04-23,1126,MTR,152.12,171287.12,INR,7.0,Partially Delivered
TXN007010,HIST-2024-02580,5,CUST0007,DD-KIR-0006,2024-04-23,284,KG,380.12,107954.08,INR,7.0,Delivered
TXN007011,HIST-2024-02580,6,CUST0007,DD-KIR-0001,2024-04-23,223,KG,316.75,70635.25,INR,7.0,Delivered
TXN003201,HIST-2024-01175,1,CUST0004,DD-DNM-0034,2024-04-25,342,MTR,294.15,100599.3,INR,3.0,Delivered
TXN003202,HIST-2024-01175,2,CUST0004,DD-CTS-0022,2024-04-25,1551,MTR,91.54,141978.54,INR,3.0,Delivered
TXN003203,HIST-2024-01175,3,CUST0004,DD-DNM-0029,2024-04-25,132,MTR,309.69,40879.08,INR,3.0,Delivered
TXN001921,HIST-2024-00702,1,CUST0053,DD-PCS-0017,2024-04-27,149,MTR,99.14,14771.86,INR,3.0,Partially Delivered
TXN001922,HIST-2024-00702,2,CUST0053,DD-PCS-0005,2024-04-27,832,MTR,80.69,67134.08,INR,3.0,Delivered
TXN001923,HIST-2024-00702,3,CUST0053,DD-SUT-0018,2024-04-27,1352,MTR,204.16,276024.32,INR,3.0,Delivered
TXN002845,HIST-2024-01048,1,CUST0118,DD-CIN-0021,2024-04-27,319,MTR,259.37,82739.03,INR,7.0,Delivered
TXN002846,HIST-2024-01048,2,CUST0118,DD-KIR-0001,2024-04-27,54,KG,311.37,16813.98,INR,7.0,Delivered
TXN004766,HIST-2024-01750,1,CUST0024,DD-KIR-0036,2024-04-27,343,KG,376.3,129070.9,INR,3.0,Delivered
TXN005582,HIST-2024-02053,1,CUST0047,DD-CTB-0015,2024-04-27,187,MTR,137.6,25731.2,INR,7.0,Delivered
TXN005583,HIST-2024-02053,2,CUST0047,DD-CTB-0006,2024-04-27,928,MTR,197.52,183298.56,INR,7.0,Delivered
TXN006340,HIST-2024-02324,1,CUST0047,DD-CTB-0019,2024-04-27,172,MTR,205.98,35428.56,INR,7.0,Delivered
TXN006341,HIST-2024-02324,2,CUST0047,DD-KFT-0003,2024-04-27,454,KG,307.28,139505.12,INR,7.0,Delivered
TXN006342,HIST-2024-02324,3,CUST0047,DD-KFT-0009,2024-04-27,197,KG,378.95,74653.15,INR,7.0,Delivered
TXN000663,HIST-2024-00237,1,CUST0129,DD-LIN-0004,2024-04-28,845,MTR,325.29,274870.05,INR,3.0,Delivered
TXN000664,HIST-2024-00237,2,CUST0129,DD-HCT-0018,2024-04-28,969,MTR,159.35,154410.15,INR,3.0,Delivered
TXN000665,HIST-2024-00237,3,CUST0129,DD-CDV-0002,2024-04-28,1287,MTR,195.09,251080.83,INR,3.0,Delivered
TXN002138,HIST-2024-00789,1,CUST0071,DD-DNM-0002,2024-04-28,1353,MTR,226.2,306048.6,INR,7.0,Delivered
TXN002139,HIST-2024-00789,2,CUST0071,DD-MOD-0034,2024-04-28,247,MTR,270.68,66857.96,INR,7.0,Delivered
TXN003193,HIST-2024-01172,1,CUST0061,DD-LIN-0019,2024-04-28,699,MTR,470.33,328760.67,INR,3.0,Delivered
TXN003194,HIST-2024-01172,2,CUST0061,DD-VSR-0030,2024-04-28,1976,MTR,121.58,240242.08,INR,3.0,Delivered
TXN003195,HIST-2024-01172,3,CUST0061,DD-PRB-0011,2024-04-28,1626,MTR,138.04,224453.04,INR,3.0,Delivered
TXN003196,HIST-2024-01172,4,CUST0061,DD-PGT-0013,2024-04-28,1269,MTR,63.17,80162.73,INR,3.0,Delivered
TXN003197,HIST-2024-01172,5,CUST0061,DD-SAT-0020,2024-04-28,2224,MTR,147.74,328573.76,INR,3.0,Delivered
TXN000792,HIST-2024-00281,1,CUST0094,DD-CTS-0014,2024-04-29,170,MTR,109.39,18596.3,INR,7.0,Delivered
TXN000793,HIST-2024-00281,2,CUST0094,DD-KFT-0010,2024-04-29,56,KG,404.04,22626.24,INR,7.0,Delivered
TXN000794,HIST-2024-00281,3,CUST0094,DD-DNM-0019,2024-04-29,1476,MTR,235.33,347347.08,INR,7.0,Delivered
TXN002315,HIST-2024-00852,1,CUST0048,DD-KSJ-0025,2024-04-29,79,KG,348.83,27557.57,INR,12.0,Delivered
TXN002316,HIST-2024-00852,2,CUST0048,DD-KSJ-0001,2024-04-29,567,KG,421.66,239081.22,INR,12.0,Delivered
TXN002317,HIST-2024-00852,3,CUST0048,DD-MOD-0011,2024-04-29,698,MTR,238.07,166172.86,INR,12.0,Delivered
TXN002318,HIST-2024-00852,4,CUST0048,DD-MOD-0023,2024-04-29,490,MTR,154.09,75504.1,INR,12.0,Delivered
TXN002319,HIST-2024-00852,5,CUST0048,DD-MOD-0021,2024-04-29,1134,MTR,208.79,236767.86,INR,12.0,Delivered
TXN002320,HIST-2024-00852,6,CUST0048,DD-DNM-0011,2024-04-29,713,MTR,152.42,108675.46,INR,12.0,Delivered
TXN006313,HIST-2024-02314,1,CUST0105,DD-MOD-0011,2024-04-29,368,MTR,224.25,82524.0,INR,12.0,Delivered
TXN000709,HIST-2024-00251,1,CUST0015,DD-HUP-0009,2024-04-30,799,MTR,332.9,265987.1,INR,3.0,Delivered
TXN005680,HIST-2024-02086,1,CUST0036,DD-LIN-0016,2024-04-30,335,MTR,383.94,128619.9,INR,12.0,Delivered
TXN005681,HIST-2024-02086,2,CUST0036,DD-KSJ-0023,2024-04-30,170,KG,348.35,59219.5,INR,12.0,Delivered
TXN005682,HIST-2024-02086,3,CUST0036,DD-KSJ-0019,2024-04-30,42,KG,291.68,12250.56,INR,12.0,Partially Delivered
TXN005683,HIST-2024-02086,4,CUST0036,DD-DNM-0013,2024-04-30,164,MTR,161.41,26471.24,INR,12.0,Partially Delivered
TXN004191,HIST-2024-01526,1,CUST0052,DD-CIN-0004,2024-05-01,911,MTR,203.29,185197.19,INR,3.0,Delivered
TXN003979,HIST-2024-01455,1,CUST0118,DD-SAT-0032,2024-05-02,1138,MTR,77.43,88115.34,INR,7.0,Delivered
TXN003980,HIST-2024-01455,2,CUST0118,DD-HUP-0016,2024-05-02,600,MTR,295.83,177498.0,INR,7.0,Delivered
TXN007340,HIST-2024-02704,1,CUST0057,DD-KFT-0006,2024-05-02,215,KG,305.86,65759.9,INR,7.0,Delivered
TXN007341,HIST-2024-02704,2,CUST0057,DD-CTS-0021,2024-05-02,1035,MTR,77.09,79788.15,INR,7.0,Delivered
TXN001284,HIST-2024-00464,1,CUST0093,DD-DNM-0025,2024-05-03,266,MTR,192.62,51236.92,INR,12.0,Delivered
TXN001450,HIST-2024-00526,1,CUST0103,DD-MOD-0010,2024-05-03,199,MTR,234.87,46739.13,INR,3.0,Delivered
TXN003012,HIST-2024-01110,1,CUST0073,DD-CIN-0017,2024-05-04,351,MTR,240.3,84345.3,INR,12.0,Delivered
TXN003013,HIST-2024-01110,2,CUST0073,DD-CIN-0008,2024-05-04,335,MTR,217.15,72745.25,INR,12.0,Delivered
TXN003014,HIST-2024-01110,3,CUST0073,DD-BDS-0002,2024-05-04,2058,MTR,208.07,428208.06,INR,12.0,Delivered
TXN004076,HIST-2024-01487,1,CUST0080,DD-CIN-0011,2024-05-04,223,MTR,213.51,47612.73,INR,7.0,Delivered
TXN004381,HIST-2024-01604,1,CUST0108,DD-CTB-0020,2024-05-04,1574,MTR,189.89,298886.86,INR,12.0,Delivered
TXN004382,HIST-2024-01604,2,CUST0108,DD-PRB-0027,2024-05-04,139,MTR,99.34,13808.26,INR,12.0,Delivered
TXN004383,HIST-2024-01604,3,CUST0108,DD-KFT-0005,2024-05-04,493,KG,314.48,155038.64,INR,12.0,Delivered
TXN004384,HIST-2024-01604,4,CUST0108,DD-KIR-0001,2024-05-04,196,KG,315.93,61922.28,INR,12.0,Delivered
TXN005345,HIST-2024-01962,1,CUST0058,DD-CTB-0028,2024-05-04,1876,MTR,165.29,310084.04,INR,7.0,Delivered
TXN005346,HIST-2024-01962,2,CUST0058,DD-KFT-0001,2024-05-04,390,KG,320.67,125061.3,INR,7.0,Partially Delivered
TXN006724,HIST-2024-02470,1,CUST0133,DD-MOD-0004,2024-05-04,1275,MTR,197.54,251863.5,INR,7.0,Delivered
TXN006725,HIST-2024-02470,2,CUST0133,DD-LIN-0007,2024-05-04,1277,MTR,340.3,434563.1,INR,7.0,Delivered
TXN006726,HIST-2024-02470,3,CUST0133,DD-SAT-0029,2024-05-04,801,MTR,84.76,67892.76,INR,7.0,Delivered
TXN003527,HIST-2024-01289,1,CUST0054,DD-CIN-0009,2024-05-05,554,MTR,242.76,134489.04,INR,7.0,Delivered
TXN003528,HIST-2024-01289,2,CUST0054,DD-BDS-0003,2024-05-05,665,MTR,203.98,135646.7,INR,7.0,Delivered
TXN003529,HIST-2024-01289,3,CUST0054,DD-TWL-0032,2024-05-05,952,PCS,266.62,253822.24,INR,7.0,Delivered
TXN003530,HIST-2024-01289,4,CUST0054,DD-BDS-0020,2024-05-05,254,MTR,218.32,55453.28,INR,7.0,Cancelled
TXN003531,HIST-2024-01289,5,CUST0054,DD-HCT-0013,2024-05-05,167,MTR,206.54,34492.18,INR,7.0,Cancelled
TXN003532,HIST-2024-01289,6,CUST0054,DD-CIN-0008,2024-05-05,503,MTR,224.99,113169.97,INR,7.0,Delivered
TXN004215,HIST-2024-01538,1,CUST0098,DD-RBL-0026,2024-05-05,252,MTR,44.03,11095.56,INR,7.0,Delivered
TXN004216,HIST-2024-01538,2,CUST0098,DD-SUT-0005,2024-05-05,1388,MTR,211.6,293700.8,INR,7.0,Delivered
TXN005802,HIST-2024-02131,1,CUST0058,DD-CTB-0024,2024-05-06,2009,MTR,181.72,365075.48,INR,7.0,Delivered
TXN005803,HIST-2024-02131,2,CUST0058,DD-CTB-0028,2024-05-06,559,MTR,167.87,93839.33,INR,7.0,Delivered
TXN005804,HIST-2024-02131,3,CUST0058,DD-DNM-0012,2024-05-06,222,MTR,164.47,36512.34,INR,7.0,Delivered
TXN005366,HIST-2024-01969,1,CUST0024,DD-DNM-0007,2024-05-07,466,MTR,250.74,116844.84,INR,3.0,Delivered
TXN005367,HIST-2024-01969,2,CUST0024,DD-KIR-0007,2024-05-07,251,KG,386.37,96978.87,INR,3.0,Delivered
TXN005368,HIST-2024-01969,3,CUST0024,DD-CTS-0013,2024-05-07,338,MTR,113.42,38335.96,INR,3.0,Delivered
TXN005369,HIST-2024-01969,4,CUST0024,DD-CTB-0028,2024-05-07,951,MTR,172.77,164304.27,INR,3.0,Delivered
TXN005370,HIST-2024-01969,5,CUST0024,DD-KFT-0020,2024-05-07,395,KG,361.1,142634.5,INR,3.0,Delivered
TXN005371,HIST-2024-01969,6,CUST0024,DD-KIR-0025,2024-05-07,543,KG,375.6,203950.8,INR,3.0,Delivered
TXN000808,HIST-2024-00285,1,CUST0086,DD-LIN-0002,2024-05-08,797,MTR,404.5,322386.5,INR,7.0,Delivered
TXN000809,HIST-2024-00285,2,CUST0086,DD-PGT-0011,2024-05-08,413,MTR,60.31,24908.03,INR,7.0,Delivered
TXN000810,HIST-2024-00285,3,CUST0086,DD-LIN-0006,2024-05-08,679,MTR,337.33,229047.07,INR,7.0,Delivered
TXN000811,HIST-2024-00285,4,CUST0086,DD-VSR-0014,2024-05-08,246,MTR,75.79,18644.34,INR,7.0,Delivered
TXN000812,HIST-2024-00285,5,CUST0086,DD-MOD-0012,2024-05-08,140,MTR,254.99,35698.6,INR,7.0,Delivered
TXN000813,HIST-2024-00285,6,CUST0086,DD-PGT-0001,2024-05-08,144,MTR,62.08,8939.52,INR,7.0,Delivered
TXN001982,HIST-2024-00725,1,CUST0105,DD-CTB-0013,2024-05-08,1066,MTR,147.36,157085.76,INR,12.0,Partially Delivered
TXN006810,HIST-2024-02506,1,CUST0052,DD-SUT-0024,2024-05-08,315,MTR,214.33,67513.95,INR,3.0,Delivered
TXN005338,HIST-2024-01960,1,CUST0030,DD-KIR-0007,2024-05-09,50,KG,352.74,17637.0,INR,12.0,Partially Delivered
TXN005339,HIST-2024-01960,2,CUST0030,DD-KIR-0021,2024-05-09,527,KG,342.18,180328.86,INR,12.0,Delivered
TXN001856,HIST-2024-00674,1,CUST0044,DD-HUP-0002,2024-05-10,646,MTR,289.36,186926.56,INR,7.0,Delivered
TXN001857,HIST-2024-00674,2,CUST0044,DD-HCT-0032,2024-05-10,167,MTR,150.03,25055.01,INR,7.0,Delivered
TXN002617,HIST-2024-00966,1,CUST0047,DD-CTB-0019,2024-05-10,805,MTR,203.84,164091.2,INR,7.0,Partially Delivered
TXN002618,HIST-2024-00966,2,CUST0047,DD-CTB-0006,2024-05-10,1365,MTR,202.47,276371.55,INR,7.0,Delivered
TXN005504,HIST-2024-02020,1,CUST0053,DD-SUT-0021,2024-05-10,153,MTR,257.64,39418.92,INR,3.0,Delivered
TXN005505,HIST-2024-02020,2,CUST0053,DD-CTB-0018,2024-05-10,129,MTR,149.97,19346.13,INR,3.0,Delivered
TXN006377,HIST-2024-02342,1,CUST0033,DD-KSJ-0018,2024-05-10,98,KG,324.24,31775.52,INR,3.0,Delivered
TXN005492,HIST-2024-02015,1,CUST0059,DD-SUT-0005,2024-05-11,203,MTR,202.52,41111.56,INR,12.0,Delivered
TXN005493,HIST-2024-02015,2,CUST0059,DD-SUT-0018,2024-05-11,789,MTR,186.99,147535.11,INR,12.0,Delivered
TXN006689,HIST-2024-02458,1,CUST0021,DD-HUP-0006,2024-05-12,1615,MTR,312.12,504073.8,INR,3.0,Delivered
TXN006690,HIST-2024-02458,2,CUST0021,DD-TWL-0002,2024-05-12,1021,PCS,212.05,216503.05,INR,3.0,Delivered
TXN006691,HIST-2024-02458,3,CUST0021,DD-HCT-0030,2024-05-12,221,MTR,132.52,29286.92,INR,3.0,Delivered
TXN006692,HIST-2024-02458,4,CUST0021,DD-CIN-0028,2024-05-12,162,MTR,183.28,29691.36,INR,3.0,Delivered
TXN007078,HIST-2024-02601,1,CUST0134,DD-CTB-0012,2024-05-12,193,MTR,174.11,33603.23,INR,3.0,Delivered
TXN007079,HIST-2024-02601,2,CUST0134,DD-CIN-0007,2024-05-12,402,MTR,247.94,99671.88,INR,3.0,Delivered
TXN004684,HIST-2024-01724,1,CUST0077,DD-VSR-0020,2024-05-13,681,MTR,105.81,72056.61,INR,7.0,Delivered
TXN004685,HIST-2024-01724,2,CUST0077,DD-SAT-0017,2024-05-13,322,MTR,148.06,47675.32,INR,7.0,Delivered
TXN004686,HIST-2024-01724,3,CUST0077,DD-CTB-0005,2024-05-13,1098,MTR,207.24,227549.52,INR,7.0,Delivered
TXN004687,HIST-2024-01724,4,CUST0077,DD-CIN-0008,2024-05-13,730,MTR,228.82,167038.6,INR,7.0,Delivered
TXN004688,HIST-2024-01724,5,CUST0077,DD-FLN-0001,2024-05-13,1868,MTR,141.67,264639.56,INR,7.0,Delivered
TXN005731,HIST-2024-02103,1,CUST0064,DD-KFT-0018,2024-05-13,104,KG,263.41,27394.64,INR,12.0,Delivered
TXN000487,HIST-2024-00175,1,CUST0022,DD-KFT-0002,2024-05-14,412,KG,299.45,123373.4,INR,7.0,Delivered
TXN001745,HIST-2024-00633,1,CUST0007,DD-DNM-0016,2024-05-14,948,MTR,245.41,232648.68,INR,7.0,Delivered
TXN002838,HIST-2024-01045,1,CUST0102,DD-KSJ-0025,2024-05-14,181,KG,362.55,65621.55,INR,7.0,Delivered
TXN002839,HIST-2024-01045,2,CUST0102,DD-CTS-0001,2024-05-14,1924,MTR,97.64,187859.36,INR,7.0,Delivered
TXN004526,HIST-2024-01667,1,CUST0063,DD-KSJ-0018,2024-05-14,283,KG,312.5,88437.5,INR,7.0,Delivered
TXN004527,HIST-2024-01667,2,CUST0063,DD-KFT-0002,2024-05-14,169,KG,303.42,51277.98,INR,7.0,Delivered
TXN005012,HIST-2024-01840,1,CUST0132,DD-CTS-0016,2024-05-14,750,MTR,109.88,82410.0,INR,7.0,Delivered
TXN005013,HIST-2024-01840,2,CUST0132,DD-CTS-0024,2024-05-14,696,MTR,79.71,55478.16,INR,7.0,Delivered
TXN005014,HIST-2024-01840,3,CUST0132,DD-KSJ-0005,2024-05-14,265,KG,304.26,80628.9,INR,7.0,Delivered
TXN005733,HIST-2024-02105,1,CUST0098,DD-LIN-0013,2024-05-14,173,MTR,396.07,68520.11,INR,7.0,Delivered
TXN005734,HIST-2024-02105,2,CUST0098,DD-PGT-0030,2024-05-14,693,MTR,70.63,48946.59,INR,7.0,Delivered
TXN001090,HIST-2024-00392,1,CUST0098,DD-MOD-0024,2024-05-15,1254,MTR,162.21,203411.34,INR,7.0,Delivered
TXN001091,HIST-2024-00392,2,CUST0098,DD-CDV-0027,2024-05-15,1386,MTR,167.48,232127.28,INR,7.0,Delivered
TXN001092,HIST-2024-00392,3,CUST0098,DD-HCT-0030,2024-05-15,1038,MTR,128.96,133860.48,INR,7.0,Partially Delivered
TXN005520,HIST-2024-02027,1,CUST0109,DD-CTB-0019,2024-05-16,1960,MTR,194.0,380240.0,INR,12.0,Delivered
TXN006440,HIST-2024-02364,1,CUST0105,DD-CTS-0027,2024-05-16,711,MTR,77.7,55244.7,INR,12.0,Delivered
TXN001023,HIST-2024-00368,1,CUST0047,DD-KFT-0009,2024-05-17,203,KG,375.27,76179.81,INR,7.0,Delivered
TXN001024,HIST-2024-00368,2,CUST0047,DD-KIR-0017,2024-05-17,507,KG,454.45,230406.15,INR,7.0,Delivered
TXN006502,HIST-2024-02384,1,CUST0136,DD-TWL-0001,2024-05-17,852,PCS,173.11,147489.72,INR,12.0,Delivered
TXN006503,HIST-2024-02384,2,CUST0136,DD-RBL-0001,2024-05-17,266,MTR,42.93,11419.38,INR,12.0,Delivered
TXN006504,HIST-2024-02384,3,CUST0136,DD-LIN-0005,2024-05-17,546,MTR,287.59,157024.14,INR,12.0,Delivered
TXN001962,HIST-2024-00719,1,CUST0034,DD-KSJ-0005,2024-05-18,44,KG,309.7,13626.8,INR,7.0,Delivered
TXN001963,HIST-2024-00719,2,CUST0034,DD-KSJ-0014,2024-05-18,171,KG,300.17,51329.07,INR,7.0,Delivered
TXN001964,HIST-2024-00719,3,CUST0034,DD-KFT-0015,2024-05-18,178,KG,248.2,44179.6,INR,7.0,Delivered
TXN005260,HIST-2024-01933,1,CUST0048,DD-CTB-0023,2024-05-18,1574,MTR,182.43,287144.82,INR,12.0,Delivered
TXN005261,HIST-2024-01933,2,CUST0048,DD-DNM-0030,2024-05-18,267,MTR,267.5,71422.5,INR,12.0,Delivered
TXN000680,HIST-2024-00243,1,CUST0103,DD-CTB-0006,2024-05-19,148,MTR,219.65,32508.2,INR,3.0,Delivered
TXN000681,HIST-2024-00243,2,CUST0103,DD-MOD-0001,2024-05-19,173,MTR,210.88,36482.24,INR,3.0,Delivered
TXN000682,HIST-2024-00243,3,CUST0103,DD-DNM-0019,2024-05-19,1621,MTR,257.14,416823.94,INR,3.0,Delivered
TXN000683,HIST-2024-00243,4,CUST0103,DD-LIN-0008,2024-05-19,2171,MTR,322.88,700972.48,INR,3.0,Delivered
TXN001417,HIST-2024-00514,1,CUST0043,DD-KSJ-0019,2024-05-19,435,KG,320.25,139308.75,INR,3.0,Delivered
TXN001418,HIST-2024-00514,2,CUST0043,DD-DNM-0003,2024-05-19,425,MTR,219.85,93436.25,INR,3.0,Delivered
TXN001419,HIST-2024-00514,3,CUST0043,DD-DNM-0025,2024-05-19,213,MTR,198.82,42348.66,INR,3.0,Delivered
TXN000922,HIST-2024-00328,1,CUST0095,DD-HCT-0029,2024-05-20,449,MTR,121.81,54692.69,INR,7.0,Delivered
TXN002071,HIST-2024-00760,1,CUST0044,DD-BDS-0026,2024-05-20,1319,MTR,211.15,278506.85,INR,7.0,Delivered
TXN002072,HIST-2024-00760,2,CUST0044,DD-BDS-0008,2024-05-20,259,MTR,154.24,39948.16,INR,7.0,Delivered
TXN004050,HIST-2024-01476,1,CUST0047,DD-KIR-0019,2024-05-20,67,KG,357.85,23975.95,INR,7.0,Partially Delivered
TXN004051,HIST-2024-01476,2,CUST0047,DD-CTB-0013,2024-05-20,1392,MTR,161.86,225309.12,INR,7.0,Delivered
TXN005031,HIST-2024-01846,1,CUST0077,DD-SUT-0015,2024-05-20,559,MTR,267.74,149666.66,INR,7.0,Delivered
TXN005032,HIST-2024-01846,2,CUST0077,DD-FLN-0023,2024-05-20,1363,MTR,169.41,230905.83,INR,7.0,Delivered
TXN005033,HIST-2024-01846,3,CUST0077,DD-CTS-0024,2024-05-20,548,MTR,84.02,46042.96,INR,7.0,Delivered
TXN005854,HIST-2024-02148,1,CUST0058,DD-KSJ-0007,2024-05-20,53,KG,326.19,17288.07,INR,7.0,Partially Delivered
TXN001903,HIST-2024-00695,1,CUST0030,DD-KSJ-0011,2024-05-21,304,KG,271.42,82511.68,INR,12.0,Delivered
TXN004620,HIST-2024-01700,1,CUST0091,DD-CTB-0005,2024-05-21,807,MTR,190.43,153677.01,INR,12.0,Delivered
TXN002568,HIST-2024-00944,1,CUST0043,DD-CTB-0032,2024-05-22,1021,MTR,159.75,163104.75,INR,3.0,Delivered
TXN003216,HIST-2024-01181,1,CUST0002,DD-HUP-0003,2024-05-22,236,MTR,256.96,60642.56,INR,7.0,Delivered
TXN003217,HIST-2024-01181,2,CUST0002,DD-HUP-0017,2024-05-22,1798,MTR,289.93,521294.14,INR,7.0,Delivered
TXN003218,HIST-2024-01181,3,CUST0002,DD-CIN-0003,2024-05-22,210,MTR,207.8,43638.0,INR,7.0,Partially Delivered
TXN003219,HIST-2024-01181,4,CUST0002,DD-HUP-0012,2024-05-22,388,MTR,223.15,86582.2,INR,7.0,Delivered
TXN003355,HIST-2024-01230,1,CUST0069,DD-FLN-0003,2024-05-23,554,MTR,140.59,77886.86,INR,7.0,Delivered
TXN003356,HIST-2024-01230,2,CUST0069,DD-PCS-0018,2024-05-23,854,MTR,95.05,81172.7,INR,7.0,Delivered
TXN007215,HIST-2024-02653,1,CUST0106,DD-FLN-0021,2024-05-23,228,MTR,172.14,39247.92,INR,7.0,Delivered
TXN007216,HIST-2024-02653,2,CUST0106,DD-FLN-0014,2024-05-23,1359,MTR,109.29,148525.11,INR,7.0,Delivered
TXN007217,HIST-2024-02653,3,CUST0106,DD-CIN-0015,2024-05-23,181,MTR,209.72,37959.32,INR,7.0,Delivered
TXN003112,HIST-2024-01142,1,CUST0025,DD-CTB-0017,2024-05-24,433,MTR,143.01,61923.33,INR,3.0,Delivered
TXN006665,HIST-2024-02450,1,CUST0065,DD-PRB-0017,2024-05-24,529,MTR,101.39,53635.31,INR,12.0,Delivered
TXN006666,HIST-2024-02450,2,CUST0065,DD-PRB-0024,2024-05-24,805,MTR,97.41,78415.05,INR,12.0,Delivered
TXN006667,HIST-2024-02450,3,CUST0065,DD-MOD-0035,2024-05-24,1391,MTR,260.43,362258.13,INR,12.0,Delivered
TXN001287,HIST-2024-00466,1,CUST0124,DD-SAT-0001,2024-05-25,1533,MTR,175.48,269010.84,INR,7.0,Delivered
TXN001288,HIST-2024-00466,2,CUST0124,DD-PGT-0008,2024-05-25,659,MTR,69.01,45477.59,INR,7.0,Delivered
TXN001289,HIST-2024-00466,3,CUST0124,DD-PGT-0006,2024-05-25,467,MTR,72.3,33764.1,INR,7.0,Delivered
TXN001290,HIST-2024-00466,4,CUST0124,DD-LIN-0021,2024-05-25,909,MTR,428.01,389061.09,INR,7.0,Delivered
TXN001291,HIST-2024-00466,5,CUST0124,DD-PRB-0016,2024-05-25,450,MTR,106.28,47826.0,INR,7.0,Delivered
TXN004869,HIST-2024-01788,1,CUST0056,DD-KIR-0012,2024-05-25,255,KG,451.61,115160.55,INR,12.0,Delivered
TXN004870,HIST-2024-01788,2,CUST0056,DD-KFT-0010,2024-05-25,54,KG,382.85,20673.9,INR,12.0,Delivered
TXN006012,HIST-2024-02210,1,CUST0063,DD-CTB-0001,2024-05-25,1406,MTR,168.06,236292.36,INR,7.0,Delivered
TXN007463,HIST-2024-02752,1,CUST0073,DD-CIN-0017,2024-05-26,1258,MTR,238.74,300334.92,INR,12.0,Delivered
TXN007464,HIST-2024-02752,2,CUST0073,DD-HUP-0026,2024-05-26,206,MTR,238.59,49149.54,INR,12.0,Cancelled
TXN007465,HIST-2024-02753,1,CUST0009,DD-MOD-0013,2024-05-26,649,MTR,253.06,164235.94,INR,7.0,Delivered
TXN003071,HIST-2024-01128,1,CUST0105,DD-CTB-0031,2024-05-27,362,MTR,139.0,50318.0,INR,12.0,Delivered
TXN003072,HIST-2024-01128,2,CUST0105,DD-CTS-0027,2024-05-27,848,MTR,78.69,66729.12,INR,12.0,Partially Delivered
TXN003073,HIST-2024-01128,3,CUST0105,DD-CTB-0013,2024-05-27,194,MTR,149.62,29026.28,INR,12.0,Delivered
TXN003074,HIST-2024-01128,4,CUST0105,DD-MOD-0011,2024-05-27,170,MTR,228.05,38768.5,INR,12.0,Delivered
TXN004896,HIST-2024-01797,1,CUST0099,DD-CTS-0006,2024-05-27,162,MTR,112.28,18189.36,INR,7.0,Delivered
TXN004897,HIST-2024-01797,2,CUST0099,DD-CDV-0009,2024-05-27,1999,MTR,206.79,413373.21,INR,7.0,Delivered
TXN005197,HIST-2024-01911,1,CUST0017,DD-DNM-0024,2024-05-27,1603,MTR,203.75,326611.25,INR,7.0,Delivered
TXN005198,HIST-2024-01911,2,CUST0017,DD-KIR-0024,2024-05-27,459,KG,353.2,162118.8,INR,7.0,Delivered
TXN005199,HIST-2024-01911,3,CUST0017,DD-KFT-0005,2024-05-27,467,KG,312.53,145951.51,INR,7.0,Delivered
TXN005200,HIST-2024-01911,4,CUST0017,DD-DNM-0015,2024-05-27,162,MTR,167.33,27107.46,INR,7.0,Delivered
TXN007330,HIST-2024-02699,1,CUST0063,DD-KFT-0012,2024-05-27,342,KG,375.59,128451.78,INR,7.0,Delivered
TXN007331,HIST-2024-02699,2,CUST0063,DD-DNM-0027,2024-05-27,542,MTR,206.96,112172.32,INR,7.0,Delivered
TXN003519,HIST-2024-01287,1,CUST0030,DD-DNM-0028,2024-05-28,1728,MTR,196.07,338808.96,INR,12.0,Delivered
TXN003520,HIST-2024-01287,2,CUST0030,DD-KIR-0032,2024-05-28,77,KG,361.45,27831.65,INR,12.0,Cancelled
TXN003521,HIST-2024-01287,3,CUST0030,DD-CTS-0017,2024-05-28,170,MTR,80.06,13610.2,INR,12.0,Delivered
TXN003522,HIST-2024-01287,4,CUST0030,DD-KIR-0036,2024-05-28,530,KG,345.84,183295.2,INR,12.0,Delivered
TXN003008,HIST-2024-01108,1,CUST0044,DD-HCT-0032,2024-05-29,304,MTR,148.19,45049.76,INR,7.0,Cancelled
TXN003009,HIST-2024-01108,2,CUST0044,DD-HUP-0002,2024-05-29,1383,MTR,283.69,392343.27,INR,7.0,Delivered
TXN003987,HIST-2024-01458,1,CUST0118,DD-TWL-0010,2024-05-29,648,PCS,191.54,124117.92,INR,7.0,Delivered
TXN006496,HIST-2024-02382,1,CUST0118,DD-TWL-0015,2024-05-29,114,PCS,199.81,22778.34,INR,7.0,Cancelled
TXN006497,HIST-2024-02382,2,CUST0118,DD-SUT-0017,2024-05-29,1829,MTR,194.04,354899.16,INR,7.0,Delivered
TXN006498,HIST-2024-02382,3,CUST0118,DD-CDV-0007,2024-05-29,282,MTR,182.67,51512.94,INR,7.0,Delivered
TXN004578,HIST-2024-01688,1,CUST0086,DD-MOD-0012,2024-05-30,379,MTR,258.14,97835.06,INR,7.0,Delivered
TXN004579,HIST-2024-01688,2,CUST0086,DD-PGT-0002,2024-05-30,913,MTR,59.14,53994.82,INR,7.0,Delivered
TXN004580,HIST-2024-01688,3,CUST0086,DD-PGT-0014,2024-05-30,174,MTR,59.94,10429.56,INR,7.0,Delivered
TXN004581,HIST-2024-01688,4,CUST0086,DD-SAT-0037,2024-05-30,236,MTR,90.87,21445.32,INR,7.0,Delivered
TXN004689,HIST-2024-01725,1,CUST0006,DD-KSJ-0011,2024-05-30,49,KG,291.9,14303.1,INR,7.0,Delivered
TXN004690,HIST-2024-01725,2,CUST0006,DD-LIN-0004,2024-05-30,134,MTR,343.82,46071.88,INR,7.0,Delivered
TXN005267,HIST-2024-01936,1,CUST0035,DD-DNM-0009,2024-05-30,885,MTR,233.65,206780.25,INR,3.0,Delivered
TXN005268,HIST-2024-01936,2,CUST0035,DD-MOD-0023,2024-05-30,596,MTR,170.55,101647.8,INR,3.0,Delivered
TXN006030,HIST-2024-02217,1,CUST0080,DD-TWL-0020,2024-05-30,1681,PCS,198.95,334434.95,INR,7.0,Delivered
TXN006608,HIST-2024-02425,1,CUST0134,DD-CTB-0023,2024-05-30,371,MTR,201.52,74763.92,INR,3.0,Delivered
TXN006609,HIST-2024-02425,2,CUST0134,DD-CTB-0012,2024-05-30,1486,MTR,174.34,259069.24,INR,3.0,Delivered
TXN006610,HIST-2024-02425,3,CUST0134,DD-CIN-0008,2024-05-30,188,MTR,236.63,44486.44,INR,3.0,Cancelled
TXN006611,HIST-2024-02425,4,CUST0134,DD-CTB-0005,2024-05-30,736,MTR,213.43,157084.48,INR,3.0,Delivered
TXN006698,HIST-2024-02460,1,CUST0103,DD-MOD-0010,2024-05-31,846,MTR,235.7,199402.2,INR,3.0,Delivered
TXN006699,HIST-2024-02460,2,CUST0103,DD-MOD-0001,2024-05-31,220,MTR,213.09,46879.8,INR,3.0,Delivered
TXN006700,HIST-2024-02460,3,CUST0103,DD-DNM-0019,2024-05-31,1276,MTR,250.4,319510.4,INR,3.0,Delivered
TXN006701,HIST-2024-02460,4,CUST0103,DD-LIN-0008,2024-05-31,225,MTR,326.25,73406.25,INR,3.0,Delivered
TXN001510,HIST-2024-00550,1,CUST0096,DD-KFT-0009,2024-06-01,405,KG,376.41,152446.05,INR,7.0,Delivered
TXN001511,HIST-2024-00550,2,CUST0096,DD-KSJ-0015,2024-06-01,57,KG,309.28,17628.96,INR,7.0,Delivered
TXN004998,HIST-2024-01835,1,CUST0107,DD-MOD-0031,2024-06-01,2154,MTR,175.74,378543.96,INR,3.0,Delivered
TXN006664,HIST-2024-02449,1,CUST0098,DD-LIN-0013,2024-06-01,131,MTR,398.05,52144.55,INR,7.0,Delivered
TXN002446,HIST-2024-00900,1,CUST0096,DD-DNM-0026,2024-06-02,530,MTR,204.39,108326.7,INR,7.0,Delivered
TXN004644,HIST-2024-01707,1,CUST0044,DD-CIN-0024,2024-06-02,1010,MTR,257.4,259974.0,INR,7.0,Delivered
TXN004645,HIST-2024-01707,2,CUST0044,DD-HCT-0032,2024-06-02,426,MTR,151.3,64453.8,INR,7.0,Delivered
TXN006344,HIST-2024-02326,1,CUST0134,DD-CIN-0008,2024-06-02,1424,MTR,230.66,328459.84,INR,3.0,Delivered
TXN002577,HIST-2024-00948,1,CUST0134,DD-CIN-0008,2024-06-03,164,MTR,231.46,37959.44,INR,3.0,Delivered
TXN000088,HIST-2024-00031,1,CUST0072,DD-CDV-0030,2024-06-04,594,MTR,155.62,92438.28,INR,12.0,Delivered
TXN000089,HIST-2024-00031,2,CUST0072,DD-RBL-0020,2024-06-04,264,MTR,48.53,12811.92,INR,12.0,Delivered
TXN000090,HIST-2024-00031,3,CUST0072,DD-LIN-0019,2024-06-04,247,MTR,406.81,100482.07,INR,12.0,Delivered
TXN001681,HIST-2024-00610,1,CUST0098,DD-PRB-0020,2024-06-04,213,MTR,108.5,23110.5,INR,7.0,Delivered
TXN007231,HIST-2024-02657,1,CUST0133,DD-SAT-0001,2024-06-05,264,MTR,178.1,47018.4,INR,7.0,Delivered
TXN007232,HIST-2024-02657,2,CUST0133,DD-SAT-0036,2024-06-05,457,MTR,93.2,42592.4,INR,7.0,Delivered
TXN006009,HIST-2024-02208,1,CUST0047,DD-DNM-0020,2024-06-06,2090,MTR,224.09,468348.1,INR,7.0,Delivered
TXN000207,HIST-2024-00076,1,CUST0112,DD-BDS-0023,2024-06-07,1115,MTR,250.2,278973.0,INR,7.0,Delivered
TXN000208,HIST-2024-00076,2,CUST0112,DD-HCT-0016,2024-06-07,226,MTR,154.2,34849.2,INR,7.0,Delivered
TXN000209,HIST-2024-00076,3,CUST0112,DD-TWL-0003,2024-06-07,170,PCS,186.12,31640.4,INR,7.0,Partially Delivered
TXN002212,HIST-2024-00814,1,CUST0044,DD-HCT-0034,2024-06-07,399,MTR,207.8,82912.2,INR,7.0,Delivered
TXN002213,HIST-2024-00814,2,CUST0044,DD-HCT-0032,2024-06-07,542,MTR,151.45,82085.9,INR,7.0,Partially Delivered
TXN000128,HIST-2024-00045,1,CUST0034,DD-KSJ-0005,2024-06-08,53,KG,316.83,16791.99,INR,7.0,Delivered
TXN003724,HIST-2024-01352,1,CUST0048,DD-KSJ-0001,2024-06-08,175,KG,428.87,75052.25,INR,12.0,Delivered
TXN001924,HIST-2024-00703,1,CUST0072,DD-CIN-0026,2024-06-09,759,MTR,172.81,131162.79,INR,12.0,Delivered
TXN004165,HIST-2024-01518,1,CUST0067,DD-HCT-0005,2024-06-10,956,MTR,119.82,114547.92,INR,12.0,Delivered
TXN004166,HIST-2024-01518,2,CUST0067,DD-BDS-0006,2024-06-10,229,MTR,142.88,32719.52,INR,12.0,Delivered
TXN004167,HIST-2024-01518,3,CUST0067,DD-HCT-0016,2024-06-10,1657,MTR,143.33,237497.81,INR,12.0,Delivered
TXN004168,HIST-2024-01518,4,CUST0067,DD-BDS-0009,2024-06-10,280,MTR,141.99,39757.2,INR,12.0,Delivered
TXN004169,HIST-2024-01518,5,CUST0067,DD-TWL-0003,2024-06-10,659,PCS,177.29,116834.11,INR,12.0,Delivered
TXN004170,HIST-2024-01518,6,CUST0067,DD-CIN-0026,2024-06-10,1515,MTR,176.85,267927.75,INR,12.0,Delivered
TXN007171,HIST-2024-02634,1,CUST0086,DD-MOD-0020,2024-06-10,573,MTR,218.78,125360.94,INR,7.0,Delivered
TXN002284,HIST-2024-00841,1,CUST0054,DD-HCT-0013,2024-06-11,610,MTR,208.55,127215.5,INR,7.0,Delivered
TXN002285,HIST-2024-00841,2,CUST0054,DD-CIN-0025,2024-06-11,1310,MTR,253.57,332176.7,INR,7.0,Delivered
TXN002286,HIST-2024-00841,3,CUST0054,DD-CIN-0008,2024-06-11,201,MTR,222.15,44652.15,INR,7.0,Delivered
TXN002523,HIST-2024-00930,1,CUST0023,DD-PCS-0005,2024-06-11,420,MTR,79.87,33545.4,INR,7.0,Delivered
TXN002524,HIST-2024-00930,2,CUST0023,DD-FLN-0013,2024-06-11,854,MTR,124.83,106604.82,INR,7.0,Delivered
TXN002525,HIST-2024-00930,3,CUST0023,DD-FLN-0025,2024-06-11,272,MTR,164.14,44646.08,INR,7.0,Delivered
TXN003462,HIST-2024-01271,1,CUST0103,DD-KSJ-0014,2024-06-11,167,KG,308.0,51436.0,INR,3.0,Delivered
TXN003463,HIST-2024-01271,2,CUST0103,DD-DNM-0019,2024-06-11,212,MTR,250.61,53129.32,INR,3.0,Delivered
TXN003464,HIST-2024-01271,3,CUST0103,DD-LIN-0014,2024-06-11,357,MTR,405.83,144881.31,INR,3.0,Delivered
TXN003465,HIST-2024-01271,4,CUST0103,DD-MOD-0001,2024-06-11,193,MTR,214.81,41458.33,INR,3.0,Delivered
TXN004082,HIST-2024-01490,1,CUST0054,DD-TWL-0032,2024-06-11,176,PCS,267.19,47025.44,INR,7.0,Delivered
TXN005919,HIST-2024-02180,1,CUST0053,DD-CTB-0007,2024-06-11,294,MTR,236.24,69454.56,INR,3.0,Delivered
TXN005920,HIST-2024-02180,2,CUST0053,DD-CTB-0018,2024-06-11,225,MTR,150.2,33795.0,INR,3.0,Delivered
TXN005921,HIST-2024-02180,3,CUST0053,DD-SUT-0021,2024-06-11,199,MTR,254.63,50671.37,INR,3.0,Delivered
TXN006823,HIST-2024-02513,1,CUST0067,DD-BDS-0029,2024-06-11,134,MTR,204.18,27360.12,INR,12.0,Delivered
TXN006824,HIST-2024-02513,2,CUST0067,DD-CIN-0001,2024-06-11,1358,MTR,210.18,285424.44,INR,12.0,Delivered
TXN006825,HIST-2024-02513,3,CUST0067,DD-HCT-0016,2024-06-11,1601,MTR,141.66,226797.66,INR,12.0,Delivered
TXN006826,HIST-2024-02513,4,CUST0067,DD-TWL-0003,2024-06-11,315,PCS,176.44,55578.6,INR,12.0,Delivered
TXN005269,HIST-2024-01937,1,CUST0037,DD-CTB-0004,2024-06-12,607,MTR,217.42,131973.94,INR,7.0,Delivered
TXN005270,HIST-2024-01937,2,CUST0037,DD-DNM-0015,2024-06-12,833,MTR,169.78,141426.74,INR,7.0,Delivered
TXN005271,HIST-2024-01937,3,CUST0037,DD-CTB-0024,2024-06-12,254,MTR,183.22,46537.88,INR,7.0,Delivered
TXN002833,HIST-2024-01044,1,CUST0007,DD-KIR-0006,2024-06-13,84,KG,374.66,31471.44,INR,7.0,Delivered
TXN002834,HIST-2024-01044,2,CUST0007,DD-KIR-0001,2024-06-13,76,KG,316.6,24061.6,INR,7.0,Delivered
TXN002835,HIST-2024-01044,3,CUST0007,DD-CTS-0008,2024-06-13,601,MTR,125.53,75443.53,INR,7.0,Delivered
TXN002836,HIST-2024-01044,4,CUST0007,DD-CTB-0031,2024-06-13,666,MTR,154.44,102857.04,INR,7.0,Delivered
TXN002837,HIST-2024-01044,5,CUST0007,DD-KIR-0026,2024-06-13,56,KG,360.7,20199.2,INR,7.0,Delivered
TXN003253,HIST-2024-01194,1,CUST0058,DD-KFT-0024,2024-06-13,314,KG,327.46,102822.44,INR,7.0,Delivered
TXN003254,HIST-2024-01194,2,CUST0058,DD-CTB-0024,2024-06-13,549,MTR,182.78,100346.22,INR,7.0,Delivered
TXN006833,HIST-2024-02516,1,CUST0051,DD-KIR-0020,2024-06-13,448,KG,337.2,151065.6,INR,7.0,Delivered
TXN006834,HIST-2024-02516,2,CUST0051,DD-KIR-0011,2024-06-13,461,KG,456.05,210239.05,INR,7.0,Delivered
TXN006835,HIST-2024-02516,3,CUST0051,DD-KFT-0019,2024-06-13,151,KG,276.83,41801.33,INR,7.0,Delivered
TXN006836,HIST-2024-02516,4,CUST0051,DD-KIR-0014,2024-06-13,315,KG,451.89,142345.35,INR,7.0,Delivered
TXN006837,HIST-2024-02516,5,CUST0051,DD-KSJ-0003,2024-06-13,224,KG,452.63,101389.12,INR,7.0,Delivered
TXN006838,HIST-2024-02516,6,CUST0051,DD-DNM-0019,2024-06-13,2188,MTR,241.48,528358.24,INR,7.0,Delivered
TXN004303,HIST-2024-01568,1,CUST0052,DD-CIN-0024,2024-06-14,325,MTR,259.84,84448.0,INR,3.0,Delivered
TXN004304,HIST-2024-01568,2,CUST0052,DD-FLN-0025,2024-06-14,552,MTR,167.57,92498.64,INR,3.0,Delivered
TXN006967,HIST-2024-02565,1,CUST0044,DD-BDS-0026,2024-06-14,709,MTR,211.05,149634.45,INR,7.0,Cancelled
TXN006968,HIST-2024-02565,2,CUST0044,DD-HCT-0032,2024-06-14,1662,MTR,148.63,247023.06,INR,7.0,Delivered
TXN006969,HIST-2024-02565,3,CUST0044,DD-HCT-0016,2024-06-14,244,MTR,158.31,38627.64,INR,7.0,Partially Delivered
TXN006970,HIST-2024-02565,4,CUST0044,DD-CIN-0024,2024-06-14,183,MTR,257.75,47168.25,INR,7.0,Delivered
TXN006971,HIST-2024-02565,5,CUST0044,DD-TWL-0019,2024-06-14,1023,PCS,210.37,215208.51,INR,7.0,Delivered
TXN006973,HIST-2024-02567,1,CUST0122,DD-PCS-0015,2024-06-15,205,MTR,92.85,19034.25,INR,3.0,Delivered
TXN006974,HIST-2024-02567,2,CUST0122,DD-PCS-0004,2024-06-15,1111,MTR,84.99,94423.89,INR,3.0,Delivered
TXN006975,HIST-2024-02567,3,CUST0122,DD-FLN-0004,2024-06-15,906,MTR,149.15,135129.9,INR,3.0,Delivered
TXN006976,HIST-2024-02567,4,CUST0122,DD-CIN-0029,2024-06-15,192,MTR,187.92,36080.64,INR,3.0,Delivered
TXN003208,HIST-2024-01178,1,CUST0095,DD-HCT-0004,2024-06-16,326,MTR,135.54,44186.04,INR,7.0,Delivered
TXN003209,HIST-2024-01178,2,CUST0095,DD-HUP-0024,2024-06-16,1285,MTR,276.64,355482.4,INR,7.0,Delivered
TXN003210,HIST-2024-01178,3,CUST0095,DD-TWL-0019,2024-06-16,1085,PCS,205.51,222978.35,INR,7.0,Delivered
TXN004597,HIST-2024-01694,1,CUST0108,DD-CTS-0005,2024-06-16,228,MTR,108.66,24774.48,INR,12.0,Delivered
TXN004598,HIST-2024-01694,2,CUST0108,DD-KFT-0027,2024-06-16,73,KG,302.03,22048.19,INR,12.0,Delivered
TXN004599,HIST-2024-01694,3,CUST0108,DD-BDS-0018,2024-06-16,531,MTR,215.91,114648.21,INR,12.0,Delivered
TXN004600,HIST-2024-01694,4,CUST0108,DD-PCS-0029,2024-06-16,1459,MTR,90.43,131937.37,INR,12.0,Cancelled
TXN005597,HIST-2024-02057,1,CUST0071,DD-DNM-0002,2024-06-16,1152,MTR,232.06,267333.12,INR,7.0,Delivered
TXN006562,HIST-2024-02405,1,CUST0003,DD-SUT-0007,2024-06-16,820,MTR,179.94,147550.8,INR,7.0,Partially Delivered
TXN007297,HIST-2024-02686,1,CUST0093,DD-KFT-0023,2024-06-16,424,KG,348.08,147585.92,INR,12.0,Delivered
TXN007298,HIST-2024-02686,2,CUST0093,DD-CTB-0003,2024-06-16,445,MTR,154.91,68934.95,INR,12.0,Delivered
TXN007299,HIST-2024-02686,3,CUST0093,DD-KIR-0007,2024-06-16,374,KG,360.75,134920.5,INR,12.0,Partially Delivered
TXN001752,HIST-2024-00637,1,CUST0092,DD-LIN-0022,2024-06-17,221,MTR,449.92,99432.32,INR,3.0,Delivered
TXN001753,HIST-2024-00637,2,CUST0092,DD-SAT-0002,2024-06-17,256,MTR,187.53,48007.68,INR,3.0,Delivered
TXN001754,HIST-2024-00637,3,CUST0092,DD-VSR-0010,2024-06-17,225,MTR,77.18,17365.5,INR,3.0,Delivered
TXN001755,HIST-2024-00637,4,CUST0092,DD-PGT-0028,2024-06-17,252,MTR,66.19,16679.88,INR,3.0,Delivered
TXN001756,HIST-2024-00637,5,CUST0092,DD-LIN-0009,2024-06-17,850,MTR,385.8,327930.0,INR,3.0,Delivered
TXN001757,HIST-2024-00637,6,CUST0092,DD-SAT-0035,2024-06-17,1345,MTR,95.48,128420.6,INR,3.0,Delivered
TXN002218,HIST-2024-00817,1,CUST0124,DD-PRB-0016,2024-06-17,733,MTR,107.42,78738.86,INR,7.0,Delivered
TXN002219,HIST-2024-00817,2,CUST0124,DD-PGT-0008,2024-06-17,519,MTR,68.83,35722.77,INR,7.0,Delivered
TXN002220,HIST-2024-00817,3,CUST0124,DD-PGT-0006,2024-06-17,1040,MTR,71.64,74505.6,INR,7.0,Delivered
TXN005471,HIST-2024-02007,1,CUST0079,DD-SUT-0023,2024-06-17,526,MTR,250.46,131741.96,INR,3.0,Delivered
TXN005472,HIST-2024-02007,2,CUST0079,DD-KSJ-0009,2024-06-17,76,KG,331.3,25178.8,INR,3.0,Delivered
TXN006887,HIST-2024-02535,1,CUST0117,DD-KIR-0014,2024-06-17,66,KG,495.85,32726.1,INR,3.0,Delivered
TXN000655,HIST-2024-00233,1,CUST0068,DD-TWL-0014,2024-06-18,950,PCS,215.41,204639.5,INR,3.0,Delivered
TXN002145,HIST-2024-00791,1,CUST0074,DD-MOD-0018,2024-06-18,1013,MTR,228.9,231875.7,INR,3.0,Delivered
TXN002642,HIST-2024-00976,1,CUST0053,DD-SUT-0037,2024-06-18,774,MTR,187.93,145457.82,INR,3.0,Delivered
TXN002643,HIST-2024-00976,2,CUST0053,DD-SUT-0018,2024-06-18,316,MTR,204.67,64675.72,INR,3.0,Cancelled
TXN002644,HIST-2024-00976,3,CUST0053,DD-CTB-0007,2024-06-18,1789,MTR,230.6,412543.4,INR,3.0,Delivered
TXN002645,HIST-2024-00976,4,CUST0053,DD-CTB-0018,2024-06-18,191,MTR,148.05,28277.55,INR,3.0,Delivered
TXN003971,HIST-2024-01452,1,CUST0111,DD-LIN-0025,2024-06-18,219,MTR,236.96,51894.24,INR,12.0,Delivered
TXN003972,HIST-2024-01452,2,CUST0111,DD-VSR-0031,2024-06-18,994,MTR,104.8,104171.2,INR,12.0,Delivered
TXN003973,HIST-2024-01452,3,CUST0111,DD-MOD-0021,2024-06-18,838,MTR,211.19,176977.22,INR,12.0,Delivered
TXN003974,HIST-2024-01452,4,CUST0111,DD-VSR-0004,2024-06-18,145,MTR,86.66,12565.7,INR,12.0,Delivered
TXN005700,HIST-2024-02092,1,CUST0058,DD-KSJ-0007,2024-06-18,448,KG,326.51,146276.48,INR,7.0,Delivered
TXN005701,HIST-2024-02092,2,CUST0058,DD-CTB-0024,2024-06-18,601,MTR,183.31,110169.31,INR,7.0,Delivered
TXN005702,HIST-2024-02092,3,CUST0058,DD-KFT-0024,2024-06-18,86,KG,323.8,27846.8,INR,7.0,Partially Delivered
TXN000353,HIST-2024-00125,1,CUST0030,DD-KIR-0033,2024-06-20,104,KG,359.19,37355.76,INR,12.0,Delivered
TXN000354,HIST-2024-00125,2,CUST0030,DD-KIR-0013,2024-06-20,162,KG,430.32,69711.84,INR,12.0,Delivered
TXN000714,HIST-2024-00255,1,CUST0128,DD-KSJ-0027,2024-06-21,220,KG,314.71,69236.2,INR,3.0,Delivered
TXN000715,HIST-2024-00255,2,CUST0128,DD-CTB-0006,2024-06-21,427,MTR,219.53,93739.31,INR,3.0,Delivered
TXN000716,HIST-2024-00255,3,CUST0128,DD-CTB-0011,2024-06-21,2187,MTR,167.27,365819.49,INR,3.0,Delivered
TXN000405,HIST-2024-00145,1,CUST0134,DD-CTB-0023,2024-06-22,1624,MTR,200.84,326164.16,INR,3.0,Delivered
TXN000406,HIST-2024-00145,2,CUST0134,DD-CIN-0008,2024-06-22,276,MTR,234.31,64669.56,INR,3.0,Delivered
TXN006532,HIST-2024-02395,1,CUST0098,DD-DNM-0011,2024-06-22,203,MTR,163.99,33289.97,INR,7.0,Delivered
TXN006533,HIST-2024-02395,2,CUST0098,DD-LIN-0013,2024-06-22,674,MTR,398.93,268878.82,INR,7.0,Delivered
TXN006534,HIST-2024-02395,3,CUST0098,DD-HCT-0030,2024-06-22,606,MTR,131.46,79664.76,INR,7.0,Delivered
TXN006535,HIST-2024-02395,4,CUST0098,DD-FLN-0027,2024-06-22,258,MTR,155.32,40072.56,INR,7.0,Delivered
TXN006536,HIST-2024-02395,5,CUST0098,DD-PRB-0020,2024-06-22,1339,MTR,108.26,144960.14,INR,7.0,Delivered
TXN007070,HIST-2024-02599,1,CUST0028,DD-SAT-0005,2024-06-23,1050,MTR,175.71,184495.5,INR,3.0,Delivered
TXN007071,HIST-2024-02599,2,CUST0028,DD-PRB-0038,2024-06-23,1149,MTR,152.56,175291.44,INR,3.0,Delivered
TXN007072,HIST-2024-02599,3,CUST0028,DD-PRB-0013,2024-06-23,1772,MTR,136.68,242196.96,INR,3.0,Delivered
TXN007116,HIST-2024-02615,1,CUST0049,DD-PCS-0010,2024-06-23,322,MTR,74.09,23856.98,INR,3.0,Delivered
TXN007117,HIST-2024-02615,2,CUST0049,DD-CTB-0007,2024-06-23,171,MTR,232.17,39701.07,INR,3.0,Delivered
TXN007118,HIST-2024-02615,3,CUST0049,DD-FLN-0010,2024-06-23,233,MTR,180.9,42149.7,INR,3.0,Delivered
TXN007119,HIST-2024-02615,4,CUST0049,DD-FLN-0008,2024-06-23,281,MTR,191.02,53676.62,INR,3.0,Delivered
TXN005287,HIST-2024-01943,1,CUST0085,DD-KSJ-0006,2024-06-24,81,KG,323.29,26186.49,INR,3.0,Delivered
TXN005288,HIST-2024-01943,2,CUST0085,DD-DNM-0020,2024-06-24,154,MTR,249.3,38392.2,INR,3.0,Delivered
TXN005289,HIST-2024-01943,3,CUST0085,DD-CTS-0019,2024-06-24,1232,MTR,89.73,110547.36,INR,3.0,Delivered
TXN005290,HIST-2024-01943,4,CUST0085,DD-CTS-0009,2024-06-24,541,MTR,132.98,71942.18,INR,3.0,Delivered
TXN005291,HIST-2024-01943,5,CUST0085,DD-CTS-0015,2024-06-24,487,MTR,116.54,56754.98,INR,3.0,Delivered
TXN005292,HIST-2024-01943,6,CUST0085,DD-LIN-0006,2024-06-24,398,MTR,340.61,135562.78,INR,3.0,Delivered
TXN006170,HIST-2024-02261,1,CUST0070,DD-CTB-0003,2024-06-24,357,MTR,165.9,59226.3,INR,3.0,Delivered
TXN006171,HIST-2024-02261,2,CUST0070,DD-PRB-0035,2024-06-24,460,MTR,158.23,72785.8,INR,3.0,Delivered
TXN007213,HIST-2024-02651,1,CUST0011,DD-HCT-0018,2024-06-25,365,MTR,153.25,55936.25,INR,7.0,Delivered
TXN005307,HIST-2024-01950,1,CUST0080,DD-TWL-0026,2024-06-26,85,PCS,210.19,17866.15,INR,7.0,Delivered
TXN005308,HIST-2024-01950,2,CUST0080,DD-CIN-0003,2024-06-26,654,MTR,205.87,134638.98,INR,7.0,Delivered
TXN005309,HIST-2024-01950,3,CUST0080,DD-CIN-0022,2024-06-26,568,MTR,259.76,147543.68,INR,7.0,Delivered
TXN005310,HIST-2024-01950,4,CUST0080,DD-CIN-0018,2024-06-26,382,MTR,251.82,96195.24,INR,7.0,Delivered
TXN005311,HIST-2024-01950,5,CUST0080,DD-CIN-0011,2024-06-26,263,MTR,214.42,56392.46,INR,7.0,Delivered
TXN000921,HIST-2024-00327,1,CUST0067,DD-BDS-0029,2024-06-27,1788,MTR,203.5,363858.0,INR,12.0,Delivered
TXN003180,HIST-2024-01168,1,CUST0097,DD-VSR-0008,2024-06-27,1364,MTR,88.67,120945.88,INR,3.0,Cancelled
TXN003181,HIST-2024-01168,2,CUST0097,DD-VSR-0012,2024-06-27,2214,MTR,84.76,187658.64,INR,3.0,Delivered
TXN003182,HIST-2024-01168,3,CUST0097,DD-PGT-0022,2024-06-27,206,MTR,50.76,10456.56,INR,3.0,Delivered
TXN000999,HIST-2024-00360,1,CUST0043,DD-CTS-0007,2024-06-28,363,MTR,135.9,49331.7,INR,3.0,Delivered
TXN001000,HIST-2024-00360,2,CUST0043,DD-CTB-0015,2024-06-28,584,MTR,152.11,88832.24,INR,3.0,Delivered
TXN001001,HIST-2024-00360,3,CUST0043,DD-KSJ-0019,2024-06-28,201,KG,328.71,66070.71,INR,3.0,Delivered
TXN001002,HIST-2024-00360,4,CUST0043,DD-CTB-0032,2024-06-28,658,MTR,162.54,106951.32,INR,3.0,Delivered
TXN001003,HIST-2024-00360,5,CUST0043,DD-DNM-0024,2024-06-28,600,MTR,208.05,124830.0,INR,3.0,Delivered
TXN001004,HIST-2024-00360,6,CUST0043,DD-DNM-0025,2024-06-28,2041,MTR,202.22,412731.02,INR,3.0,Delivered
TXN003714,HIST-2024-01348,1,CUST0004,DD-DNM-0029,2024-06-28,683,MTR,310.95,212378.85,INR,3.0,Delivered
TXN003715,HIST-2024-01348,2,CUST0004,DD-DNM-0027,2024-06-28,2027,MTR,203.12,411724.24,INR,3.0,Delivered
TXN003716,HIST-2024-01348,3,CUST0004,DD-KSJ-0017,2024-06-28,437,KG,316.91,138489.67,INR,3.0,Delivered
TXN007333,HIST-2024-02701,1,CUST0059,DD-CTB-0023,2024-06-28,585,MTR,183.28,107218.8,INR,12.0,Delivered
TXN007334,HIST-2024-02701,2,CUST0059,DD-CIN-0030,2024-06-28,468,MTR,171.47,80247.96,INR,12.0,Delivered
TXN002236,HIST-2024-00823,1,CUST0047,DD-CTB-0015,2024-06-29,680,MTR,139.05,94554.0,INR,7.0,Delivered
TXN002237,HIST-2024-00823,2,CUST0047,DD-CTB-0019,2024-06-29,683,MTR,206.72,141189.76,INR,7.0,Delivered
TXN002238,HIST-2024-00823,3,CUST0047,DD-KIR-0027,2024-06-29,70,KG,370.25,25917.5,INR,7.0,Delivered
TXN002239,HIST-2024-00823,4,CUST0047,DD-KIR-0019,2024-06-29,354,KG,355.36,125797.44,INR,7.0,Delivered
TXN007281,HIST-2024-02681,1,CUST0120,DD-SUT-0028,2024-06-29,576,MTR,198.99,114618.24,INR,7.0,Delivered
TXN007282,HIST-2024-02681,2,CUST0120,DD-MOD-0008,2024-06-29,165,MTR,221.32,36517.8,INR,7.0,Delivered
TXN007283,HIST-2024-02681,3,CUST0120,DD-PRB-0033,2024-06-29,302,MTR,148.0,44696.0,INR,7.0,Delivered
TXN007284,HIST-2024-02681,4,CUST0120,DD-SUT-0021,2024-06-29,299,MTR,243.31,72749.69,INR,7.0,Delivered
TXN007285,HIST-2024-02681,5,CUST0120,DD-KIR-0019,2024-06-29,212,KG,350.99,74409.88,INR,7.0,Delivered
TXN001679,HIST-2024-00608,1,CUST0022,DD-PGT-0031,2024-06-30,1230,MTR,71.03,87366.9,INR,7.0,Delivered
TXN003127,HIST-2024-01150,1,CUST0035,DD-DNM-0011,2024-06-30,182,MTR,177.9,32377.8,INR,3.0,Delivered
TXN005789,HIST-2024-02128,1,CUST0085,DD-CTS-0015,2024-06-30,1214,MTR,114.63,139160.82,INR,3.0,Delivered
TXN005790,HIST-2024-02128,2,CUST0085,DD-MOD-0023,2024-06-30,1098,MTR,169.01,185572.98,INR,3.0,Delivered
TXN005791,HIST-2024-02128,3,CUST0085,DD-LIN-0030,2024-06-30,906,MTR,407.96,369611.76,INR,3.0,Delivered
TXN005792,HIST-2024-02128,4,CUST0085,DD-LIN-0006,2024-06-30,1284,MTR,345.21,443249.64,INR,3.0,Delivered
TXN002555,HIST-2024-00941,1,CUST0108,DD-PRB-0027,2024-07-02,246,MTR,100.11,24627.06,INR,12.0,Delivered
TXN002556,HIST-2024-00941,2,CUST0108,DD-CTB-0012,2024-07-02,213,MTR,163.69,34865.97,INR,12.0,Delivered
TXN002557,HIST-2024-00941,3,CUST0108,DD-HCT-0018,2024-07-02,1279,MTR,142.33,182040.07,INR,12.0,Delivered
TXN003146,HIST-2024-01157,1,CUST0046,DD-SUT-0032,2024-07-02,1456,MTR,190.61,277528.16,INR,7.0,Delivered
TXN003147,HIST-2024-01157,2,CUST0046,DD-SUT-0014,2024-07-02,222,MTR,266.88,59247.36,INR,7.0,Delivered
TXN003148,HIST-2024-01157,3,CUST0046,DD-PCS-0030,2024-07-02,1306,MTR,90.97,118806.82,INR,7.0,Delivered
TXN003149,HIST-2024-01157,4,CUST0046,DD-PCS-0013,2024-07-02,857,MTR,75.61,64797.77,INR,7.0,Delivered
TXN003150,HIST-2024-01157,5,CUST0046,DD-CIN-0002,2024-07-02,693,MTR,231.35,160325.55,INR,7.0,Delivered
TXN007168,HIST-2024-02633,1,CUST0008,DD-CTB-0006,2024-07-02,149,MTR,213.6,31826.4,INR,7.0,Delivered
TXN007169,HIST-2024-02633,2,CUST0008,DD-KFT-0009,2024-07-02,259,KG,381.52,98813.68,INR,7.0,Delivered
TXN007170,HIST-2024-02633,3,CUST0008,DD-DNM-0004,2024-07-02,268,MTR,223.16,59806.88,INR,7.0,Delivered
TXN002377,HIST-2024-00874,1,CUST0122,DD-CTB-0003,2024-07-03,1631,MTR,166.89,272197.59,INR,3.0,Delivered
TXN006259,HIST-2024-02295,1,CUST0011,DD-HUP-0029,2024-07-03,253,MTR,255.92,64747.76,INR,7.0,Delivered
TXN006260,HIST-2024-02295,2,CUST0011,DD-CTB-0004,2024-07-03,777,MTR,223.19,173418.63,INR,7.0,Delivered
TXN006486,HIST-2024-02379,1,CUST0047,DD-CTB-0019,2024-07-03,1773,MTR,203.94,361585.62,INR,7.0,Delivered
TXN000335,HIST-2024-00119,1,CUST0021,DD-CIN-0024,2024-07-04,301,MTR,270.39,81387.39,INR,3.0,Delivered
TXN000336,HIST-2024-00119,2,CUST0021,DD-HCT-0032,2024-07-04,320,MTR,164.6,52672.0,INR,3.0,Delivered
TXN000337,HIST-2024-00119,3,CUST0021,DD-BDS-0007,2024-07-04,1263,MTR,156.96,198240.48,INR,3.0,Delivered
TXN004925,HIST-2024-01807,1,CUST0106,DD-CTB-0030,2024-07-04,606,MTR,160.09,97014.54,INR,7.0,Cancelled
TXN004926,HIST-2024-01807,2,CUST0106,DD-FLN-0014,2024-07-04,195,MTR,112.38,21914.1,INR,7.0,Delivered
TXN004927,HIST-2024-01807,3,CUST0106,DD-CTB-0010,2024-07-04,1076,MTR,229.0,246404.0,INR,7.0,Delivered
TXN006718,HIST-2024-02467,1,CUST0063,DD-KSJ-0018,2024-07-04,200,KG,320.42,64084.0,INR,7.0,Delivered
TXN006719,HIST-2024-02467,2,CUST0063,DD-KSJ-0003,2024-07-04,286,KG,485.67,138901.62,INR,7.0,Delivered
TXN001958,HIST-2024-00717,1,CUST0112,DD-HUP-0017,2024-07-06,326,MTR,304.97,99420.22,INR,7.0,Delivered
TXN001959,HIST-2024-00717,2,CUST0112,DD-BDS-0025,2024-07-06,224,MTR,238.72,53473.28,INR,7.0,Delivered
TXN002117,HIST-2024-00780,1,CUST0046,DD-PCS-0030,2024-07-06,1023,MTR,91.83,93942.09,INR,7.0,Delivered
TXN002118,HIST-2024-00780,2,CUST0046,DD-CTB-0001,2024-07-06,170,MTR,161.42,27441.4,INR,7.0,Delivered
TXN002119,HIST-2024-00780,3,CUST0046,DD-PCS-0004,2024-07-06,890,MTR,82.71,73611.9,INR,7.0,Delivered
TXN002120,HIST-2024-00780,4,CUST0046,DD-FLN-0022,2024-07-06,1299,MTR,168.21,218504.79,INR,7.0,Delivered
TXN002121,HIST-2024-00780,5,CUST0046,DD-CTB-0011,2024-07-06,407,MTR,158.71,64594.97,INR,7.0,Delivered
TXN002122,HIST-2024-00780,6,CUST0046,DD-CTB-0015,2024-07-06,666,MTR,144.3,96103.8,INR,7.0,Delivered
TXN006442,HIST-2024-02366,1,CUST0010,DD-DNM-0008,2024-07-06,1282,MTR,229.12,293731.84,INR,7.0,Delivered
TXN006443,HIST-2024-02366,2,CUST0010,DD-CTB-0021,2024-07-06,374,MTR,214.05,80054.7,INR,7.0,Delivered
TXN006444,HIST-2024-02366,3,CUST0010,DD-DNM-0002,2024-07-06,1318,MTR,231.05,304523.9,INR,7.0,Delivered
TXN006445,HIST-2024-02366,4,CUST0010,DD-CTS-0019,2024-07-06,397,MTR,89.11,35376.67,INR,7.0,Delivered
TXN000322,HIST-2024-00113,1,CUST0077,DD-CIN-0007,2024-07-07,788,MTR,231.33,182288.04,INR,7.0,Delivered
TXN000323,HIST-2024-00113,2,CUST0077,DD-LIN-0024,2024-07-07,544,MTR,251.54,136837.76,INR,7.0,Delivered
TXN000324,HIST-2024-00113,3,CUST0077,DD-CTB-0005,2024-07-07,205,MTR,206.03,42236.15,INR,7.0,Delivered
TXN001687,HIST-2024-00613,1,CUST0019,DD-CTB-0024,2024-07-07,138,MTR,177.94,24555.72,INR,12.0,Delivered
TXN001688,HIST-2024-00613,2,CUST0019,DD-KFT-0002,2024-07-07,193,KG,302.64,58409.52,INR,12.0,Delivered
TXN001689,HIST-2024-00613,3,CUST0019,DD-KFT-0015,2024-07-07,207,KG,255.39,52865.73,INR,12.0,Delivered
TXN001952,HIST-2024-00716,1,CUST0080,DD-CIN-0011,2024-07-08,473,MTR,217.29,102778.17,INR,7.0,Delivered
TXN001953,HIST-2024-00716,2,CUST0080,DD-TWL-0024,2024-07-08,98,PCS,212.34,20809.32,INR,7.0,Delivered
TXN001954,HIST-2024-00716,3,CUST0080,DD-TWL-0006,2024-07-08,442,PCS,233.54,103224.68,INR,7.0,Delivered
TXN001955,HIST-2024-00716,4,CUST0080,DD-TWL-0026,2024-07-08,342,PCS,211.84,72449.28,INR,7.0,Delivered
TXN001956,HIST-2024-00716,5,CUST0080,DD-CIN-0003,2024-07-08,858,MTR,207.16,177743.28,INR,7.0,Delivered
TXN001957,HIST-2024-00716,6,CUST0080,DD-TWL-0020,2024-07-08,557,PCS,201.07,111995.99,INR,7.0,Delivered
TXN004520,HIST-2024-01664,1,CUST0031,DD-KFT-0011,2024-07-08,334,KG,391.11,130630.74,INR,7.0,Delivered
TXN005070,HIST-2024-01860,1,CUST0046,DD-SUT-0019,2024-07-08,130,MTR,249.26,32403.8,INR,7.0,Delivered
TXN005071,HIST-2024-01860,2,CUST0046,DD-SUT-0026,2024-07-08,1469,MTR,222.98,327557.62,INR,7.0,Delivered
TXN005541,HIST-2024-02038,1,CUST0105,DD-CTS-0027,2024-07-08,1826,MTR,79.7,145532.2,INR,12.0,Delivered
TXN005542,HIST-2024-02038,2,CUST0105,DD-KSJ-0018,2024-07-08,76,KG,278.97,21201.72,INR,12.0,Delivered
TXN005543,HIST-2024-02038,3,CUST0105,DD-KSJ-0027,2024-07-08,218,KG,290.99,63435.82,INR,12.0,Delivered
TXN005544,HIST-2024-02038,4,CUST0105,DD-LIN-0001,2024-07-08,596,MTR,394.95,235390.2,INR,12.0,Delivered
TXN005736,HIST-2024-02107,1,CUST0127,DD-DNM-0014,2024-07-08,1408,MTR,166.02,233756.16,INR,3.0,Delivered
TXN005737,HIST-2024-02107,2,CUST0127,DD-CTS-0024,2024-07-08,558,MTR,87.23,48674.34,INR,3.0,Delivered
TXN007402,HIST-2024-02728,1,CUST0018,DD-CTB-0023,2024-07-08,589,MTR,186.33,109748.37,INR,7.0,Delivered
TXN007403,HIST-2024-02728,2,CUST0018,DD-MOD-0016,2024-07-08,262,MTR,236.02,61837.24,INR,7.0,Delivered
TXN000931,HIST-2024-00333,1,CUST0134,DD-CTB-0023,2024-07-09,272,MTR,203.53,55360.16,INR,3.0,Delivered
TXN000932,HIST-2024-00333,2,CUST0134,DD-CTB-0017,2024-07-09,2018,MTR,145.81,294244.58,INR,3.0,Delivered
TXN002235,HIST-2024-00822,1,CUST0122,DD-CTB-0003,2024-07-09,508,MTR,166.81,84739.48,INR,3.0,Delivered
TXN007172,HIST-2024-02635,1,CUST0100,DD-DNM-0026,2024-07-09,1079,MTR,217.83,235038.57,INR,3.0,Delivered
TXN007173,HIST-2024-02635,2,CUST0100,DD-CTS-0016,2024-07-09,220,MTR,120.22,26448.4,INR,3.0,Delivered
TXN007174,HIST-2024-02635,3,CUST0100,DD-CTB-0015,2024-07-09,399,MTR,149.95,59830.05,INR,3.0,Delivered
TXN001774,HIST-2024-00643,1,CUST0052,DD-FLN-0025,2024-07-10,151,MTR,171.38,25878.38,INR,3.0,Partially Delivered
TXN001775,HIST-2024-00643,2,CUST0052,DD-CIN-0024,2024-07-10,1046,MTR,267.39,279689.94,INR,3.0,Delivered
TXN001776,HIST-2024-00643,3,CUST0052,DD-FLN-0012,2024-07-10,1365,MTR,126.5,172672.5,INR,3.0,Delivered
TXN001777,HIST-2024-00643,4,CUST0052,DD-SUT-0024,2024-07-10,210,MTR,218.1,45801.0,INR,3.0,Delivered
TXN004364,HIST-2024-01598,1,CUST0084,DD-PCS-0016,2024-07-10,282,MTR,89.12,25131.84,INR,12.0,Delivered
TXN004365,HIST-2024-01598,2,CUST0084,DD-PCS-0005,2024-07-10,639,MTR,79.08,50532.12,INR,12.0,Delivered
TXN001855,HIST-2024-00673,1,CUST0004,DD-KSJ-0017,2024-07-11,54,KG,317.8,17161.2,INR,3.0,Delivered
TXN003636,HIST-2024-01320,1,CUST0044,DD-HCT-0032,2024-07-11,871,MTR,150.33,130937.43,INR,7.0,Delivered
TXN004611,HIST-2024-01697,1,CUST0105,DD-MOD-0027,2024-07-12,213,MTR,160.36,34156.68,INR,12.0,Delivered
TXN004612,HIST-2024-01697,2,CUST0105,DD-CTB-0001,2024-07-12,481,MTR,156.1,75084.1,INR,12.0,Delivered
TXN004613,HIST-2024-01697,3,CUST0105,DD-CTS-0007,2024-07-12,602,MTR,117.38,70662.76,INR,12.0,Delivered
TXN004614,HIST-2024-01697,4,CUST0105,DD-KSJ-0014,2024-07-12,91,KG,290.91,26472.81,INR,12.0,Delivered
TXN005657,HIST-2024-02077,1,CUST0132,DD-CTS-0016,2024-07-13,556,MTR,109.32,60781.92,INR,7.0,Delivered
TXN005658,HIST-2024-02077,2,CUST0132,DD-KSJ-0008,2024-07-13,266,KG,298.9,79507.4,INR,7.0,Delivered
TXN006777,HIST-2024-02490,1,CUST0034,DD-KFT-0015,2024-07-14,78,KG,246.25,19207.5,INR,7.0,Delivered
TXN006778,HIST-2024-02490,2,CUST0034,DD-KFT-0005,2024-07-14,87,KG,318.07,27672.09,INR,7.0,Delivered
TXN005781,HIST-2024-02124,1,CUST0056,DD-KIR-0012,2024-07-15,344,KG,451.39,155278.16,INR,12.0,Delivered
TXN001486,HIST-2024-00542,1,CUST0119,DD-PRB-0014,2024-07-16,256,MTR,132.33,33876.48,INR,7.0,Delivered
TXN001549,HIST-2024-00564,1,CUST0109,DD-DNM-0016,2024-07-16,222,MTR,236.39,52478.58,INR,12.0,Partially Delivered
TXN003882,HIST-2024-01423,1,CUST0077,DD-LIN-0024,2024-07-16,308,MTR,248.59,76565.72,INR,7.0,Delivered
TXN003883,HIST-2024-01423,2,CUST0077,DD-MOD-0035,2024-07-16,273,MTR,270.65,73887.45,INR,7.0,Delivered
TXN003884,HIST-2024-01423,3,CUST0077,DD-KIR-0016,2024-07-16,72,KG,474.4,34156.8,INR,7.0,Delivered
TXN006146,HIST-2024-02255,1,CUST0079,DD-CTS-0014,2024-07-16,467,MTR,116.5,54405.5,INR,3.0,Delivered
TXN006147,HIST-2024-02255,2,CUST0079,DD-RBL-0011,2024-07-16,863,MTR,56.04,48362.52,INR,3.0,Delivered
TXN006148,HIST-2024-02255,3,CUST0079,DD-LIN-0009,2024-07-16,896,MTR,389.04,348579.84,INR,3.0,Delivered
TXN003570,HIST-2024-01300,1,CUST0059,DD-CTB-0023,2024-07-17,438,MTR,180.24,78945.12,INR,12.0,Delivered
TXN003571,HIST-2024-01300,2,CUST0059,DD-SUT-0005,2024-07-17,1904,MTR,203.59,387635.36,INR,12.0,Cancelled
TXN006219,HIST-2024-02279,1,CUST0120,DD-HCT-0013,2024-07-18,214,MTR,209.74,44884.36,INR,7.0,Delivered
TXN007032,HIST-2024-02586,1,CUST0077,DD-CIN-0008,2024-07-19,1224,MTR,229.83,281311.92,INR,7.0,Delivered
TXN007033,HIST-2024-02586,2,CUST0077,DD-KFT-0009,2024-07-19,63,KG,396.35,24970.05,INR,7.0,Delivered
TXN007034,HIST-2024-02586,3,CUST0077,DD-FLN-0001,2024-07-19,481,MTR,141.11,67873.91,INR,7.0,Delivered
TXN007064,HIST-2024-02597,1,CUST0038,DD-CIN-0004,2024-07-19,366,MTR,195.46,71538.36,INR,12.0,Delivered
TXN000053,HIST-2024-00020,1,CUST0111,DD-LIN-0025,2024-07-20,1873,MTR,243.53,456131.69,INR,12.0,Delivered
TXN000054,HIST-2024-00020,2,CUST0111,DD-SAT-0005,2024-07-20,129,MTR,163.95,21149.55,INR,12.0,Delivered
TXN000055,HIST-2024-00020,3,CUST0111,DD-VSR-0019,2024-07-20,1143,MTR,80.29,91771.47,INR,12.0,Delivered
TXN000056,HIST-2024-00020,4,CUST0111,DD-VSR-0004,2024-07-20,719,MTR,86.25,62013.75,INR,12.0,Delivered
TXN000057,HIST-2024-00020,5,CUST0111,DD-PRB-0034,2024-07-20,280,MTR,132.89,37209.2,INR,12.0,Delivered
TXN002434,HIST-2024-00895,1,CUST0110,DD-PCS-0009,2024-07-20,1883,MTR,99.59,187527.97,INR,3.0,Partially Delivered
TXN002435,HIST-2024-00895,2,CUST0110,DD-CTB-0018,2024-07-20,1106,MTR,143.78,159020.68,INR,3.0,Delivered
TXN002436,HIST-2024-00895,3,CUST0110,DD-CIN-0003,2024-07-20,463,MTR,219.51,101633.13,INR,3.0,Delivered
TXN004986,HIST-2024-01828,1,CUST0031,DD-CTB-0024,2024-07-20,356,MTR,181.95,64774.2,INR,7.0,Delivered
TXN004987,HIST-2024-01828,2,CUST0031,DD-KFT-0025,2024-07-20,475,KG,342.79,162825.25,INR,7.0,Delivered
TXN001052,HIST-2024-00379,1,CUST0006,DD-CTS-0011,2024-07-21,1039,MTR,127.27,132233.53,INR,7.0,Delivered
TXN001053,HIST-2024-00379,2,CUST0006,DD-MOD-0016,2024-07-21,277,MTR,232.37,64366.49,INR,7.0,Delivered
TXN001054,HIST-2024-00379,3,CUST0006,DD-CTB-0017,2024-07-21,856,MTR,147.14,125951.84,INR,7.0,Delivered
TXN001055,HIST-2024-00379,4,CUST0006,DD-CTB-0012,2024-07-21,242,MTR,169.92,41120.64,INR,7.0,Delivered
TXN003018,HIST-2024-01112,1,CUST0108,DD-CTB-0027,2024-07-22,853,MTR,149.18,127250.54,INR,12.0,Delivered
TXN006949,HIST-2024-02559,1,CUST0095,DD-TWL-0008,2024-07-22,1092,PCS,239.83,261894.36,INR,7.0,Delivered
TXN006950,HIST-2024-02559,2,CUST0095,DD-CIN-0004,2024-07-22,161,MTR,192.08,30924.88,INR,7.0,Delivered
TXN006951,HIST-2024-02559,3,CUST0095,DD-BDS-0005,2024-07-22,2244,MTR,145.78,327130.32,INR,7.0,Delivered
TXN001128,HIST-2024-00409,1,CUST0111,DD-MOD-0021,2024-07-23,541,MTR,208.98,113058.18,INR,12.0,Delivered
TXN002256,HIST-2024-00830,1,CUST0076,DD-KSJ-0006,2024-07-23,299,KG,331.27,99049.73,INR,7.0,Partially Delivered
TXN002257,HIST-2024-00830,2,CUST0076,DD-KSJ-0008,2024-07-23,498,KG,284.69,141775.62,INR,7.0,Delivered
TXN002258,HIST-2024-00830,3,CUST0076,DD-CTB-0026,2024-07-23,408,MTR,188.92,77079.36,INR,7.0,Delivered
TXN002259,HIST-2024-00830,4,CUST0076,DD-CTS-0011,2024-07-23,1149,MTR,129.83,149174.67,INR,7.0,Delivered
TXN002260,HIST-2024-00830,5,CUST0076,DD-LIN-0003,2024-07-23,567,MTR,414.07,234777.69,INR,7.0,Delivered
TXN002261,HIST-2024-00830,6,CUST0076,DD-CTB-0031,2024-07-23,138,MTR,154.17,21275.46,INR,7.0,Delivered
TXN003408,HIST-2024-01250,1,CUST0113,DD-CTB-0024,2024-07-23,1153,MTR,194.67,224454.51,INR,7.0,Delivered
TXN003409,HIST-2024-01250,2,CUST0113,DD-DNM-0026,2024-07-23,236,MTR,201.2,47483.2,INR,7.0,Delivered
TXN005090,HIST-2024-01868,1,CUST0106,DD-CTB-0017,2024-07-23,1466,MTR,145.13,212760.58,INR,7.0,Cancelled
TXN005091,HIST-2024-01868,2,CUST0106,DD-CTB-0010,2024-07-23,1021,MTR,232.2,237076.2,INR,7.0,Delivered
TXN005092,HIST-2024-01868,3,CUST0106,DD-SUT-0019,2024-07-23,203,MTR,236.49,48007.47,INR,7.0,Delivered
TXN005093,HIST-2024-01868,4,CUST0106,DD-CIN-0015,2024-07-23,719,MTR,207.66,149307.54,INR,7.0,Delivered
TXN006206,HIST-2024-02274,1,CUST0052,DD-FLN-0021,2024-07-23,972,MTR,175.39,170479.08,INR,3.0,Delivered
TXN006207,HIST-2024-02274,2,CUST0052,DD-CIN-0028,2024-07-23,1320,MTR,180.91,238801.2,INR,3.0,Delivered
TXN002853,HIST-2024-01051,1,CUST0052,DD-PCS-0007,2024-07-24,552,MTR,90.9,50176.8,INR,3.0,Delivered
TXN002854,HIST-2024-01051,2,CUST0052,DD-SUT-0029,2024-07-24,988,MTR,211.67,209129.96,INR,3.0,Delivered
TXN002855,HIST-2024-01051,3,CUST0052,DD-CIN-0024,2024-07-24,2142,MTR,265.72,569172.24,INR,3.0,Delivered
TXN002856,HIST-2024-01051,4,CUST0052,DD-FLN-0021,2024-07-24,248,MTR,173.93,43134.64,INR,3.0,Delivered
TXN005128,HIST-2024-01879,1,CUST0091,DD-KFT-0024,2024-07-24,273,KG,295.81,80756.13,INR,12.0,Partially Delivered
TXN001616,HIST-2024-00589,1,CUST0032,DD-VSR-0022,2024-07-26,229,MTR,105.65,24193.85,INR,3.0,Delivered
TXN001617,HIST-2024-00589,2,CUST0032,DD-CTB-0006,2024-07-26,817,MTR,209.12,170851.04,INR,3.0,Delivered
TXN001618,HIST-2024-00589,3,CUST0032,DD-HUP-0021,2024-07-26,143,MTR,294.11,42057.73,INR,3.0,Delivered
TXN001619,HIST-2024-00589,4,CUST0032,DD-CTB-0015,2024-07-26,1806,MTR,157.45,284354.7,INR,3.0,Delivered
TXN001739,HIST-2024-00631,1,CUST0047,DD-KFT-0009,2024-07-26,175,KG,386.46,67630.5,INR,7.0,Delivered
TXN001740,HIST-2024-00631,2,CUST0047,DD-KIR-0021,2024-07-26,340,KG,359.58,122257.2,INR,7.0,Delivered
TXN003442,HIST-2024-01265,1,CUST0036,DD-KSJ-0023,2024-07-26,521,KG,344.7,179588.7,INR,12.0,Delivered
TXN003443,HIST-2024-01265,2,CUST0036,DD-LIN-0016,2024-07-26,1569,MTR,388.79,610011.51,INR,12.0,Delivered
TXN003444,HIST-2024-01265,3,CUST0036,DD-KSJ-0019,2024-07-26,197,KG,292.74,57669.78,INR,12.0,Delivered
TXN004968,HIST-2024-01822,1,CUST0036,DD-LIN-0016,2024-07-26,180,MTR,392.0,70560.0,INR,12.0,Delivered
TXN004969,HIST-2024-01822,2,CUST0036,DD-DNM-0013,2024-07-26,902,MTR,165.08,148902.16,INR,12.0,Delivered
TXN004970,HIST-2024-01822,3,CUST0036,DD-KSJ-0023,2024-07-26,79,KG,346.69,27388.51,INR,12.0,Delivered
TXN006321,HIST-2024-02317,1,CUST0060,DD-CTS-0011,2024-07-26,1906,MTR,117.84,224603.04,INR,12.0,Delivered
TXN006322,HIST-2024-02317,2,CUST0060,DD-DNM-0021,2024-07-26,1575,MTR,192.69,303486.75,INR,12.0,Delivered
TXN002966,HIST-2024-01089,1,CUST0105,DD-KSJ-0014,2024-07-27,105,KG,296.23,31104.15,INR,12.0,Delivered
TXN003455,HIST-2024-01269,1,CUST0132,DD-KSJ-0022,2024-07-27,319,KG,384.36,122610.84,INR,7.0,Delivered
TXN003456,HIST-2024-01269,2,CUST0132,DD-DNM-0005,2024-07-27,534,MTR,220.24,117608.16,INR,7.0,Delivered
TXN003934,HIST-2024-01440,1,CUST0130,DD-LIN-0017,2024-07-28,400,MTR,447.34,178936.0,INR,7.0,Delivered
TXN003935,HIST-2024-01440,2,CUST0130,DD-SAT-0015,2024-07-28,572,MTR,151.59,86709.48,INR,7.0,Partially Delivered
TXN007238,HIST-2024-02661,1,CUST0056,DD-KSJ-0016,2024-07-29,88,KG,294.67,25930.96,INR,12.0,Delivered
TXN007239,HIST-2024-02661,2,CUST0056,DD-CTS-0008,2024-07-29,304,MTR,119.92,36455.68,INR,12.0,Delivered
TXN007240,HIST-2024-02661,3,CUST0056,DD-CTB-0026,2024-07-29,1445,MTR,178.47,257889.15,INR,12.0,Delivered
TXN005282,HIST-2024-01940,1,CUST0099,DD-SUT-0029,2024-07-30,1916,MTR,198.04,379444.64,INR,7.0,Delivered
TXN005283,HIST-2024-01940,2,CUST0099,DD-PCS-0021,2024-07-30,811,MTR,82.89,67223.79,INR,7.0,Delivered
TXN005284,HIST-2024-01940,3,CUST0099,DD-CDV-0009,2024-07-30,1803,MTR,210.9,380252.7,INR,7.0,Delivered
TXN006078,HIST-2024-02235,1,CUST0105,DD-CTB-0013,2024-07-30,237,MTR,151.27,35850.99,INR,12.0,Delivered
TXN006079,HIST-2024-02235,2,CUST0105,DD-KSJ-0027,2024-07-30,54,KG,290.89,15708.06,INR,12.0,Delivered
TXN006080,HIST-2024-02235,3,CUST0105,DD-CTS-0022,2024-07-30,441,MTR,79.54,35077.14,INR,12.0,Delivered
TXN006081,HIST-2024-02235,4,CUST0105,DD-KSJ-0014,2024-07-30,455,KG,293.35,133474.25,INR,12.0,Delivered
TXN006082,HIST-2024-02235,5,CUST0105,DD-MOD-0011,2024-07-30,215,MTR,231.24,49716.6,INR,12.0,Delivered
TXN003077,HIST-2024-01130,1,CUST0006,DD-KSJ-0011,2024-07-31,276,KG,292.39,80699.64,INR,7.0,Delivered
TXN005105,HIST-2024-01872,1,CUST0077,DD-PGT-0017,2024-07-31,454,MTR,63.87,28996.98,INR,7.0,Cancelled
TXN005106,HIST-2024-01872,2,CUST0077,DD-FLN-0033,2024-07-31,446,MTR,140.56,62689.76,INR,7.0,Delivered
TXN005107,HIST-2024-01872,3,CUST0077,DD-HCT-0014,2024-07-31,1101,MTR,197.25,217172.25,INR,7.0,Delivered
TXN005108,HIST-2024-01872,4,CUST0077,DD-PCS-0004,2024-07-31,1128,MTR,80.11,90364.08,INR,7.0,Delivered
TXN005109,HIST-2024-01872,5,CUST0077,DD-CIN-0007,2024-07-31,541,MTR,231.12,125035.92,INR,7.0,Delivered
TXN005110,HIST-2024-01872,6,CUST0077,DD-VSR-0020,2024-07-31,417,MTR,108.11,45081.87,INR,7.0,Delivered
TXN002683,HIST-2024-00988,1,CUST0030,DD-KIR-0021,2024-08-01,541,KG,341.78,184902.98,INR,12.0,Delivered
TXN002712,HIST-2024-01000,1,CUST0022,DD-VSR-0010,2024-08-01,1710,MTR,71.36,122025.6,INR,7.0,Delivered
TXN002713,HIST-2024-01000,2,CUST0022,DD-SUT-0006,2024-08-01,685,MTR,193.75,132718.75,INR,7.0,Partially Delivered
TXN003005,HIST-2024-01106,1,CUST0103,DD-KSJ-0014,2024-08-01,164,KG,310.46,50915.44,INR,3.0,Delivered
TXN003006,HIST-2024-01106,2,CUST0103,DD-LIN-0014,2024-08-01,213,MTR,406.07,86492.91,INR,3.0,Delivered
TXN000412,HIST-2024-00149,1,CUST0056,DD-CTB-0026,2024-08-02,416,MTR,177.57,73869.12,INR,12.0,Delivered
TXN000413,HIST-2024-00149,2,CUST0056,DD-CTB-0013,2024-08-02,1209,MTR,153.05,185037.45,INR,12.0,Delivered
TXN000414,HIST-2024-00149,3,CUST0056,DD-CTB-0033,2024-08-02,1824,MTR,188.59,343988.16,INR,12.0,Delivered
TXN000415,HIST-2024-00149,4,CUST0056,DD-CTB-0023,2024-08-02,1020,MTR,179.72,183314.4,INR,12.0,Delivered
TXN005966,HIST-2024-02193,1,CUST0124,DD-SAT-0001,2024-08-02,902,MTR,172.13,155261.26,INR,7.0,Delivered
TXN005967,HIST-2024-02193,2,CUST0124,DD-PRB-0016,2024-08-02,283,MTR,108.22,30626.26,INR,7.0,Delivered
TXN005968,HIST-2024-02193,3,CUST0124,DD-PGT-0008,2024-08-02,317,MTR,70.38,22310.46,INR,7.0,Delivered
TXN007062,HIST-2024-02596,1,CUST0062,DD-LIN-0010,2024-08-02,158,MTR,367.15,58009.7,INR,12.0,Delivered
TXN007063,HIST-2024-02596,2,CUST0062,DD-KSJ-0006,2024-08-02,305,KG,294.96,89962.8,INR,12.0,Delivered
TXN004018,HIST-2024-01468,1,CUST0070,DD-CTB-0003,2024-08-03,305,MTR,166.47,50773.35,INR,3.0,Delivered
TXN002412,HIST-2024-00886,1,CUST0058,DD-DNM-0012,2024-08-04,342,MTR,164.83,56371.86,INR,7.0,Delivered
TXN002413,HIST-2024-00886,2,CUST0058,DD-KFT-0024,2024-08-04,55,KG,329.92,18145.6,INR,7.0,Delivered
TXN002630,HIST-2024-00971,1,CUST0016,DD-LIN-0034,2024-08-05,1551,MTR,260.33,403771.83,INR,12.0,Delivered
TXN002631,HIST-2024-00971,2,CUST0016,DD-CIN-0006,2024-08-05,908,MTR,186.88,169687.04,INR,12.0,Delivered
TXN004019,HIST-2024-01469,1,CUST0048,DD-MOD-0023,2024-08-05,866,MTR,154.48,133779.68,INR,12.0,Delivered
TXN004020,HIST-2024-01469,2,CUST0048,DD-KSJ-0025,2024-08-05,94,KG,352.04,33091.76,INR,12.0,Delivered
TXN004021,HIST-2024-01469,3,CUST0048,DD-MOD-0021,2024-08-05,171,MTR,210.6,36012.6,INR,12.0,Delivered
TXN004022,HIST-2024-01469,4,CUST0048,DD-CTB-0034,2024-08-05,304,MTR,175.8,53443.2,INR,12.0,Delivered
TXN004023,HIST-2024-01469,5,CUST0048,DD-MOD-0011,2024-08-05,872,MTR,240.44,209663.68,INR,12.0,Delivered
TXN004024,HIST-2024-01469,6,CUST0048,DD-DNM-0004,2024-08-05,1393,MTR,216.82,302030.26,INR,12.0,Delivered
TXN004607,HIST-2024-01696,1,CUST0056,DD-CTB-0026,2024-08-05,421,MTR,177.48,74719.08,INR,12.0,Delivered
TXN004608,HIST-2024-01696,2,CUST0056,DD-KIR-0013,2024-08-05,161,KG,443.55,71411.55,INR,12.0,Delivered
TXN004609,HIST-2024-01696,3,CUST0056,DD-CTB-0034,2024-08-05,1360,MTR,175.27,238367.2,INR,12.0,Delivered
TXN004610,HIST-2024-01696,4,CUST0056,DD-KIR-0029,2024-08-05,203,KG,351.21,71295.63,INR,12.0,Delivered
TXN007258,HIST-2024-02671,1,CUST0080,DD-TWL-0006,2024-08-05,860,PCS,229.53,197395.8,INR,7.0,Delivered
TXN007259,HIST-2024-02671,2,CUST0080,DD-CIN-0011,2024-08-05,144,MTR,215.76,31069.44,INR,7.0,Delivered
TXN002746,HIST-2024-01013,1,CUST0118,DD-TWL-0015,2024-08-06,1354,PCS,200.27,271165.58,INR,7.0,Delivered
TXN003589,HIST-2024-01305,1,CUST0029,DD-KFT-0013,2024-08-06,101,KG,270.98,27368.98,INR,7.0,Delivered
TXN003590,HIST-2024-01305,2,CUST0029,DD-CTS-0022,2024-08-06,1136,MTR,86.0,97696.0,INR,7.0,Delivered
TXN003591,HIST-2024-01305,3,CUST0029,DD-CTB-0023,2024-08-06,150,MTR,187.23,28084.5,INR,7.0,Cancelled
TXN003592,HIST-2024-01305,4,CUST0029,DD-CTS-0021,2024-08-06,252,MTR,73.68,18567.36,INR,7.0,Delivered
TXN006417,HIST-2024-02355,1,CUST0066,DD-CTB-0012,2024-08-06,167,MTR,175.73,29346.91,INR,3.0,Delivered
TXN006418,HIST-2024-02355,2,CUST0066,DD-LIN-0002,2024-08-06,756,MTR,415.06,313785.36,INR,3.0,Delivered
TXN004961,HIST-2024-01818,1,CUST0088,DD-TWL-0007,2024-08-07,763,PCS,226.05,172476.15,INR,12.0,Delivered
TXN005059,HIST-2024-01856,1,CUST0058,DD-KFT-0001,2024-08-07,164,KG,321.88,52788.32,INR,7.0,Delivered
TXN000650,HIST-2024-00230,1,CUST0017,DD-KFT-0005,2024-08-08,51,KG,313.97,16012.47,INR,7.0,Delivered
TXN003955,HIST-2024-01448,1,CUST0001,DD-RBL-0029,2024-08-08,454,MTR,50.74,23035.96,INR,3.0,Delivered
TXN003956,HIST-2024-01448,2,CUST0001,DD-CDV-0032,2024-08-08,1024,MTR,157.98,161771.52,INR,3.0,Delivered
TXN003957,HIST-2024-01448,3,CUST0001,DD-SUT-0025,2024-08-08,581,MTR,226.91,131834.71,INR,3.0,Delivered
TXN001455,HIST-2024-00529,1,CUST0122,DD-PCS-0015,2024-08-09,688,MTR,95.18,65483.84,INR,3.0,Delivered
TXN001456,HIST-2024-00529,2,CUST0122,DD-CIN-0022,2024-08-09,314,MTR,258.32,81112.48,INR,3.0,Delivered
TXN003965,HIST-2024-01451,1,CUST0039,DD-CTB-0033,2024-08-09,725,MTR,207.15,150183.75,INR,7.0,Delivered
TXN003966,HIST-2024-01451,2,CUST0039,DD-KIR-0022,2024-08-09,164,KG,355.56,58311.84,INR,7.0,Delivered
TXN003967,HIST-2024-01451,3,CUST0039,DD-KFT-0020,2024-08-09,149,KG,363.66,54185.34,INR,7.0,Delivered
TXN003968,HIST-2024-01451,4,CUST0039,DD-KIR-0030,2024-08-09,171,KG,408.55,69862.05,INR,7.0,Delivered
TXN003969,HIST-2024-01451,5,CUST0039,DD-CTS-0018,2024-08-09,1059,MTR,81.55,86361.45,INR,7.0,Delivered
TXN003970,HIST-2024-01451,6,CUST0039,DD-DNM-0022,2024-08-09,268,MTR,188.37,50483.16,INR,7.0,Delivered
TXN006067,HIST-2024-02232,1,CUST0089,DD-TWL-0009,2024-08-09,693,PCS,241.72,167511.96,INR,3.0,Delivered
TXN006068,HIST-2024-02232,2,CUST0089,DD-HUP-0012,2024-08-09,239,MTR,245.14,58588.46,INR,3.0,Delivered
TXN006069,HIST-2024-02232,3,CUST0089,DD-BDS-0021,2024-08-09,306,MTR,259.93,79538.58,INR,3.0,Delivered
TXN003265,HIST-2024-01198,1,CUST0048,DD-LIN-0030,2024-08-10,1146,MTR,369.11,423000.06,INR,12.0,Delivered
TXN003266,HIST-2024-01198,2,CUST0048,DD-KSJ-0025,2024-08-10,186,KG,356.96,66394.56,INR,12.0,Delivered
TXN003267,HIST-2024-01198,3,CUST0048,DD-CTB-0003,2024-08-10,140,MTR,157.73,22082.2,INR,12.0,Delivered
TXN004997,HIST-2024-01834,1,CUST0111,DD-VSR-0021,2024-08-10,1369,MTR,96.63,132286.47,INR,12.0,Delivered
TXN005516,HIST-2024-02024,1,CUST0122,DD-PCS-0035,2024-08-10,170,MTR,101.18,17200.6,INR,3.0,Delivered
TXN007140,HIST-2024-02624,1,CUST0107,DD-VSR-0027,2024-08-10,431,MTR,106.78,46022.18,INR,3.0,Delivered
TXN007141,HIST-2024-02624,2,CUST0107,DD-SAT-0016,2024-08-10,454,MTR,145.01,65834.54,INR,3.0,Delivered
TXN007142,HIST-2024-02624,3,CUST0107,DD-CIN-0019,2024-08-10,1322,MTR,265.31,350739.82,INR,3.0,Delivered
TXN007143,HIST-2024-02624,4,CUST0107,DD-KIR-0025,2024-08-10,229,KG,395.67,90608.43,INR,3.0,Partially Delivered
TXN000684,HIST-2024-00244,1,CUST0071,DD-CTB-0018,2024-08-11,199,MTR,137.02,27266.98,INR,7.0,Delivered
TXN000685,HIST-2024-00244,2,CUST0071,DD-MOD-0023,2024-08-11,131,MTR,165.56,21688.36,INR,7.0,Delivered
TXN000686,HIST-2024-00244,3,CUST0071,DD-MOD-0034,2024-08-11,250,MTR,277.27,69317.5,INR,7.0,Delivered
TXN000687,HIST-2024-00244,4,CUST0071,DD-DNM-0002,2024-08-11,1780,MTR,231.23,411589.4,INR,7.0,Delivered
TXN000688,HIST-2024-00244,5,CUST0071,DD-LIN-0030,2024-08-11,1711,MTR,407.12,696582.32,INR,7.0,Delivered
TXN004174,HIST-2024-01520,1,CUST0108,DD-BDS-0011,2024-08-11,1916,MTR,149.42,286288.72,INR,12.0,Delivered
TXN004175,HIST-2024-01520,2,CUST0108,DD-CTB-0027,2024-08-11,1439,MTR,149.05,214482.95,INR,12.0,Delivered
TXN005692,HIST-2024-02090,1,CUST0116,DD-KIR-0018,2024-08-11,102,KG,471.53,48096.06,INR,7.0,Delivered
TXN005693,HIST-2024-02090,2,CUST0116,DD-DNM-0029,2024-08-11,1143,MTR,286.48,327446.64,INR,7.0,Partially Delivered
TXN005694,HIST-2024-02090,3,CUST0116,DD-HCT-0028,2024-08-11,724,MTR,125.48,90847.52,INR,7.0,Delivered
TXN005695,HIST-2024-02090,4,CUST0116,DD-MOD-0031,2024-08-11,134,MTR,169.13,22663.42,INR,7.0,Delivered
TXN005881,HIST-2024-02161,1,CUST0016,DD-FLN-0025,2024-08-11,2077,MTR,156.1,324219.7,INR,12.0,Delivered
TXN005913,HIST-2024-02177,1,CUST0119,DD-SAT-0025,2024-08-11,159,MTR,154.64,24587.76,INR,7.0,Delivered
TXN005914,HIST-2024-02177,2,CUST0119,DD-PRB-0030,2024-08-11,276,MTR,149.43,41242.68,INR,7.0,Delivered
TXN005915,HIST-2024-02177,3,CUST0119,DD-MOD-0029,2024-08-11,193,MTR,160.94,31061.42,INR,7.0,Partially Delivered
TXN005029,HIST-2024-01844,1,CUST0070,DD-VSR-0024,2024-08-12,1549,MTR,107.6,166672.4,INR,3.0,Delivered
TXN001818,HIST-2024-00659,1,CUST0098,DD-CDV-0024,2024-08-13,854,MTR,203.39,173695.06,INR,7.0,Delivered
TXN007345,HIST-2024-02707,1,CUST0098,DD-SUT-0005,2024-08-13,209,MTR,215.66,45072.94,INR,7.0,Delivered
TXN007346,HIST-2024-02707,2,CUST0098,DD-CDV-0024,2024-08-13,1213,MTR,203.23,246517.99,INR,7.0,Delivered
TXN000450,HIST-2024-00161,1,CUST0128,DD-DNM-0027,2024-08-14,2041,MTR,213.89,436549.49,INR,3.0,Delivered
TXN000451,HIST-2024-00161,2,CUST0128,DD-DNM-0032,2024-08-14,375,MTR,283.98,106492.5,INR,3.0,Delivered
TXN000452,HIST-2024-00161,3,CUST0128,DD-CTS-0009,2024-08-14,217,MTR,134.3,29143.1,INR,3.0,Delivered
TXN000453,HIST-2024-00161,4,CUST0128,DD-KFT-0022,2024-08-14,450,KG,391.0,175950.0,INR,3.0,Delivered
TXN000454,HIST-2024-00161,5,CUST0128,DD-KSJ-0027,2024-08-14,323,KG,312.32,100879.36,INR,3.0,Delivered
TXN002047,HIST-2024-00749,1,CUST0005,DD-LIN-0022,2024-08-14,398,MTR,376.59,149882.82,INR,12.0,Delivered
TXN004502,HIST-2024-01656,1,CUST0105,DD-CTB-0013,2024-08-14,169,MTR,150.51,25436.19,INR,12.0,Delivered
TXN005540,HIST-2024-02037,1,CUST0079,DD-CIN-0027,2024-08-14,881,MTR,183.94,162051.14,INR,3.0,Partially Delivered
TXN006888,HIST-2024-02536,1,CUST0114,DD-FLN-0012,2024-08-15,422,MTR,120.79,50973.38,INR,12.0,Delivered
TXN006905,HIST-2024-02543,1,CUST0010,DD-KIR-0012,2024-08-15,390,KG,445.53,173756.7,INR,7.0,Delivered
TXN006906,HIST-2024-02543,2,CUST0010,DD-DNM-0008,2024-08-15,141,MTR,234.74,33098.34,INR,7.0,Delivered
TXN006907,HIST-2024-02543,3,CUST0010,DD-KIR-0010,2024-08-15,274,KG,403.5,110559.0,INR,7.0,Delivered
TXN006908,HIST-2024-02543,4,CUST0010,DD-CTS-0019,2024-08-15,990,MTR,89.47,88575.3,INR,7.0,Partially Delivered
TXN006909,HIST-2024-02543,5,CUST0010,DD-DNM-0011,2024-08-15,380,MTR,175.31,66617.8,INR,7.0,Delivered
TXN006910,HIST-2024-02543,6,CUST0010,DD-KIR-0029,2024-08-15,89,KG,356.41,31720.49,INR,7.0,Delivered
TXN001751,HIST-2024-00636,1,CUST0054,DD-HCT-0013,2024-08-16,1310,MTR,209.05,273855.5,INR,7.0,Delivered
TXN005239,HIST-2024-01925,1,CUST0022,DD-LIN-0014,2024-08-16,441,MTR,392.04,172889.64,INR,7.0,Delivered
TXN005240,HIST-2024-01925,2,CUST0022,DD-KIR-0029,2024-08-16,108,KG,350.31,37833.48,INR,7.0,Delivered
TXN006930,HIST-2024-02551,1,CUST0068,DD-HUP-0016,2024-08-16,891,MTR,316.45,281956.95,INR,3.0,Delivered
TXN000188,HIST-2024-00067,1,CUST0063,DD-KIR-0023,2024-08-17,363,KG,358.21,130030.23,INR,7.0,Delivered
TXN000189,HIST-2024-00067,2,CUST0063,DD-CTB-0001,2024-08-17,899,MTR,166.84,149989.16,INR,7.0,Delivered
TXN000190,HIST-2024-00067,3,CUST0063,DD-KSJ-0018,2024-08-17,322,KG,317.73,102309.06,INR,7.0,Delivered
TXN001904,HIST-2024-00696,1,CUST0024,DD-CTB-0019,2024-08-17,164,MTR,226.21,37098.44,INR,3.0,Partially Delivered
TXN001905,HIST-2024-00696,2,CUST0024,DD-DNM-0020,2024-08-17,1052,MTR,243.22,255867.44,INR,3.0,Delivered
TXN001906,HIST-2024-00696,3,CUST0024,DD-KIR-0016,2024-08-17,110,KG,476.34,52397.4,INR,3.0,Delivered
TXN001907,HIST-2024-00696,4,CUST0024,DD-DNM-0018,2024-08-17,428,MTR,254.61,108973.08,INR,3.0,Delivered
TXN001908,HIST-2024-00696,5,CUST0024,DD-KIR-0036,2024-08-17,143,KG,379.96,54334.28,INR,3.0,Delivered
TXN001909,HIST-2024-00696,6,CUST0024,DD-CTB-0026,2024-08-17,494,MTR,205.2,101368.8,INR,3.0,Delivered
TXN002917,HIST-2024-01072,1,CUST0109,DD-MOD-0017,2024-08-17,263,MTR,222.45,58504.35,INR,12.0,Delivered
TXN002918,HIST-2024-01072,2,CUST0109,DD-DNM-0016,2024-08-17,529,MTR,231.93,122690.97,INR,12.0,Delivered
TXN002919,HIST-2024-01072,3,CUST0109,DD-MOD-0007,2024-08-17,682,MTR,205.2,139946.4,INR,12.0,Delivered
TXN002920,HIST-2024-01072,4,CUST0109,DD-LIN-0001,2024-08-17,390,MTR,398.7,155493.0,INR,12.0,Delivered
TXN002921,HIST-2024-01072,5,CUST0109,DD-DNM-0010,2024-08-17,534,MTR,229.31,122451.54,INR,12.0,Delivered
TXN001675,HIST-2024-00607,1,CUST0003,DD-SUT-0030,2024-08-19,258,MTR,196.99,50823.42,INR,7.0,Delivered
TXN001676,HIST-2024-00607,2,CUST0003,DD-SUT-0007,2024-08-19,147,MTR,184.35,27099.45,INR,7.0,Delivered
TXN001677,HIST-2024-00607,3,CUST0003,DD-CIN-0001,2024-08-19,277,MTR,213.2,59056.4,INR,7.0,Delivered
TXN001678,HIST-2024-00607,4,CUST0003,DD-PCS-0033,2024-08-19,130,MTR,96.51,12546.3,INR,7.0,Partially Delivered
TXN003817,HIST-2024-01394,1,CUST0129,DD-MOD-0003,2024-08-19,534,MTR,208.14,111146.76,INR,3.0,Delivered
TXN003818,HIST-2024-01394,2,CUST0129,DD-SAT-0021,2024-08-19,502,MTR,135.32,67930.64,INR,3.0,Delivered
TXN003819,HIST-2024-01394,3,CUST0129,DD-PRB-0006,2024-08-19,212,MTR,137.69,29190.28,INR,3.0,Delivered
TXN003820,HIST-2024-01394,4,CUST0129,DD-LIN-0004,2024-08-19,2168,MTR,332.82,721553.76,INR,3.0,Delivered
TXN004713,HIST-2024-01732,1,CUST0044,DD-CIN-0024,2024-08-19,1080,MTR,258.75,279450.0,INR,7.0,Delivered
TXN004714,HIST-2024-01732,2,CUST0044,DD-BDS-0008,2024-08-19,532,MTR,151.86,80789.52,INR,7.0,Delivered
TXN001009,HIST-2024-00363,1,CUST0003,DD-PCS-0033,2024-08-20,271,MTR,95.06,25761.26,INR,7.0,Delivered
TXN001010,HIST-2024-00363,2,CUST0003,DD-SUT-0013,2024-08-20,285,MTR,254.96,72663.6,INR,7.0,Delivered
TXN001011,HIST-2024-00363,3,CUST0003,DD-SUT-0030,2024-08-20,1669,MTR,194.72,324987.68,INR,7.0,Delivered
TXN003199,HIST-2024-01174,1,CUST0057,DD-CTB-0017,2024-08-20,343,MTR,145.38,49865.34,INR,7.0,Delivered
TXN003200,HIST-2024-01174,2,CUST0057,DD-CTS-0013,2024-08-20,554,MTR,111.1,61549.4,INR,7.0,Delivered
TXN004128,HIST-2024-01506,1,CUST0020,DD-CTB-0017,2024-08-20,454,MTR,139.28,63233.12,INR,7.0,Delivered
TXN004129,HIST-2024-01506,2,CUST0020,DD-MOD-0006,2024-08-20,478,MTR,227.64,108811.92,INR,7.0,Delivered
TXN005703,HIST-2024-02093,1,CUST0077,DD-PCS-0004,2024-08-22,529,MTR,78.7,41632.3,INR,7.0,Delivered
TXN005704,HIST-2024-02093,2,CUST0077,DD-KIR-0016,2024-08-22,341,KG,476.59,162517.19,INR,7.0,Delivered
TXN005705,HIST-2024-02093,3,CUST0077,DD-FLN-0023,2024-08-22,2088,MTR,172.93,361077.84,INR,7.0,Delivered
TXN005706,HIST-2024-02093,4,CUST0077,DD-PCS-0011,2024-08-22,1332,MTR,72.25,96237.0,INR,7.0,Delivered
TXN005707,HIST-2024-02093,5,CUST0077,DD-PCS-0014,2024-08-22,398,MTR,90.17,35887.66,INR,7.0,Delivered
TXN001787,HIST-2024-00646,1,CUST0085,DD-CTB-0002,2024-08-23,220,MTR,165.71,36456.2,INR,3.0,Cancelled
TXN001842,HIST-2024-00669,1,CUST0108,DD-BDS-0018,2024-08-23,767,MTR,218.71,167750.57,INR,12.0,Delivered
TXN001843,HIST-2024-00669,2,CUST0108,DD-CIN-0007,2024-08-23,144,MTR,230.46,33186.24,INR,12.0,Delivered
TXN001844,HIST-2024-00669,3,CUST0108,DD-CTB-0012,2024-08-23,243,MTR,160.7,39050.1,INR,12.0,Delivered
TXN004721,HIST-2024-01735,1,CUST0044,DD-CIN-0024,2024-08-24,825,MTR,261.45,215696.25,INR,7.0,Delivered
TXN004722,HIST-2024-01735,2,CUST0044,DD-BDS-0026,2024-08-24,888,MTR,215.79,191621.52,INR,7.0,Delivered
TXN002378,HIST-2024-00875,1,CUST0054,DD-BDS-0020,2024-08-25,1324,MTR,219.16,290167.84,INR,7.0,Delivered
TXN002379,HIST-2024-00875,2,CUST0054,DD-CIN-0008,2024-08-25,1316,MTR,227.93,299955.88,INR,7.0,Delivered
TXN002380,HIST-2024-00875,3,CUST0054,DD-CIN-0015,2024-08-25,550,MTR,208.9,114895.0,INR,7.0,Delivered
TXN002537,HIST-2024-00936,1,CUST0079,DD-DNM-0004,2024-08-25,257,MTR,221.63,56958.91,INR,3.0,Delivered
TXN002538,HIST-2024-00936,2,CUST0079,DD-CTS-0014,2024-08-25,262,MTR,118.53,31054.86,INR,3.0,Delivered
TXN002539,HIST-2024-00936,3,CUST0079,DD-VSR-0019,2024-08-25,132,MTR,84.98,11217.36,INR,3.0,Delivered
TXN002540,HIST-2024-00936,4,CUST0079,DD-LIN-0009,2024-08-25,1214,MTR,393.94,478243.16,INR,3.0,Delivered
TXN002541,HIST-2024-00936,5,CUST0079,DD-SUT-0023,2024-08-25,1144,MTR,246.42,281904.48,INR,3.0,Delivered
TXN002542,HIST-2024-00936,6,CUST0079,DD-CIN-0027,2024-08-25,514,MTR,182.96,94041.44,INR,3.0,Delivered
TXN006966,HIST-2024-02564,1,CUST0034,DD-KSJ-0014,2024-08-25,90,KG,309.81,27882.9,INR,7.0,Delivered
TXN004868,HIST-2024-01787,1,CUST0056,DD-CTB-0026,2024-08-26,802,MTR,178.49,143148.98,INR,12.0,Delivered
TXN005312,HIST-2024-01951,1,CUST0047,DD-KIR-0019,2024-08-26,50,KG,357.45,17872.5,INR,7.0,Delivered
TXN005313,HIST-2024-01951,2,CUST0047,DD-KIR-0036,2024-08-26,170,KG,383.67,65223.9,INR,7.0,Delivered
TXN002574,HIST-2024-00946,1,CUST0064,DD-KSJ-0020,2024-08-27,176,KG,283.89,49964.64,INR,12.0,Delivered
TXN002885,HIST-2024-01061,1,CUST0047,DD-KSJ-0023,2024-08-27,536,KG,381.27,204360.72,INR,7.0,Delivered
TXN002886,HIST-2024-01061,2,CUST0047,DD-KFT-0009,2024-08-27,137,KG,381.43,52255.91,INR,7.0,Delivered
TXN003161,HIST-2024-01161,1,CUST0096,DD-KFT-0009,2024-08-27,76,KG,384.03,29186.28,INR,7.0,Delivered
TXN003162,HIST-2024-01161,2,CUST0096,DD-CTS-0003,2024-08-27,594,MTR,96.53,57338.82,INR,7.0,Delivered
TXN003163,HIST-2024-01161,3,CUST0096,DD-CTB-0011,2024-08-27,225,MTR,156.83,35286.75,INR,7.0,Delivered
TXN004618,HIST-2024-01699,1,CUST0076,DD-CTB-0031,2024-08-27,342,MTR,155.63,53225.46,INR,7.0,Delivered
TXN004619,HIST-2024-01699,2,CUST0076,DD-CTS-0014,2024-08-27,289,MTR,114.32,33038.48,INR,7.0,Delivered
TXN004652,HIST-2024-01712,1,CUST0107,DD-MOD-0031,2024-08-28,312,MTR,174.36,54400.32,INR,3.0,Delivered
TXN001988,HIST-2024-00728,1,CUST0077,DD-CIN-0008,2024-08-29,148,MTR,227.19,33624.12,INR,7.0,Delivered
TXN001989,HIST-2024-00728,2,CUST0077,DD-LIN-0034,2024-08-29,458,MTR,265.06,121397.48,INR,7.0,Delivered
TXN001990,HIST-2024-00728,3,CUST0077,DD-PGT-0024,2024-08-29,474,MTR,48.55,23012.7,INR,7.0,Delivered
TXN003042,HIST-2024-01121,1,CUST0091,DD-CTB-0005,2024-08-29,206,MTR,191.33,39413.98,INR,12.0,Delivered
TXN005865,HIST-2024-02155,1,CUST0008,DD-CTB-0023,2024-08-29,885,MTR,196.33,173752.05,INR,7.0,Delivered
TXN005866,HIST-2024-02155,2,CUST0008,DD-KFT-0002,2024-08-29,48,KG,306.99,14735.52,INR,7.0,Delivered
TXN005867,HIST-2024-02155,3,CUST0008,DD-CTB-0032,2024-08-29,1855,MTR,161.71,299972.05,INR,7.0,Delivered
TXN003946,HIST-2024-01444,1,CUST0098,DD-FLN-0016,2024-08-30,380,MTR,130.53,49601.4,INR,7.0,Delivered
TXN003947,HIST-2024-01444,2,CUST0098,DD-RBL-0026,2024-08-30,142,MTR,44.16,6270.72,INR,7.0,Delivered
TXN003948,HIST-2024-01444,3,CUST0098,DD-HCT-0030,2024-08-30,2214,MTR,132.58,293532.12,INR,7.0,Delivered
TXN003949,HIST-2024-01444,4,CUST0098,DD-SUT-0005,2024-08-30,148,MTR,212.6,31464.8,INR,7.0,Delivered
TXN007214,HIST-2024-02652,1,CUST0096,DD-CTS-0003,2024-08-30,526,MTR,95.34,50148.84,INR,7.0,Delivered
TXN002332,HIST-2024-00858,1,CUST0108,DD-KFT-0027,2024-09-02,145,KG,308.17,44684.65,INR,12.0,Delivered
TXN002875,HIST-2024-01058,1,CUST0076,DD-MOD-0016,2024-09-02,1037,MTR,231.98,240563.26,INR,7.0,Delivered
TXN002876,HIST-2024-01058,2,CUST0076,DD-KSJ-0006,2024-09-02,249,KG,329.09,81943.41,INR,7.0,Delivered
TXN002877,HIST-2024-01058,3,CUST0076,DD-CTB-0026,2024-09-02,210,MTR,188.47,39578.7,INR,7.0,Delivered
TXN005388,HIST-2024-01976,1,CUST0107,DD-CTB-0001,2024-09-02,649,MTR,176.39,114477.11,INR,3.0,Delivered
TXN005389,HIST-2024-01976,2,CUST0107,DD-CIN-0019,2024-09-02,863,MTR,265.66,229264.58,INR,3.0,Delivered
TXN006754,HIST-2024-02483,1,CUST0092,DD-LIN-0009,2024-09-02,131,MTR,392.49,51416.19,INR,3.0,Delivered
TXN006755,HIST-2024-02483,2,CUST0092,DD-MOD-0016,2024-09-02,1022,MTR,248.12,253578.64,INR,3.0,Delivered
TXN006756,HIST-2024-02483,3,CUST0092,DD-VSR-0010,2024-09-02,1354,MTR,78.33,106058.82,INR,3.0,Delivered
TXN005874,HIST-2024-02158,1,CUST0076,DD-CTB-0031,2024-09-03,347,MTR,159.2,55242.4,INR,7.0,Delivered
TXN002397,HIST-2024-00880,1,CUST0122,DD-CIN-0022,2024-09-06,217,MTR,260.36,56498.12,INR,3.0,Delivered
TXN002398,HIST-2024-00880,2,CUST0122,DD-PCS-0004,2024-09-06,207,MTR,85.77,17754.39,INR,3.0,Delivered
TXN003251,HIST-2024-01193,1,CUST0051,DD-DNM-0019,2024-09-06,430,MTR,249.01,107074.3,INR,7.0,Delivered
TXN003252,HIST-2024-01193,2,CUST0051,DD-CTS-0021,2024-09-06,145,MTR,75.69,10975.05,INR,7.0,Delivered
TXN003423,HIST-2024-01258,1,CUST0051,DD-CTB-0028,2024-09-06,436,MTR,157.13,68508.68,INR,7.0,Delivered
TXN003424,HIST-2024-01258,2,CUST0051,DD-KIR-0011,2024-09-06,141,KG,451.36,63641.76,INR,7.0,Delivered
TXN005396,HIST-2024-01978,1,CUST0121,DD-BDS-0034,2024-09-06,212,MTR,154.56,32766.72,INR,12.0,Delivered
TXN005397,HIST-2024-01978,2,CUST0121,DD-TWL-0027,2024-09-06,512,PCS,196.06,100382.72,INR,12.0,Delivered
TXN006352,HIST-2024-02331,1,CUST0015,DD-HUP-0013,2024-09-06,1459,MTR,245.33,357936.47,INR,3.0,Delivered
TXN006631,HIST-2024-02433,1,CUST0052,DD-CIN-0004,2024-09-06,1000,MTR,206.94,206940.0,INR,3.0,Delivered
TXN000318,HIST-2024-00111,1,CUST0085,DD-KSJ-0006,2024-09-07,444,KG,328.97,146062.68,INR,3.0,Delivered
TXN000319,HIST-2024-00111,2,CUST0085,DD-CTS-0019,2024-09-07,2193,MTR,91.48,200615.64,INR,3.0,Delivered
TXN000320,HIST-2024-00111,3,CUST0085,DD-DNM-0021,2024-09-07,437,MTR,207.57,90708.09,INR,3.0,Delivered
TXN000565,HIST-2024-00203,1,CUST0044,DD-CIN-0024,2024-09-07,844,MTR,259.29,218840.76,INR,7.0,Delivered
TXN001012,HIST-2024-00364,1,CUST0030,DD-DNM-0016,2024-09-08,170,MTR,241.87,41117.9,INR,12.0,Delivered
TXN001013,HIST-2024-00364,2,CUST0030,DD-KSJ-0007,2024-09-08,548,KG,304.25,166729.0,INR,12.0,Delivered
TXN001014,HIST-2024-00364,3,CUST0030,DD-KFT-0009,2024-09-08,396,KG,365.94,144912.24,INR,12.0,Delivered
TXN002820,HIST-2024-01039,1,CUST0097,DD-MOD-0018,2024-09-08,157,MTR,241.28,37880.96,INR,3.0,Delivered
TXN002821,HIST-2024-01039,2,CUST0097,DD-VSR-0012,2024-09-08,260,MTR,86.07,22378.2,INR,3.0,Delivered
TXN002983,HIST-2024-01096,1,CUST0106,DD-SUT-0019,2024-09-08,545,MTR,231.74,126298.3,INR,7.0,Delivered
TXN002984,HIST-2024-01096,2,CUST0106,DD-CIN-0015,2024-09-08,186,MTR,212.56,39536.16,INR,7.0,Delivered
TXN002985,HIST-2024-01096,3,CUST0106,DD-CTB-0017,2024-09-08,530,MTR,145.16,76934.8,INR,7.0,Delivered
TXN002986,HIST-2024-01096,4,CUST0106,DD-CTB-0030,2024-09-08,323,MTR,161.19,52064.37,INR,7.0,Cancelled
TXN004052,HIST-2024-01477,1,CUST0046,DD-SUT-0017,2024-09-08,1812,MTR,197.79,358395.48,INR,7.0,Delivered
TXN004463,HIST-2024-01637,1,CUST0020,DD-DNM-0025,2024-09-08,212,MTR,213.03,45162.36,INR,7.0,Delivered
TXN004464,HIST-2024-01637,2,CUST0020,DD-MOD-0005,2024-09-08,2115,MTR,235.62,498336.3,INR,7.0,Delivered
TXN004680,HIST-2024-01723,1,CUST0108,DD-PCS-0029,2024-09-08,292,MTR,90.33,26376.36,INR,12.0,Delivered
TXN004681,HIST-2024-01723,2,CUST0108,DD-RBL-0017,2024-09-08,867,MTR,59.73,51785.91,INR,12.0,Delivered
TXN004682,HIST-2024-01723,3,CUST0108,DD-KFT-0005,2024-09-08,269,KG,319.59,85969.71,INR,12.0,Delivered
TXN004683,HIST-2024-01723,4,CUST0108,DD-KIR-0001,2024-09-08,377,KG,310.96,117231.92,INR,12.0,Delivered
TXN006072,HIST-2024-02234,1,CUST0073,DD-HUP-0026,2024-09-08,174,MTR,239.32,41641.68,INR,12.0,Delivered
TXN006073,HIST-2024-02234,2,CUST0073,DD-CIN-0017,2024-09-08,1964,MTR,247.22,485540.08,INR,12.0,Delivered
TXN006074,HIST-2024-02234,3,CUST0073,DD-HCT-0028,2024-09-08,228,MTR,117.57,26805.96,INR,12.0,Delivered
TXN006075,HIST-2024-02234,4,CUST0073,DD-TWL-0024,2024-09-08,513,PCS,191.31,98142.03,INR,12.0,Delivered
TXN006076,HIST-2024-02234,5,CUST0073,DD-BDS-0002,2024-09-08,159,MTR,213.39,33929.01,INR,12.0,Delivered
TXN006077,HIST-2024-02234,6,CUST0073,DD-CIN-0008,2024-09-08,215,MTR,218.87,47057.05,INR,12.0,Delivered
TXN000769,HIST-2024-00273,1,CUST0091,DD-CTB-0005,2024-09-09,1086,MTR,189.95,206285.7,INR,12.0,Delivered
TXN004992,HIST-2024-01832,1,CUST0113,DD-DNM-0026,2024-09-10,175,MTR,205.95,36041.25,INR,7.0,Delivered
TXN004993,HIST-2024-01832,2,CUST0113,DD-MOD-0014,2024-09-10,732,MTR,235.66,172503.12,INR,7.0,Delivered
TXN004994,HIST-2024-01832,3,CUST0113,DD-CTS-0009,2024-09-10,1303,MTR,132.88,173142.64,INR,7.0,Delivered
TXN004995,HIST-2024-01832,4,CUST0113,DD-KSJ-0023,2024-09-10,43,KG,391.25,16823.75,INR,7.0,Delivered
TXN001611,HIST-2024-00588,1,CUST0118,DD-TWL-0015,2024-09-12,1107,PCS,205.81,227831.67,INR,7.0,Delivered
TXN001612,HIST-2024-00588,2,CUST0118,DD-KIR-0001,2024-09-12,323,KG,321.91,103976.93,INR,7.0,Delivered
TXN001613,HIST-2024-00588,3,CUST0118,DD-SUT-0017,2024-09-12,341,MTR,198.17,67575.97,INR,7.0,Delivered
TXN001614,HIST-2024-00588,4,CUST0118,DD-VSR-0019,2024-09-12,745,MTR,81.31,60575.95,INR,7.0,Delivered
TXN001615,HIST-2024-00588,5,CUST0118,DD-TWL-0010,2024-09-12,334,PCS,191.97,64117.98,INR,7.0,Delivered
TXN001771,HIST-2024-00642,1,CUST0040,DD-SAT-0025,2024-09-13,441,MTR,153.52,67702.32,INR,12.0,Delivered
TXN001772,HIST-2024-00642,2,CUST0040,DD-SAT-0001,2024-09-13,1144,MTR,172.98,197889.12,INR,12.0,Delivered
TXN001773,HIST-2024-00642,3,CUST0040,DD-LIN-0012,2024-09-13,908,MTR,379.13,344250.04,INR,12.0,Delivered
TXN004277,HIST-2024-01558,1,CUST0034,DD-KFT-0005,2024-09-13,258,KG,319.68,82477.44,INR,7.0,Delivered
TXN004278,HIST-2024-01558,2,CUST0034,DD-KSJ-0014,2024-09-13,96,KG,308.46,29612.16,INR,7.0,Delivered
TXN004279,HIST-2024-01558,3,CUST0034,DD-KSJ-0005,2024-09-13,569,KG,314.7,179064.3,INR,7.0,Delivered
TXN004280,HIST-2024-01558,4,CUST0034,DD-CTB-0014,2024-09-13,669,MTR,170.61,114138.09,INR,7.0,Delivered
TXN005836,HIST-2024-02141,1,CUST0089,DD-KIR-0011,2024-09-13,548,KG,453.4,248463.2,INR,3.0,Delivered
TXN005837,HIST-2024-02141,2,CUST0089,DD-VSR-0035,2024-09-13,833,MTR,87.79,73129.07,INR,3.0,Delivered
TXN005838,HIST-2024-02141,3,CUST0089,DD-SAT-0027,2024-09-13,988,MTR,163.27,161310.76,INR,3.0,Delivered
TXN005839,HIST-2024-02141,4,CUST0089,DD-HUP-0012,2024-09-13,2087,MTR,244.57,510417.59,INR,3.0,Delivered
TXN005840,HIST-2024-02141,5,CUST0089,DD-FLN-0008,2024-09-13,228,MTR,186.2,42453.6,INR,3.0,Delivered
TXN005841,HIST-2024-02141,6,CUST0089,DD-RBL-0015,2024-09-13,1193,MTR,58.5,69790.5,INR,3.0,Delivered
TXN003794,HIST-2024-01386,1,CUST0108,DD-CTB-0020,2024-09-14,354,MTR,191.43,67766.22,INR,12.0,Delivered
TXN004258,HIST-2024-01552,1,CUST0007,DD-KIR-0006,2024-09-14,225,KG,381.46,85828.5,INR,7.0,Delivered
TXN004259,HIST-2024-01552,2,CUST0007,DD-KIR-0007,2024-09-14,285,KG,375.03,106883.55,INR,7.0,Delivered
TXN004260,HIST-2024-01552,3,CUST0007,DD-KFT-0007,2024-09-14,44,KG,393.42,17310.48,INR,7.0,Delivered
TXN004261,HIST-2024-01552,4,CUST0007,DD-DNM-0011,2024-09-14,336,MTR,167.89,56411.04,INR,7.0,Delivered
TXN004262,HIST-2024-01552,5,CUST0007,DD-KFT-0004,2024-09-14,218,KG,315.75,68833.5,INR,7.0,Delivered
TXN005766,HIST-2024-02120,1,CUST0098,DD-FLN-0016,2024-09-14,719,MTR,132.11,94987.09,INR,7.0,Delivered
TXN005767,HIST-2024-02120,2,CUST0098,DD-DNM-0011,2024-09-14,652,MTR,166.27,108408.04,INR,7.0,Delivered
TXN005768,HIST-2024-02120,3,CUST0098,DD-CIN-0014,2024-09-14,1703,MTR,214.85,365889.55,INR,7.0,Partially Delivered
TXN005769,HIST-2024-02120,4,CUST0098,DD-MOD-0031,2024-09-14,213,MTR,161.76,34454.88,INR,7.0,Delivered
TXN007313,HIST-2024-02691,1,CUST0041,DD-BDS-0006,2024-09-14,519,MTR,153.75,79796.25,INR,3.0,Delivered
TXN000020,HIST-2024-00010,1,CUST0006,DD-LIN-0029,2024-09-15,388,MTR,259.93,100852.84,INR,7.0,Delivered
TXN000551,HIST-2024-00198,1,CUST0131,DD-VSR-0019,2024-09-15,311,MTR,87.46,27200.06,INR,7.0,Delivered
TXN000552,HIST-2024-00198,2,CUST0131,DD-CTS-0018,2024-09-15,1151,MTR,82.41,94853.91,INR,7.0,Delivered
TXN001119,HIST-2024-00405,1,CUST0031,DD-CTB-0024,2024-09-15,851,MTR,185.59,157937.09,INR,7.0,Delivered
TXN001120,HIST-2024-00405,2,CUST0031,DD-CTS-0024,2024-09-15,1049,MTR,83.31,87392.19,INR,7.0,Delivered
TXN001945,HIST-2024-00712,1,CUST0107,DD-MOD-0031,2024-09-15,1259,MTR,177.41,223359.19,INR,3.0,Partially Delivered
TXN002195,HIST-2024-00808,1,CUST0099,DD-SUT-0029,2024-09-15,543,MTR,203.28,110381.04,INR,7.0,Delivered
TXN002196,HIST-2024-00808,2,CUST0099,DD-HUP-0005,2024-09-15,2135,MTR,309.7,661209.5,INR,7.0,Delivered
TXN005461,HIST-2024-02001,1,CUST0096,DD-DNM-0008,2024-09-15,1034,MTR,228.72,236496.48,INR,7.0,Delivered
TXN005462,HIST-2024-02001,2,CUST0096,DD-KIR-0023,2024-09-15,541,KG,367.61,198877.01,INR,7.0,Delivered
TXN005463,HIST-2024-02001,3,CUST0096,DD-KFT-0028,2024-09-15,429,KG,223.74,95984.46,INR,7.0,Delivered
TXN006913,HIST-2024-02545,1,CUST0092,DD-MOD-0016,2024-09-15,213,MTR,249.19,53077.47,INR,3.0,Partially Delivered
TXN006914,HIST-2024-02545,2,CUST0092,DD-LIN-0009,2024-09-15,222,MTR,396.9,88111.8,INR,3.0,Delivered
TXN006915,HIST-2024-02545,3,CUST0092,DD-PGT-0032,2024-09-15,259,MTR,79.2,20512.8,INR,3.0,Delivered
TXN006916,HIST-2024-02545,4,CUST0092,DD-SAT-0035,2024-09-15,1271,MTR,97.04,123337.84,INR,3.0,Partially Delivered
TXN006917,HIST-2024-02545,5,CUST0092,DD-LIN-0022,2024-09-15,1241,MTR,455.94,565821.54,INR,3.0,Delivered
TXN006918,HIST-2024-02545,6,CUST0092,DD-VSR-0010,2024-09-15,868,MTR,76.72,66592.96,INR,3.0,Delivered
TXN000443,HIST-2024-00159,1,CUST0100,DD-CTS-0016,2024-09-16,875,MTR,121.1,105962.5,INR,3.0,Delivered
TXN000444,HIST-2024-00159,2,CUST0100,DD-KIR-0033,2024-09-16,166,KG,422.12,70071.92,INR,3.0,Delivered
TXN000445,HIST-2024-00159,3,CUST0100,DD-CTB-0015,2024-09-16,2174,MTR,151.18,328665.32,INR,3.0,Delivered
TXN002029,HIST-2024-00744,1,CUST0018,DD-CTB-0008,2024-09-16,1360,MTR,242.7,330072.0,INR,7.0,Delivered
TXN002030,HIST-2024-00744,2,CUST0018,DD-KSJ-0014,2024-09-16,160,KG,312.55,50008.0,INR,7.0,Delivered
TXN002031,HIST-2024-00744,3,CUST0018,DD-LIN-0004,2024-09-16,495,MTR,326.5,161617.5,INR,7.0,Delivered
TXN002032,HIST-2024-00744,4,CUST0018,DD-MOD-0008,2024-09-16,848,MTR,226.27,191876.96,INR,7.0,Delivered
TXN005552,HIST-2024-02041,1,CUST0027,DD-PRB-0002,2024-09-16,1327,MTR,114.22,151569.94,INR,7.0,Delivered
TXN005553,HIST-2024-02041,2,CUST0027,DD-VSR-0024,2024-09-16,166,MTR,102.56,17024.96,INR,7.0,Partially Delivered
TXN000368,HIST-2024-00133,1,CUST0002,DD-CIN-0003,2024-09-17,1724,MTR,206.95,356781.8,INR,7.0,Delivered
TXN000369,HIST-2024-00133,2,CUST0002,DD-HUP-0012,2024-09-17,985,MTR,225.54,222156.9,INR,7.0,Delivered
TXN000384,HIST-2024-00137,1,CUST0020,DD-MOD-0010,2024-09-17,512,MTR,226.41,115921.92,INR,7.0,Delivered
TXN000385,HIST-2024-00137,2,CUST0020,DD-DNM-0023,2024-09-17,2190,MTR,204.71,448314.9,INR,7.0,Delivered
TXN000386,HIST-2024-00137,3,CUST0020,DD-CTB-0017,2024-09-17,732,MTR,139.79,102326.28,INR,7.0,Delivered
TXN000387,HIST-2024-00137,4,CUST0020,DD-CTS-0016,2024-09-17,598,MTR,115.34,68973.32,INR,7.0,Delivered
TXN005724,HIST-2024-02101,1,CUST0006,DD-MOD-0016,2024-09-17,470,MTR,232.16,109115.2,INR,7.0,Delivered
TXN005725,HIST-2024-02101,2,CUST0006,DD-DNM-0017,2024-09-17,133,MTR,245.6,32664.8,INR,7.0,Delivered
TXN005726,HIST-2024-02101,3,CUST0006,DD-CTS-0018,2024-09-17,285,MTR,82.74,23580.9,INR,7.0,Delivered
TXN005727,HIST-2024-02101,4,CUST0006,DD-LIN-0004,2024-09-17,344,MTR,339.57,116812.08,INR,7.0,Delivered
TXN005728,HIST-2024-02101,5,CUST0006,DD-CTB-0012,2024-09-17,1318,MTR,169.35,223203.3,INR,7.0,Delivered
TXN005729,HIST-2024-02101,6,CUST0006,DD-CTS-0011,2024-09-17,1762,MTR,127.96,225465.52,INR,7.0,Delivered
TXN004305,HIST-2024-01569,1,CUST0053,DD-SUT-0021,2024-09-19,142,MTR,262.29,37245.18,INR,3.0,Delivered
TXN001080,HIST-2024-00388,1,CUST0031,DD-KIR-0035,2024-09-20,275,KG,469.34,129068.5,INR,7.0,Delivered
TXN001081,HIST-2024-00388,2,CUST0031,DD-KFT-0011,2024-09-20,226,KG,394.66,89193.16,INR,7.0,Delivered
TXN001082,HIST-2024-00388,3,CUST0031,DD-CTB-0024,2024-09-20,978,MTR,184.53,180470.34,INR,7.0,Delivered
TXN005637,HIST-2024-02073,1,CUST0131,DD-LIN-0004,2024-09-21,1529,MTR,342.81,524156.49,INR,7.0,Delivered
TXN005638,HIST-2024-02073,2,CUST0131,DD-RBL-0003,2024-09-21,143,MTR,46.6,6663.8,INR,7.0,Delivered
TXN005639,HIST-2024-02073,3,CUST0131,DD-CIN-0008,2024-09-21,171,MTR,222.64,38071.44,INR,7.0,Partially Delivered
TXN005640,HIST-2024-02073,4,CUST0131,DD-CTS-0018,2024-09-21,2210,MTR,83.99,185617.9,INR,7.0,Delivered
TXN005641,HIST-2024-02073,5,CUST0131,DD-KIR-0013,2024-09-21,404,KG,459.53,185650.12,INR,7.0,Partially Delivered
TXN005642,HIST-2024-02073,6,CUST0131,DD-CTB-0023,2024-09-21,219,MTR,205.25,44949.75,INR,7.0,Partially Delivered
TXN004840,HIST-2024-01779,1,CUST0072,DD-CDV-0030,2024-09-23,1671,MTR,156.11,260859.81,INR,12.0,Delivered
TXN004841,HIST-2024-01779,2,CUST0072,DD-CTS-0008,2024-09-23,1297,MTR,124.31,161230.07,INR,12.0,Delivered
TXN004842,HIST-2024-01779,3,CUST0072,DD-DNM-0002,2024-09-23,844,MTR,215.74,182084.56,INR,12.0,Delivered
TXN004843,HIST-2024-01779,4,CUST0072,DD-RBL-0020,2024-09-23,522,MTR,48.87,25510.14,INR,12.0,Delivered
TXN002326,HIST-2024-00856,1,CUST0044,DD-BDS-0008,2024-09-24,228,MTR,152.98,34879.44,INR,7.0,Delivered
TXN002327,HIST-2024-00856,2,CUST0044,DD-HCT-0032,2024-09-24,539,MTR,152.46,82175.94,INR,7.0,Delivered
TXN002328,HIST-2024-00856,3,CUST0044,DD-TWL-0019,2024-09-24,331,PCS,209.77,69433.87,INR,7.0,Delivered
TXN003322,HIST-2024-01215,1,CUST0043,DD-CTB-0032,2024-09-24,341,MTR,162.4,55378.4,INR,3.0,Delivered
TXN003323,HIST-2024-01215,2,CUST0043,DD-CTB-0015,2024-09-24,235,MTR,154.77,36370.95,INR,3.0,Delivered
TXN003324,HIST-2024-01215,3,CUST0043,DD-CTS-0007,2024-09-24,1129,MTR,137.93,155722.97,INR,3.0,Delivered
TXN003325,HIST-2024-01215,4,CUST0043,DD-KSJ-0019,2024-09-24,533,KG,325.98,173747.34,INR,3.0,Delivered
TXN001917,HIST-2024-00701,1,CUST0109,DD-MOD-0017,2024-09-25,1034,MTR,221.36,228886.24,INR,12.0,Delivered
TXN001918,HIST-2024-00701,2,CUST0109,DD-CTS-0001,2024-09-25,180,MTR,93.7,16866.0,INR,12.0,Delivered
TXN001919,HIST-2024-00701,3,CUST0109,DD-LIN-0013,2024-09-25,254,MTR,377.24,95818.96,INR,12.0,Delivered
TXN001920,HIST-2024-00701,4,CUST0109,DD-LIN-0002,2024-09-25,864,MTR,391.26,338048.64,INR,12.0,Delivered
TXN000306,HIST-2024-00107,1,CUST0067,DD-HCT-0014,2024-09-26,402,MTR,199.53,80211.06,INR,12.0,Delivered
TXN000307,HIST-2024-00107,2,CUST0067,DD-CIN-0014,2024-09-26,144,MTR,210.27,30278.88,INR,12.0,Delivered
TXN000308,HIST-2024-00107,3,CUST0067,DD-BDS-0029,2024-09-26,226,MTR,204.07,46119.82,INR,12.0,Delivered
TXN000309,HIST-2024-00107,4,CUST0067,DD-CIN-0026,2024-09-26,1048,MTR,177.75,186282.0,INR,12.0,Delivered
TXN000310,HIST-2024-00107,5,CUST0067,DD-CIN-0001,2024-09-26,208,MTR,211.8,44054.4,INR,12.0,Delivered
TXN004090,HIST-2024-01493,1,CUST0073,DD-BDS-0002,2024-09-26,587,MTR,211.78,124314.86,INR,12.0,Delivered
TXN004091,HIST-2024-01493,2,CUST0073,DD-HUP-0008,2024-09-26,1689,MTR,321.08,542304.12,INR,12.0,Delivered
TXN004092,HIST-2024-01493,3,CUST0073,DD-BDS-0027,2024-09-26,2051,MTR,203.17,416701.67,INR,12.0,Delivered
TXN006599,HIST-2024-02420,1,CUST0020,DD-CTB-0029,2024-09-26,1296,MTR,156.18,202409.28,INR,7.0,Delivered
TXN004929,HIST-2024-01809,1,CUST0045,DD-HCT-0020,2024-09-27,1107,MTR,161.94,179267.58,INR,7.0,Delivered
TXN004930,HIST-2024-01809,2,CUST0045,DD-HCT-0002,2024-09-27,149,MTR,126.69,18876.81,INR,7.0,Delivered
TXN005672,HIST-2024-02084,1,CUST0058,DD-KFT-0024,2024-09-27,310,KG,333.06,103248.6,INR,7.0,Delivered
TXN005673,HIST-2024-02084,2,CUST0058,DD-KSJ-0007,2024-09-27,265,KG,330.04,87460.6,INR,7.0,Delivered
TXN003290,HIST-2024-01206,1,CUST0105,DD-MOD-0011,2024-09-28,608,MTR,229.51,139542.08,INR,12.0,Delivered
TXN003291,HIST-2024-01206,2,CUST0105,DD-CTB-0031,2024-09-28,1846,MTR,142.59,263221.14,INR,12.0,Delivered
TXN003292,HIST-2024-01206,3,CUST0105,DD-LIN-0001,2024-09-28,494,MTR,388.22,191780.68,INR,12.0,Delivered
TXN005151,HIST-2024-01889,1,CUST0024,DD-DNM-0020,2024-09-28,1469,MTR,242.33,355982.77,INR,3.0,Delivered
TXN007234,HIST-2024-02659,1,CUST0006,DD-CTB-0017,2024-09-28,1628,MTR,147.42,239999.76,INR,7.0,Delivered
TXN007235,HIST-2024-02659,2,CUST0006,DD-DNM-0034,2024-09-28,146,MTR,267.99,39126.54,INR,7.0,Delivered
TXN000651,HIST-2024-00231,1,CUST0056,DD-DNM-0003,2024-09-29,1793,MTR,213.35,382536.55,INR,12.0,Delivered
TXN000652,HIST-2024-00231,2,CUST0056,DD-KFT-0010,2024-09-29,260,KG,385.06,100115.6,INR,12.0,Delivered
TXN000653,HIST-2024-00231,3,CUST0056,DD-KIR-0013,2024-09-29,470,KG,448.31,210705.7,INR,12.0,Delivered
TXN000948,HIST-2024-00341,1,CUST0096,DD-KSJ-0015,2024-09-29,85,KG,312.63,26573.55,INR,7.0,Delivered
TXN000949,HIST-2024-00341,2,CUST0096,DD-KIR-0031,2024-09-29,248,KG,374.25,92814.0,INR,7.0,Delivered
TXN000950,HIST-2024-00341,3,CUST0096,DD-KFT-0028,2024-09-29,136,KG,225.78,30706.08,INR,7.0,Delivered
TXN003064,HIST-2024-01126,1,CUST0127,DD-DNM-0014,2024-09-29,242,MTR,169.33,40977.86,INR,3.0,Delivered
TXN003065,HIST-2024-01126,2,CUST0127,DD-CTS-0024,2024-09-29,1363,MTR,89.16,121525.08,INR,3.0,Delivered
TXN004898,HIST-2024-01798,1,CUST0032,DD-CTB-0015,2024-09-29,237,MTR,155.37,36822.69,INR,3.0,Delivered
TXN004899,HIST-2024-01798,2,CUST0032,DD-VSR-0009,2024-09-29,1668,MTR,89.28,148919.04,INR,3.0,Partially Delivered
TXN004900,HIST-2024-01798,3,CUST0032,DD-TWL-0014,2024-09-29,85,PCS,210.76,17914.6,INR,3.0,Delivered
TXN000599,HIST-2024-00214,1,CUST0104,DD-DNM-0025,2024-09-30,454,MTR,211.94,96220.76,INR,7.0,Delivered
TXN000907,HIST-2024-00321,1,CUST0001,DD-MOD-0032,2024-09-30,1376,MTR,283.85,390577.6,INR,3.0,Delivered
TXN000908,HIST-2024-00321,2,CUST0001,DD-PCS-0005,2024-09-30,1042,MTR,87.3,90966.6,INR,3.0,Delivered
TXN000909,HIST-2024-00321,3,CUST0001,DD-SUT-0025,2024-09-30,2213,MTR,231.45,512198.85,INR,3.0,Delivered
TXN003489,HIST-2024-01278,1,CUST0023,DD-PCS-0005,2024-09-30,862,MTR,80.54,69425.48,INR,7.0,Delivered
TXN003490,HIST-2024-01278,2,CUST0023,DD-FLN-0025,2024-09-30,293,MTR,164.42,48175.06,INR,7.0,Delivered
TXN006027,HIST-2024-02216,1,CUST0025,DD-KSJ-0018,2024-09-30,108,KG,313.59,33867.72,INR,3.0,Delivered
TXN006028,HIST-2024-02216,2,CUST0025,DD-MOD-0032,2024-09-30,224,MTR,279.21,62543.04,INR,3.0,Delivered
TXN006029,HIST-2024-02216,3,CUST0025,DD-KSJ-0010,2024-09-30,104,KG,360.1,37450.4,INR,3.0,Delivered
TXN006441,HIST-2024-02365,1,CUST0034,DD-DNM-0003,2024-10-01,1818,MTR,223.33,406013.94,INR,7.0,Delivered
TXN001434,HIST-2024-00520,1,CUST0088,DD-CIN-0009,2024-10-02,1070,MTR,221.11,236587.7,INR,12.0,Delivered
TXN001435,HIST-2024-00520,2,CUST0088,DD-TWL-0025,2024-10-02,1095,PCS,206.08,225657.6,INR,12.0,Delivered
TXN004754,HIST-2024-01748,1,CUST0029,DD-CTS-0022,2024-10-02,830,MTR,87.86,72923.8,INR,7.0,Delivered
TXN004755,HIST-2024-01748,2,CUST0029,DD-CTB-0034,2024-10-02,1635,MTR,187.63,306775.05,INR,7.0,Delivered
TXN004756,HIST-2024-01748,3,CUST0029,DD-CTS-0008,2024-10-02,262,MTR,125.59,32904.58,INR,7.0,Delivered
TXN004757,HIST-2024-01748,4,CUST0029,DD-KFT-0013,2024-10-02,131,KG,278.21,36445.51,INR,7.0,Delivered
TXN004758,HIST-2024-01748,5,CUST0029,DD-CTS-0021,2024-10-02,313,MTR,74.16,23212.08,INR,7.0,Delivered
TXN004759,HIST-2024-01748,6,CUST0029,DD-DNM-0013,2024-10-02,395,MTR,170.16,67213.2,INR,7.0,Delivered
TXN006547,HIST-2024-02400,1,CUST0032,DD-CIN-0007,2024-10-02,226,MTR,247.25,55878.5,INR,3.0,Delivered
TXN006548,HIST-2024-02400,2,CUST0032,DD-CTB-0015,2024-10-02,2115,MTR,156.66,331335.9,INR,3.0,Delivered
TXN006549,HIST-2024-02400,3,CUST0032,DD-BDS-0033,2024-10-02,1135,MTR,199.4,226319.0,INR,3.0,Delivered
TXN006550,HIST-2024-02400,4,CUST0032,DD-FLN-0013,2024-10-02,608,MTR,128.62,78200.96,INR,3.0,Delivered
TXN002355,HIST-2024-00867,1,CUST0068,DD-TWL-0014,2024-10-03,288,PCS,215.03,61928.64,INR,3.0,Delivered
TXN002356,HIST-2024-00867,2,CUST0068,DD-LIN-0001,2024-10-03,1232,MTR,431.77,531940.64,INR,3.0,Delivered
TXN002357,HIST-2024-00867,3,CUST0068,DD-HUP-0030,2024-10-03,1232,MTR,274.06,337641.92,INR,3.0,Delivered
TXN002358,HIST-2024-00867,4,CUST0068,DD-HUP-0014,2024-10-03,222,MTR,243.36,54025.92,INR,3.0,Delivered
TXN002359,HIST-2024-00867,5,CUST0068,DD-CDV-0029,2024-10-03,338,MTR,171.88,58095.44,INR,3.0,Delivered
TXN002360,HIST-2024-00867,6,CUST0068,DD-DNM-0004,2024-10-03,498,MTR,233.42,116243.16,INR,3.0,Delivered
TXN004046,HIST-2024-01475,1,CUST0122,DD-PCS-0029,2024-10-03,154,MTR,100.34,15452.36,INR,3.0,Delivered
TXN004047,HIST-2024-01475,2,CUST0122,DD-FLN-0006,2024-10-03,1067,MTR,188.78,201428.26,INR,3.0,Delivered
TXN004048,HIST-2024-01475,3,CUST0122,DD-CIN-0022,2024-10-03,516,MTR,260.13,134227.08,INR,3.0,Delivered
TXN004049,HIST-2024-01475,4,CUST0122,DD-CIN-0031,2024-10-03,1786,MTR,242.47,433051.42,INR,3.0,Delivered
TXN002125,HIST-2024-00783,1,CUST0036,DD-LIN-0016,2024-10-04,524,MTR,394.69,206817.56,INR,12.0,Delivered
TXN002126,HIST-2024-00783,2,CUST0036,DD-KSJ-0023,2024-10-04,47,KG,346.11,16267.17,INR,12.0,Delivered
TXN002399,HIST-2024-00881,1,CUST0129,DD-PRB-0006,2024-10-04,2090,MTR,138.54,289548.6,INR,3.0,Delivered
TXN002400,HIST-2024-00881,2,CUST0129,DD-SAT-0021,2024-10-04,151,MTR,135.0,20385.0,INR,3.0,Delivered
TXN004187,HIST-2024-01525,1,CUST0118,DD-CDV-0007,2024-10-04,139,MTR,188.98,26268.22,INR,7.0,Delivered
TXN004188,HIST-2024-01525,2,CUST0118,DD-SAT-0032,2024-10-04,179,MTR,77.53,13877.87,INR,7.0,Delivered
TXN004189,HIST-2024-01525,3,CUST0118,DD-SUT-0019,2024-10-04,1149,MTR,252.17,289743.33,INR,7.0,Delivered
TXN004190,HIST-2024-01525,4,CUST0118,DD-CIN-0021,2024-10-04,254,MTR,257.95,65519.3,INR,7.0,Delivered
TXN005231,HIST-2024-01923,1,CUST0044,DD-HCT-0016,2024-10-04,1948,MTR,160.0,311680.0,INR,7.0,Delivered
TXN005232,HIST-2024-01923,2,CUST0044,DD-BDS-0026,2024-10-04,891,MTR,215.17,191716.47,INR,7.0,Delivered
TXN005233,HIST-2024-01923,3,CUST0044,DD-HCT-0034,2024-10-04,166,MTR,214.59,35621.94,INR,7.0,Cancelled
TXN005234,HIST-2024-01923,4,CUST0044,DD-BDS-0008,2024-10-04,1833,MTR,152.51,279550.83,INR,7.0,Delivered
TXN005235,HIST-2024-01923,5,CUST0044,DD-CIN-0024,2024-10-04,341,MTR,259.55,88506.55,INR,7.0,Delivered
TXN005236,HIST-2024-01923,6,CUST0044,DD-HCT-0032,2024-10-04,713,MTR,150.94,107620.22,INR,7.0,Delivered
TXN002307,HIST-2024-00849,1,CUST0090,DD-KSJ-0020,2024-10-05,49,KG,320.38,15698.62,INR,3.0,Delivered
TXN003270,HIST-2024-01200,1,CUST0021,DD-TWL-0025,2024-10-05,967,PCS,232.85,225165.95,INR,3.0,Delivered
TXN003271,HIST-2024-01200,2,CUST0021,DD-TWL-0034,2024-10-05,180,PCS,291.82,52527.6,INR,3.0,Delivered
TXN003272,HIST-2024-01200,3,CUST0021,DD-TWL-0019,2024-10-05,724,PCS,214.73,155464.52,INR,3.0,Delivered
TXN005887,HIST-2024-02165,1,CUST0037,DD-MOD-0007,2024-10-05,270,MTR,225.18,60798.6,INR,7.0,Delivered
TXN006848,HIST-2024-02521,1,CUST0109,DD-CTB-0017,2024-10-05,765,MTR,135.49,103649.85,INR,12.0,Delivered
TXN006849,HIST-2024-02521,2,CUST0109,DD-DNM-0007,2024-10-05,152,MTR,214.8,32649.6,INR,12.0,Delivered
TXN007056,HIST-2024-02594,1,CUST0134,DD-CTB-0012,2024-10-05,1187,MTR,176.3,209268.1,INR,3.0,Delivered
TXN007057,HIST-2024-02594,2,CUST0134,DD-PCS-0023,2024-10-05,1003,MTR,97.61,97902.83,INR,3.0,Cancelled
TXN003108,HIST-2024-01141,1,CUST0008,DD-DNM-0011,2024-10-06,884,MTR,162.58,143720.72,INR,7.0,Delivered
TXN003109,HIST-2024-01141,2,CUST0008,DD-KFT-0026,2024-10-06,261,KG,346.55,90449.55,INR,7.0,Delivered
TXN003110,HIST-2024-01141,3,CUST0008,DD-KIR-0005,2024-10-06,56,KG,394.84,22111.04,INR,7.0,Delivered
TXN003111,HIST-2024-01141,4,CUST0008,DD-KIR-0012,2024-10-06,45,KG,469.04,21106.8,INR,7.0,Delivered
TXN003803,HIST-2024-01389,1,CUST0107,DD-VSR-0027,2024-10-06,888,MTR,108.15,96037.2,INR,3.0,Delivered
TXN003804,HIST-2024-01389,2,CUST0107,DD-KIR-0025,2024-10-06,231,KG,394.61,91154.91,INR,3.0,Delivered
TXN003805,HIST-2024-01389,3,CUST0107,DD-BDS-0009,2024-10-06,278,MTR,158.02,43929.56,INR,3.0,Partially Delivered
TXN006676,HIST-2024-02453,1,CUST0081,DD-LIN-0027,2024-10-07,1472,MTR,254.33,374373.76,INR,7.0,Delivered
TXN006677,HIST-2024-02453,2,CUST0081,DD-SAT-0021,2024-10-07,154,MTR,136.95,21090.3,INR,7.0,Delivered
TXN006678,HIST-2024-02453,3,CUST0081,DD-LIN-0035,2024-10-07,379,MTR,278.22,105445.38,INR,7.0,Delivered
TXN000511,HIST-2024-00185,1,CUST0111,DD-PRB-0012,2024-10-08,444,MTR,133.27,59171.88,INR,12.0,Delivered
TXN000512,HIST-2024-00185,2,CUST0111,DD-MOD-0032,2024-10-08,1546,MTR,260.48,402702.08,INR,12.0,Partially Delivered
TXN003102,HIST-2024-01138,1,CUST0091,DD-KIR-0006,2024-10-08,194,KG,376.26,72994.44,INR,12.0,Delivered
TXN003103,HIST-2024-01138,2,CUST0091,DD-CTB-0026,2024-10-08,601,MTR,175.06,105211.06,INR,12.0,Delivered
TXN003351,HIST-2024-01229,1,CUST0006,DD-DNM-0017,2024-10-08,298,MTR,249.59,74377.82,INR,7.0,Delivered
TXN003352,HIST-2024-01229,2,CUST0006,DD-MOD-0014,2024-10-08,135,MTR,232.0,31320.0,INR,7.0,Delivered
TXN003353,HIST-2024-01229,3,CUST0006,DD-KSJ-0011,2024-10-08,110,KG,294.15,32356.5,INR,7.0,Delivered
TXN003354,HIST-2024-01229,4,CUST0006,DD-LIN-0009,2024-10-08,447,MTR,398.47,178116.09,INR,7.0,Partially Delivered
TXN004357,HIST-2024-01596,1,CUST0030,DD-DNM-0028,2024-10-08,169,MTR,200.43,33872.67,INR,12.0,Delivered
TXN005179,HIST-2024-01902,1,CUST0002,DD-HCT-0022,2024-10-08,134,MTR,173.29,23220.86,INR,7.0,Delivered
TXN005180,HIST-2024-01902,2,CUST0002,DD-HUP-0012,2024-10-08,530,MTR,228.93,121332.9,INR,7.0,Delivered
TXN005181,HIST-2024-01902,3,CUST0002,DD-HUP-0017,2024-10-08,212,MTR,292.23,61952.76,INR,7.0,Delivered
TXN005871,HIST-2024-02157,1,CUST0054,DD-TWL-0004,2024-10-09,1027,PCS,246.43,253083.61,INR,7.0,Delivered
TXN005872,HIST-2024-02157,2,CUST0054,DD-HCT-0037,2024-10-09,571,MTR,217.76,124340.96,INR,7.0,Delivered
TXN005873,HIST-2024-02157,3,CUST0054,DD-CIN-0025,2024-10-09,320,MTR,252.98,80953.6,INR,7.0,Delivered
TXN001601,HIST-2024-00583,1,CUST0107,DD-KSJ-0012,2024-10-10,236,KG,295.15,69655.4,INR,3.0,Delivered
TXN001602,HIST-2024-00583,2,CUST0107,DD-KIR-0025,2024-10-10,258,KG,400.95,103445.1,INR,3.0,Delivered
TXN007184,HIST-2024-02641,1,CUST0056,DD-KFT-0010,2024-10-10,131,KG,386.1,50579.1,INR,12.0,Delivered
TXN007185,HIST-2024-02641,2,CUST0056,DD-CTB-0033,2024-10-10,141,MTR,189.18,26674.38,INR,12.0,Delivered
TXN007186,HIST-2024-02641,3,CUST0056,DD-DNM-0028,2024-10-10,1504,MTR,201.46,302995.84,INR,12.0,Delivered
TXN007187,HIST-2024-02641,4,CUST0056,DD-KIR-0007,2024-10-10,114,KG,367.41,41884.74,INR,12.0,Delivered
TXN007188,HIST-2024-02641,5,CUST0056,DD-CTB-0013,2024-10-10,268,MTR,150.78,40409.04,INR,12.0,Delivered
TXN007433,HIST-2024-02740,1,CUST0095,DD-CIN-0006,2024-10-10,519,MTR,200.9,104267.1,INR,7.0,Delivered
TXN007434,HIST-2024-02740,2,CUST0095,DD-CIN-0025,2024-10-10,343,MTR,242.08,83033.44,INR,7.0,Delivered
TXN007435,HIST-2024-02740,3,CUST0095,DD-CIN-0029,2024-10-10,284,MTR,187.08,53130.72,INR,7.0,Delivered
TXN005530,HIST-2024-02031,1,CUST0058,DD-CTB-0024,2024-10-11,343,MTR,183.19,62834.17,INR,7.0,Delivered
TXN005531,HIST-2024-02031,2,CUST0058,DD-DNM-0012,2024-10-11,260,MTR,168.48,43804.8,INR,7.0,Delivered
TXN006945,HIST-2024-02557,1,CUST0078,DD-PGT-0023,2024-10-11,451,MTR,51.08,23037.08,INR,7.0,Delivered
TXN003620,HIST-2024-01314,1,CUST0044,DD-TWL-0019,2024-10-12,1623,PCS,212.4,344725.2,INR,7.0,Delivered
TXN003621,HIST-2024-01314,2,CUST0044,DD-HCT-0032,2024-10-12,364,MTR,149.08,54265.12,INR,7.0,Delivered
TXN003622,HIST-2024-01314,3,CUST0044,DD-CIN-0024,2024-10-12,302,MTR,263.63,79616.26,INR,7.0,Delivered
TXN003623,HIST-2024-01314,4,CUST0044,DD-BDS-0008,2024-10-12,378,MTR,155.23,58676.94,INR,7.0,Delivered
TXN003624,HIST-2024-01314,5,CUST0044,DD-HCT-0016,2024-10-12,986,MTR,159.59,157355.74,INR,7.0,Partially Delivered
TXN003625,HIST-2024-01314,6,CUST0044,DD-HCT-0034,2024-10-12,774,MTR,210.16,162663.84,INR,7.0,Delivered
TXN003640,HIST-2024-01322,1,CUST0077,DD-RBL-0004,2024-10-12,400,MTR,45.58,18232.0,INR,7.0,Delivered
TXN003641,HIST-2024-01322,2,CUST0077,DD-FLN-0001,2024-10-12,2279,MTR,143.92,327993.68,INR,7.0,Delivered
TXN003642,HIST-2024-01322,3,CUST0077,DD-KIR-0016,2024-10-12,173,KG,466.43,80692.39,INR,7.0,Delivered
TXN003643,HIST-2024-01322,4,CUST0077,DD-HCT-0035,2024-10-12,1679,MTR,213.95,359222.05,INR,7.0,Delivered
TXN003644,HIST-2024-01322,5,CUST0077,DD-SUT-0015,2024-10-12,2119,MTR,271.22,574715.18,INR,7.0,Delivered
TXN004458,HIST-2024-01635,1,CUST0098,DD-SUT-0005,2024-10-12,1488,MTR,217.65,323863.2,INR,7.0,Delivered
TXN001396,HIST-2024-00507,1,CUST0020,DD-CTB-0029,2024-10-13,2088,MTR,156.7,327189.6,INR,7.0,Delivered
TXN001397,HIST-2024-00507,2,CUST0020,DD-CTS-0016,2024-10-13,435,MTR,115.44,50216.4,INR,7.0,Delivered
TXN001398,HIST-2024-00507,3,CUST0020,DD-CTB-0028,2024-10-13,444,MTR,159.81,70955.64,INR,7.0,Delivered
TXN001399,HIST-2024-00507,4,CUST0020,DD-CTB-0014,2024-10-13,1160,MTR,158.04,183326.4,INR,7.0,Delivered
TXN001400,HIST-2024-00507,5,CUST0020,DD-CTB-0002,2024-10-13,1619,MTR,158.12,255996.28,INR,7.0,Delivered
TXN007367,HIST-2024-02715,1,CUST0120,DD-PRB-0033,2024-10-13,468,MTR,150.25,70317.0,INR,7.0,Delivered
TXN007368,HIST-2024-02715,2,CUST0120,DD-KIR-0023,2024-10-13,400,KG,342.18,136872.0,INR,7.0,Delivered
TXN007250,HIST-2024-02667,1,CUST0095,DD-BDS-0005,2024-10-14,312,MTR,149.72,46712.64,INR,7.0,Delivered
TXN007251,HIST-2024-02667,2,CUST0095,DD-HCT-0034,2024-10-14,2005,MTR,206.02,413070.1,INR,7.0,Delivered
TXN002818,HIST-2024-01038,1,CUST0067,DD-TWL-0003,2024-10-15,457,PCS,179.81,82173.17,INR,12.0,Partially Delivered
TXN002819,HIST-2024-01038,2,CUST0067,DD-HCT-0016,2024-10-15,254,MTR,144.92,36809.68,INR,12.0,Delivered
TXN004176,HIST-2024-01521,1,CUST0060,DD-CTB-0021,2024-10-16,408,MTR,201.38,82163.04,INR,12.0,Delivered
TXN004177,HIST-2024-01521,2,CUST0060,DD-DNM-0016,2024-10-16,158,MTR,243.55,38480.9,INR,12.0,Delivered
TXN004178,HIST-2024-01521,3,CUST0060,DD-KFT-0015,2024-10-16,168,KG,244.06,41002.08,INR,12.0,Delivered
TXN004179,HIST-2024-01521,4,CUST0060,DD-CTB-0004,2024-10-16,1806,MTR,214.58,387531.48,INR,12.0,Delivered
TXN004180,HIST-2024-01521,5,CUST0060,DD-CTB-0001,2024-10-16,424,MTR,153.66,65151.84,INR,12.0,Delivered
TXN003185,HIST-2024-01170,1,CUST0056,DD-CTS-0027,2024-10-17,258,MTR,85.45,22046.1,INR,12.0,Delivered
TXN003186,HIST-2024-01170,2,CUST0056,DD-KFT-0017,2024-10-17,277,KG,281.5,77975.5,INR,12.0,Delivered
TXN003187,HIST-2024-01170,3,CUST0056,DD-CTS-0024,2024-10-17,1129,MTR,77.92,87971.68,INR,12.0,Delivered
TXN003188,HIST-2024-01170,4,CUST0056,DD-DNM-0020,2024-10-17,291,MTR,218.3,63525.3,INR,12.0,Delivered
TXN006672,HIST-2024-02452,1,CUST0118,DD-VSR-0019,2024-10-17,647,MTR,82.69,53500.43,INR,7.0,Delivered
TXN006673,HIST-2024-02452,2,CUST0118,DD-BDS-0017,2024-10-17,162,MTR,193.58,31359.96,INR,7.0,Delivered
TXN006674,HIST-2024-02452,3,CUST0118,DD-CDV-0007,2024-10-17,643,MTR,188.36,121115.48,INR,7.0,Delivered
TXN006675,HIST-2024-02452,4,CUST0118,DD-TWL-0007,2024-10-17,1316,PCS,238.92,314418.72,INR,7.0,Delivered
TXN007276,HIST-2024-02679,1,CUST0109,DD-DNM-0019,2024-10-17,1342,MTR,227.34,305090.28,INR,12.0,Partially Delivered
TXN007277,HIST-2024-02679,2,CUST0109,DD-MOD-0017,2024-10-17,138,MTR,221.48,30564.24,INR,12.0,Delivered
TXN007278,HIST-2024-02679,3,CUST0109,DD-DNM-0010,2024-10-17,197,MTR,228.26,44967.22,INR,12.0,Delivered
TXN007191,HIST-2024-02643,1,CUST0027,DD-MOD-0027,2024-10-18,1643,MTR,163.11,267989.73,INR,7.0,Delivered
TXN007192,HIST-2024-02643,2,CUST0027,DD-SAT-0018,2024-10-18,413,MTR,152.89,63143.57,INR,7.0,Delivered
TXN007193,HIST-2024-02643,3,CUST0027,DD-SAT-0020,2024-10-18,1366,MTR,151.7,207222.2,INR,7.0,Delivered
TXN007194,HIST-2024-02643,4,CUST0027,DD-VSR-0028,2024-10-18,258,MTR,103.51,26705.58,INR,7.0,Delivered
TXN000507,HIST-2024-00183,1,CUST0114,DD-PRB-0009,2024-10-19,909,MTR,128.77,117051.93,INR,12.0,Delivered
TXN000508,HIST-2024-00183,2,CUST0114,DD-RBL-0015,2024-10-19,256,MTR,52.5,13440.0,INR,12.0,Delivered
TXN000509,HIST-2024-00183,3,CUST0114,DD-SUT-0033,2024-10-19,414,MTR,170.38,70537.32,INR,12.0,Delivered
TXN006615,HIST-2024-02427,1,CUST0019,DD-KSJ-0004,2024-10-19,235,KG,311.15,73120.25,INR,12.0,Delivered
TXN006616,HIST-2024-02427,2,CUST0019,DD-KFT-0009,2024-10-19,100,KG,361.88,36188.0,INR,12.0,Delivered
TXN006617,HIST-2024-02427,3,CUST0019,DD-KFT-0025,2024-10-19,206,KG,334.3,68865.8,INR,12.0,Delivered
TXN006618,HIST-2024-02427,4,CUST0019,DD-CTB-0010,2024-10-19,1313,MTR,220.2,289122.6,INR,12.0,Delivered
TXN006619,HIST-2024-02427,5,CUST0019,DD-CTS-0026,2024-10-19,692,MTR,98.99,68501.08,INR,12.0,Delivered
TXN000689,HIST-2024-00245,1,CUST0066,DD-PCS-0035,2024-10-20,1073,MTR,96.84,103909.32,INR,3.0,Partially Delivered
TXN000690,HIST-2024-00245,2,CUST0066,DD-VSR-0028,2024-10-20,1144,MTR,103.07,117912.08,INR,3.0,Delivered
TXN000691,HIST-2024-00245,3,CUST0066,DD-SUT-0031,2024-10-20,1505,MTR,212.26,319451.3,INR,3.0,Delivered
TXN000692,HIST-2024-00245,4,CUST0066,DD-CTB-0012,2024-10-20,1280,MTR,173.2,221696.0,INR,3.0,Delivered
TXN006620,HIST-2024-02428,1,CUST0117,DD-BDS-0025,2024-10-20,445,MTR,254.73,113354.85,INR,3.0,Delivered
TXN006621,HIST-2024-02428,2,CUST0117,DD-CDV-0016,2024-10-20,163,MTR,170.59,27806.17,INR,3.0,Delivered
TXN003066,HIST-2024-01127,1,CUST0124,DD-PGT-0008,2024-10-21,648,MTR,70.12,45437.76,INR,7.0,Delivered
TXN003067,HIST-2024-01127,2,CUST0124,DD-LIN-0021,2024-10-21,880,MTR,431.93,380098.4,INR,7.0,Delivered
TXN003068,HIST-2024-01127,3,CUST0124,DD-SAT-0001,2024-10-21,626,MTR,173.33,108504.58,INR,7.0,Delivered
TXN003069,HIST-2024-01127,4,CUST0124,DD-PRB-0016,2024-10-21,223,MTR,107.05,23872.15,INR,7.0,Delivered
TXN003070,HIST-2024-01127,5,CUST0124,DD-PGT-0006,2024-10-21,1084,MTR,74.37,80617.08,INR,7.0,Delivered
TXN003248,HIST-2024-01192,1,CUST0072,DD-PCS-0002,2024-10-21,300,MTR,75.25,22575.0,INR,12.0,Delivered
TXN003249,HIST-2024-01192,2,CUST0072,DD-SUT-0031,2024-10-21,419,MTR,184.09,77133.71,INR,12.0,Delivered
TXN003250,HIST-2024-01192,3,CUST0072,DD-CDV-0030,2024-10-21,279,MTR,153.87,42929.73,INR,12.0,Delivered
TXN004030,HIST-2024-01471,1,CUST0052,DD-PCS-0007,2024-10-21,323,MTR,91.93,29693.39,INR,3.0,Delivered
TXN004031,HIST-2024-01471,2,CUST0052,DD-CIN-0004,2024-10-21,304,MTR,203.86,61973.44,INR,3.0,Delivered
TXN004032,HIST-2024-01471,3,CUST0052,DD-FLN-0025,2024-10-21,813,MTR,172.74,140437.62,INR,3.0,Delivered
TXN002993,HIST-2024-01100,1,CUST0047,DD-CTB-0019,2024-10-22,309,MTR,207.2,64024.8,INR,7.0,Delivered
TXN004389,HIST-2024-01607,1,CUST0052,DD-FLN-0021,2024-10-22,574,MTR,179.47,103015.78,INR,3.0,Delivered
TXN004390,HIST-2024-01607,2,CUST0052,DD-SUT-0009,2024-10-22,1934,MTR,186.26,360226.84,INR,3.0,Delivered
TXN004815,HIST-2024-01771,1,CUST0079,DD-RBL-0011,2024-10-22,509,MTR,55.8,28402.2,INR,3.0,Delivered
TXN004816,HIST-2024-01771,2,CUST0079,DD-SUT-0023,2024-10-22,280,MTR,248.0,69440.0,INR,3.0,Delivered
TXN004817,HIST-2024-01771,3,CUST0079,DD-DNM-0004,2024-10-22,906,MTR,219.19,198586.14,INR,3.0,Delivered
TXN004818,HIST-2024-01771,4,CUST0079,DD-CIN-0027,2024-10-22,942,MTR,184.91,174185.22,INR,3.0,Delivered
TXN001083,HIST-2024-00389,1,CUST0124,DD-SAT-0001,2024-10-23,1384,MTR,173.84,240594.56,INR,7.0,Delivered
TXN006047,HIST-2024-02224,1,CUST0080,DD-TWL-0020,2024-10-23,89,PCS,205.87,18322.43,INR,7.0,Delivered
TXN006048,HIST-2024-02224,2,CUST0080,DD-CIN-0005,2024-10-23,1053,MTR,201.66,212347.98,INR,7.0,Delivered
TXN006049,HIST-2024-02224,3,CUST0080,DD-TWL-0006,2024-10-23,321,PCS,233.06,74812.26,INR,7.0,Delivered
TXN001878,HIST-2024-00681,1,CUST0025,DD-LIN-0005,2024-10-24,561,MTR,298.06,167211.66,INR,3.0,Delivered
TXN001879,HIST-2024-00681,2,CUST0025,DD-CTS-0006,2024-10-24,422,MTR,119.22,50310.84,INR,3.0,Delivered
TXN001880,HIST-2024-00681,3,CUST0025,DD-KSJ-0009,2024-10-24,260,KG,359.7,93522.0,INR,3.0,Delivered
TXN005101,HIST-2024-01871,1,CUST0043,DD-KSJ-0019,2024-10-24,351,KG,331.72,116433.72,INR,3.0,Delivered
TXN005102,HIST-2024-01871,2,CUST0043,DD-DNM-0025,2024-10-24,1678,MTR,204.77,343604.06,INR,3.0,Delivered
TXN005103,HIST-2024-01871,3,CUST0043,DD-CTS-0007,2024-10-24,1401,MTR,140.34,196616.34,INR,3.0,Delivered
TXN005104,HIST-2024-01871,4,CUST0043,DD-DNM-0003,2024-10-24,512,MTR,222.8,114073.6,INR,3.0,Delivered
TXN006427,HIST-2024-02360,1,CUST0014,DD-FLN-0019,2024-10-24,1622,MTR,134.7,218483.4,INR,7.0,Delivered
TXN006428,HIST-2024-02360,2,CUST0014,DD-SUT-0031,2024-10-24,213,MTR,205.72,43818.36,INR,7.0,Delivered
TXN006429,HIST-2024-02360,3,CUST0014,DD-SUT-0008,2024-10-24,912,MTR,178.73,163001.76,INR,7.0,Delivered
TXN000935,HIST-2024-00335,1,CUST0005,DD-MOD-0009,2024-10-25,275,MTR,207.55,57076.25,INR,12.0,Delivered
TXN000936,HIST-2024-00335,2,CUST0005,DD-VSR-0009,2024-10-25,1442,MTR,79.45,114566.9,INR,12.0,Delivered
TXN000937,HIST-2024-00335,3,CUST0005,DD-PRB-0029,2024-10-25,331,MTR,133.23,44099.13,INR,12.0,Delivered
TXN000938,HIST-2024-00335,4,CUST0005,DD-PRB-0030,2024-10-25,999,MTR,140.2,140059.8,INR,12.0,Delivered
TXN000939,HIST-2024-00335,5,CUST0005,DD-LIN-0018,2024-10-25,869,MTR,395.9,344037.1,INR,12.0,Delivered
TXN001388,HIST-2024-00503,1,CUST0043,DD-CTB-0015,2024-10-25,872,MTR,153.24,133625.28,INR,3.0,Delivered
TXN003863,HIST-2024-01415,1,CUST0030,DD-KSJ-0011,2024-10-25,341,KG,272.47,92912.27,INR,12.0,Delivered
TXN003864,HIST-2024-01415,2,CUST0030,DD-KFT-0009,2024-10-25,80,KG,365.53,29242.4,INR,12.0,Delivered
TXN003865,HIST-2024-01415,3,CUST0030,DD-KIR-0033,2024-10-25,438,KG,359.1,157285.8,INR,12.0,Delivered
TXN007318,HIST-2024-02694,1,CUST0073,DD-CIN-0008,2024-10-25,239,MTR,217.28,51929.92,INR,12.0,Delivered
TXN007319,HIST-2024-02694,2,CUST0073,DD-BDS-0027,2024-10-25,666,MTR,203.41,135471.06,INR,12.0,Delivered
TXN007375,HIST-2024-02718,1,CUST0007,DD-CTS-0008,2024-10-25,521,MTR,126.4,65854.4,INR,7.0,Delivered
TXN007376,HIST-2024-02718,2,CUST0007,DD-CTS-0017,2024-10-25,219,MTR,90.23,19760.37,INR,7.0,Partially Delivered
TXN007377,HIST-2024-02718,3,CUST0007,DD-KIR-0001,2024-10-25,158,KG,320.71,50672.18,INR,7.0,Delivered
TXN007378,HIST-2024-02718,4,CUST0007,DD-DNM-0016,2024-10-25,202,MTR,245.13,49516.26,INR,7.0,Delivered
TXN001834,HIST-2024-00666,1,CUST0072,DD-RBL-0020,2024-10-26,263,MTR,48.93,12868.59,INR,12.0,Delivered
TXN001835,HIST-2024-00666,2,CUST0072,DD-MOD-0003,2024-10-26,1157,MTR,187.24,216636.68,INR,12.0,Delivered
TXN001836,HIST-2024-00666,3,CUST0072,DD-CTS-0008,2024-10-26,664,MTR,123.76,82176.64,INR,12.0,Delivered
TXN001837,HIST-2024-00666,4,CUST0072,DD-LIN-0019,2024-10-26,203,MTR,408.2,82864.6,INR,12.0,Delivered
TXN001838,HIST-2024-00666,5,CUST0072,DD-DNM-0002,2024-10-26,625,MTR,216.26,135162.5,INR,12.0,Delivered
TXN001946,HIST-2024-00713,1,CUST0011,DD-TWL-0033,2024-10-26,102,PCS,271.51,27694.02,INR,7.0,Delivered
TXN001947,HIST-2024-00713,2,CUST0011,DD-CTB-0004,2024-10-26,172,MTR,222.36,38245.92,INR,7.0,Delivered
TXN001948,HIST-2024-00713,3,CUST0011,DD-PGT-0005,2024-10-26,2160,MTR,67.67,146167.2,INR,7.0,Delivered
TXN001949,HIST-2024-00713,4,CUST0011,DD-DNM-0021,2024-10-26,608,MTR,199.7,121417.6,INR,7.0,Delivered
TXN002339,HIST-2024-00861,1,CUST0085,DD-DNM-0020,2024-10-26,535,MTR,252.84,135269.4,INR,3.0,Delivered
TXN002340,HIST-2024-00861,2,CUST0085,DD-MOD-0016,2024-10-26,1883,MTR,253.46,477265.18,INR,3.0,Delivered
TXN004171,HIST-2024-01519,1,CUST0124,DD-PGT-0008,2024-10-26,261,MTR,69.98,18264.78,INR,7.0,Delivered
TXN004172,HIST-2024-01519,2,CUST0124,DD-PRB-0016,2024-10-26,1515,MTR,106.58,161468.7,INR,7.0,Delivered
TXN004173,HIST-2024-01519,3,CUST0124,DD-LIN-0021,2024-10-26,278,MTR,436.51,121349.78,INR,7.0,Delivered
TXN004550,HIST-2024-01678,1,CUST0102,DD-CTB-0023,2024-10-26,214,MTR,190.18,40698.52,INR,7.0,Delivered
TXN004551,HIST-2024-01678,2,CUST0102,DD-CTS-0008,2024-10-26,760,MTR,134.38,102128.8,INR,7.0,Delivered
TXN004552,HIST-2024-01678,3,CUST0102,DD-KSJ-0002,2024-10-26,316,KG,487.86,154163.76,INR,7.0,Delivered
TXN004553,HIST-2024-01678,4,CUST0102,DD-KSJ-0007,2024-10-26,67,KG,336.49,22544.83,INR,7.0,Delivered
TXN006789,HIST-2024-02497,1,CUST0056,DD-CTS-0021,2024-10-26,612,MTR,71.84,43966.08,INR,12.0,Delivered
TXN006790,HIST-2024-02497,2,CUST0056,DD-KSJ-0016,2024-10-26,203,KG,293.24,59527.72,INR,12.0,Delivered
TXN002857,HIST-2024-01052,1,CUST0007,DD-CTB-0030,2024-10-27,264,MTR,153.29,40468.56,INR,7.0,Delivered
TXN002858,HIST-2024-01052,2,CUST0007,DD-KFT-0004,2024-10-27,498,KG,326.58,162636.84,INR,7.0,Cancelled
TXN002859,HIST-2024-01052,3,CUST0007,DD-KIR-0006,2024-10-27,213,KG,386.59,82343.67,INR,7.0,Delivered
TXN004397,HIST-2024-01610,1,CUST0032,DD-PGT-0010,2024-10-27,1202,MTR,66.75,80233.5,INR,3.0,Delivered
TXN004398,HIST-2024-01610,2,CUST0032,DD-HUP-0016,2024-10-27,1588,MTR,326.88,519085.44,INR,3.0,Delivered
TXN004399,HIST-2024-01610,3,CUST0032,DD-HUP-0021,2024-10-27,440,MTR,297.45,130878.0,INR,3.0,Delivered
TXN000193,HIST-2024-00069,1,CUST0121,DD-BDS-0002,2024-10-28,149,MTR,203.44,30312.56,INR,12.0,Delivered
TXN000194,HIST-2024-00069,2,CUST0121,DD-TWL-0030,2024-10-28,707,PCS,231.62,163755.34,INR,12.0,Delivered
TXN004506,HIST-2024-01659,1,CUST0126,DD-DNM-0027,2024-10-28,2167,MTR,202.49,438795.83,INR,7.0,Delivered
TXN004507,HIST-2024-01659,2,CUST0126,DD-CTS-0023,2024-10-28,1405,MTR,88.14,123836.7,INR,7.0,Delivered
TXN004508,HIST-2024-01659,3,CUST0126,DD-MOD-0024,2024-10-28,1100,MTR,160.79,176869.0,INR,7.0,Delivered
TXN005259,HIST-2024-01932,1,CUST0122,DD-CIN-0031,2024-10-28,169,MTR,242.48,40979.12,INR,3.0,Partially Delivered
TXN001270,HIST-2024-00456,1,CUST0033,DD-CDV-0011,2024-10-29,210,MTR,251.14,52739.4,INR,3.0,Delivered
TXN001271,HIST-2024-00456,2,CUST0033,DD-SUT-0011,2024-10-29,1661,MTR,177.56,294927.16,INR,3.0,Delivered
TXN001272,HIST-2024-00456,3,CUST0033,DD-KFT-0028,2024-10-29,170,KG,223.07,37921.9,INR,3.0,Delivered
TXN003513,HIST-2024-01285,1,CUST0098,DD-PGT-0030,2024-10-29,167,MTR,72.51,12109.17,INR,7.0,Delivered
TXN003514,HIST-2024-01285,2,CUST0098,DD-PGT-0013,2024-10-29,789,MTR,59.65,47063.85,INR,7.0,Delivered
TXN006050,HIST-2024-02225,1,CUST0030,DD-KSJ-0011,2024-10-29,50,KG,273.36,13668.0,INR,12.0,Delivered
TXN006051,HIST-2024-02225,2,CUST0030,DD-KIR-0036,2024-10-29,516,KG,347.24,179175.84,INR,12.0,Delivered
TXN006052,HIST-2024-02225,3,CUST0030,DD-KIR-0033,2024-10-29,204,KG,365.59,74580.36,INR,12.0,Delivered
TXN006053,HIST-2024-02225,4,CUST0030,DD-KIR-0007,2024-10-29,413,KG,362.52,149720.76,INR,12.0,Delivered
TXN003700,HIST-2024-01342,1,CUST0122,DD-CIN-0031,2024-10-30,1845,MTR,238.32,439700.4,INR,3.0,Delivered
TXN001889,HIST-2024-00685,1,CUST0030,DD-DNM-0016,2024-10-31,387,MTR,245.64,95062.68,INR,12.0,Delivered
TXN001890,HIST-2024-00685,2,CUST0030,DD-KFT-0009,2024-10-31,190,KG,360.43,68481.7,INR,12.0,Delivered
TXN002337,HIST-2024-00860,1,CUST0120,DD-MOD-0008,2024-10-31,918,MTR,222.76,204493.68,INR,7.0,Delivered
TXN002338,HIST-2024-00860,2,CUST0120,DD-KFT-0016,2024-10-31,153,KG,292.25,44714.25,INR,7.0,Delivered
TXN002646,HIST-2024-00977,1,CUST0008,DD-KFT-0002,2024-10-31,273,KG,311.19,84954.87,INR,7.0,Delivered
TXN002647,HIST-2024-00977,2,CUST0008,DD-DNM-0004,2024-10-31,272,MTR,227.18,61792.96,INR,7.0,Delivered
TXN002648,HIST-2024-00977,3,CUST0008,DD-KSJ-0020,2024-10-31,466,KG,295.77,137828.82,INR,7.0,Partially Delivered
TXN002649,HIST-2024-00977,4,CUST0008,DD-KIR-0005,2024-10-31,267,KG,403.11,107630.37,INR,7.0,Delivered
TXN002650,HIST-2024-00977,5,CUST0008,DD-CTB-0007,2024-10-31,319,MTR,236.61,75478.59,INR,7.0,Delivered
TXN002651,HIST-2024-00977,6,CUST0008,DD-KIR-0028,2024-10-31,96,KG,363.91,34935.36,INR,7.0,Delivered
TXN000421,HIST-2024-00152,1,CUST0011,DD-KFT-0011,2024-11-01,85,KG,376.88,32034.8,INR,7.0,Delivered
TXN000422,HIST-2024-00152,2,CUST0011,DD-BDS-0005,2024-11-01,718,MTR,146.27,105021.86,INR,7.0,Delivered
TXN003825,HIST-2024-01397,1,CUST0036,DD-CTB-0014,2024-11-01,1742,MTR,154.17,268564.14,INR,12.0,Delivered
TXN003826,HIST-2024-01397,2,CUST0036,DD-DNM-0013,2024-11-01,292,MTR,164.43,48013.56,INR,12.0,Delivered
TXN006764,HIST-2024-02486,1,CUST0029,DD-CTS-0008,2024-11-01,663,MTR,126.83,84088.29,INR,7.0,Delivered
TXN006765,HIST-2024-02486,2,CUST0029,DD-KSJ-0020,2024-11-01,103,KG,292.17,30093.51,INR,7.0,Delivered
TXN006766,HIST-2024-02486,3,CUST0029,DD-CTB-0023,2024-11-01,187,MTR,187.32,35028.84,INR,7.0,Delivered
TXN004532,HIST-2024-01670,1,CUST0032,DD-BDS-0033,2024-11-02,1133,MTR,198.13,224481.29,INR,3.0,Delivered
TXN004533,HIST-2024-01670,2,CUST0032,DD-VSR-0022,2024-11-02,1109,MTR,109.07,120958.63,INR,3.0,Delivered
TXN004534,HIST-2024-01670,3,CUST0032,DD-KIR-0010,2024-11-02,523,KG,451.03,235888.69,INR,3.0,Partially Delivered
TXN001134,HIST-2024-00413,1,CUST0118,DD-KIR-0001,2024-11-03,292,KG,320.36,93545.12,INR,7.0,Cancelled
TXN001135,HIST-2024-00413,2,CUST0118,DD-VSR-0019,2024-11-03,138,MTR,83.29,11494.02,INR,7.0,Delivered
TXN001136,HIST-2024-00413,3,CUST0118,DD-TWL-0015,2024-11-03,229,PCS,203.3,46555.7,INR,7.0,Delivered
TXN001137,HIST-2024-00413,4,CUST0118,DD-SUT-0017,2024-11-03,685,MTR,198.56,136013.6,INR,7.0,Delivered
TXN001138,HIST-2024-00413,5,CUST0118,DD-CDV-0007,2024-11-03,1295,MTR,185.78,240585.1,INR,7.0,Delivered
TXN001139,HIST-2024-00413,6,CUST0118,DD-CIN-0021,2024-11-03,320,MTR,260.02,83206.4,INR,7.0,Delivered
TXN003207,HIST-2024-01177,1,CUST0101,DD-CTS-0015,2024-11-03,271,MTR,118.59,32137.89,INR,7.0,Delivered
TXN005868,HIST-2024-02156,1,CUST0062,DD-KSJ-0006,2024-11-03,71,KG,300.42,21329.82,INR,12.0,Delivered
TXN005869,HIST-2024-02156,2,CUST0062,DD-LIN-0009,2024-11-03,1088,MTR,356.77,388165.76,INR,12.0,Delivered
TXN005870,HIST-2024-02156,3,CUST0062,DD-DNM-0022,2024-11-03,984,MTR,186.57,183584.88,INR,12.0,Delivered
TXN002506,HIST-2024-00923,1,CUST0054,DD-CIN-0009,2024-11-04,2174,MTR,249.51,542434.74,INR,7.0,Delivered
TXN002507,HIST-2024-00923,2,CUST0054,DD-CIN-0025,2024-11-04,878,MTR,252.69,221861.82,INR,7.0,Delivered
TXN002606,HIST-2024-00961,1,CUST0080,DD-CIN-0011,2024-11-04,768,MTR,218.43,167754.24,INR,7.0,Partially Delivered
TXN002607,HIST-2024-00961,2,CUST0080,DD-CIN-0018,2024-11-04,1286,MTR,252.79,325087.94,INR,7.0,Delivered
TXN004679,HIST-2024-01722,1,CUST0134,DD-CIN-0007,2024-11-05,1684,MTR,247.97,417581.48,INR,3.0,Delivered
TXN002487,HIST-2024-00916,1,CUST0018,DD-MOD-0003,2024-11-06,1036,MTR,210.12,217684.32,INR,7.0,Delivered
TXN002488,HIST-2024-00916,2,CUST0018,DD-MOD-0031,2024-11-06,386,MTR,167.95,64828.7,INR,7.0,Delivered
TXN002489,HIST-2024-00916,3,CUST0018,DD-CTB-0023,2024-11-06,537,MTR,191.05,102593.85,INR,7.0,Partially Delivered
TXN005670,HIST-2024-02083,1,CUST0116,DD-HCT-0008,2024-11-06,268,MTR,215.29,57697.72,INR,7.0,Delivered
TXN005671,HIST-2024-02083,2,CUST0116,DD-MOD-0031,2024-11-06,446,MTR,171.43,76457.78,INR,7.0,Delivered
TXN006281,HIST-2024-02302,1,CUST0018,DD-MOD-0016,2024-11-06,465,MTR,235.84,109665.6,INR,7.0,Delivered
TXN001322,HIST-2024-00476,1,CUST0111,DD-PRB-0034,2024-11-07,204,MTR,135.4,27621.6,INR,12.0,Delivered
TXN007332,HIST-2024-02700,1,CUST0027,DD-PRB-0002,2024-11-07,638,MTR,115.1,73433.8,INR,7.0,Delivered
TXN002365,HIST-2024-00871,1,CUST0077,DD-RBL-0027,2024-11-08,437,MTR,43.67,19083.79,INR,7.0,Delivered
TXN002366,HIST-2024-00871,2,CUST0077,DD-CTS-0024,2024-11-08,2158,MTR,84.79,182976.82,INR,7.0,Partially Delivered
TXN002367,HIST-2024-00871,3,CUST0077,DD-PCS-0014,2024-11-08,897,MTR,88.88,79725.36,INR,7.0,Partially Delivered
TXN002368,HIST-2024-00871,4,CUST0077,DD-SAT-0017,2024-11-08,928,MTR,148.22,137548.16,INR,7.0,Delivered
TXN002369,HIST-2024-00871,5,CUST0077,DD-KFT-0009,2024-11-08,54,KG,394.12,21282.48,INR,7.0,Delivered
TXN004254,HIST-2024-01550,1,CUST0062,DD-DNM-0022,2024-11-08,1988,MTR,189.6,376924.8,INR,12.0,Delivered
TXN007472,HIST-2024-02756,1,CUST0083,DD-KFT-0008,2024-11-08,385,KG,392.15,150977.75,INR,3.0,Partially Delivered
TXN007473,HIST-2024-02756,2,CUST0083,DD-CTS-0014,2024-11-08,1392,MTR,119.82,166789.44,INR,3.0,Delivered
TXN007474,HIST-2024-02756,3,CUST0083,DD-DNM-0032,2024-11-08,1538,MTR,308.89,475072.82,INR,3.0,Delivered
TXN007475,HIST-2024-02756,4,CUST0083,DD-KFT-0026,2024-11-08,341,KG,330.27,112622.07,INR,3.0,Delivered
TXN007476,HIST-2024-02756,5,CUST0083,DD-CTB-0024,2024-11-08,193,MTR,205.49,39659.57,INR,3.0,Delivered
TXN007477,HIST-2024-02756,6,CUST0083,DD-CTB-0008,2024-11-08,204,MTR,235.42,48025.68,INR,3.0,Delivered
TXN005414,HIST-2024-01985,1,CUST0080,DD-HCT-0002,2024-11-09,519,MTR,137.97,71606.43,INR,7.0,Delivered
TXN005415,HIST-2024-01985,2,CUST0080,DD-TWL-0026,2024-11-09,111,PCS,211.47,23473.17,INR,7.0,Delivered
TXN005416,HIST-2024-01985,3,CUST0080,DD-TWL-0020,2024-11-09,102,PCS,201.9,20593.8,INR,7.0,Delivered
TXN005611,HIST-2024-02062,1,CUST0127,DD-KFT-0028,2024-11-09,162,KG,242.48,39281.76,INR,3.0,Delivered
TXN005612,HIST-2024-02062,2,CUST0127,DD-CTB-0033,2024-11-09,1094,MTR,225.97,247211.18,INR,3.0,Delivered
TXN005613,HIST-2024-02062,3,CUST0127,DD-CTB-0001,2024-11-09,1073,MTR,176.41,189287.93,INR,3.0,Delivered
TXN005614,HIST-2024-02062,4,CUST0127,DD-CTS-0024,2024-11-09,146,MTR,88.49,12919.54,INR,3.0,Delivered
TXN005615,HIST-2024-02062,5,CUST0127,DD-DNM-0014,2024-11-09,166,MTR,169.66,28163.56,INR,3.0,Delivered
TXN000015,HIST-2024-00008,1,CUST0009,DD-PRB-0032,2024-11-10,2293,MTR,155.87,357409.91,INR,7.0,Delivered
TXN000016,HIST-2024-00008,2,CUST0009,DD-SAT-0003,2024-11-10,244,MTR,177.08,43207.52,INR,7.0,Delivered
TXN000017,HIST-2024-00008,3,CUST0009,DD-PGT-0017,2024-11-10,197,MTR,62.32,12277.04,INR,7.0,Delivered
TXN000899,HIST-2024-00318,1,CUST0031,DD-KIR-0035,2024-11-10,432,KG,472.51,204124.32,INR,7.0,Partially Delivered
TXN000900,HIST-2024-00318,2,CUST0031,DD-CTB-0024,2024-11-10,478,MTR,187.68,89711.04,INR,7.0,Partially Delivered
TXN000901,HIST-2024-00318,3,CUST0031,DD-KFT-0011,2024-11-10,154,KG,391.17,60240.18,INR,7.0,Delivered
TXN005132,HIST-2024-01881,1,CUST0076,DD-KSJ-0008,2024-11-10,341,KG,283.25,96588.25,INR,7.0,Delivered
TXN005133,HIST-2024-01881,2,CUST0076,DD-CTB-0026,2024-11-10,1691,MTR,189.22,319971.02,INR,7.0,Delivered
TXN006568,HIST-2024-02408,1,CUST0054,DD-HCT-0034,2024-11-10,676,MTR,219.2,148179.2,INR,7.0,Delivered
TXN006569,HIST-2024-02408,2,CUST0054,DD-CIN-0009,2024-11-10,397,MTR,253.22,100528.34,INR,7.0,Delivered
TXN007260,HIST-2024-02672,1,CUST0054,DD-HCT-0034,2024-11-10,1092,MTR,221.21,241561.32,INR,7.0,Delivered
TXN000606,HIST-2024-00217,1,CUST0134,DD-CTB-0012,2024-11-11,1127,MTR,175.13,197371.51,INR,3.0,Delivered
TXN000607,HIST-2024-00217,2,CUST0134,DD-CTB-0005,2024-11-11,1839,MTR,216.22,397628.58,INR,3.0,Delivered
TXN000608,HIST-2024-00217,3,CUST0134,DD-CIN-0007,2024-11-11,688,MTR,249.23,171470.24,INR,3.0,Delivered
TXN000609,HIST-2024-00217,4,CUST0134,DD-CIN-0008,2024-11-11,233,MTR,236.66,55141.78,INR,3.0,Delivered
TXN000610,HIST-2024-00217,5,CUST0134,DD-CTB-0023,2024-11-11,218,MTR,203.72,44410.96,INR,3.0,Delivered
TXN002385,HIST-2024-00877,1,CUST0090,DD-KSJ-0008,2024-11-11,291,KG,308.01,89630.91,INR,3.0,Delivered
TXN002386,HIST-2024-00877,2,CUST0090,DD-KSJ-0016,2024-11-11,400,KG,317.36,126944.0,INR,3.0,Delivered
TXN002387,HIST-2024-00877,3,CUST0090,DD-DNM-0015,2024-11-11,531,MTR,165.24,87742.44,INR,3.0,Delivered
TXN002388,HIST-2024-00877,4,CUST0090,DD-KIR-0034,2024-11-11,412,KG,497.12,204813.44,INR,3.0,Delivered
TXN002389,HIST-2024-00877,5,CUST0090,DD-CTB-0009,2024-11-11,282,MTR,254.98,71904.36,INR,3.0,Delivered
TXN001608,HIST-2024-00587,1,CUST0100,DD-DNM-0026,2024-11-12,441,MTR,221.26,97575.66,INR,3.0,Delivered
TXN001609,HIST-2024-00587,2,CUST0100,DD-KIR-0033,2024-11-12,325,KG,425.91,138420.75,INR,3.0,Delivered
TXN001610,HIST-2024-00587,3,CUST0100,DD-CTB-0015,2024-11-12,431,MTR,151.27,65197.37,INR,3.0,Delivered
TXN006001,HIST-2024-02205,1,CUST0101,DD-LIN-0035,2024-11-12,684,MTR,266.66,182395.44,INR,7.0,Delivered
TXN006002,HIST-2024-02205,2,CUST0101,DD-CTS-0015,2024-11-12,151,MTR,118.76,17932.76,INR,7.0,Delivered
TXN006296,HIST-2024-02308,1,CUST0079,DD-SUT-0023,2024-11-12,179,MTR,253.32,45344.28,INR,3.0,Delivered
TXN006297,HIST-2024-02308,2,CUST0079,DD-DNM-0004,2024-11-12,578,MTR,224.42,129714.76,INR,3.0,Delivered
TXN006298,HIST-2024-02308,3,CUST0079,DD-CTS-0014,2024-11-12,1964,MTR,119.41,234521.24,INR,3.0,Delivered
TXN006299,HIST-2024-02308,4,CUST0079,DD-VSR-0019,2024-11-12,388,MTR,84.8,32902.4,INR,3.0,Delivered
TXN006300,HIST-2024-02308,5,CUST0079,DD-KSJ-0009,2024-11-12,53,KG,335.97,17806.41,INR,3.0,Delivered
TXN007252,HIST-2024-02668,1,CUST0006,DD-LIN-0009,2024-11-12,1623,MTR,393.61,638829.03,INR,7.0,Partially Delivered
TXN007253,HIST-2024-02668,2,CUST0006,DD-KSJ-0011,2024-11-12,560,KG,291.87,163447.2,INR,7.0,Delivered
TXN007267,HIST-2024-02675,1,CUST0098,DD-PRB-0004,2024-11-12,429,MTR,111.38,47782.02,INR,7.0,Delivered
TXN006277,HIST-2024-02301,1,CUST0052,DD-FLN-0021,2024-11-13,2140,MTR,177.29,379400.6,INR,3.0,Delivered
TXN006278,HIST-2024-02301,2,CUST0052,DD-CIN-0003,2024-11-13,336,MTR,226.81,76208.16,INR,3.0,Delivered
TXN006279,HIST-2024-02301,3,CUST0052,DD-SUT-0029,2024-11-13,1323,MTR,209.6,277300.8,INR,3.0,Partially Delivered
TXN006280,HIST-2024-02301,4,CUST0052,DD-SUT-0024,2024-11-13,452,MTR,219.77,99336.04,INR,3.0,Delivered
TXN003475,HIST-2024-01275,1,CUST0031,DD-KFT-0025,2024-11-14,217,KG,355.63,77171.71,INR,7.0,Delivered
TXN003476,HIST-2024-01275,2,CUST0031,DD-KFT-0011,2024-11-14,47,KG,393.79,18508.13,INR,7.0,Delivered
TXN003477,HIST-2024-01275,3,CUST0031,DD-CTS-0024,2024-11-14,530,MTR,84.31,44684.3,INR,7.0,Cancelled
TXN003478,HIST-2024-01275,4,CUST0031,DD-KIR-0035,2024-11-14,313,KG,479.55,150099.15,INR,7.0,Delivered
TXN003479,HIST-2024-01275,5,CUST0031,DD-CTB-0024,2024-11-14,1885,MTR,186.62,351778.7,INR,7.0,Delivered
TXN004070,HIST-2024-01484,1,CUST0011,DD-CIN-0025,2024-11-14,496,MTR,248.9,123454.4,INR,7.0,Delivered
TXN004071,HIST-2024-01484,2,CUST0011,DD-BDS-0005,2024-11-14,864,MTR,146.78,126817.92,INR,7.0,Delivered
TXN005212,HIST-2024-01917,1,CUST0103,DD-MOD-0010,2024-11-14,499,MTR,236.53,118028.47,INR,3.0,Delivered
TXN005213,HIST-2024-01917,2,CUST0103,DD-MOD-0016,2024-11-14,1058,MTR,253.89,268615.62,INR,3.0,Delivered
TXN005214,HIST-2024-01917,3,CUST0103,DD-CTS-0006,2024-11-14,348,MTR,125.89,43809.72,INR,3.0,Partially Delivered
TXN005882,HIST-2024-02162,1,CUST0118,DD-SAT-0032,2024-11-14,523,MTR,78.35,40977.05,INR,7.0,Delivered
TXN003775,HIST-2024-01376,1,CUST0003,DD-PCS-0033,2024-11-15,966,MTR,95.07,91837.62,INR,7.0,Delivered
TXN003776,HIST-2024-01376,2,CUST0003,DD-SUT-0013,2024-11-15,1957,MTR,256.63,502224.91,INR,7.0,Delivered
TXN006897,HIST-2024-02539,1,CUST0006,DD-CTS-0011,2024-11-15,2083,MTR,130.46,271748.18,INR,7.0,Delivered
TXN006898,HIST-2024-02539,2,CUST0006,DD-CTS-0018,2024-11-15,952,MTR,83.33,79330.16,INR,7.0,Delivered
TXN005021,HIST-2024-01842,1,CUST0082,DD-CTB-0019,2024-11-16,154,MTR,224.04,34502.16,INR,7.0,Delivered
TXN005022,HIST-2024-01842,2,CUST0082,DD-DNM-0029,2024-11-16,257,MTR,289.1,74298.7,INR,7.0,Delivered
TXN005023,HIST-2024-01842,3,CUST0082,DD-KIR-0025,2024-11-16,103,KG,371.88,38303.64,INR,7.0,Delivered
TXN005024,HIST-2024-01842,4,CUST0082,DD-KSJ-0019,2024-11-16,551,KG,301.6,166181.6,INR,7.0,Delivered
TXN005025,HIST-2024-01842,5,CUST0082,DD-KIR-0021,2024-11-16,426,KG,341.86,145632.36,INR,7.0,Delivered
TXN005237,HIST-2024-01924,1,CUST0032,DD-FLN-0013,2024-11-16,254,MTR,129.1,32791.4,INR,3.0,Delivered
TXN005238,HIST-2024-01924,2,CUST0032,DD-CIN-0007,2024-11-16,662,MTR,252.49,167148.38,INR,3.0,Delivered
TXN005930,HIST-2024-02185,1,CUST0103,DD-MOD-0028,2024-11-16,240,MTR,147.09,35301.6,INR,3.0,Delivered
TXN005931,HIST-2024-02185,2,CUST0103,DD-MOD-0010,2024-11-16,1717,MTR,236.56,406173.52,INR,3.0,Delivered
TXN005932,HIST-2024-02185,3,CUST0103,DD-CTB-0029,2024-11-16,354,MTR,174.83,61889.82,INR,3.0,Delivered
TXN005933,HIST-2024-02185,4,CUST0103,DD-CTB-0002,2024-11-16,306,MTR,173.27,53020.62,INR,3.0,Delivered
TXN005934,HIST-2024-02185,5,CUST0103,DD-MOD-0016,2024-11-16,267,MTR,251.84,67241.28,INR,3.0,Delivered
TXN000047,HIST-2024-00018,1,CUST0096,DD-CTB-0011,2024-11-17,188,MTR,155.27,29190.76,INR,7.0,Delivered
TXN000048,HIST-2024-00018,2,CUST0096,DD-KSJ-0015,2024-11-17,148,KG,311.42,46090.16,INR,7.0,Delivered
TXN000049,HIST-2024-00018,3,CUST0096,DD-KFT-0028,2024-11-17,84,KG,225.49,18941.16,INR,7.0,Partially Delivered
TXN000050,HIST-2024-00018,4,CUST0096,DD-KIR-0031,2024-11-17,52,KG,370.91,19287.32,INR,7.0,Delivered
TXN002902,HIST-2024-01067,1,CUST0100,DD-DNM-0026,2024-11-17,1393,MTR,218.5,304370.5,INR,3.0,Delivered
TXN002903,HIST-2024-01067,2,CUST0100,DD-KIR-0033,2024-11-17,247,KG,420.8,103937.6,INR,3.0,Delivered
TXN006102,HIST-2024-02241,1,CUST0004,DD-CTS-0022,2024-11-17,1518,MTR,94.96,144149.28,INR,3.0,Delivered
TXN006103,HIST-2024-02241,2,CUST0004,DD-CTS-0009,2024-11-17,1353,MTR,137.47,185996.91,INR,3.0,Delivered
TXN006104,HIST-2024-02241,3,CUST0004,DD-DNM-0027,2024-11-17,1082,MTR,208.15,225218.3,INR,3.0,Cancelled
TXN006105,HIST-2024-02241,4,CUST0004,DD-KSJ-0017,2024-11-17,488,KG,317.75,155062.0,INR,3.0,Delivered
TXN000104,HIST-2024-00036,1,CUST0098,DD-MOD-0031,2024-11-18,1651,MTR,166.4,274726.4,INR,7.0,Delivered
TXN000105,HIST-2024-00036,2,CUST0098,DD-BDS-0006,2024-11-18,1928,MTR,146.13,281738.64,INR,7.0,Delivered
TXN000598,HIST-2024-00213,1,CUST0054,DD-HCT-0037,2024-11-18,824,MTR,218.2,179796.8,INR,7.0,Delivered
TXN006612,HIST-2024-02426,1,CUST0118,DD-TWL-0010,2024-11-18,677,PCS,192.1,130051.7,INR,7.0,Delivered
TXN006613,HIST-2024-02426,2,CUST0118,DD-TWL-0007,2024-11-18,96,PCS,241.06,23141.76,INR,7.0,Delivered
TXN006614,HIST-2024-02426,3,CUST0118,DD-SUT-0019,2024-11-18,1272,MTR,254.48,323698.56,INR,7.0,Cancelled
TXN000768,HIST-2024-00272,1,CUST0070,DD-LIN-0003,2024-11-19,1696,MTR,421.37,714643.52,INR,3.0,Delivered
TXN001413,HIST-2024-00511,1,CUST0055,DD-CTB-0029,2024-11-19,454,MTR,167.75,76158.5,INR,3.0,Delivered
TXN001414,HIST-2024-00511,2,CUST0055,DD-KSJ-0012,2024-11-19,90,KG,315.14,28362.6,INR,3.0,Partially Delivered
TXN002461,HIST-2024-00907,1,CUST0114,DD-FLN-0012,2024-11-19,140,MTR,124.43,17420.2,INR,12.0,Delivered
TXN002462,HIST-2024-00907,2,CUST0114,DD-CDV-0025,2024-11-19,241,MTR,181.65,43777.65,INR,12.0,Delivered
TXN002463,HIST-2024-00907,3,CUST0114,DD-KIR-0036,2024-11-19,312,KG,361.88,112906.56,INR,12.0,Delivered
TXN004938,HIST-2024-01812,1,CUST0135,DD-HCT-0012,2024-11-19,177,MTR,206.42,36536.34,INR,3.0,Delivered
TXN004939,HIST-2024-01812,2,CUST0135,DD-BDS-0018,2024-11-19,926,MTR,246.3,228073.8,INR,3.0,Delivered
TXN004940,HIST-2024-01812,3,CUST0135,DD-HCT-0030,2024-11-19,1032,MTR,135.82,140166.24,INR,3.0,Delivered
TXN006020,HIST-2024-02213,1,CUST0006,DD-LIN-0029,2024-11-19,1708,MTR,259.76,443670.08,INR,7.0,Delivered
TXN004106,HIST-2024-01499,1,CUST0007,DD-DNM-0011,2024-11-20,228,MTR,170.02,38764.56,INR,7.0,Delivered
TXN004107,HIST-2024-01499,2,CUST0007,DD-KIR-0001,2024-11-20,437,KG,322.45,140910.65,INR,7.0,Delivered
TXN004108,HIST-2024-01499,3,CUST0007,DD-KFT-0004,2024-11-20,128,KG,319.35,40876.8,INR,7.0,Delivered
TXN004109,HIST-2024-01499,4,CUST0007,DD-KIR-0007,2024-11-20,388,KG,371.2,144025.6,INR,7.0,Delivered
TXN005246,HIST-2024-01928,1,CUST0126,DD-MOD-0024,2024-11-20,1575,MTR,162.65,256173.75,INR,7.0,Delivered
TXN003332,HIST-2024-01219,1,CUST0018,DD-CTB-0008,2024-11-21,1087,MTR,240.13,261021.31,INR,7.0,Delivered
TXN006396,HIST-2024-02349,1,CUST0005,DD-SAT-0029,2024-11-21,194,MTR,80.08,15535.52,INR,12.0,Delivered
TXN006397,HIST-2024-02349,2,CUST0005,DD-LIN-0017,2024-11-21,163,MTR,414.81,67614.03,INR,12.0,Delivered
TXN006398,HIST-2024-02349,3,CUST0005,DD-VSR-0009,2024-11-21,662,MTR,80.32,53171.84,INR,12.0,Delivered
TXN006399,HIST-2024-02349,4,CUST0005,DD-PRB-0038,2024-11-21,1849,MTR,140.18,259192.82,INR,12.0,Delivered
TXN006400,HIST-2024-02349,5,CUST0005,DD-PRB-0011,2024-11-21,170,MTR,124.6,21182.0,INR,12.0,Delivered
TXN006401,HIST-2024-02349,6,CUST0005,DD-PRB-0029,2024-11-21,1555,MTR,136.89,212863.95,INR,12.0,Partially Delivered
TXN006655,HIST-2024-02445,1,CUST0053,DD-CTB-0001,2024-11-21,127,MTR,168.11,21349.97,INR,3.0,Delivered
TXN006656,HIST-2024-02445,2,CUST0053,DD-PCS-0005,2024-11-21,651,MTR,83.09,54091.59,INR,3.0,Partially Delivered
TXN006419,HIST-2024-02356,1,CUST0012,DD-KSJ-0007,2024-11-22,220,KG,365.62,80436.4,INR,3.0,Delivered
TXN006420,HIST-2024-02356,2,CUST0012,DD-MOD-0034,2024-11-22,513,MTR,279.36,143311.68,INR,3.0,Delivered
TXN006463,HIST-2024-02372,1,CUST0003,DD-SUT-0013,2024-11-22,222,MTR,263.21,58432.62,INR,7.0,Delivered
TXN007300,HIST-2024-02687,1,CUST0085,DD-LIN-0028,2024-11-22,163,MTR,257.96,42047.48,INR,3.0,Delivered
TXN007301,HIST-2024-02687,2,CUST0085,DD-MOD-0023,2024-11-22,324,MTR,169.12,54794.88,INR,3.0,Delivered
TXN007302,HIST-2024-02687,3,CUST0085,DD-DNM-0021,2024-11-22,565,MTR,210.86,119135.9,INR,3.0,Delivered
TXN007177,HIST-2024-02638,1,CUST0114,DD-PRB-0028,2024-11-23,688,MTR,99.18,68235.84,INR,12.0,Delivered
TXN007178,HIST-2024-02638,2,CUST0114,DD-MOD-0034,2024-11-23,320,MTR,267.37,85558.4,INR,12.0,Delivered
TXN007179,HIST-2024-02638,3,CUST0114,DD-LIN-0008,2024-11-23,150,MTR,314.83,47224.5,INR,12.0,Delivered
TXN001335,HIST-2024-00483,1,CUST0030,DD-DNM-0028,2024-11-24,1836,MTR,199.7,366649.2,INR,12.0,Delivered
TXN001336,HIST-2024-00483,2,CUST0030,DD-KIR-0007,2024-11-24,264,KG,359.34,94865.76,INR,12.0,Delivered
TXN001337,HIST-2024-00483,3,CUST0030,DD-KIR-0021,2024-11-24,43,KG,347.8,14955.4,INR,12.0,Delivered
TXN001338,HIST-2024-00483,4,CUST0030,DD-KIR-0036,2024-11-24,85,KG,348.03,29582.55,INR,12.0,Partially Delivered
TXN001339,HIST-2024-00483,5,CUST0030,DD-KIR-0033,2024-11-24,111,KG,358.2,39760.2,INR,12.0,Delivered
TXN006212,HIST-2024-02277,1,CUST0120,DD-KSJ-0011,2024-11-24,292,KG,284.17,82977.64,INR,7.0,Delivered
TXN006213,HIST-2024-02277,2,CUST0120,DD-SAT-0025,2024-11-24,362,MTR,153.01,55389.62,INR,7.0,Partially Delivered
TXN006214,HIST-2024-02277,3,CUST0120,DD-SUT-0028,2024-11-24,556,MTR,197.12,109598.72,INR,7.0,Delivered
TXN006525,HIST-2024-02392,1,CUST0110,DD-CTB-0018,2024-11-24,2167,MTR,145.48,315255.16,INR,3.0,Delivered
TXN000106,HIST-2024-00037,1,CUST0120,DD-KSJ-0006,2024-11-25,78,KG,310.51,24219.78,INR,7.0,Delivered
TXN003831,HIST-2024-01400,1,CUST0076,DD-CTS-0014,2024-11-25,250,MTR,114.91,28727.5,INR,7.0,Delivered
TXN003832,HIST-2024-01400,2,CUST0076,DD-KSJ-0008,2024-11-25,431,KG,284.28,122524.68,INR,7.0,Delivered
TXN000107,HIST-2024-00038,1,CUST0134,DD-FLN-0003,2024-11-26,336,MTR,155.58,52274.88,INR,3.0,Delivered
TXN003783,HIST-2024-01380,1,CUST0109,DD-DNM-0035,2024-11-26,1538,MTR,193.8,298064.4,INR,12.0,Delivered
TXN004482,HIST-2024-01646,1,CUST0078,DD-SAT-0016,2024-11-26,1028,MTR,143.89,147918.92,INR,7.0,Delivered
TXN004483,HIST-2024-01646,2,CUST0078,DD-LIN-0033,2024-11-26,179,MTR,266.58,47717.82,INR,7.0,Delivered
TXN004648,HIST-2024-01710,1,CUST0077,DD-VSR-0020,2024-11-26,434,MTR,106.77,46338.18,INR,7.0,Delivered
TXN000673,HIST-2024-00240,1,CUST0091,DD-KFT-0024,2024-11-27,444,KG,300.09,133239.96,INR,12.0,Delivered
TXN000674,HIST-2024-00240,2,CUST0091,DD-CTB-0026,2024-11-27,1720,MTR,177.87,305936.4,INR,12.0,Delivered
TXN000675,HIST-2024-00240,3,CUST0091,DD-KIR-0025,2024-11-27,54,KG,355.12,19176.48,INR,12.0,Delivered
TXN000676,HIST-2024-00240,4,CUST0091,DD-CTB-0005,2024-11-27,1039,MTR,188.98,196350.22,INR,12.0,Delivered
TXN001018,HIST-2024-00366,1,CUST0095,DD-HCT-0029,2024-11-27,327,MTR,126.0,41202.0,INR,7.0,Delivered
TXN001019,HIST-2024-00366,2,CUST0095,DD-TWL-0019,2024-11-27,815,PCS,210.65,171679.75,INR,7.0,Delivered
TXN001372,HIST-2024-00495,1,CUST0030,DD-DNM-0016,2024-11-27,1372,MTR,247.07,338980.04,INR,12.0,Delivered
TXN001373,HIST-2024-00495,2,CUST0030,DD-KIR-0021,2024-11-27,150,KG,348.98,52347.0,INR,12.0,Delivered
TXN004575,HIST-2024-01686,1,CUST0056,DD-KIR-0028,2024-11-28,268,KG,368.96,98881.28,INR,12.0,Delivered
TXN002039,HIST-2024-00747,1,CUST0073,DD-HCT-0028,2024-11-29,258,MTR,118.4,30547.2,INR,12.0,Delivered
TXN002040,HIST-2024-00747,2,CUST0073,DD-BDS-0002,2024-11-29,686,MTR,214.03,146824.58,INR,12.0,Delivered
TXN002041,HIST-2024-00747,3,CUST0073,DD-CIN-0017,2024-11-29,1709,MTR,248.14,424071.26,INR,12.0,Delivered
TXN002042,HIST-2024-00747,4,CUST0073,DD-HUP-0026,2024-11-29,143,MTR,245.3,35077.9,INR,12.0,Delivered
TXN002043,HIST-2024-00747,5,CUST0073,DD-CIN-0008,2024-11-29,212,MTR,223.48,47377.76,INR,12.0,Delivered
TXN002419,HIST-2024-00889,1,CUST0018,DD-MOD-0016,2024-11-29,794,MTR,239.26,189972.44,INR,7.0,Delivered
TXN003576,HIST-2024-01302,1,CUST0029,DD-DNM-0013,2024-11-30,230,MTR,172.07,39576.1,INR,7.0,Delivered
TXN003577,HIST-2024-01302,2,CUST0029,DD-CTB-0034,2024-11-30,1037,MTR,185.03,191876.11,INR,7.0,Cancelled
TXN003578,HIST-2024-01302,3,CUST0029,DD-CTS-0022,2024-11-30,1181,MTR,85.95,101506.95,INR,7.0,Delivered
TXN003579,HIST-2024-01302,4,CUST0029,DD-CTS-0021,2024-11-30,570,MTR,73.47,41877.9,INR,7.0,Delivered
TXN006446,HIST-2024-02367,1,CUST0032,DD-PGT-0010,2024-11-30,1977,MTR,67.09,132636.93,INR,3.0,Delivered
TXN006447,HIST-2024-02367,2,CUST0032,DD-VSR-0022,2024-11-30,197,MTR,107.1,21098.7,INR,3.0,Delivered
TXN006448,HIST-2024-02367,3,CUST0032,DD-CTB-0015,2024-11-30,224,MTR,156.84,35132.16,INR,3.0,Delivered
TXN006449,HIST-2024-02367,4,CUST0032,DD-MOD-0016,2024-11-30,1312,MTR,249.21,326963.52,INR,3.0,Delivered
TXN006450,HIST-2024-02367,5,CUST0032,DD-MOD-0026,2024-11-30,429,MTR,167.46,71840.34,INR,3.0,Delivered
TXN006451,HIST-2024-02367,6,CUST0032,DD-KIR-0010,2024-11-30,48,KG,451.17,21656.16,INR,3.0,Partially Delivered
TXN000510,HIST-2024-00184,1,CUST0077,DD-SAT-0017,2024-12-01,647,MTR,152.05,98376.35,INR,7.0,Delivered
TXN001367,HIST-2024-00493,1,CUST0108,DD-TWL-0020,2024-12-01,551,PCS,196.79,108431.29,INR,12.0,Delivered
TXN002807,HIST-2024-01035,1,CUST0021,DD-TWL-0034,2024-12-01,295,PCS,295.22,87089.9,INR,3.0,Delivered
TXN002808,HIST-2024-01035,2,CUST0021,DD-HUP-0006,2024-12-01,288,MTR,321.8,92678.4,INR,3.0,Delivered
TXN002809,HIST-2024-01035,3,CUST0021,DD-BDS-0017,2024-12-01,723,MTR,206.27,149133.21,INR,3.0,Delivered
TXN002810,HIST-2024-01035,4,CUST0021,DD-TWL-0006,2024-12-01,694,PCS,245.75,170550.5,INR,3.0,Delivered
TXN003344,HIST-2024-01225,1,CUST0108,DD-FLN-0029,2024-12-01,409,MTR,147.99,60527.91,INR,12.0,Delivered
TXN003912,HIST-2024-01432,1,CUST0093,DD-CTB-0003,2024-12-01,287,MTR,159.35,45733.45,INR,12.0,Delivered
TXN003913,HIST-2024-01432,2,CUST0093,DD-KIR-0007,2024-12-01,65,KG,367.99,23919.35,INR,12.0,Delivered
TXN002107,HIST-2024-00776,1,CUST0028,DD-SAT-0019,2024-12-02,1485,MTR,159.13,236308.05,INR,3.0,Delivered
TXN002108,HIST-2024-00776,2,CUST0028,DD-SAT-0016,2024-12-02,1664,MTR,145.03,241329.92,INR,3.0,Delivered
TXN002109,HIST-2024-00776,3,CUST0028,DD-PGT-0005,2024-12-02,604,MTR,73.06,44128.24,INR,3.0,Delivered
TXN003732,HIST-2024-01357,1,CUST0053,DD-CTB-0001,2024-12-03,1243,MTR,168.23,209109.89,INR,3.0,Delivered
TXN003733,HIST-2024-01357,2,CUST0053,DD-PCS-0005,2024-12-03,794,MTR,83.47,66275.18,INR,3.0,Delivered
TXN004184,HIST-2024-01524,1,CUST0073,DD-HUP-0026,2024-12-03,174,MTR,242.03,42113.22,INR,12.0,Delivered
TXN004185,HIST-2024-01524,2,CUST0073,DD-HUP-0008,2024-12-03,477,MTR,319.05,152186.85,INR,12.0,Delivered
TXN004186,HIST-2024-01524,3,CUST0073,DD-CIN-0008,2024-12-03,1306,MTR,222.98,291211.88,INR,12.0,Delivered
TXN006738,HIST-2024-02475,1,CUST0100,DD-DNM-0017,2024-12-03,399,MTR,273.92,109294.08,INR,3.0,Delivered
TXN000618,HIST-2024-00221,1,CUST0098,DD-RBL-0002,2024-12-04,562,MTR,45.73,25700.26,INR,7.0,Delivered
TXN000619,HIST-2024-00221,2,CUST0098,DD-PGT-0013,2024-12-04,1068,MTR,60.41,64517.88,INR,7.0,Delivered
TXN000620,HIST-2024-00221,3,CUST0098,DD-MOD-0024,2024-12-04,215,MTR,163.39,35128.85,INR,7.0,Delivered
TXN000621,HIST-2024-00221,4,CUST0098,DD-PCS-0022,2024-12-04,517,MTR,86.38,44658.46,INR,7.0,Delivered
TXN000847,HIST-2024-00301,1,CUST0043,DD-CTS-0004,2024-12-04,1060,MTR,125.21,132722.6,INR,3.0,Delivered
TXN000848,HIST-2024-00301,2,CUST0043,DD-CTB-0032,2024-12-04,424,MTR,163.97,69523.28,INR,3.0,Delivered
TXN000849,HIST-2024-00301,3,CUST0043,DD-DNM-0025,2024-12-04,271,MTR,207.0,56097.0,INR,3.0,Delivered
TXN000850,HIST-2024-00301,4,CUST0043,DD-DNM-0024,2024-12-04,1103,MTR,212.38,234255.14,INR,3.0,Delivered
TXN002232,HIST-2024-00821,1,CUST0052,DD-CIN-0003,2024-12-05,1999,MTR,230.3,460369.7,INR,3.0,Delivered
TXN002233,HIST-2024-00821,2,CUST0052,DD-CIN-0028,2024-12-05,364,MTR,182.48,66422.72,INR,3.0,Delivered
TXN002234,HIST-2024-00821,3,CUST0052,DD-CIN-0024,2024-12-05,989,MTR,265.84,262915.76,INR,3.0,Delivered
TXN005910,HIST-2024-02176,1,CUST0024,DD-KSJ-0007,2024-12-05,98,KG,351.05,34402.9,INR,3.0,Delivered
TXN005911,HIST-2024-02176,2,CUST0024,DD-DNM-0002,2024-12-05,429,MTR,232.47,99729.63,INR,3.0,Delivered
TXN005912,HIST-2024-02176,3,CUST0024,DD-KIR-0022,2024-12-05,85,KG,376.65,32015.25,INR,3.0,Delivered
TXN006233,HIST-2024-02284,1,CUST0053,DD-SUT-0018,2024-12-05,216,MTR,204.72,44219.52,INR,3.0,Delivered
TXN007157,HIST-2024-02629,1,CUST0007,DD-KFT-0004,2024-12-05,260,KG,320.71,83384.6,INR,7.0,Delivered
TXN007158,HIST-2024-02629,2,CUST0007,DD-CTS-0016,2024-12-05,628,MTR,113.94,71554.32,INR,7.0,Delivered
TXN003121,HIST-2024-01147,1,CUST0028,DD-PRB-0017,2024-12-06,149,MTR,114.16,17009.84,INR,3.0,Delivered
TXN003122,HIST-2024-01147,2,CUST0028,DD-SAT-0007,2024-12-06,431,MTR,153.38,66106.78,INR,3.0,Partially Delivered
TXN003123,HIST-2024-01147,3,CUST0028,DD-SAT-0016,2024-12-06,552,MTR,144.15,79570.8,INR,3.0,Delivered
TXN004295,HIST-2024-01564,1,CUST0006,DD-CTS-0018,2024-12-06,217,MTR,84.18,18267.06,INR,7.0,Delivered
TXN004573,HIST-2024-01684,1,CUST0013,DD-DNM-0033,2024-12-06,320,MTR,305.79,97852.8,INR,3.0,Delivered
TXN006455,HIST-2024-02369,1,CUST0076,DD-LIN-0003,2024-12-06,258,MTR,426.95,110153.1,INR,7.0,Delivered
TXN006456,HIST-2024-02369,2,CUST0076,DD-CTB-0031,2024-12-06,2273,MTR,158.44,360134.12,INR,7.0,Delivered
TXN004486,HIST-2024-01648,1,CUST0075,DD-KIR-0012,2024-12-07,268,KG,476.34,127659.12,INR,7.0,Delivered
TXN004811,HIST-2024-01770,1,CUST0049,DD-SUT-0037,2024-12-07,1286,MTR,191.64,246449.04,INR,3.0,Delivered
TXN004812,HIST-2024-01770,2,CUST0049,DD-PCS-0011,2024-12-07,379,MTR,76.51,28997.29,INR,3.0,Delivered
TXN004813,HIST-2024-01770,3,CUST0049,DD-PCS-0005,2024-12-07,1027,MTR,88.5,90889.5,INR,3.0,Delivered
TXN004814,HIST-2024-01770,4,CUST0049,DD-CIN-0016,2024-12-07,349,MTR,259.22,90467.78,INR,3.0,Delivered
TXN006809,HIST-2024-02505,1,CUST0057,DD-CTS-0023,2024-12-07,171,MTR,90.69,15507.99,INR,7.0,Delivered
TXN006884,HIST-2024-02533,1,CUST0128,DD-CTS-0009,2024-12-07,2137,MTR,133.18,284605.66,INR,3.0,Delivered
TXN006885,HIST-2024-02533,2,CUST0128,DD-CTB-0020,2024-12-07,185,MTR,221.46,40970.1,INR,3.0,Delivered
TXN002178,HIST-2024-00803,1,CUST0047,DD-KIR-0019,2024-12-08,301,KG,367.72,110683.72,INR,7.0,Delivered
TXN002179,HIST-2024-00803,2,CUST0047,DD-DNM-0022,2024-12-08,146,MTR,200.87,29327.02,INR,7.0,Delivered
TXN002180,HIST-2024-00803,3,CUST0047,DD-DNM-0020,2024-12-08,172,MTR,226.18,38902.96,INR,7.0,Delivered
TXN002426,HIST-2024-00892,1,CUST0061,DD-VSR-0032,2024-12-08,489,MTR,114.11,55799.79,INR,3.0,Delivered
TXN002427,HIST-2024-00892,2,CUST0061,DD-LIN-0026,2024-12-08,389,MTR,257.84,100299.76,INR,3.0,Delivered
TXN002428,HIST-2024-00892,3,CUST0061,DD-PRB-0011,2024-12-08,224,MTR,140.26,31418.24,INR,3.0,Delivered
TXN002429,HIST-2024-00892,4,CUST0061,DD-SAT-0020,2024-12-08,867,MTR,151.3,131177.1,INR,3.0,Delivered
TXN002430,HIST-2024-00892,5,CUST0061,DD-VSR-0003,2024-12-08,238,MTR,111.24,26475.12,INR,3.0,Delivered
TXN002431,HIST-2024-00892,6,CUST0061,DD-SAT-0024,2024-12-08,1024,MTR,134.89,138127.36,INR,3.0,Delivered
TXN005480,HIST-2024-02012,1,CUST0068,DD-PGT-0027,2024-12-08,523,MTR,50.89,26615.47,INR,3.0,Delivered
TXN005481,HIST-2024-02012,2,CUST0068,DD-HUP-0030,2024-12-08,222,MTR,277.32,61565.04,INR,3.0,Delivered
TXN005482,HIST-2024-02012,3,CUST0068,DD-DNM-0004,2024-12-08,1283,MTR,232.51,298310.33,INR,3.0,Delivered
TXN005483,HIST-2024-02012,4,CUST0068,DD-LIN-0001,2024-12-08,721,MTR,435.34,313880.14,INR,3.0,Delivered
TXN005484,HIST-2024-02012,5,CUST0068,DD-TWL-0014,2024-12-08,427,PCS,214.48,91582.96,INR,3.0,Delivered
TXN002896,HIST-2024-01065,1,CUST0073,DD-CIN-0017,2024-12-09,449,MTR,249.23,111904.27,INR,12.0,Delivered
TXN002897,HIST-2024-01065,2,CUST0073,DD-CIN-0008,2024-12-09,212,MTR,224.41,47574.92,INR,12.0,Delivered
TXN002898,HIST-2024-01065,3,CUST0073,DD-BDS-0027,2024-12-09,142,MTR,204.81,29083.02,INR,12.0,Delivered
TXN002899,HIST-2024-01065,4,CUST0073,DD-BDS-0002,2024-12-09,158,MTR,213.36,33710.88,INR,12.0,Delivered
TXN002900,HIST-2024-01065,5,CUST0073,DD-HCT-0028,2024-12-09,152,MTR,116.35,17685.2,INR,12.0,Delivered
TXN003155,HIST-2024-01159,1,CUST0004,DD-LIN-0013,2024-12-09,529,MTR,391.77,207246.33,INR,3.0,Delivered
TXN003156,HIST-2024-01159,2,CUST0004,DD-LIN-0029,2024-12-09,192,MTR,251.04,48199.68,INR,3.0,Delivered
TXN003157,HIST-2024-01159,3,CUST0004,DD-DNM-0027,2024-12-09,1667,MTR,208.42,347436.14,INR,3.0,Delivered
TXN003158,HIST-2024-01159,4,CUST0004,DD-DNM-0034,2024-12-09,564,MTR,300.15,169284.6,INR,3.0,Delivered
TXN003159,HIST-2024-01159,5,CUST0004,DD-KSJ-0017,2024-12-09,228,KG,321.64,73333.92,INR,3.0,Delivered
TXN005359,HIST-2024-01966,1,CUST0023,DD-FLN-0013,2024-12-09,565,MTR,125.23,70754.95,INR,7.0,Delivered
TXN005360,HIST-2024-01966,2,CUST0023,DD-PCS-0005,2024-12-09,209,MTR,80.07,16734.63,INR,7.0,Delivered
TXN005361,HIST-2024-01966,3,CUST0023,DD-CIN-0002,2024-12-09,212,MTR,213.14,45185.68,INR,7.0,Partially Delivered
TXN005827,HIST-2024-02138,1,CUST0109,DD-LIN-0002,2024-12-09,276,MTR,390.08,107662.08,INR,12.0,Delivered
TXN005828,HIST-2024-02138,2,CUST0109,DD-LIN-0013,2024-12-09,566,MTR,379.21,214632.86,INR,12.0,Delivered
TXN001816,HIST-2024-00658,1,CUST0098,DD-RBL-0008,2024-12-10,1087,MTR,55.63,60469.81,INR,7.0,Delivered
TXN001817,HIST-2024-00658,2,CUST0098,DD-PRB-0004,2024-12-10,520,MTR,111.33,57891.6,INR,7.0,Delivered
TXN002938,HIST-2024-01079,1,CUST0003,DD-SUT-0007,2024-12-10,872,MTR,184.05,160491.6,INR,7.0,Delivered
TXN002939,HIST-2024-01079,2,CUST0003,DD-CIN-0001,2024-12-10,877,MTR,216.83,190159.91,INR,7.0,Delivered
TXN002341,HIST-2024-00862,1,CUST0032,DD-MOD-0016,2024-12-11,2188,MTR,253.33,554286.04,INR,3.0,Partially Delivered
TXN002342,HIST-2024-00862,2,CUST0032,DD-PGT-0010,2024-12-11,2027,MTR,66.9,135606.3,INR,3.0,Delivered
TXN002343,HIST-2024-00862,3,CUST0032,DD-KIR-0010,2024-12-11,284,KG,459.95,130625.8,INR,3.0,Delivered
TXN002344,HIST-2024-00862,4,CUST0032,DD-HUP-0021,2024-12-11,170,MTR,298.88,50809.6,INR,3.0,Delivered
TXN002345,HIST-2024-00862,5,CUST0032,DD-PGT-0017,2024-12-11,791,MTR,65.18,51557.38,INR,3.0,Delivered
TXN002922,HIST-2024-01073,1,CUST0073,DD-CIN-0008,2024-12-11,264,MTR,220.0,58080.0,INR,12.0,Delivered
TXN005453,HIST-2024-01998,1,CUST0137,DD-CTB-0023,2024-12-11,1276,MTR,200.14,255378.64,INR,7.0,Delivered
TXN005454,HIST-2024-01998,2,CUST0137,DD-LIN-0034,2024-12-11,2001,MTR,255.87,511995.87,INR,7.0,Delivered
TXN006972,HIST-2024-02566,1,CUST0118,DD-TWL-0010,2024-12-11,277,PCS,193.49,53596.73,INR,7.0,Delivered
TXN000920,HIST-2024-00326,1,CUST0118,DD-CDV-0007,2024-12-12,130,MTR,189.11,24584.3,INR,7.0,Delivered
TXN001936,HIST-2024-00709,1,CUST0097,DD-LIN-0011,2024-12-12,1967,MTR,415.12,816541.04,INR,3.0,Delivered
TXN005925,HIST-2024-02183,1,CUST0036,DD-KSJ-0023,2024-12-12,49,KG,353.27,17310.23,INR,12.0,Delivered
TXN005926,HIST-2024-02183,2,CUST0036,DD-KSJ-0019,2024-12-12,164,KG,295.31,48430.84,INR,12.0,Delivered
TXN005927,HIST-2024-02183,3,CUST0036,DD-DNM-0013,2024-12-12,1437,MTR,168.12,241588.44,INR,12.0,Delivered
TXN001077,HIST-2024-00387,1,CUST0121,DD-CIN-0031,2024-12-13,2032,MTR,217.41,441777.12,INR,12.0,Delivered
TXN001078,HIST-2024-00387,2,CUST0121,DD-CIN-0016,2024-12-13,1147,MTR,225.64,258809.08,INR,12.0,Delivered
TXN001079,HIST-2024-00387,3,CUST0121,DD-CIN-0011,2024-12-13,291,MTR,208.54,60685.14,INR,12.0,Delivered
TXN001698,HIST-2024-00618,1,CUST0116,DD-HCT-0008,2024-12-13,602,MTR,214.26,128984.52,INR,7.0,Delivered
TXN000143,HIST-2024-00050,1,CUST0044,DD-BDS-0008,2024-12-14,220,MTR,154.81,34058.2,INR,7.0,Delivered
TXN000144,HIST-2024-00050,2,CUST0044,DD-HCT-0016,2024-12-14,899,MTR,159.75,143615.25,INR,7.0,Delivered
TXN000145,HIST-2024-00050,3,CUST0044,DD-HCT-0034,2024-12-14,295,MTR,214.86,63383.7,INR,7.0,Delivered
TXN000146,HIST-2024-00050,4,CUST0044,DD-BDS-0026,2024-12-14,845,MTR,218.89,184962.05,INR,7.0,Delivered
TXN001380,HIST-2024-00498,1,CUST0073,DD-BDS-0027,2024-12-14,256,MTR,209.67,53675.52,INR,12.0,Delivered
TXN001381,HIST-2024-00498,2,CUST0073,DD-HUP-0026,2024-12-14,845,MTR,240.72,203408.4,INR,12.0,Delivered
TXN001382,HIST-2024-00498,3,CUST0073,DD-BDS-0002,2024-12-14,437,MTR,212.76,92976.12,INR,12.0,Delivered
TXN003951,HIST-2024-01446,1,CUST0132,DD-CTS-0016,2024-12-14,282,MTR,111.31,31389.42,INR,7.0,Delivered
TXN003952,HIST-2024-01446,2,CUST0132,DD-DNM-0030,2024-12-14,728,MTR,281.17,204691.76,INR,7.0,Delivered
TXN003953,HIST-2024-01446,3,CUST0132,DD-MOD-0029,2024-12-14,910,MTR,164.75,149922.5,INR,7.0,Partially Delivered
TXN007363,HIST-2024-02713,1,CUST0089,DD-VSR-0035,2024-12-14,406,MTR,88.55,35951.3,INR,3.0,Delivered
TXN000889,HIST-2024-00316,1,CUST0059,DD-CIN-0030,2024-12-16,1181,MTR,173.79,205245.99,INR,12.0,Delivered
TXN000890,HIST-2024-00316,2,CUST0059,DD-CIN-0006,2024-12-16,1753,MTR,189.59,332351.27,INR,12.0,Delivered
TXN000891,HIST-2024-00316,3,CUST0059,DD-PCS-0026,2024-12-16,558,MTR,86.84,48456.72,INR,12.0,Delivered
TXN000892,HIST-2024-00316,4,CUST0059,DD-CTB-0023,2024-12-16,133,MTR,185.14,24623.62,INR,12.0,Delivered
TXN002370,HIST-2024-00872,1,CUST0135,DD-HCT-0012,2024-12-16,428,MTR,206.54,88399.12,INR,3.0,Delivered
TXN002371,HIST-2024-00872,2,CUST0135,DD-BDS-0018,2024-12-16,1322,MTR,246.7,326137.4,INR,3.0,Delivered
TXN002372,HIST-2024-00872,3,CUST0135,DD-HUP-0028,2024-12-16,688,MTR,271.63,186881.44,INR,3.0,Delivered
TXN002373,HIST-2024-00872,4,CUST0135,DD-HCT-0030,2024-12-16,183,MTR,134.99,24703.17,INR,3.0,Delivered
TXN002374,HIST-2024-00872,5,CUST0135,DD-CIN-0021,2024-12-16,570,MTR,272.76,155473.2,INR,3.0,Delivered
TXN000058,HIST-2024-00021,1,CUST0085,DD-MOD-0016,2024-12-17,416,MTR,256.86,106853.76,INR,3.0,Delivered
TXN000059,HIST-2024-00021,2,CUST0085,DD-CTS-0015,2024-12-17,312,MTR,115.84,36142.08,INR,3.0,Partially Delivered
TXN000060,HIST-2024-00021,3,CUST0085,DD-KSJ-0016,2024-12-17,229,KG,327.11,74908.19,INR,3.0,Delivered
TXN000061,HIST-2024-00021,4,CUST0085,DD-KSJ-0006,2024-12-17,242,KG,333.8,80779.6,INR,3.0,Delivered
TXN001943,HIST-2024-00711,1,CUST0102,DD-KFT-0004,2024-12-17,46,KG,300.25,13811.5,INR,7.0,Delivered
TXN001944,HIST-2024-00711,2,CUST0102,DD-CTS-0008,2024-12-17,940,MTR,138.24,129945.6,INR,7.0,Delivered
TXN005155,HIST-2024-01892,1,CUST0048,DD-KSJ-0001,2024-12-17,232,KG,431.73,100161.36,INR,12.0,Delivered
TXN002480,HIST-2024-00913,1,CUST0122,DD-CIN-0031,2024-12-18,1027,MTR,245.26,251882.02,INR,3.0,Delivered
TXN001191,HIST-2024-00429,1,CUST0098,DD-RBL-0002,2024-12-19,259,MTR,44.55,11538.45,INR,7.0,Delivered
TXN001192,HIST-2024-00429,2,CUST0098,DD-VSR-0035,2024-12-19,688,MTR,87.15,59959.2,INR,7.0,Delivered
TXN002246,HIST-2024-00826,1,CUST0064,DD-KFT-0018,2024-12-19,104,KG,267.12,27780.48,INR,12.0,Delivered
TXN002247,HIST-2024-00826,2,CUST0064,DD-KFT-0012,2024-12-19,105,KG,366.26,38457.3,INR,12.0,Delivered
TXN002267,HIST-2024-00833,1,CUST0012,DD-LIN-0002,2024-12-19,555,MTR,426.06,236463.3,INR,3.0,Delivered
TXN003164,HIST-2024-01162,1,CUST0109,DD-CTB-0022,2024-12-19,210,MTR,193.71,40679.1,INR,12.0,Delivered
TXN004877,HIST-2024-01791,1,CUST0084,DD-SUT-0012,2024-12-19,431,MTR,178.18,76795.58,INR,12.0,Delivered
TXN004878,HIST-2024-01791,2,CUST0084,DD-PCS-0024,2024-12-19,250,MTR,89.47,22367.5,INR,12.0,Delivered
TXN004879,HIST-2024-01791,3,CUST0084,DD-CIN-0014,2024-12-19,262,MTR,212.04,55554.48,INR,12.0,Delivered
TXN005207,HIST-2024-01915,1,CUST0107,DD-MOD-0031,2024-12-20,633,MTR,177.83,112566.39,INR,3.0,Delivered
TXN005208,HIST-2024-01915,2,CUST0107,DD-KSJ-0012,2024-12-20,290,KG,301.93,87559.7,INR,3.0,Delivered
TXN001523,HIST-2024-00556,1,CUST0018,DD-KSJ-0014,2024-12-21,272,KG,311.68,84776.96,INR,7.0,Delivered
TXN001524,HIST-2024-00556,2,CUST0018,DD-MOD-0031,2024-12-21,600,MTR,165.78,99468.0,INR,7.0,Delivered
TXN001525,HIST-2024-00556,3,CUST0018,DD-MOD-0016,2024-12-21,263,MTR,242.07,63664.41,INR,7.0,Delivered
TXN001526,HIST-2024-00556,4,CUST0018,DD-CTB-0023,2024-12-21,428,MTR,192.11,82223.08,INR,7.0,Delivered
TXN000370,HIST-2024-00134,1,CUST0089,DD-SAT-0022,2024-12-22,225,MTR,133.61,30062.25,INR,3.0,Delivered
TXN000371,HIST-2024-00134,2,CUST0089,DD-PGT-0032,2024-12-22,893,MTR,77.9,69564.7,INR,3.0,Delivered
TXN000694,HIST-2024-00247,1,CUST0093,DD-CTB-0003,2024-12-22,237,MTR,161.11,38183.07,INR,12.0,Delivered
TXN002747,HIST-2024-01014,1,CUST0085,DD-DNM-0020,2024-12-22,307,MTR,254.72,78199.04,INR,3.0,Delivered
TXN002958,HIST-2024-01086,1,CUST0063,DD-KFT-0004,2024-12-23,68,KG,294.33,20014.44,INR,7.0,Delivered
TXN002959,HIST-2024-01086,2,CUST0063,DD-KFT-0002,2024-12-23,270,KG,305.58,82506.6,INR,7.0,Cancelled
TXN002960,HIST-2024-01086,3,CUST0063,DD-DNM-0011,2024-12-23,340,MTR,175.04,59513.6,INR,7.0,Delivered
TXN000747,HIST-2024-00266,1,CUST0134,DD-CTB-0005,2024-12-24,242,MTR,214.18,51831.56,INR,3.0,Delivered
TXN000748,HIST-2024-00266,2,CUST0134,DD-CTB-0017,2024-12-24,269,MTR,147.71,39733.99,INR,3.0,Partially Delivered
TXN002349,HIST-2024-00865,1,CUST0083,DD-KIR-0006,2024-12-24,171,KG,397.14,67910.94,INR,3.0,Delivered
TXN002350,HIST-2024-00865,2,CUST0083,DD-CTB-0024,2024-12-24,330,MTR,204.04,67333.2,INR,3.0,Delivered
TXN002351,HIST-2024-00865,3,CUST0083,DD-KFT-0008,2024-12-24,431,KG,389.16,167727.96,INR,3.0,Delivered
TXN002352,HIST-2024-00865,4,CUST0083,DD-CTS-0014,2024-12-24,328,MTR,121.46,39838.88,INR,3.0,Delivered
TXN002353,HIST-2024-00865,5,CUST0083,DD-KFT-0026,2024-12-24,188,KG,338.92,63716.96,INR,3.0,Delivered
TXN005591,HIST-2024-02056,1,CUST0064,DD-KIR-0010,2024-12-24,189,KG,383.63,72506.07,INR,12.0,Delivered
TXN005592,HIST-2024-02056,2,CUST0064,DD-DNM-0024,2024-12-24,210,MTR,185.94,39047.4,INR,12.0,Delivered
TXN005593,HIST-2024-02056,3,CUST0064,DD-KFT-0018,2024-12-24,154,KG,262.87,40481.98,INR,12.0,Delivered
TXN005594,HIST-2024-02056,4,CUST0064,DD-CTB-0033,2024-12-24,643,MTR,206.67,132888.81,INR,12.0,Delivered
TXN005595,HIST-2024-02056,5,CUST0064,DD-KSJ-0020,2024-12-24,334,KG,286.69,95754.46,INR,12.0,Delivered
TXN005596,HIST-2024-02056,6,CUST0064,DD-KIR-0005,2024-12-24,427,KG,400.15,170864.05,INR,12.0,Delivered
TXN006829,HIST-2024-02515,1,CUST0099,DD-CIN-0007,2024-12-24,1021,MTR,233.86,238771.06,INR,7.0,Delivered
TXN006830,HIST-2024-02515,2,CUST0099,DD-HUP-0005,2024-12-24,1331,MTR,316.78,421634.18,INR,7.0,Delivered
TXN006831,HIST-2024-02515,3,CUST0099,DD-CTS-0006,2024-12-24,340,MTR,114.33,38872.2,INR,7.0,Delivered
TXN006832,HIST-2024-02515,4,CUST0099,DD-PCS-0021,2024-12-24,263,MTR,82.46,21686.98,INR,7.0,Delivered
TXN002802,HIST-2024-01033,1,CUST0083,DD-KIR-0019,2024-12-25,230,KG,376.44,86581.2,INR,3.0,Delivered
TXN002803,HIST-2024-01033,2,CUST0083,DD-CTS-0014,2024-12-25,724,MTR,123.18,89182.32,INR,3.0,Delivered
TXN002804,HIST-2024-01033,3,CUST0083,DD-KSJ-0004,2024-12-25,437,KG,341.82,149375.34,INR,3.0,Delivered
TXN002805,HIST-2024-01033,4,CUST0083,DD-KSJ-0015,2024-12-25,508,KG,343.24,174365.92,INR,3.0,Delivered
TXN004212,HIST-2024-01536,1,CUST0128,DD-CTB-0011,2024-12-25,199,MTR,171.29,34086.71,INR,3.0,Delivered
TXN005521,HIST-2024-02028,1,CUST0043,DD-CTS-0004,2024-12-25,1315,MTR,125.19,164624.85,INR,3.0,Delivered
TXN005522,HIST-2024-02028,2,CUST0043,DD-CTB-0015,2024-12-25,614,MTR,157.77,96870.78,INR,3.0,Delivered
TXN000781,HIST-2024-00278,1,CUST0012,DD-LIN-0002,2024-12-26,1207,MTR,426.95,515328.65,INR,3.0,Delivered
TXN000782,HIST-2024-00278,2,CUST0012,DD-MOD-0034,2024-12-26,272,MTR,275.77,75009.44,INR,3.0,Delivered
TXN000783,HIST-2024-00278,3,CUST0012,DD-CTB-0009,2024-12-26,1255,MTR,253.62,318293.1,INR,3.0,Delivered
TXN000784,HIST-2024-00278,4,CUST0012,DD-DNM-0006,2024-12-26,1705,MTR,256.85,437929.25,INR,3.0,Delivered
TXN000785,HIST-2024-00278,5,CUST0012,DD-KSJ-0016,2024-12-26,206,KG,323.77,66696.62,INR,3.0,Delivered
TXN006786,HIST-2024-02495,1,CUST0003,DD-CIN-0001,2024-12-26,143,MTR,216.84,31008.12,INR,7.0,Delivered
TXN001802,HIST-2024-00653,1,CUST0058,DD-KFT-0024,2024-12-27,45,KG,335.65,15104.25,INR,7.0,Delivered
TXN001803,HIST-2024-00653,2,CUST0058,DD-KFT-0001,2024-12-27,161,KG,323.95,52155.95,INR,7.0,Delivered
TXN001804,HIST-2024-00653,3,CUST0058,DD-CTB-0028,2024-12-27,865,MTR,170.13,147162.45,INR,7.0,Delivered
TXN003637,HIST-2024-01321,1,CUST0044,DD-BDS-0026,2024-12-27,339,MTR,217.99,73898.61,INR,7.0,Delivered
TXN003638,HIST-2024-01321,2,CUST0044,DD-HCT-0032,2024-12-27,1073,MTR,153.79,165016.67,INR,7.0,Delivered
TXN003639,HIST-2024-01321,3,CUST0044,DD-HCT-0034,2024-12-27,1397,MTR,212.37,296680.89,INR,7.0,Delivered
TXN002687,HIST-2024-00991,1,CUST0028,DD-VSR-0004,2024-12-28,225,MTR,89.2,20070.0,INR,3.0,Delivered
TXN002688,HIST-2024-00991,2,CUST0028,DD-SAT-0016,2024-12-28,392,MTR,145.77,57141.84,INR,3.0,Delivered
TXN005315,HIST-2024-01953,1,CUST0037,DD-DNM-0033,2024-12-28,430,MTR,292.94,125964.2,INR,7.0,Delivered
TXN005316,HIST-2024-01953,2,CUST0037,DD-DNM-0025,2024-12-28,1111,MTR,205.8,228643.8,INR,7.0,Delivered
TXN005317,HIST-2024-01953,3,CUST0037,DD-DNM-0015,2024-12-28,513,MTR,172.93,88713.09,INR,7.0,Delivered
TXN005893,HIST-2024-02168,1,CUST0118,DD-CIN-0021,2024-12-28,429,MTR,263.59,113080.11,INR,7.0,Delivered
TXN004473,HIST-2024-01642,1,CUST0080,DD-HCT-0002,2024-12-29,240,MTR,141.15,33876.0,INR,7.0,Delivered
TXN004474,HIST-2024-01642,2,CUST0080,DD-TWL-0026,2024-12-29,869,PCS,213.0,185097.0,INR,7.0,Delivered
TXN005465,HIST-2024-02003,1,CUST0058,DD-DNM-0012,2024-12-29,1130,MTR,167.26,189003.8,INR,7.0,Delivered
TXN005753,HIST-2024-02113,1,CUST0121,DD-HCT-0006,2024-12-30,1037,MTR,207.38,215053.06,INR,12.0,Delivered
TXN005754,HIST-2024-02113,2,CUST0121,DD-BDS-0020,2024-12-30,179,MTR,222.54,39834.66,INR,12.0,Delivered
TXN005755,HIST-2024-02113,3,CUST0121,DD-CIN-0005,2024-12-30,268,MTR,205.66,55116.88,INR,12.0,Delivered
TXN006668,HIST-2024-02451,1,CUST0118,DD-SUT-0019,2024-12-30,1628,MTR,254.16,413772.48,INR,7.0,Delivered
TXN006669,HIST-2024-02451,2,CUST0118,DD-CDV-0007,2024-12-30,1321,MTR,186.24,246023.04,INR,7.0,Delivered
TXN006670,HIST-2024-02451,3,CUST0118,DD-HUP-0016,2024-12-30,144,MTR,302.04,43493.76,INR,7.0,Delivered
TXN006671,HIST-2024-02451,4,CUST0118,DD-SAT-0032,2024-12-30,254,MTR,80.31,20398.74,INR,7.0,Delivered
TXN007484,HIST-2024-02760,1,CUST0004,DD-KSJ-0017,2024-12-31,265,KG,321.23,85125.95,INR,3.0,Delivered
TXN007485,HIST-2024-02760,2,CUST0004,DD-DNM-0027,2024-12-31,216,MTR,212.09,45811.44,INR,3.0,Delivered
TXN007486,HIST-2024-02760,3,CUST0004,DD-DNM-0034,2024-12-31,166,MTR,297.71,49419.86,INR,3.0,Partially Delivered
TXN002227,HIST-2025-00820,1,CUST0009,DD-PGT-0028,2025-01-01,1101,MTR,63.83,70276.83,INR,7.0,Delivered
TXN002228,HIST-2025-00820,2,CUST0009,DD-SAT-0032,2025-01-01,886,MTR,84.31,74698.66,INR,7.0,Delivered
TXN002229,HIST-2025-00820,3,CUST0009,DD-SAT-0003,2025-01-01,2167,MTR,178.48,386766.16,INR,7.0,Delivered
TXN002230,HIST-2025-00820,4,CUST0009,DD-PRB-0024,2025-01-01,1063,MTR,104.26,110828.38,INR,7.0,Delivered
TXN002231,HIST-2025-00820,5,CUST0009,DD-PRB-0032,2025-01-01,326,MTR,157.69,51406.94,INR,7.0,Delivered
TXN003500,HIST-2025-01282,1,CUST0064,DD-KSJ-0012,2025-01-01,425,KG,290.05,123271.25,INR,12.0,Delivered
TXN003501,HIST-2025-01282,2,CUST0064,DD-KIR-0009,2025-01-01,70,KG,396.4,27748.0,INR,12.0,Delivered
TXN004396,HIST-2025-01609,1,CUST0093,DD-CTB-0003,2025-01-01,450,MTR,161.5,72675.0,INR,12.0,Delivered
TXN006162,HIST-2025-02259,1,CUST0035,DD-CTS-0008,2025-01-01,586,MTR,132.57,77686.02,INR,3.0,Delivered
TXN006163,HIST-2025-02259,2,CUST0035,DD-MOD-0007,2025-01-01,233,MTR,240.77,56099.41,INR,3.0,Delivered
TXN006164,HIST-2025-02259,3,CUST0035,DD-LIN-0034,2025-01-01,216,MTR,272.66,58894.56,INR,3.0,Delivered
TXN006165,HIST-2025-02259,4,CUST0035,DD-MOD-0035,2025-01-01,174,MTR,276.01,48025.74,INR,3.0,Delivered
TXN002204,HIST-2025-00811,1,CUST0017,DD-KFT-0021,2025-01-02,140,KG,377.1,52794.0,INR,7.0,Delivered
TXN002205,HIST-2025-00811,2,CUST0017,DD-DNM-0013,2025-01-02,735,MTR,180.83,132910.05,INR,7.0,Delivered
TXN004102,HIST-2025-01497,1,CUST0048,DD-MOD-0023,2025-01-03,1239,MTR,159.22,197273.58,INR,12.0,Delivered
TXN004137,HIST-2025-01510,1,CUST0118,DD-TWL-0015,2025-01-03,1302,PCS,204.72,266545.44,INR,7.0,Cancelled
TXN004138,HIST-2025-01510,2,CUST0118,DD-SUT-0017,2025-01-03,1096,MTR,198.7,217775.2,INR,7.0,Delivered
TXN004139,HIST-2025-01510,3,CUST0118,DD-KIR-0001,2025-01-03,157,KG,324.29,50913.53,INR,7.0,Delivered
TXN007189,HIST-2025-02642,1,CUST0014,DD-SUT-0028,2025-01-03,1689,MTR,196.03,331094.67,INR,7.0,Partially Delivered
TXN007190,HIST-2025-02642,2,CUST0014,DD-SUT-0008,2025-01-03,256,MTR,180.35,46169.6,INR,7.0,Cancelled
TXN002756,HIST-2025-01018,1,CUST0006,DD-CTB-0017,2025-01-04,811,MTR,149.44,121195.84,INR,7.0,Delivered
TXN002757,HIST-2025-01018,2,CUST0006,DD-KSJ-0011,2025-01-04,99,KG,295.56,29260.44,INR,7.0,Delivered
TXN005532,HIST-2025-02032,1,CUST0038,DD-BDS-0024,2025-01-04,1147,MTR,243.36,279133.92,INR,12.0,Delivered
TXN001407,HIST-2025-00510,1,CUST0061,DD-VSR-0013,2025-01-05,919,MTR,87.11,80054.09,INR,3.0,Delivered
TXN001408,HIST-2025-00510,2,CUST0061,DD-PRB-0017,2025-01-05,2190,MTR,113.24,247995.6,INR,3.0,Partially Delivered
TXN001409,HIST-2025-00510,3,CUST0061,DD-LIN-0027,2025-01-05,531,MTR,263.53,139934.43,INR,3.0,Delivered
TXN001410,HIST-2025-00510,4,CUST0061,DD-SAT-0013,2025-01-05,182,MTR,155.6,28319.2,INR,3.0,Partially Delivered
TXN001411,HIST-2025-00510,5,CUST0061,DD-LIN-0034,2025-01-05,500,MTR,279.17,139585.0,INR,3.0,Delivered
TXN001412,HIST-2025-00510,6,CUST0061,DD-PGT-0018,2025-01-05,285,MTR,69.38,19773.3,INR,3.0,Delivered
TXN002533,HIST-2025-00934,1,CUST0024,DD-CTB-0028,2025-01-05,356,MTR,176.83,62951.48,INR,3.0,Delivered
TXN003204,HIST-2025-01176,1,CUST0008,DD-DNM-0011,2025-01-05,1470,MTR,160.63,236126.1,INR,7.0,Delivered
TXN003205,HIST-2025-01176,2,CUST0008,DD-CTS-0015,2025-01-05,281,MTR,117.02,32882.62,INR,7.0,Delivered
TXN003206,HIST-2025-01176,3,CUST0008,DD-KSJ-0020,2025-01-05,160,KG,295.73,47316.8,INR,7.0,Delivered
TXN006410,HIST-2025-02352,1,CUST0030,DD-KSJ-0007,2025-01-05,196,KG,313.06,61359.76,INR,12.0,Delivered
TXN006411,HIST-2025-02352,2,CUST0030,DD-KIR-0007,2025-01-05,321,KG,361.91,116173.11,INR,12.0,Delivered
TXN006412,HIST-2025-02352,3,CUST0030,DD-DNM-0016,2025-01-05,2227,MTR,242.01,538956.27,INR,12.0,Delivered
TXN006413,HIST-2025-02352,4,CUST0030,DD-CTS-0017,2025-01-05,1340,MTR,82.4,110416.0,INR,12.0,Delivered
TXN000822,HIST-2025-00290,1,CUST0098,DD-RBL-0002,2025-01-06,854,MTR,45.62,38959.48,INR,7.0,Delivered
TXN000823,HIST-2025-00290,2,CUST0098,DD-FLN-0016,2025-01-06,681,MTR,134.88,91853.28,INR,7.0,Delivered
TXN003227,HIST-2025-01187,1,CUST0118,DD-VSR-0019,2025-01-06,459,MTR,82.29,37771.11,INR,7.0,Delivered
TXN003228,HIST-2025-01187,2,CUST0118,DD-SAT-0032,2025-01-06,281,MTR,78.44,22041.64,INR,7.0,Delivered
TXN003229,HIST-2025-01187,3,CUST0118,DD-CIN-0021,2025-01-06,881,MTR,260.25,229280.25,INR,7.0,Partially Delivered
TXN003230,HIST-2025-01187,4,CUST0118,DD-BDS-0017,2025-01-06,340,MTR,198.23,67398.2,INR,7.0,Partially Delivered
TXN003231,HIST-2025-01187,5,CUST0118,DD-HUP-0016,2025-01-06,682,MTR,297.33,202779.06,INR,7.0,Delivered
TXN003232,HIST-2025-01187,6,CUST0118,DD-SUT-0019,2025-01-06,1789,MTR,253.72,453905.08,INR,7.0,Delivered
TXN003930,HIST-2025-01439,1,CUST0069,DD-DNM-0005,2025-01-06,1335,MTR,227.68,303952.8,INR,7.0,Delivered
TXN003931,HIST-2025-01439,2,CUST0069,DD-PGT-0031,2025-01-06,188,MTR,70.39,13233.32,INR,7.0,Delivered
TXN003932,HIST-2025-01439,3,CUST0069,DD-SUT-0004,2025-01-06,1111,MTR,203.09,225632.99,INR,7.0,Delivered
TXN003933,HIST-2025-01439,4,CUST0069,DD-FLN-0003,2025-01-06,158,MTR,141.54,22363.32,INR,7.0,Delivered
TXN000269,HIST-2025-00096,1,CUST0078,DD-VSR-0005,2025-01-07,582,MTR,92.57,53875.74,INR,7.0,Delivered
TXN000270,HIST-2025-00096,2,CUST0078,DD-PGT-0023,2025-01-07,920,MTR,51.01,46929.2,INR,7.0,Delivered
TXN000271,HIST-2025-00096,3,CUST0078,DD-SAT-0008,2025-01-07,307,MTR,167.8,51514.6,INR,7.0,Delivered
TXN000272,HIST-2025-00096,4,CUST0078,DD-PRB-0025,2025-01-07,516,MTR,111.67,57621.72,INR,7.0,Delivered
TXN000273,HIST-2025-00096,5,CUST0078,DD-SAT-0016,2025-01-07,206,MTR,141.64,29177.84,INR,7.0,Delivered
TXN000985,HIST-2025-00355,1,CUST0075,DD-CTS-0021,2025-01-07,494,MTR,75.94,37514.36,INR,7.0,Delivered
TXN000986,HIST-2025-00355,2,CUST0075,DD-KFT-0022,2025-01-07,79,KG,389.52,30772.08,INR,7.0,Delivered
TXN000987,HIST-2025-00355,3,CUST0075,DD-CTB-0005,2025-01-07,529,MTR,220.85,116829.65,INR,7.0,Delivered
TXN000988,HIST-2025-00355,4,CUST0075,DD-KIR-0030,2025-01-07,109,KG,406.0,44254.0,INR,7.0,Delivered
TXN000989,HIST-2025-00355,5,CUST0075,DD-DNM-0027,2025-01-07,400,MTR,204.8,81920.0,INR,7.0,Delivered
TXN000255,HIST-2025-00092,1,CUST0119,DD-SAT-0022,2025-01-08,539,MTR,132.04,71169.56,INR,7.0,Delivered
TXN000256,HIST-2025-00092,2,CUST0119,DD-PGT-0023,2025-01-08,396,MTR,47.27,18718.92,INR,7.0,Delivered
TXN000257,HIST-2025-00092,3,CUST0119,DD-PRB-0030,2025-01-08,228,MTR,150.98,34423.44,INR,7.0,Delivered
TXN000258,HIST-2025-00092,4,CUST0119,DD-PGT-0007,2025-01-08,681,MTR,72.06,49072.86,INR,7.0,Delivered
TXN000259,HIST-2025-00092,5,CUST0119,DD-SAT-0025,2025-01-08,546,MTR,154.63,84427.98,INR,7.0,Delivered
TXN000260,HIST-2025-00092,6,CUST0119,DD-MOD-0029,2025-01-08,1078,MTR,164.28,177093.84,INR,7.0,Delivered
TXN000877,HIST-2025-00311,1,CUST0091,DD-CTB-0005,2025-01-08,1943,MTR,189.33,367868.19,INR,12.0,Delivered
TXN000878,HIST-2025-00311,2,CUST0091,DD-KIR-0006,2025-01-08,189,KG,383.53,72487.17,INR,12.0,Cancelled
TXN000879,HIST-2025-00311,3,CUST0091,DD-KFT-0024,2025-01-08,48,KG,302.23,14507.04,INR,12.0,Delivered
TXN000880,HIST-2025-00311,4,CUST0091,DD-KFT-0001,2025-01-08,110,KG,314.15,34556.5,INR,12.0,Delivered
TXN001086,HIST-2025-00391,1,CUST0122,DD-CIN-0022,2025-01-08,275,MTR,259.82,71450.5,INR,3.0,Delivered
TXN001087,HIST-2025-00391,2,CUST0122,DD-PCS-0029,2025-01-08,591,MTR,100.2,59218.2,INR,3.0,Delivered
TXN001088,HIST-2025-00391,3,CUST0122,DD-FLN-0006,2025-01-08,1429,MTR,195.45,279298.05,INR,3.0,Delivered
TXN001089,HIST-2025-00391,4,CUST0122,DD-CIN-0031,2025-01-08,1004,MTR,240.35,241311.4,INR,3.0,Delivered
TXN007412,HIST-2025-02731,1,CUST0030,DD-KIR-0021,2025-01-08,219,KG,350.02,76654.38,INR,12.0,Delivered
TXN007413,HIST-2025-02731,2,CUST0030,DD-KIR-0007,2025-01-08,56,KG,358.74,20089.44,INR,12.0,Delivered
TXN003721,HIST-2025-01351,1,CUST0070,DD-VSR-0024,2025-01-09,272,MTR,109.86,29881.92,INR,3.0,Delivered
TXN003722,HIST-2025-01351,2,CUST0070,DD-FLN-0010,2025-01-09,293,MTR,182.54,53484.22,INR,3.0,Delivered
TXN003723,HIST-2025-01351,3,CUST0070,DD-LIN-0012,2025-01-09,132,MTR,421.66,55659.12,INR,3.0,Delivered
TXN001468,HIST-2025-00534,1,CUST0121,DD-TWL-0027,2025-01-10,292,PCS,193.05,56370.6,INR,12.0,Delivered
TXN004514,HIST-2025-01661,1,CUST0005,DD-LIN-0018,2025-01-10,1730,MTR,399.45,691048.5,INR,12.0,Delivered
TXN005165,HIST-2025-01896,1,CUST0118,DD-KIR-0001,2025-01-10,201,KG,320.26,64372.26,INR,7.0,Delivered
TXN005166,HIST-2025-01896,2,CUST0118,DD-VSR-0019,2025-01-10,479,MTR,83.55,40020.45,INR,7.0,Delivered
TXN003240,HIST-2025-01190,1,CUST0007,DD-CTS-0017,2025-01-11,742,MTR,91.01,67529.42,INR,7.0,Delivered
TXN003241,HIST-2025-01190,2,CUST0007,DD-KFT-0007,2025-01-11,319,KG,406.52,129679.88,INR,7.0,Delivered
TXN003242,HIST-2025-01190,3,CUST0007,DD-KIR-0001,2025-01-11,431,KG,328.43,141553.33,INR,7.0,Delivered
TXN003243,HIST-2025-01190,4,CUST0007,DD-CTS-0008,2025-01-11,1367,MTR,125.58,171667.86,INR,7.0,Delivered
TXN004366,HIST-2025-01599,1,CUST0059,DD-FLN-0023,2025-01-11,581,MTR,161.43,93790.83,INR,12.0,Delivered
TXN004367,HIST-2025-01599,2,CUST0059,DD-PCS-0026,2025-01-11,555,MTR,87.18,48384.9,INR,12.0,Partially Delivered
TXN004368,HIST-2025-01599,3,CUST0059,DD-CIN-0030,2025-01-11,670,MTR,172.95,115876.5,INR,12.0,Delivered
TXN001393,HIST-2025-00506,1,CUST0124,DD-PGT-0006,2025-01-12,169,MTR,75.05,12683.45,INR,7.0,Partially Delivered
TXN001394,HIST-2025-00506,2,CUST0124,DD-SAT-0001,2025-01-12,740,MTR,178.22,131882.8,INR,7.0,Delivered
TXN001395,HIST-2025-00506,3,CUST0124,DD-PGT-0008,2025-01-12,1192,MTR,71.23,84906.16,INR,7.0,Delivered
TXN003183,HIST-2025-01169,1,CUST0018,DD-MOD-0031,2025-01-12,1263,MTR,167.04,210971.52,INR,7.0,Delivered
TXN003184,HIST-2025-01169,2,CUST0018,DD-LIN-0004,2025-01-12,2260,MTR,332.46,751359.6,INR,7.0,Delivered
TXN003827,HIST-2025-01398,1,CUST0037,DD-CTS-0007,2025-01-12,559,MTR,125.56,70188.04,INR,7.0,Delivered
TXN003080,HIST-2025-01132,1,CUST0034,DD-DNM-0003,2025-01-14,283,MTR,223.47,63242.01,INR,7.0,Delivered
TXN003081,HIST-2025-01132,2,CUST0034,DD-KSJ-0005,2025-01-14,212,KG,316.45,67087.4,INR,7.0,Delivered
TXN003082,HIST-2025-01132,3,CUST0034,DD-CTB-0019,2025-01-14,131,MTR,223.32,29254.92,INR,7.0,Delivered
TXN003083,HIST-2025-01132,4,CUST0034,DD-CTB-0014,2025-01-14,618,MTR,174.53,107859.54,INR,7.0,Delivered
TXN003848,HIST-2025-01410,1,CUST0054,DD-CIN-0025,2025-01-15,612,MTR,257.4,157528.8,INR,7.0,Delivered
TXN003849,HIST-2025-01410,2,CUST0054,DD-CIN-0015,2025-01-15,1828,MTR,211.87,387298.36,INR,7.0,Delivered
TXN003850,HIST-2025-01410,3,CUST0054,DD-HCT-0037,2025-01-15,900,MTR,216.89,195201.0,INR,7.0,Delivered
TXN003851,HIST-2025-01410,4,CUST0054,DD-CIN-0009,2025-01-15,1355,MTR,254.7,345118.5,INR,7.0,Partially Delivered
TXN003852,HIST-2025-01410,5,CUST0054,DD-BDS-0020,2025-01-15,516,MTR,222.57,114846.12,INR,7.0,Delivered
TXN005894,HIST-2025-02169,1,CUST0109,DD-MOD-0002,2025-01-15,800,MTR,199.6,159680.0,INR,12.0,Cancelled
TXN007296,HIST-2025-02685,1,CUST0001,DD-FLN-0021,2025-01-15,1118,MTR,186.46,208462.28,INR,3.0,Delivered
TXN000902,HIST-2025-00319,1,CUST0068,DD-PGT-0027,2025-01-16,840,MTR,52.1,43764.0,INR,3.0,Delivered
TXN000903,HIST-2025-00319,2,CUST0068,DD-HUP-0016,2025-01-16,217,MTR,322.98,70086.66,INR,3.0,Delivered
TXN000904,HIST-2025-00319,3,CUST0068,DD-HUP-0030,2025-01-16,2118,MTR,275.83,584207.94,INR,3.0,Cancelled
TXN001084,HIST-2025-00390,1,CUST0078,DD-SAT-0016,2025-01-16,896,MTR,143.09,128208.64,INR,7.0,Delivered
TXN001085,HIST-2025-00390,2,CUST0078,DD-PGT-0023,2025-01-16,295,MTR,51.8,15281.0,INR,7.0,Delivered
TXN002701,HIST-2025-00997,1,CUST0110,DD-CIN-0025,2025-01-16,431,MTR,269.88,116318.28,INR,3.0,Delivered
TXN002702,HIST-2025-00997,2,CUST0110,DD-PCS-0009,2025-01-16,777,MTR,101.74,79051.98,INR,3.0,Delivered
TXN002703,HIST-2025-00997,3,CUST0110,DD-CIN-0003,2025-01-16,652,MTR,220.0,143440.0,INR,3.0,Delivered
TXN004921,HIST-2025-01805,1,CUST0122,DD-FLN-0006,2025-01-16,2213,MTR,192.41,425803.33,INR,3.0,Delivered
TXN004922,HIST-2025-01805,2,CUST0122,DD-CIN-0024,2025-01-16,1281,MTR,269.97,345831.57,INR,3.0,Delivered
TXN004923,HIST-2025-01805,3,CUST0122,DD-CIN-0029,2025-01-16,1752,MTR,189.72,332389.44,INR,3.0,Delivered
TXN000924,HIST-2025-00330,1,CUST0102,DD-KFT-0004,2025-01-17,512,KG,301.76,154501.12,INR,7.0,Delivered
TXN000925,HIST-2025-00330,2,CUST0102,DD-CTS-0001,2025-01-17,549,MTR,100.35,55092.15,INR,7.0,Delivered
TXN000926,HIST-2025-00330,3,CUST0102,DD-CTB-0023,2025-01-17,795,MTR,191.84,152512.8,INR,7.0,Delivered
TXN000927,HIST-2025-00330,4,CUST0102,DD-KSJ-0015,2025-01-17,193,KG,323.3,62396.9,INR,7.0,Partially Delivered
TXN004309,HIST-2025-01572,1,CUST0126,DD-DNM-0035,2025-01-17,242,MTR,190.29,46050.18,INR,7.0,Delivered
TXN004310,HIST-2025-01572,2,CUST0126,DD-MOD-0022,2025-01-17,687,MTR,221.24,151991.88,INR,7.0,Delivered
TXN004311,HIST-2025-01572,3,CUST0126,DD-DNM-0013,2025-01-17,212,MTR,179.25,38001.0,INR,7.0,Partially Delivered
TXN004312,HIST-2025-01572,4,CUST0126,DD-MOD-0004,2025-01-17,1986,MTR,199.1,395412.6,INR,7.0,Delivered
TXN004313,HIST-2025-01572,5,CUST0126,DD-CTS-0023,2025-01-17,289,MTR,89.04,25732.56,INR,7.0,Delivered
TXN006592,HIST-2025-02418,1,CUST0059,DD-SUT-0018,2025-01-17,2129,MTR,193.81,412621.49,INR,12.0,Cancelled
TXN001694,HIST-2025-00617,1,CUST0096,DD-DNM-0008,2025-01-18,1685,MTR,228.59,385174.15,INR,7.0,Delivered
TXN001695,HIST-2025-00617,2,CUST0096,DD-CTS-0022,2025-01-18,1142,MTR,88.04,100541.68,INR,7.0,Delivered
TXN001696,HIST-2025-00617,3,CUST0096,DD-KSJ-0015,2025-01-18,110,KG,310.38,34141.8,INR,7.0,Delivered
TXN001697,HIST-2025-00617,4,CUST0096,DD-DNM-0026,2025-01-18,1972,MTR,207.4,408992.8,INR,7.0,Delivered
TXN004871,HIST-2025-01789,1,CUST0005,DD-SAT-0029,2025-01-18,208,MTR,78.32,16290.56,INR,12.0,Delivered
TXN004872,HIST-2025-01789,2,CUST0005,DD-PRB-0030,2025-01-18,1008,MTR,141.81,142944.48,INR,12.0,Delivered
TXN005156,HIST-2025-01893,1,CUST0030,DD-KIR-0036,2025-01-18,482,KG,357.37,172252.34,INR,12.0,Delivered
TXN002789,HIST-2025-01030,1,CUST0096,DD-CTB-0002,2025-01-19,497,MTR,151.8,75444.6,INR,7.0,Delivered
TXN002790,HIST-2025-01030,2,CUST0096,DD-DNM-0026,2025-01-19,2296,MTR,207.55,476534.8,INR,7.0,Delivered
TXN002791,HIST-2025-01030,3,CUST0096,DD-CTS-0022,2025-01-19,668,MTR,86.65,57882.2,INR,7.0,Partially Delivered
TXN002792,HIST-2025-01030,4,CUST0096,DD-CTB-0011,2025-01-19,514,MTR,157.75,81083.5,INR,7.0,Delivered
TXN002870,HIST-2025-01056,1,CUST0128,DD-KFT-0001,2025-01-19,276,KG,352.7,97345.2,INR,3.0,Delivered
TXN001201,HIST-2025-00432,1,CUST0051,DD-CTB-0028,2025-01-20,1031,MTR,159.8,164753.8,INR,7.0,Delivered
TXN001202,HIST-2025-00432,2,CUST0051,DD-KIR-0004,2025-01-20,245,KG,368.09,90182.05,INR,7.0,Delivered
TXN001203,HIST-2025-00432,3,CUST0051,DD-KSJ-0003,2025-01-20,48,KG,451.52,21672.96,INR,7.0,Delivered
TXN001204,HIST-2025-00432,4,CUST0051,DD-KFT-0019,2025-01-20,52,KG,284.63,14800.76,INR,7.0,Delivered
TXN003593,HIST-2025-01306,1,CUST0070,DD-LIN-0003,2025-01-20,2002,MTR,426.18,853212.36,INR,3.0,Delivered
TXN003594,HIST-2025-01306,2,CUST0070,DD-CDV-0011,2025-01-20,683,MTR,248.94,170026.02,INR,3.0,Delivered
TXN003595,HIST-2025-01306,3,CUST0070,DD-LIN-0012,2025-01-20,397,MTR,415.59,164989.23,INR,3.0,Delivered
TXN003596,HIST-2025-01306,4,CUST0070,DD-VSR-0024,2025-01-20,324,MTR,106.95,34651.8,INR,3.0,Delivered
TXN005475,HIST-2025-02009,1,CUST0116,DD-KIR-0018,2025-01-20,186,KG,482.14,89678.04,INR,7.0,Delivered
TXN005476,HIST-2025-02009,2,CUST0116,DD-PRB-0014,2025-01-20,542,MTR,136.39,73923.38,INR,7.0,Cancelled
TXN007369,HIST-2025-02716,1,CUST0111,DD-VSR-0031,2025-01-20,561,MTR,106.46,59724.06,INR,12.0,Delivered
TXN007370,HIST-2025-02716,2,CUST0111,DD-MOD-0032,2025-01-20,397,MTR,258.7,102703.9,INR,12.0,Delivered
TXN007371,HIST-2025-02716,3,CUST0111,DD-VSR-0004,2025-01-20,197,MTR,87.39,17215.83,INR,12.0,Delivered
TXN001206,HIST-2025-00434,1,CUST0054,DD-HCT-0013,2025-01-21,217,MTR,213.24,46273.08,INR,7.0,Delivered
TXN001207,HIST-2025-00434,2,CUST0054,DD-CIN-0015,2025-01-21,219,MTR,212.55,46548.45,INR,7.0,Delivered
TXN002626,HIST-2025-00970,1,CUST0126,DD-DNM-0005,2025-01-22,266,MTR,221.92,59030.72,INR,7.0,Delivered
TXN002627,HIST-2025-00970,2,CUST0126,DD-CTS-0023,2025-01-22,273,MTR,86.81,23699.13,INR,7.0,Delivered
TXN002628,HIST-2025-00970,3,CUST0126,DD-MOD-0022,2025-01-22,564,MTR,215.8,121711.2,INR,7.0,Delivered
TXN002629,HIST-2025-00970,4,CUST0126,DD-DNM-0035,2025-01-22,1653,MTR,195.62,323359.86,INR,7.0,Delivered
TXN004194,HIST-2025-01528,1,CUST0125,DD-DNM-0017,2025-01-22,2231,MTR,265.4,592107.4,INR,7.0,Delivered
TXN004195,HIST-2025-01528,2,CUST0125,DD-CTB-0029,2025-01-22,715,MTR,167.0,119405.0,INR,7.0,Delivered
TXN006189,HIST-2025-02269,1,CUST0116,DD-HCT-0008,2025-01-22,447,MTR,218.02,97454.94,INR,7.0,Delivered
TXN003613,HIST-2025-01312,1,CUST0109,DD-MOD-0002,2025-01-23,1047,MTR,203.72,213294.84,INR,12.0,Cancelled
TXN003614,HIST-2025-01312,2,CUST0109,DD-CTB-0019,2025-01-23,524,MTR,197.97,103736.28,INR,12.0,Delivered
TXN007016,HIST-2025-02583,1,CUST0098,DD-VSR-0035,2025-01-23,1783,MTR,88.74,158223.42,INR,7.0,Delivered
TXN007017,HIST-2025-02583,2,CUST0098,DD-SUT-0005,2025-01-23,1606,MTR,214.66,344743.96,INR,7.0,Delivered
TXN007018,HIST-2025-02583,3,CUST0098,DD-CDV-0024,2025-01-23,1301,MTR,206.25,268331.25,INR,7.0,Delivered
TXN007019,HIST-2025-02583,4,CUST0098,DD-PGT-0025,2025-01-23,996,MTR,51.37,51164.52,INR,7.0,Partially Delivered
TXN007020,HIST-2025-02583,5,CUST0098,DD-RBL-0026,2025-01-23,541,MTR,45.6,24669.6,INR,7.0,Cancelled
TXN007021,HIST-2025-02583,6,CUST0098,DD-LIN-0013,2025-01-23,707,MTR,404.02,285642.14,INR,7.0,Delivered
TXN005631,HIST-2025-02070,1,CUST0108,DD-RBL-0017,2025-01-24,606,MTR,60.36,36578.16,INR,12.0,Delivered
TXN005632,HIST-2025-02070,2,CUST0108,DD-HCT-0018,2025-01-24,370,MTR,143.74,53183.8,INR,12.0,Delivered
TXN005119,HIST-2025-01875,1,CUST0068,DD-LIN-0001,2025-01-25,562,MTR,436.85,245509.7,INR,3.0,Delivered
TXN006926,HIST-2025-02549,1,CUST0032,DD-CTB-0024,2025-01-25,260,MTR,207.5,53950.0,INR,3.0,Delivered
TXN006927,HIST-2025-02549,2,CUST0032,DD-BDS-0033,2025-01-25,970,MTR,198.4,192448.0,INR,3.0,Delivered
TXN006987,HIST-2025-02573,1,CUST0105,DD-KSJ-0018,2025-01-25,304,KG,284.13,86375.52,INR,12.0,Delivered
TXN006988,HIST-2025-02573,2,CUST0105,DD-KSJ-0027,2025-01-25,329,KG,299.23,98446.67,INR,12.0,Delivered
TXN006989,HIST-2025-02573,3,CUST0105,DD-KSJ-0014,2025-01-25,207,KG,300.37,62176.59,INR,12.0,Delivered
TXN003769,HIST-2025-01372,1,CUST0097,DD-VSR-0019,2025-01-26,643,MTR,86.69,55741.67,INR,3.0,Delivered
TXN003523,HIST-2025-01288,1,CUST0052,DD-PCS-0007,2025-01-27,990,MTR,92.64,91713.6,INR,3.0,Delivered
TXN003524,HIST-2025-01288,2,CUST0052,DD-SUT-0009,2025-01-27,1825,MTR,190.52,347699.0,INR,3.0,Delivered
TXN003525,HIST-2025-01288,3,CUST0052,DD-PCS-0011,2025-01-27,152,MTR,79.89,12143.28,INR,3.0,Delivered
TXN003526,HIST-2025-01288,4,CUST0052,DD-CIN-0003,2025-01-27,424,MTR,231.29,98066.96,INR,3.0,Delivered
TXN005314,HIST-2025-01952,1,CUST0119,DD-LIN-0021,2025-01-27,194,MTR,425.17,82482.98,INR,7.0,Delivered
TXN001354,HIST-2025-00488,1,CUST0068,DD-CDV-0029,2025-01-28,2219,MTR,177.28,393384.32,INR,3.0,Delivered
TXN006654,HIST-2025-02444,1,CUST0079,DD-CTS-0014,2025-01-28,1024,MTR,119.59,122460.16,INR,3.0,Delivered
TXN007487,HIST-2025-02761,1,CUST0006,DD-CTS-0011,2025-01-28,935,MTR,131.59,123036.65,INR,7.0,Delivered
TXN001038,HIST-2025-00375,1,CUST0031,DD-CTS-0024,2025-01-30,279,MTR,83.73,23360.67,INR,7.0,Delivered
TXN001039,HIST-2025-00375,2,CUST0031,DD-KFT-0025,2025-01-30,54,KG,349.76,18887.04,INR,7.0,Delivered
TXN001040,HIST-2025-00375,3,CUST0031,DD-CTB-0024,2025-01-30,439,MTR,190.36,83568.04,INR,7.0,Delivered
TXN002396,HIST-2025-00879,1,CUST0108,DD-CTB-0020,2025-01-30,418,MTR,198.25,82868.5,INR,12.0,Delivered
TXN005390,HIST-2025-01977,1,CUST0119,DD-SAT-0025,2025-01-30,294,MTR,156.35,45966.9,INR,7.0,Partially Delivered
TXN005391,HIST-2025-01977,2,CUST0119,DD-PGT-0010,2025-01-30,883,MTR,62.49,55178.67,INR,7.0,Delivered
TXN005392,HIST-2025-01977,3,CUST0119,DD-PRB-0030,2025-01-30,432,MTR,153.08,66130.56,INR,7.0,Delivered
TXN005393,HIST-2025-01977,4,CUST0119,DD-PRB-0038,2025-01-30,188,MTR,153.6,28876.8,INR,7.0,Delivered
TXN005394,HIST-2025-01977,5,CUST0119,DD-SAT-0018,2025-01-30,430,MTR,147.99,63635.7,INR,7.0,Delivered
TXN005395,HIST-2025-01977,6,CUST0119,DD-SAT-0022,2025-01-30,228,MTR,133.97,30545.16,INR,7.0,Partially Delivered
TXN006345,HIST-2025-02327,1,CUST0073,DD-BDS-0027,2025-01-30,482,MTR,205.22,98916.04,INR,12.0,Delivered
TXN006346,HIST-2025-02327,2,CUST0073,DD-HUP-0008,2025-01-30,1713,MTR,323.55,554241.15,INR,12.0,Delivered
TXN000636,HIST-2025-00226,1,CUST0077,DD-SAT-0017,2025-01-31,453,MTR,152.47,69068.91,INR,7.0,Delivered
TXN000637,HIST-2025-00226,2,CUST0077,DD-CIN-0008,2025-01-31,1392,MTR,235.29,327523.68,INR,7.0,Delivered
TXN000638,HIST-2025-00226,3,CUST0077,DD-KIR-0010,2025-01-31,98,KG,415.28,40697.44,INR,7.0,Delivered
TXN000639,HIST-2025-00226,4,CUST0077,DD-SUT-0015,2025-01-31,198,MTR,270.28,53515.44,INR,7.0,Delivered
TXN000640,HIST-2025-00226,5,CUST0077,DD-LIN-0034,2025-01-31,413,MTR,271.76,112236.88,INR,7.0,Delivered
TXN007022,HIST-2025-02584,1,CUST0065,DD-MOD-0025,2025-01-31,704,MTR,156.49,110168.96,INR,12.0,Delivered
TXN007023,HIST-2025-02584,2,CUST0065,DD-PGT-0020,2025-01-31,1148,MTR,56.53,64896.44,INR,12.0,Delivered
TXN007024,HIST-2025-02584,3,CUST0065,DD-PGT-0036,2025-01-31,327,MTR,74.89,24489.03,INR,12.0,Delivered
TXN007025,HIST-2025-02584,4,CUST0065,DD-MOD-0035,2025-01-31,1336,MTR,269.42,359945.12,INR,12.0,Delivered
TXN007209,HIST-2025-02649,1,CUST0132,DD-MOD-0014,2025-01-31,2113,MTR,230.41,486856.33,INR,7.0,Delivered
TXN001748,HIST-2025-00635,1,CUST0017,DD-KIR-0024,2025-02-01,69,KG,358.85,24760.65,INR,7.0,Delivered
TXN001749,HIST-2025-00635,2,CUST0017,DD-DNM-0024,2025-02-01,1285,MTR,208.34,267716.9,INR,7.0,Partially Delivered
TXN001750,HIST-2025-00635,3,CUST0017,DD-DNM-0013,2025-02-01,860,MTR,178.31,153346.6,INR,7.0,Delivered
TXN001888,HIST-2025-00684,1,CUST0045,DD-BDS-0033,2025-02-01,1007,MTR,190.19,191521.33,INR,7.0,Delivered
TXN002037,HIST-2025-00746,1,CUST0059,DD-PCS-0035,2025-02-01,230,MTR,86.68,19936.4,INR,12.0,Delivered
TXN002038,HIST-2025-00746,2,CUST0059,DD-CTB-0023,2025-02-01,1413,MTR,187.88,265474.44,INR,12.0,Delivered
TXN006221,HIST-2025-02281,1,CUST0024,DD-KFT-0020,2025-02-01,89,KG,370.92,33011.88,INR,3.0,Delivered
TXN006222,HIST-2025-02281,2,CUST0024,DD-KSJ-0001,2025-02-01,194,KG,497.64,96542.16,INR,3.0,Delivered
TXN006223,HIST-2025-02281,3,CUST0024,DD-KIR-0036,2025-02-01,468,KG,391.96,183437.28,INR,3.0,Delivered
TXN006224,HIST-2025-02281,4,CUST0024,DD-DNM-0028,2025-02-01,216,MTR,207.92,44910.72,INR,3.0,Delivered
TXN000212,HIST-2025-00078,1,CUST0054,DD-TWL-0004,2025-02-02,199,PCS,251.99,50146.01,INR,7.0,Delivered
TXN000213,HIST-2025-00078,2,CUST0054,DD-BDS-0020,2025-02-02,1184,MTR,226.18,267797.12,INR,7.0,Delivered
TXN000214,HIST-2025-00078,3,CUST0054,DD-CIN-0025,2025-02-02,1028,MTR,255.98,263147.44,INR,7.0,Delivered
TXN000215,HIST-2025-00078,4,CUST0054,DD-HCT-0013,2025-02-02,144,MTR,211.94,30519.36,INR,7.0,Delivered
TXN002401,HIST-2025-00882,1,CUST0033,DD-KFT-0028,2025-02-02,343,KG,226.38,77648.34,INR,3.0,Delivered
TXN002402,HIST-2025-00882,2,CUST0033,DD-SUT-0013,2025-02-02,1574,MTR,266.22,419030.28,INR,3.0,Partially Delivered
TXN004344,HIST-2025-01587,1,CUST0118,DD-TWL-0010,2025-02-02,870,PCS,196.29,170772.3,INR,7.0,Delivered
TXN004345,HIST-2025-01587,2,CUST0118,DD-TWL-0007,2025-02-02,101,PCS,244.62,24706.62,INR,7.0,Delivered
TXN004346,HIST-2025-01587,3,CUST0118,DD-SAT-0032,2025-02-02,1007,MTR,80.49,81053.43,INR,7.0,Delivered
TXN006395,HIST-2025-02348,1,CUST0052,DD-PCS-0011,2025-02-02,1283,MTR,79.25,101677.75,INR,3.0,Delivered
TXN005624,HIST-2025-02067,1,CUST0128,DD-CTB-0006,2025-02-03,1051,MTR,229.59,241299.09,INR,3.0,Delivered
TXN006426,HIST-2025-02359,1,CUST0048,DD-DNM-0011,2025-02-03,1105,MTR,156.87,173341.35,INR,12.0,Delivered
TXN006844,HIST-2025-02519,1,CUST0092,DD-LIN-0009,2025-02-03,285,MTR,394.76,112506.6,INR,3.0,Delivered
TXN006845,HIST-2025-02519,2,CUST0092,DD-PRB-0028,2025-02-03,1011,MTR,110.2,111412.2,INR,3.0,Delivered
TXN006846,HIST-2025-02519,3,CUST0092,DD-SAT-0002,2025-02-03,301,MTR,188.4,56708.4,INR,3.0,Delivered
TXN000243,HIST-2025-00088,1,CUST0120,DD-KSJ-0006,2025-02-04,558,KG,316.09,176378.22,INR,7.0,Partially Delivered
TXN000244,HIST-2025-00088,2,CUST0120,DD-KIR-0019,2025-02-04,435,KG,351.34,152832.9,INR,7.0,Delivered
TXN000245,HIST-2025-00088,3,CUST0120,DD-FLN-0014,2025-02-04,844,MTR,121.29,102368.76,INR,7.0,Delivered
TXN000246,HIST-2025-00088,4,CUST0120,DD-KFT-0016,2025-02-04,264,KG,295.67,78056.88,INR,7.0,Delivered
TXN002780,HIST-2025-01027,1,CUST0133,DD-PRB-0005,2025-02-04,172,MTR,132.25,22747.0,INR,7.0,Partially Delivered
TXN002781,HIST-2025-01027,2,CUST0133,DD-PRB-0027,2025-02-04,464,MTR,109.16,50650.24,INR,7.0,Delivered
TXN000091,HIST-2025-00032,1,CUST0049,DD-SUT-0021,2025-02-05,966,MTR,251.43,242881.38,INR,3.0,Delivered
TXN000092,HIST-2025-00032,2,CUST0049,DD-FLN-0008,2025-02-05,255,MTR,191.27,48773.85,INR,3.0,Delivered
TXN003178,HIST-2025-01167,1,CUST0114,DD-KIR-0036,2025-02-05,421,KG,364.3,153370.3,INR,12.0,Delivered
TXN003179,HIST-2025-01167,2,CUST0114,DD-SUT-0033,2025-02-05,166,MTR,173.58,28814.28,INR,12.0,Partially Delivered
TXN004887,HIST-2025-01794,1,CUST0030,DD-KIR-0033,2025-02-05,102,KG,363.78,37105.56,INR,12.0,Delivered
TXN004888,HIST-2025-01794,2,CUST0030,DD-KIR-0032,2025-02-05,344,KG,372.32,128078.08,INR,12.0,Delivered
TXN004889,HIST-2025-01794,3,CUST0030,DD-CTS-0017,2025-02-05,967,MTR,82.27,79555.09,INR,12.0,Delivered
TXN000265,HIST-2025-00094,1,CUST0094,DD-CTB-0022,2025-02-06,2081,MTR,202.2,420778.2,INR,7.0,Delivered
TXN000546,HIST-2025-00196,1,CUST0067,DD-BDS-0029,2025-02-06,772,MTR,204.75,158067.0,INR,12.0,Delivered
TXN000547,HIST-2025-00196,2,CUST0067,DD-TWL-0003,2025-02-06,212,PCS,180.33,38229.96,INR,12.0,Delivered
TXN002188,HIST-2025-00806,1,CUST0007,DD-DNM-0011,2025-02-06,1320,MTR,172.39,227554.8,INR,7.0,Delivered
TXN002189,HIST-2025-00806,2,CUST0007,DD-CTS-0016,2025-02-06,1846,MTR,113.2,208967.2,INR,7.0,Delivered
TXN002190,HIST-2025-00806,3,CUST0007,DD-CTS-0017,2025-02-06,612,MTR,90.93,55649.16,INR,7.0,Delivered
TXN004351,HIST-2025-01590,1,CUST0096,DD-KIR-0031,2025-02-06,168,KG,380.15,63865.2,INR,7.0,Delivered
TXN006712,HIST-2025-02465,1,CUST0068,DD-LIN-0001,2025-02-06,598,MTR,439.85,263030.3,INR,3.0,Delivered
TXN006713,HIST-2025-02465,2,CUST0068,DD-HUP-0014,2025-02-06,511,MTR,240.8,123048.8,INR,3.0,Delivered
TXN006714,HIST-2025-02465,3,CUST0068,DD-HUP-0016,2025-02-06,1029,MTR,324.34,333745.86,INR,3.0,Delivered
TXN006715,HIST-2025-02465,4,CUST0068,DD-PGT-0027,2025-02-06,157,MTR,52.16,8189.12,INR,3.0,Delivered
TXN006716,HIST-2025-02465,5,CUST0068,DD-TWL-0014,2025-02-06,1002,PCS,220.53,220971.06,INR,3.0,Delivered
TXN000997,HIST-2025-00358,1,CUST0114,DD-PRB-0028,2025-02-07,273,MTR,99.36,27125.28,INR,12.0,Delivered
TXN001231,HIST-2025-00444,1,CUST0105,DD-CTS-0027,2025-02-08,2280,MTR,80.58,183722.4,INR,12.0,Delivered
TXN001232,HIST-2025-00444,2,CUST0105,DD-MOD-0027,2025-02-08,268,MTR,163.05,43697.4,INR,12.0,Delivered
TXN001233,HIST-2025-00444,3,CUST0105,DD-KSJ-0014,2025-02-08,189,KG,296.75,56085.75,INR,12.0,Delivered
TXN001234,HIST-2025-00444,4,CUST0105,DD-CTB-0013,2025-02-08,1266,MTR,154.5,195597.0,INR,12.0,Delivered
TXN001235,HIST-2025-00444,5,CUST0105,DD-KSJ-0027,2025-02-08,324,KG,292.18,94666.32,INR,12.0,Delivered
TXN001741,HIST-2025-00632,1,CUST0021,DD-TWL-0002,2025-02-08,561,PCS,219.41,123089.01,INR,3.0,Cancelled
TXN001742,HIST-2025-00632,2,CUST0021,DD-BDS-0007,2025-02-08,689,MTR,163.67,112768.63,INR,3.0,Delivered
TXN001743,HIST-2025-00632,3,CUST0021,DD-TWL-0025,2025-02-08,286,PCS,232.32,66443.52,INR,3.0,Partially Delivered
TXN001744,HIST-2025-00632,4,CUST0021,DD-HUP-0017,2025-02-08,615,MTR,326.85,201012.75,INR,3.0,Delivered
TXN004130,HIST-2025-01507,1,CUST0073,DD-BDS-0027,2025-02-08,318,MTR,208.94,66442.92,INR,12.0,Delivered
TXN004131,HIST-2025-01507,2,CUST0073,DD-CIN-0008,2025-02-08,1274,MTR,223.38,284586.12,INR,12.0,Delivered
TXN004931,HIST-2025-01810,1,CUST0034,DD-DNM-0003,2025-02-08,2073,MTR,222.12,460454.76,INR,7.0,Delivered
TXN004932,HIST-2025-01810,2,CUST0034,DD-KSJ-0005,2025-02-08,43,KG,319.63,13744.09,INR,7.0,Delivered
TXN004933,HIST-2025-01810,3,CUST0034,DD-KFT-0015,2025-02-08,133,KG,253.19,33674.27,INR,7.0,Delivered
TXN004934,HIST-2025-01810,4,CUST0034,DD-KSJ-0014,2025-02-08,80,KG,310.33,24826.4,INR,7.0,Delivered
TXN006110,HIST-2025-02244,1,CUST0020,DD-MOD-0005,2025-02-08,153,MTR,240.28,36762.84,INR,7.0,Delivered
TXN005735,HIST-2025-02106,1,CUST0023,DD-FLN-0013,2025-02-09,959,MTR,127.54,122310.86,INR,7.0,Delivered
TXN006577,HIST-2025-02413,1,CUST0122,DD-CIN-0029,2025-02-09,203,MTR,193.34,39248.02,INR,3.0,Delivered
TXN006578,HIST-2025-02413,2,CUST0122,DD-CIN-0031,2025-02-09,1025,MTR,243.32,249403.0,INR,3.0,Cancelled
TXN001097,HIST-2025-00396,1,CUST0136,DD-KIR-0005,2025-02-10,157,KG,389.66,61176.62,INR,12.0,Delivered
TXN001098,HIST-2025-00396,2,CUST0136,DD-KSJ-0014,2025-02-10,306,KG,276.69,84667.14,INR,12.0,Delivered
TXN003781,HIST-2025-01379,1,CUST0137,DD-CTB-0023,2025-02-10,278,MTR,198.44,55166.32,INR,7.0,Delivered
TXN003782,HIST-2025-01379,2,CUST0137,DD-MOD-0008,2025-02-10,799,MTR,224.4,179295.6,INR,7.0,Delivered
TXN001605,HIST-2025-00585,1,CUST0054,DD-TWL-0004,2025-02-11,220,PCS,253.72,55818.4,INR,7.0,Delivered
TXN001606,HIST-2025-00585,2,CUST0054,DD-HCT-0013,2025-02-11,1707,MTR,215.13,367226.91,INR,7.0,Delivered
TXN002095,HIST-2025-00769,1,CUST0120,DD-PRB-0033,2025-02-11,1811,MTR,151.27,273949.97,INR,7.0,Delivered
TXN002096,HIST-2025-00769,2,CUST0120,DD-SUT-0021,2025-02-11,672,MTR,250.56,168376.32,INR,7.0,Partially Delivered
TXN003985,HIST-2025-01457,1,CUST0006,DD-CTB-0017,2025-02-11,718,MTR,148.14,106364.52,INR,7.0,Partially Delivered
TXN003986,HIST-2025-01457,2,CUST0006,DD-MOD-0014,2025-02-11,454,MTR,238.21,108147.34,INR,7.0,Delivered
TXN001037,HIST-2025-00374,1,CUST0005,DD-MOD-0009,2025-02-12,1149,MTR,204.18,234602.82,INR,12.0,Delivered
TXN002676,HIST-2025-00985,1,CUST0005,DD-PRB-0038,2025-02-12,411,MTR,139.28,57244.08,INR,12.0,Partially Delivered
TXN002677,HIST-2025-00985,2,CUST0005,DD-PRB-0029,2025-02-12,405,MTR,134.89,54630.45,INR,12.0,Delivered
TXN002678,HIST-2025-00985,3,CUST0005,DD-VSR-0009,2025-02-12,420,MTR,81.57,34259.4,INR,12.0,Delivered
TXN002679,HIST-2025-00985,4,CUST0005,DD-LIN-0022,2025-02-12,457,MTR,390.4,178412.8,INR,12.0,Delivered
TXN003707,HIST-2025-01345,1,CUST0040,DD-MOD-0020,2025-02-12,163,MTR,209.7,34181.1,INR,12.0,Delivered
TXN003708,HIST-2025-01345,2,CUST0040,DD-LIN-0008,2025-02-12,937,MTR,322.34,302032.58,INR,12.0,Delivered
TXN003709,HIST-2025-01345,3,CUST0040,DD-PRB-0005,2025-02-12,1269,MTR,116.5,147838.5,INR,12.0,Delivered
TXN000147,HIST-2025-00051,1,CUST0051,DD-KFT-0004,2025-02-13,175,KG,301.03,52680.25,INR,7.0,Delivered
TXN000148,HIST-2025-00051,2,CUST0051,DD-KSJ-0003,2025-02-13,224,KG,454.76,101866.24,INR,7.0,Delivered
TXN000149,HIST-2025-00051,3,CUST0051,DD-DNM-0019,2025-02-13,399,MTR,247.28,98664.72,INR,7.0,Delivered
TXN000150,HIST-2025-00051,4,CUST0051,DD-DNM-0016,2025-02-13,1072,MTR,256.4,274860.8,INR,7.0,Delivered
TXN000151,HIST-2025-00051,5,CUST0051,DD-CTB-0017,2025-02-13,2169,MTR,150.75,326976.75,INR,7.0,Delivered
TXN001365,HIST-2025-00492,1,CUST0127,DD-KFT-0028,2025-02-13,439,KG,251.89,110579.71,INR,3.0,Delivered
TXN001366,HIST-2025-00492,2,CUST0127,DD-CTS-0024,2025-02-13,149,MTR,89.17,13286.33,INR,3.0,Delivered
TXN005067,HIST-2025-01859,1,CUST0043,DD-DNM-0025,2025-02-13,381,MTR,207.21,78947.01,INR,3.0,Delivered
TXN005068,HIST-2025-01859,2,CUST0043,DD-DNM-0003,2025-02-13,1339,MTR,225.65,302145.35,INR,3.0,Delivered
TXN005069,HIST-2025-01859,3,CUST0043,DD-CTS-0004,2025-02-13,136,MTR,125.41,17055.76,INR,3.0,Delivered
TXN007082,HIST-2025-02603,1,CUST0006,DD-MOD-0016,2025-02-13,741,MTR,237.89,176276.49,INR,7.0,Delivered
TXN007083,HIST-2025-02603,2,CUST0006,DD-KSJ-0011,2025-02-13,227,KG,299.13,67902.51,INR,7.0,Delivered
TXN005883,HIST-2025-02163,1,CUST0070,DD-LIN-0012,2025-02-15,203,MTR,415.8,84407.4,INR,3.0,Delivered
TXN005884,HIST-2025-02163,2,CUST0070,DD-FLN-0010,2025-02-15,195,MTR,185.93,36256.35,INR,3.0,Delivered
TXN006237,HIST-2025-02287,1,CUST0036,DD-KSJ-0019,2025-02-15,435,KG,303.51,132026.85,INR,12.0,Delivered
TXN006238,HIST-2025-02287,2,CUST0036,DD-LIN-0016,2025-02-15,304,MTR,392.44,119301.76,INR,12.0,Delivered
TXN005039,HIST-2025-01850,1,CUST0048,DD-DNM-0011,2025-02-16,1315,MTR,157.9,207638.5,INR,12.0,Delivered
TXN005040,HIST-2025-01850,2,CUST0048,DD-DNM-0004,2025-02-16,1485,MTR,223.87,332446.95,INR,12.0,Delivered
TXN005041,HIST-2025-01850,3,CUST0048,DD-MOD-0011,2025-02-16,1870,MTR,241.85,452259.5,INR,12.0,Delivered
TXN005042,HIST-2025-01850,4,CUST0048,DD-KSJ-0025,2025-02-16,274,KG,359.58,98524.92,INR,12.0,Partially Delivered
TXN005043,HIST-2025-01850,5,CUST0048,DD-MOD-0023,2025-02-16,235,MTR,156.97,36887.95,INR,12.0,Delivered
TXN005044,HIST-2025-01850,6,CUST0048,DD-CTB-0003,2025-02-16,214,MTR,162.86,34852.04,INR,12.0,Delivered
TXN007226,HIST-2025-02656,1,CUST0095,DD-HCT-0034,2025-02-16,917,MTR,208.44,191139.48,INR,7.0,Delivered
TXN007227,HIST-2025-02656,2,CUST0095,DD-HUP-0030,2025-02-16,214,MTR,255.69,54717.66,INR,7.0,Delivered
TXN007228,HIST-2025-02656,3,CUST0095,DD-CIN-0025,2025-02-16,927,MTR,249.77,231536.79,INR,7.0,Delivered
TXN007229,HIST-2025-02656,4,CUST0095,DD-HCT-0023,2025-02-16,188,MTR,169.28,31824.64,INR,7.0,Delivered
TXN007230,HIST-2025-02656,5,CUST0095,DD-HUP-0006,2025-02-16,1374,MTR,328.46,451304.04,INR,7.0,Delivered
TXN007328,HIST-2025-02698,1,CUST0060,DD-KFT-0015,2025-02-16,450,KG,242.15,108967.5,INR,12.0,Delivered
TXN007329,HIST-2025-02698,2,CUST0060,DD-CTS-0007,2025-02-16,1377,MTR,123.21,169660.17,INR,12.0,Delivered
TXN001692,HIST-2025-00616,1,CUST0069,DD-SAT-0034,2025-02-17,1347,MTR,91.51,123263.97,INR,7.0,Delivered
TXN001693,HIST-2025-00616,2,CUST0069,DD-CIN-0001,2025-02-17,523,MTR,222.6,116419.8,INR,7.0,Delivered
TXN003720,HIST-2025-01350,1,CUST0106,DD-PCS-0007,2025-02-17,255,MTR,89.76,22888.8,INR,7.0,Delivered
TXN006208,HIST-2025-02275,1,CUST0067,DD-BDS-0006,2025-02-17,2266,MTR,146.62,332240.92,INR,12.0,Delivered
TXN006209,HIST-2025-02275,2,CUST0067,DD-HCT-0014,2025-02-17,690,MTR,201.47,139014.3,INR,12.0,Delivered
TXN006210,HIST-2025-02275,3,CUST0067,DD-CIN-0014,2025-02-17,1115,MTR,212.06,236446.9,INR,12.0,Delivered
TXN000455,HIST-2025-00162,1,CUST0054,DD-CIN-0015,2025-02-18,133,MTR,213.41,28383.53,INR,7.0,Delivered
TXN000561,HIST-2025-00202,1,CUST0018,DD-MOD-0026,2025-02-18,1131,MTR,161.21,182328.51,INR,7.0,Partially Delivered
TXN000562,HIST-2025-00202,2,CUST0018,DD-MOD-0008,2025-02-18,533,MTR,234.34,124903.22,INR,7.0,Delivered
TXN000563,HIST-2025-00202,3,CUST0018,DD-CTB-0008,2025-02-18,1814,MTR,240.02,435396.28,INR,7.0,Delivered
TXN000564,HIST-2025-00202,4,CUST0018,DD-DNM-0022,2025-02-18,387,MTR,202.41,78332.67,INR,7.0,Delivered
TXN003403,HIST-2025-01248,1,CUST0068,DD-TWL-0014,2025-02-19,95,PCS,215.57,20479.15,INR,3.0,Delivered
TXN003404,HIST-2025-01248,2,CUST0068,DD-HUP-0016,2025-02-19,154,MTR,323.67,49845.18,INR,3.0,Delivered
TXN004708,HIST-2025-01730,1,CUST0112,DD-HUP-0013,2025-02-19,1350,MTR,239.82,323757.0,INR,7.0,Delivered
TXN004709,HIST-2025-01730,2,CUST0112,DD-BDS-0023,2025-02-19,202,MTR,254.87,51483.74,INR,7.0,Delivered
TXN004710,HIST-2025-01730,3,CUST0112,DD-HUP-0011,2025-02-19,401,MTR,245.38,98397.38,INR,7.0,Delivered
TXN004711,HIST-2025-01730,4,CUST0112,DD-HCT-0028,2025-02-19,566,MTR,125.15,70834.9,INR,7.0,Delivered
TXN001493,HIST-2025-00545,1,CUST0128,DD-KFT-0012,2025-02-20,491,KG,411.87,202228.17,INR,3.0,Delivered
TXN001494,HIST-2025-00545,2,CUST0128,DD-KFT-0011,2025-02-20,552,KG,379.03,209224.56,INR,3.0,Delivered
TXN001495,HIST-2025-00545,3,CUST0128,DD-DNM-0027,2025-02-20,171,MTR,212.93,36411.03,INR,3.0,Delivered
TXN001496,HIST-2025-00545,4,CUST0128,DD-DNM-0032,2025-02-20,180,MTR,284.3,51174.0,INR,3.0,Delivered
TXN004455,HIST-2025-01633,1,CUST0077,DD-PCS-0014,2025-02-20,894,MTR,90.81,81184.14,INR,7.0,Delivered
TXN000478,HIST-2025-00171,1,CUST0108,DD-HUP-0007,2025-02-21,204,MTR,298.63,60920.52,INR,12.0,Delivered
TXN001041,HIST-2025-00376,1,CUST0118,DD-VSR-0019,2025-02-21,345,MTR,83.43,28783.35,INR,7.0,Delivered
TXN001042,HIST-2025-00376,2,CUST0118,DD-TWL-0015,2025-02-21,182,PCS,206.54,37590.28,INR,7.0,Delivered
TXN001043,HIST-2025-00376,3,CUST0118,DD-CIN-0021,2025-02-21,2212,MTR,266.43,589343.16,INR,7.0,Delivered
TXN002840,HIST-2025-01046,1,CUST0003,DD-SUT-0013,2025-02-21,352,MTR,262.26,92315.52,INR,7.0,Delivered
TXN002841,HIST-2025-01046,2,CUST0003,DD-SUT-0007,2025-02-21,855,MTR,185.05,158217.75,INR,7.0,Delivered
TXN002842,HIST-2025-01046,3,CUST0003,DD-SUT-0030,2025-02-21,147,MTR,199.51,29327.97,INR,7.0,Delivered
TXN003692,HIST-2025-01338,1,CUST0031,DD-CTB-0024,2025-02-21,2052,MTR,189.42,388689.84,INR,7.0,Delivered
TXN003693,HIST-2025-01338,2,CUST0031,DD-KFT-0011,2025-02-21,265,KG,402.18,106577.7,INR,7.0,Delivered
TXN003694,HIST-2025-01338,3,CUST0031,DD-KIR-0035,2025-02-21,535,KG,475.3,254285.5,INR,7.0,Delivered
TXN003695,HIST-2025-01338,4,CUST0031,DD-CTS-0024,2025-02-21,1160,MTR,85.15,98774.0,INR,7.0,Cancelled
TXN003918,HIST-2025-01434,1,CUST0124,DD-SAT-0001,2025-02-21,470,MTR,177.0,83190.0,INR,7.0,Delivered
TXN003919,HIST-2025-01434,2,CUST0124,DD-PGT-0008,2025-02-21,860,MTR,70.95,61017.0,INR,7.0,Delivered
TXN001240,HIST-2025-00446,1,CUST0044,DD-BDS-0008,2025-02-22,158,MTR,157.87,24943.46,INR,7.0,Delivered
TXN001965,HIST-2025-00720,1,CUST0044,DD-HCT-0016,2025-02-22,911,MTR,160.84,146525.24,INR,7.0,Delivered
TXN001966,HIST-2025-00720,2,CUST0044,DD-HUP-0002,2025-02-22,720,MTR,297.12,213926.4,INR,7.0,Delivered
TXN001967,HIST-2025-00720,3,CUST0044,DD-CIN-0024,2025-02-22,323,MTR,264.31,85372.13,INR,7.0,Delivered
TXN002738,HIST-2025-01010,1,CUST0086,DD-PGT-0014,2025-02-22,556,MTR,61.03,33932.68,INR,7.0,Delivered
TXN002739,HIST-2025-01010,2,CUST0086,DD-MOD-0020,2025-02-22,633,MTR,225.37,142659.21,INR,7.0,Delivered
TXN002740,HIST-2025-01010,3,CUST0086,DD-PGT-0024,2025-02-22,474,MTR,53.83,25515.42,INR,7.0,Cancelled
TXN002741,HIST-2025-01010,4,CUST0086,DD-LIN-0002,2025-02-22,261,MTR,413.31,107873.91,INR,7.0,Partially Delivered
TXN002742,HIST-2025-01010,5,CUST0086,DD-PRB-0001,2025-02-22,1178,MTR,125.78,148168.84,INR,7.0,Delivered
TXN000076,HIST-2025-00027,1,CUST0057,DD-KSJ-0008,2025-02-23,265,KG,309.54,82028.1,INR,7.0,Partially Delivered
TXN000077,HIST-2025-00027,2,CUST0057,DD-CTB-0017,2025-02-23,1327,MTR,147.49,195719.23,INR,7.0,Delivered
TXN000078,HIST-2025-00027,3,CUST0057,DD-KFT-0023,2025-02-23,172,KG,385.88,66371.36,INR,7.0,Delivered
TXN005969,HIST-2025-02194,1,CUST0124,DD-PGT-0008,2025-02-23,199,MTR,71.31,14190.69,INR,7.0,Delivered
TXN002214,HIST-2025-00815,1,CUST0095,DD-HCT-0034,2025-02-24,231,MTR,211.01,48743.31,INR,7.0,Delivered
TXN002695,HIST-2025-00994,1,CUST0076,DD-LIN-0003,2025-02-25,258,MTR,425.51,109781.58,INR,7.0,Delivered
TXN002696,HIST-2025-00994,2,CUST0076,DD-CTB-0026,2025-02-25,173,MTR,193.77,33522.21,INR,7.0,Delivered
TXN002763,HIST-2025-01021,1,CUST0036,DD-LIN-0016,2025-02-25,1112,MTR,391.64,435503.68,INR,12.0,Delivered
TXN002764,HIST-2025-01021,2,CUST0036,DD-CTB-0014,2025-02-25,1975,MTR,156.98,310035.5,INR,12.0,Cancelled
TXN002765,HIST-2025-01021,3,CUST0036,DD-DNM-0013,2025-02-25,655,MTR,166.17,108841.35,INR,12.0,Delivered
TXN004576,HIST-2025-01687,1,CUST0079,DD-RBL-0011,2025-02-27,138,MTR,56.96,7860.48,INR,3.0,Delivered
TXN004577,HIST-2025-01687,2,CUST0079,DD-VSR-0019,2025-02-27,1216,MTR,87.26,106108.16,INR,3.0,Partially Delivered
TXN000480,HIST-2025-00173,1,CUST0056,DD-CTB-0034,2025-02-28,176,MTR,175.96,30968.96,INR,12.0,Delivered
TXN001488,HIST-2025-00544,1,CUST0095,DD-CIN-0023,2025-02-28,422,MTR,272.66,115062.52,INR,7.0,Partially Delivered
TXN001489,HIST-2025-00544,2,CUST0095,DD-TWL-0019,2025-02-28,1047,PCS,215.77,225911.19,INR,7.0,Delivered
TXN001490,HIST-2025-00544,3,CUST0095,DD-HUP-0027,2025-02-28,1002,MTR,261.52,262043.04,INR,7.0,Delivered
TXN001491,HIST-2025-00544,4,CUST0095,DD-CIN-0006,2025-02-28,287,MTR,206.09,59147.83,INR,7.0,Cancelled
TXN001492,HIST-2025-00544,5,CUST0095,DD-CIN-0005,2025-02-28,216,MTR,198.29,42830.64,INR,7.0,Delivered
TXN001102,HIST-2025-00398,1,CUST0011,DD-CIN-0017,2025-03-01,1681,MTR,265.24,445868.44,INR,7.0,Delivered
TXN005928,HIST-2025-02184,1,CUST0032,DD-CTB-0015,2025-03-01,2033,MTR,160.75,326804.75,INR,3.0,Delivered
TXN005929,HIST-2025-02184,2,CUST0032,DD-MOD-0016,2025-03-01,172,MTR,253.7,43636.4,INR,3.0,Delivered
TXN006839,HIST-2025-02517,1,CUST0030,DD-DNM-0028,2025-03-01,542,MTR,200.85,108860.7,INR,12.0,Delivered
TXN006840,HIST-2025-02517,2,CUST0030,DD-KIR-0033,2025-03-01,346,KG,364.88,126248.48,INR,12.0,Delivered
TXN006841,HIST-2025-02517,3,CUST0030,DD-DNM-0016,2025-03-01,706,MTR,248.2,175229.2,INR,12.0,Delivered
TXN007483,HIST-2025-02759,1,CUST0005,DD-PRB-0029,2025-03-02,174,MTR,137.93,23999.82,INR,12.0,Cancelled
TXN000391,HIST-2025-00140,1,CUST0011,DD-CIN-0001,2025-03-03,281,MTR,214.87,60378.47,INR,7.0,Partially Delivered
TXN000392,HIST-2025-00140,2,CUST0011,DD-CIN-0017,2025-03-03,1645,MTR,265.36,436517.2,INR,7.0,Delivered
TXN003124,HIST-2025-01148,1,CUST0046,DD-SUT-0017,2025-03-03,142,MTR,199.22,28289.24,INR,7.0,Delivered
TXN005518,HIST-2025-02026,1,CUST0108,DD-BDS-0011,2025-03-03,850,MTR,151.68,128928.0,INR,12.0,Delivered
TXN005519,HIST-2025-02026,2,CUST0108,DD-PRB-0027,2025-03-03,1106,MTR,102.51,113376.06,INR,12.0,Partially Delivered
TXN006308,HIST-2025-02311,1,CUST0017,DD-KFT-0005,2025-03-03,85,KG,322.36,27400.6,INR,7.0,Delivered
TXN001444,HIST-2025-00525,1,CUST0114,DD-HCT-0011,2025-03-04,1028,MTR,189.87,195186.36,INR,12.0,Delivered
TXN001445,HIST-2025-00525,2,CUST0114,DD-KIR-0036,2025-03-04,101,KG,365.24,36889.24,INR,12.0,Delivered
TXN001446,HIST-2025-00525,3,CUST0114,DD-CDV-0025,2025-03-04,875,MTR,183.7,160737.5,INR,12.0,Delivered
TXN001447,HIST-2025-00525,4,CUST0114,DD-CTS-0011,2025-03-04,763,MTR,129.79,99029.77,INR,12.0,Delivered
TXN001448,HIST-2025-00525,5,CUST0114,DD-HCT-0032,2025-03-04,408,MTR,156.63,63905.04,INR,12.0,Delivered
TXN001449,HIST-2025-00525,6,CUST0114,DD-PCS-0032,2025-03-04,404,MTR,79.84,32255.36,INR,12.0,Delivered
TXN003419,HIST-2025-01256,1,CUST0033,DD-KFT-0028,2025-03-04,98,KG,231.17,22654.66,INR,3.0,Delivered
TXN003420,HIST-2025-01256,2,CUST0033,DD-MOD-0031,2025-03-04,536,MTR,180.69,96849.84,INR,3.0,Delivered
TXN005262,HIST-2025-01934,1,CUST0086,DD-VSR-0014,2025-03-04,208,MTR,78.33,16292.64,INR,7.0,Delivered
TXN005263,HIST-2025-01934,2,CUST0086,DD-PGT-0001,2025-03-04,271,MTR,62.81,17021.51,INR,7.0,Delivered
TXN005264,HIST-2025-01934,3,CUST0086,DD-PRB-0001,2025-03-04,641,MTR,124.11,79554.51,INR,7.0,Delivered
TXN005265,HIST-2025-01934,4,CUST0086,DD-SAT-0037,2025-03-04,210,MTR,91.71,19259.1,INR,7.0,Delivered
TXN006273,HIST-2025-02300,1,CUST0003,DD-CIN-0001,2025-03-04,895,MTR,219.42,196380.9,INR,7.0,Delivered
TXN006274,HIST-2025-02300,2,CUST0003,DD-PCS-0033,2025-03-04,1123,MTR,98.35,110447.05,INR,7.0,Delivered
TXN006275,HIST-2025-02300,3,CUST0003,DD-SUT-0013,2025-03-04,1327,MTR,261.23,346652.21,INR,7.0,Delivered
TXN006276,HIST-2025-02300,4,CUST0003,DD-SUT-0007,2025-03-04,540,MTR,189.88,102535.2,INR,7.0,Delivered
TXN000491,HIST-2025-00177,1,CUST0044,DD-HCT-0032,2025-03-05,367,MTR,154.91,56851.97,INR,7.0,Delivered
TXN000492,HIST-2025-00177,2,CUST0044,DD-BDS-0026,2025-03-05,182,MTR,220.11,40060.02,INR,7.0,Delivered
TXN001275,HIST-2025-00459,1,CUST0063,DD-KSJ-0003,2025-03-05,196,KG,490.76,96188.96,INR,7.0,Delivered
TXN002278,HIST-2025-00838,1,CUST0073,DD-BDS-0002,2025-03-06,181,MTR,217.09,39293.29,INR,12.0,Delivered
TXN002674,HIST-2025-00984,1,CUST0085,DD-MOD-0026,2025-03-06,2295,MTR,168.65,387051.75,INR,3.0,Partially Delivered
TXN002675,HIST-2025-00984,2,CUST0085,DD-MOD-0004,2025-03-06,249,MTR,213.59,53183.91,INR,3.0,Delivered
TXN005111,HIST-2025-01873,1,CUST0073,DD-BDS-0002,2025-03-06,738,MTR,214.03,157954.14,INR,12.0,Delivered
TXN005112,HIST-2025-01873,2,CUST0073,DD-BDS-0027,2025-03-06,324,MTR,207.91,67362.84,INR,12.0,Delivered
TXN005113,HIST-2025-01873,3,CUST0073,DD-TWL-0024,2025-03-06,1555,PCS,197.16,306583.8,INR,12.0,Cancelled
TXN005114,HIST-2025-01873,4,CUST0073,DD-HUP-0008,2025-03-06,1307,MTR,325.99,426068.93,INR,12.0,Delivered
TXN001824,HIST-2025-00661,1,CUST0070,DD-CTB-0003,2025-03-07,1322,MTR,171.63,226894.86,INR,3.0,Delivered
TXN001825,HIST-2025-00661,2,CUST0070,DD-FLN-0010,2025-03-07,903,MTR,182.1,164436.3,INR,3.0,Delivered
TXN004433,HIST-2025-01625,1,CUST0030,DD-KIR-0007,2025-03-07,68,KG,361.56,24586.08,INR,12.0,Delivered
TXN004434,HIST-2025-01625,2,CUST0030,DD-CTS-0017,2025-03-07,130,MTR,82.78,10761.4,INR,12.0,Delivered
TXN004435,HIST-2025-01625,3,CUST0030,DD-KSJ-0007,2025-03-07,158,KG,311.73,49253.34,INR,12.0,Delivered
TXN004436,HIST-2025-01625,4,CUST0030,DD-KIR-0032,2025-03-07,349,KG,372.05,129845.45,INR,12.0,Delivered
TXN004437,HIST-2025-01625,5,CUST0030,DD-KSJ-0011,2025-03-07,139,KG,277.26,38539.14,INR,12.0,Delivered
TXN002323,HIST-2025-00854,1,CUST0070,DD-LIN-0012,2025-03-08,700,MTR,424.29,297003.0,INR,3.0,Delivered
TXN002324,HIST-2025-00854,2,CUST0070,DD-FLN-0010,2025-03-08,300,MTR,182.32,54696.0,INR,3.0,Delivered
TXN000712,HIST-2025-00253,1,CUST0054,DD-TWL-0032,2025-03-09,1390,PCS,274.37,381374.3,INR,7.0,Delivered
TXN003717,HIST-2025-01349,1,CUST0099,DD-KSJ-0002,2025-03-09,284,KG,464.63,131954.92,INR,7.0,Delivered
TXN003718,HIST-2025-01349,2,CUST0099,DD-CDV-0009,2025-03-09,245,MTR,210.54,51582.3,INR,7.0,Delivered
TXN003719,HIST-2025-01349,3,CUST0099,DD-PCS-0021,2025-03-09,741,MTR,84.11,62325.51,INR,7.0,Delivered
TXN006804,HIST-2025-02503,1,CUST0044,DD-HCT-0032,2025-03-09,228,MTR,153.39,34972.92,INR,7.0,Partially Delivered
TXN006805,HIST-2025-02503,2,CUST0044,DD-CIN-0024,2025-03-09,328,MTR,268.11,87940.08,INR,7.0,Delivered
TXN006806,HIST-2025-02503,3,CUST0044,DD-BDS-0008,2025-03-09,1365,MTR,156.08,213049.2,INR,7.0,Delivered
TXN001788,HIST-2025-00647,1,CUST0048,DD-KSJ-0025,2025-03-10,493,KG,361.22,178081.46,INR,12.0,Delivered
TXN001789,HIST-2025-00647,2,CUST0048,DD-MOD-0023,2025-03-10,652,MTR,158.1,103081.2,INR,12.0,Delivered
TXN001790,HIST-2025-00647,3,CUST0048,DD-CTB-0003,2025-03-10,362,MTR,162.22,58723.64,INR,12.0,Delivered
TXN003515,HIST-2025-01286,1,CUST0008,DD-DNM-0017,2025-03-10,355,MTR,247.61,87901.55,INR,7.0,Delivered
TXN003516,HIST-2025-01286,2,CUST0008,DD-KIR-0028,2025-03-10,157,KG,369.74,58049.18,INR,7.0,Delivered
TXN003517,HIST-2025-01286,3,CUST0008,DD-KFT-0009,2025-03-10,71,KG,394.76,28027.96,INR,7.0,Partially Delivered
TXN003518,HIST-2025-01286,4,CUST0008,DD-CTS-0018,2025-03-10,1347,MTR,83.44,112393.68,INR,7.0,Delivered
TXN003725,HIST-2025-01353,1,CUST0075,DD-CTS-0014,2025-03-11,338,MTR,112.73,38102.74,INR,7.0,Delivered
TXN003726,HIST-2025-01353,2,CUST0075,DD-KIR-0019,2025-03-11,230,KG,373.58,85923.4,INR,7.0,Delivered
TXN004657,HIST-2025-01714,1,CUST0114,DD-HCT-0011,2025-03-11,857,MTR,189.67,162547.19,INR,12.0,Partially Delivered
TXN004658,HIST-2025-01714,2,CUST0114,DD-FLN-0012,2025-03-11,194,MTR,125.52,24350.88,INR,12.0,Delivered
TXN004659,HIST-2025-01714,3,CUST0114,DD-PRB-0028,2025-03-11,401,MTR,98.81,39622.81,INR,12.0,Delivered
TXN004660,HIST-2025-01714,4,CUST0114,DD-CDV-0030,2025-03-11,675,MTR,161.11,108749.25,INR,12.0,Delivered
TXN004661,HIST-2025-01714,5,CUST0114,DD-CDV-0029,2025-03-11,1323,MTR,165.36,218771.28,INR,12.0,Delivered
TXN004662,HIST-2025-01714,6,CUST0114,DD-KIR-0036,2025-03-11,331,KG,365.93,121122.83,INR,12.0,Delivered
TXN005227,HIST-2025-01922,1,CUST0003,DD-SUT-0007,2025-03-11,166,MTR,184.78,30673.48,INR,7.0,Delivered
TXN005228,HIST-2025-01922,2,CUST0003,DD-PCS-0033,2025-03-11,1401,MTR,96.14,134692.14,INR,7.0,Delivered
TXN005229,HIST-2025-01922,3,CUST0003,DD-SUT-0030,2025-03-11,776,MTR,202.08,156814.08,INR,7.0,Delivered
TXN005230,HIST-2025-01922,4,CUST0003,DD-CIN-0001,2025-03-11,170,MTR,215.57,36646.9,INR,7.0,Delivered
TXN000311,HIST-2025-00108,1,CUST0098,DD-PRB-0004,2025-03-14,889,MTR,112.41,99932.49,INR,7.0,Delivered
TXN000312,HIST-2025-00108,2,CUST0098,DD-CDV-0024,2025-03-14,203,MTR,201.87,40979.61,INR,7.0,Delivered
TXN003365,HIST-2025-01233,1,CUST0114,DD-PRB-0009,2025-03-14,355,MTR,130.53,46338.15,INR,12.0,Delivered
TXN003366,HIST-2025-01233,2,CUST0114,DD-RBL-0015,2025-03-14,1279,MTR,53.15,67978.85,INR,12.0,Delivered
TXN003367,HIST-2025-01233,3,CUST0114,DD-CTS-0011,2025-03-14,926,MTR,126.94,117546.44,INR,12.0,Delivered
TXN002044,HIST-2025-00748,1,CUST0041,DD-HUP-0013,2025-03-15,276,MTR,267.84,73923.84,INR,3.0,Delivered
TXN002045,HIST-2025-00748,2,CUST0041,DD-TWL-0016,2025-03-15,877,PCS,201.48,176697.96,INR,3.0,Delivered
TXN002046,HIST-2025-00748,3,CUST0041,DD-CIN-0010,2025-03-15,332,MTR,233.23,77432.36,INR,3.0,Partially Delivered
TXN006374,HIST-2025-02340,1,CUST0084,DD-SUT-0012,2025-03-15,1230,MTR,182.06,223933.8,INR,12.0,Partially Delivered
TXN006375,HIST-2025-02340,2,CUST0084,DD-PCS-0005,2025-03-15,906,MTR,80.62,73041.72,INR,12.0,Delivered
TXN000943,HIST-2025-00339,1,CUST0052,DD-SUT-0029,2025-03-16,388,MTR,212.82,82574.16,INR,3.0,Delivered
TXN000944,HIST-2025-00339,2,CUST0052,DD-PCS-0011,2025-03-16,1663,MTR,79.76,132640.88,INR,3.0,Delivered
TXN001460,HIST-2025-00531,1,CUST0096,DD-KSJ-0015,2025-03-16,48,KG,312.32,14991.36,INR,7.0,Delivered
TXN001461,HIST-2025-00531,2,CUST0096,DD-CTB-0011,2025-03-16,409,MTR,160.81,65771.29,INR,7.0,Delivered
TXN001462,HIST-2025-00531,3,CUST0096,DD-CTB-0002,2025-03-16,836,MTR,154.22,128927.92,INR,7.0,Delivered
TXN001758,HIST-2025-00638,1,CUST0102,DD-CTS-0001,2025-03-16,1934,MTR,102.34,197925.56,INR,7.0,Delivered
TXN001759,HIST-2025-00638,2,CUST0102,DD-KSJ-0007,2025-03-16,53,KG,338.19,17924.07,INR,7.0,Delivered
TXN001760,HIST-2025-00638,3,CUST0102,DD-CTB-0029,2025-03-16,201,MTR,161.36,32433.36,INR,7.0,Delivered
TXN001761,HIST-2025-00638,4,CUST0102,DD-KSJ-0006,2025-03-16,343,KG,312.95,107341.85,INR,7.0,Delivered
TXN001762,HIST-2025-00638,5,CUST0102,DD-KSJ-0025,2025-03-16,549,KG,382.12,209783.88,INR,7.0,Delivered
TXN005477,HIST-2025-02010,1,CUST0011,DD-PGT-0002,2025-03-16,565,MTR,66.21,37408.65,INR,7.0,Delivered
TXN005478,HIST-2025-02010,2,CUST0011,DD-PCS-0031,2025-03-16,516,MTR,97.07,50088.12,INR,7.0,Delivered
TXN006269,HIST-2025-02299,1,CUST0022,DD-DNM-0019,2025-03-17,1210,MTR,245.46,297006.6,INR,7.0,Delivered
TXN006270,HIST-2025-02299,2,CUST0022,DD-TWL-0017,2025-03-17,112,PCS,211.25,23660.0,INR,7.0,Partially Delivered
TXN006271,HIST-2025-02299,3,CUST0022,DD-HCT-0027,2025-03-17,730,MTR,132.76,96914.8,INR,7.0,Delivered
TXN006272,HIST-2025-02299,4,CUST0022,DD-LIN-0019,2025-03-17,529,MTR,423.38,223968.02,INR,7.0,Delivered
TXN000677,HIST-2025-00241,1,CUST0103,DD-DNM-0019,2025-03-18,459,MTR,261.0,119799.0,INR,3.0,Cancelled
TXN000678,HIST-2025-00241,2,CUST0103,DD-CTB-0029,2025-03-18,930,MTR,178.81,166293.3,INR,3.0,Partially Delivered
TXN007091,HIST-2025-02608,1,CUST0053,DD-CTB-0001,2025-03-18,498,MTR,168.51,83917.98,INR,3.0,Delivered
TXN007092,HIST-2025-02608,2,CUST0053,DD-CTB-0018,2025-03-18,1048,MTR,152.67,159998.16,INR,3.0,Delivered
TXN007093,HIST-2025-02608,3,CUST0053,DD-PCS-0005,2025-03-18,316,MTR,83.73,26458.68,INR,3.0,Delivered
TXN007094,HIST-2025-02608,4,CUST0053,DD-SUT-0018,2025-03-18,1284,MTR,208.79,268086.36,INR,3.0,Delivered
TXN007095,HIST-2025-02608,5,CUST0053,DD-SUT-0037,2025-03-18,1043,MTR,191.79,200036.97,INR,3.0,Delivered
TXN007096,HIST-2025-02608,6,CUST0053,DD-SUT-0021,2025-03-18,240,MTR,265.48,63715.2,INR,3.0,Delivered
TXN002860,HIST-2025-01053,1,CUST0047,DD-CTB-0015,2025-03-19,228,MTR,142.86,32572.08,INR,7.0,Delivered
TXN002861,HIST-2025-01053,2,CUST0047,DD-KIR-0027,2025-03-19,465,KG,383.1,178141.5,INR,7.0,Delivered
TXN003075,HIST-2025-01129,1,CUST0001,DD-MOD-0009,2025-03-19,1711,MTR,234.85,401828.35,INR,3.0,Delivered
TXN003076,HIST-2025-01129,2,CUST0001,DD-FLN-0016,2025-03-19,1310,MTR,148.58,194639.8,INR,3.0,Delivered
TXN003533,HIST-2025-01290,1,CUST0121,DD-CIN-0016,2025-03-19,1048,MTR,229.32,240327.36,INR,12.0,Delivered
TXN003534,HIST-2025-01290,2,CUST0121,DD-BDS-0020,2025-03-19,272,MTR,221.0,60112.0,INR,12.0,Delivered
TXN000528,HIST-2025-00191,1,CUST0095,DD-CIN-0029,2025-03-20,531,MTR,194.8,103438.8,INR,7.0,Delivered
TXN000529,HIST-2025-00191,2,CUST0095,DD-CIN-0004,2025-03-20,1568,MTR,196.8,308582.4,INR,7.0,Delivered
TXN000530,HIST-2025-00191,3,CUST0095,DD-HUP-0024,2025-03-20,287,MTR,286.18,82133.66,INR,7.0,Delivered
TXN000531,HIST-2025-00191,4,CUST0095,DD-CIN-0023,2025-03-20,226,MTR,275.4,62240.4,INR,7.0,Delivered
TXN004466,HIST-2025-01639,1,CUST0008,DD-CTB-0007,2025-03-21,1255,MTR,239.59,300685.45,INR,7.0,Delivered
TXN005004,HIST-2025-01837,1,CUST0122,DD-CIN-0031,2025-03-21,2089,MTR,245.44,512724.16,INR,3.0,Delivered
TXN005005,HIST-2025-01837,2,CUST0122,DD-CIN-0029,2025-03-21,1145,MTR,195.57,223927.65,INR,3.0,Delivered
TXN002923,HIST-2025-01074,1,CUST0080,DD-TWL-0016,2025-03-22,170,PCS,186.98,31786.6,INR,7.0,Delivered
TXN001718,HIST-2025-00625,1,CUST0006,DD-DNM-0034,2025-03-23,628,MTR,273.18,171557.04,INR,7.0,Delivered
TXN001719,HIST-2025-00625,2,CUST0006,DD-KSJ-0011,2025-03-23,249,KG,295.94,73689.06,INR,7.0,Delivered
TXN006007,HIST-2025-02207,1,CUST0076,DD-KSJ-0006,2025-03-23,80,KG,336.51,26920.8,INR,7.0,Delivered
TXN006008,HIST-2025-02207,2,CUST0076,DD-CTB-0026,2025-03-23,203,MTR,191.39,38852.17,INR,7.0,Delivered
TXN006922,HIST-2025-02548,1,CUST0125,DD-DNM-0008,2025-03-23,306,MTR,234.11,71637.66,INR,7.0,Delivered
TXN006923,HIST-2025-02548,2,CUST0125,DD-DNM-0009,2025-03-23,388,MTR,243.56,94501.28,INR,7.0,Delivered
TXN006924,HIST-2025-02548,3,CUST0125,DD-KSJ-0023,2025-03-23,419,KG,403.78,169183.82,INR,7.0,Delivered
TXN006925,HIST-2025-02548,4,CUST0125,DD-CTB-0014,2025-03-23,505,MTR,163.62,82628.1,INR,7.0,Delivered
TXN001093,HIST-2025-00393,1,CUST0063,DD-KSJ-0020,2025-03-24,75,KG,317.4,23805.0,INR,7.0,Delivered
TXN001094,HIST-2025-00393,2,CUST0063,DD-KFT-0012,2025-03-24,209,KG,391.26,81773.34,INR,7.0,Delivered
TXN004424,HIST-2025-01619,1,CUST0133,DD-PRB-0005,2025-03-26,540,MTR,134.22,72478.8,INR,7.0,Delivered
TXN001950,HIST-2025-00714,1,CUST0033,DD-HUP-0023,2025-03-27,610,MTR,298.09,181834.9,INR,3.0,Delivered
TXN006378,HIST-2025-02343,1,CUST0047,DD-KFT-0026,2025-03-28,437,KG,330.37,144371.69,INR,7.0,Delivered
TXN006379,HIST-2025-02343,2,CUST0047,DD-DNM-0026,2025-03-28,163,MTR,204.31,33302.53,INR,7.0,Delivered
TXN006380,HIST-2025-02343,3,CUST0047,DD-KSJ-0023,2025-03-28,221,KG,388.58,85876.18,INR,7.0,Delivered
TXN006381,HIST-2025-02343,4,CUST0047,DD-KFT-0009,2025-03-28,161,KG,392.33,63165.13,INR,7.0,Delivered
TXN004835,HIST-2025-01777,1,CUST0047,DD-KIR-0021,2025-03-29,99,KG,357.53,35395.47,INR,7.0,Delivered
TXN005864,HIST-2025-02154,1,CUST0003,DD-SUT-0030,2025-03-29,1965,MTR,202.45,397814.25,INR,7.0,Delivered
TXN006881,HIST-2025-02531,1,CUST0117,DD-CDV-0016,2025-03-29,1284,MTR,175.79,225714.36,INR,3.0,Delivered
TXN001331,HIST-2025-00481,1,CUST0088,DD-TWL-0012,2025-03-30,1002,PCS,186.26,186632.52,INR,12.0,Delivered
TXN003597,HIST-2025-01307,1,CUST0107,DD-SAT-0016,2025-03-31,1069,MTR,149.34,159644.46,INR,3.0,Delivered
TXN003598,HIST-2025-01307,2,CUST0107,DD-CTB-0001,2025-03-31,443,MTR,175.97,77954.71,INR,3.0,Partially Delivered
TXN003599,HIST-2025-01307,3,CUST0107,DD-KIR-0025,2025-03-31,209,KG,399.43,83480.87,INR,3.0,Delivered
TXN003600,HIST-2025-01307,4,CUST0107,DD-KSJ-0012,2025-03-31,149,KG,298.71,44507.79,INR,3.0,Delivered
TXN003601,HIST-2025-01307,5,CUST0107,DD-BDS-0009,2025-03-31,641,MTR,159.18,102034.38,INR,3.0,Delivered
TXN000152,HIST-2025-00052,1,CUST0114,DD-LIN-0008,2025-04-02,780,MTR,325.19,253648.2,INR,12.0,Delivered
TXN003685,HIST-2025-01335,1,CUST0087,DD-DNM-0029,2025-04-02,863,MTR,299.75,258684.25,INR,7.0,Partially Delivered
TXN003686,HIST-2025-01335,2,CUST0087,DD-KIR-0014,2025-04-02,538,KG,495.91,266799.58,INR,7.0,Delivered
TXN003687,HIST-2025-01335,3,CUST0087,DD-KFT-0006,2025-04-02,312,KG,323.69,100991.28,INR,7.0,Delivered
TXN000826,HIST-2025-00292,1,CUST0048,DD-MOD-0023,2025-04-03,1137,MTR,159.38,181215.06,INR,12.0,Delivered
TXN002924,HIST-2025-01075,1,CUST0042,DD-LIN-0019,2025-04-03,144,MTR,398.97,57451.68,INR,12.0,Delivered
TXN002925,HIST-2025-01075,2,CUST0042,DD-KSJ-0004,2025-04-03,280,KG,313.68,87830.4,INR,12.0,Delivered
TXN002926,HIST-2025-01075,3,CUST0042,DD-DNM-0035,2025-04-03,136,MTR,193.0,26248.0,INR,12.0,Delivered
TXN002927,HIST-2025-01075,4,CUST0042,DD-CTS-0005,2025-04-03,1336,MTR,118.57,158409.52,INR,12.0,Delivered
TXN002928,HIST-2025-01075,5,CUST0042,DD-LIN-0026,2025-04-03,1133,MTR,243.98,276429.34,INR,12.0,Delivered
TXN003211,HIST-2025-01179,1,CUST0122,DD-PCS-0035,2025-04-03,1222,MTR,100.92,123324.24,INR,3.0,Delivered
TXN003212,HIST-2025-01179,2,CUST0122,DD-CTB-0003,2025-04-03,344,MTR,167.79,57719.76,INR,3.0,Delivered
TXN003213,HIST-2025-01179,3,CUST0122,DD-SUT-0021,2025-04-03,1112,MTR,260.71,289909.52,INR,3.0,Delivered
TXN003214,HIST-2025-01179,4,CUST0122,DD-CIN-0012,2025-04-03,134,MTR,203.04,27207.36,INR,3.0,Delivered
TXN000121,HIST-2025-00043,1,CUST0105,DD-CTB-0001,2025-04-04,511,MTR,159.38,81443.18,INR,12.0,Delivered
TXN000122,HIST-2025-00043,2,CUST0105,DD-MOD-0011,2025-04-04,1996,MTR,234.98,469020.08,INR,12.0,Delivered
TXN000123,HIST-2025-00043,3,CUST0105,DD-KSJ-0018,2025-04-04,217,KG,292.98,63576.66,INR,12.0,Delivered
TXN001296,HIST-2025-00469,1,CUST0016,DD-FLN-0025,2025-04-04,234,MTR,160.59,37578.06,INR,12.0,Delivered
TXN001297,HIST-2025-00469,2,CUST0016,DD-KIR-0025,2025-04-04,438,KG,369.03,161635.14,INR,12.0,Delivered
TXN001298,HIST-2025-00469,3,CUST0016,DD-TWL-0014,2025-04-04,180,PCS,192.85,34713.0,INR,12.0,Delivered
TXN001299,HIST-2025-00469,4,CUST0016,DD-LIN-0034,2025-04-04,1760,MTR,266.04,468230.4,INR,12.0,Delivered
TXN001300,HIST-2025-00469,5,CUST0016,DD-HCT-0022,2025-04-04,206,MTR,167.53,34511.18,INR,12.0,Delivered
TXN001374,HIST-2025-00496,1,CUST0061,DD-PRB-0011,2025-04-04,682,MTR,142.15,96946.3,INR,3.0,Delivered
TXN001375,HIST-2025-00496,2,CUST0061,DD-PGT-0018,2025-04-04,149,MTR,68.66,10230.34,INR,3.0,Delivered
TXN001376,HIST-2025-00496,3,CUST0061,DD-SAT-0020,2025-04-04,451,MTR,149.76,67541.76,INR,3.0,Partially Delivered
TXN002184,HIST-2025-00805,1,CUST0003,DD-SUT-0013,2025-04-04,357,MTR,259.55,92659.35,INR,7.0,Delivered
TXN002185,HIST-2025-00805,2,CUST0003,DD-PCS-0033,2025-04-04,389,MTR,97.21,37814.69,INR,7.0,Delivered
TXN002186,HIST-2025-00805,3,CUST0003,DD-SUT-0007,2025-04-04,515,MTR,190.03,97865.45,INR,7.0,Partially Delivered
TXN002187,HIST-2025-00805,4,CUST0003,DD-CIN-0001,2025-04-04,211,MTR,217.12,45812.32,INR,7.0,Delivered
TXN000124,HIST-2025-00044,1,CUST0122,DD-CIN-0024,2025-04-05,1443,MTR,270.3,390042.9,INR,3.0,Delivered
TXN000125,HIST-2025-00044,2,CUST0122,DD-PCS-0015,2025-04-05,1085,MTR,96.05,104214.25,INR,3.0,Delivered
TXN000126,HIST-2025-00044,3,CUST0122,DD-PCS-0035,2025-04-05,150,MTR,102.12,15318.0,INR,3.0,Delivered
TXN000127,HIST-2025-00044,4,CUST0122,DD-CIN-0012,2025-04-05,406,MTR,201.33,81739.98,INR,3.0,Delivered
TXN001026,HIST-2025-00370,1,CUST0049,DD-SUT-0023,2025-04-05,620,MTR,261.24,161968.8,INR,3.0,Delivered
TXN001027,HIST-2025-00370,2,CUST0049,DD-SUT-0024,2025-04-05,203,MTR,218.3,44314.9,INR,3.0,Delivered
TXN001028,HIST-2025-00370,3,CUST0049,DD-FLN-0007,2025-04-05,1660,MTR,192.55,319633.0,INR,3.0,Delivered
TXN001029,HIST-2025-00370,4,CUST0049,DD-SUT-0028,2025-04-05,497,MTR,219.71,109195.87,INR,3.0,Delivered
TXN003128,HIST-2025-01151,1,CUST0053,DD-CTB-0007,2025-04-05,204,MTR,243.16,49604.64,INR,3.0,Delivered
TXN003129,HIST-2025-01151,2,CUST0053,DD-PCS-0005,2025-04-05,494,MTR,84.63,41807.22,INR,3.0,Delivered
TXN003130,HIST-2025-01151,3,CUST0053,DD-SUT-0021,2025-04-05,332,MTR,263.82,87588.24,INR,3.0,Delivered
TXN003131,HIST-2025-01151,4,CUST0053,DD-CTB-0018,2025-04-05,826,MTR,153.42,126724.92,INR,3.0,Partially Delivered
TXN007101,HIST-2025-02610,1,CUST0006,DD-DNM-0017,2025-04-06,547,MTR,254.24,139069.28,INR,7.0,Delivered
TXN007102,HIST-2025-02610,2,CUST0006,DD-LIN-0029,2025-04-06,392,MTR,265.05,103899.6,INR,7.0,Delivered
TXN007103,HIST-2025-02610,3,CUST0006,DD-CTS-0018,2025-04-06,179,MTR,85.61,15324.19,INR,7.0,Delivered
TXN007104,HIST-2025-02610,4,CUST0006,DD-CTB-0012,2025-04-06,1605,MTR,170.67,273925.35,INR,7.0,Delivered
TXN007105,HIST-2025-02610,5,CUST0006,DD-MOD-0014,2025-04-06,1077,MTR,240.22,258716.94,INR,7.0,Delivered
TXN001390,HIST-2025-00505,1,CUST0048,DD-LIN-0030,2025-04-07,1432,MTR,381.04,545649.28,INR,12.0,Delivered
TXN001391,HIST-2025-00505,2,CUST0048,DD-MOD-0021,2025-04-07,1138,MTR,214.5,244101.0,INR,12.0,Delivered
TXN001392,HIST-2025-00505,3,CUST0048,DD-CTB-0023,2025-04-07,820,MTR,188.92,154914.4,INR,12.0,Delivered
TXN004063,HIST-2025-01481,1,CUST0098,DD-PGT-0030,2025-04-07,408,MTR,74.19,30269.52,INR,7.0,Delivered
TXN004064,HIST-2025-01481,2,CUST0098,DD-PGT-0013,2025-04-07,209,MTR,60.38,12619.42,INR,7.0,Delivered
TXN005006,HIST-2025-01838,1,CUST0105,DD-CTB-0031,2025-04-07,1770,MTR,145.69,257871.3,INR,12.0,Delivered
TXN005007,HIST-2025-01838,2,CUST0105,DD-KSJ-0018,2025-04-07,86,KG,286.42,24632.12,INR,12.0,Delivered
TXN005008,HIST-2025-01838,3,CUST0105,DD-KSJ-0027,2025-04-07,143,KG,293.57,41980.51,INR,12.0,Delivered
TXN005009,HIST-2025-01838,4,CUST0105,DD-KSJ-0014,2025-04-07,247,KG,306.17,75623.99,INR,12.0,Delivered
TXN005738,HIST-2025-02108,1,CUST0036,DD-DNM-0013,2025-04-07,225,MTR,166.04,37359.0,INR,12.0,Delivered
TXN005739,HIST-2025-02108,2,CUST0036,DD-LIN-0016,2025-04-07,2118,MTR,397.27,841417.86,INR,12.0,Delivered
TXN005740,HIST-2025-02108,3,CUST0036,DD-KSJ-0023,2025-04-07,161,KG,361.17,58148.37,INR,12.0,Delivered
TXN002175,HIST-2025-00802,1,CUST0132,DD-KSJ-0020,2025-04-08,322,KG,291.62,93901.64,INR,7.0,Delivered
TXN002176,HIST-2025-00802,2,CUST0132,DD-KSJ-0022,2025-04-08,477,KG,391.75,186864.75,INR,7.0,Partially Delivered
TXN002177,HIST-2025-00802,3,CUST0132,DD-MOD-0029,2025-04-08,2012,MTR,167.43,336869.16,INR,7.0,Delivered
TXN003007,HIST-2025-01107,1,CUST0053,DD-CTB-0001,2025-04-08,179,MTR,171.66,30727.14,INR,3.0,Delivered
TXN006258,HIST-2025-02294,1,CUST0110,DD-CIN-0003,2025-04-08,568,MTR,221.69,125919.92,INR,3.0,Cancelled
TXN000861,HIST-2025-00306,1,CUST0128,DD-KFT-0012,2025-04-09,138,KG,411.87,56838.06,INR,3.0,Delivered
TXN000862,HIST-2025-00306,2,CUST0128,DD-CTB-0011,2025-04-09,1046,MTR,173.75,181742.5,INR,3.0,Delivered
TXN000863,HIST-2025-00306,3,CUST0128,DD-CTB-0020,2025-04-09,265,MTR,218.61,57931.65,INR,3.0,Delivered
TXN000864,HIST-2025-00306,4,CUST0128,DD-KFT-0011,2025-04-09,280,KG,381.79,106901.2,INR,3.0,Delivered
TXN004836,HIST-2025-01778,1,CUST0134,DD-CTB-0012,2025-04-09,130,MTR,180.16,23420.8,INR,3.0,Delivered
TXN004837,HIST-2025-01778,2,CUST0134,DD-FLN-0003,2025-04-09,435,MTR,158.28,68851.8,INR,3.0,Delivered
TXN004838,HIST-2025-01778,3,CUST0134,DD-CTB-0017,2025-04-09,270,MTR,147.94,39943.8,INR,3.0,Delivered
TXN004839,HIST-2025-01778,4,CUST0134,DD-CIN-0007,2025-04-09,128,MTR,254.55,32582.4,INR,3.0,Delivered
TXN004985,HIST-2025-01827,1,CUST0091,DD-CTB-0006,2025-04-09,453,MTR,205.18,92946.54,INR,12.0,Delivered
TXN005171,HIST-2025-01900,1,CUST0076,DD-CTS-0014,2025-04-09,888,MTR,117.15,104029.2,INR,7.0,Delivered
TXN005172,HIST-2025-01900,2,CUST0076,DD-LIN-0003,2025-04-09,224,MTR,424.86,95168.64,INR,7.0,Delivered
TXN005173,HIST-2025-01900,3,CUST0076,DD-MOD-0016,2025-04-09,2039,MTR,235.5,480184.5,INR,7.0,Delivered
TXN006560,HIST-2025-02404,1,CUST0062,DD-KSJ-0006,2025-04-09,96,KG,302.24,29015.04,INR,12.0,Delivered
TXN006561,HIST-2025-02404,2,CUST0062,DD-CTS-0017,2025-04-09,1285,MTR,87.51,112450.35,INR,12.0,Delivered
TXN000315,HIST-2025-00110,1,CUST0069,DD-KIR-0007,2025-04-10,50,KG,382.02,19101.0,INR,7.0,Delivered
TXN000316,HIST-2025-00110,2,CUST0069,DD-SUT-0024,2025-04-10,266,MTR,221.94,59036.04,INR,7.0,Delivered
TXN000317,HIST-2025-00110,3,CUST0069,DD-BDS-0009,2025-04-10,1209,MTR,161.93,195773.37,INR,7.0,Delivered
TXN002170,HIST-2025-00800,1,CUST0054,DD-TWL-0032,2025-04-10,219,PCS,282.45,61856.55,INR,7.0,Delivered
TXN002171,HIST-2025-00800,2,CUST0054,DD-HCT-0037,2025-04-10,1227,MTR,218.03,267522.81,INR,7.0,Delivered
TXN002172,HIST-2025-00800,3,CUST0054,DD-HCT-0020,2025-04-10,1005,MTR,169.22,170066.1,INR,7.0,Delivered
TXN002173,HIST-2025-00800,4,CUST0054,DD-HCT-0013,2025-04-10,146,MTR,215.3,31433.8,INR,7.0,Partially Delivered
TXN003125,HIST-2025-01149,1,CUST0052,DD-SUT-0029,2025-04-10,1696,MTR,217.62,369083.52,INR,3.0,Delivered
TXN003126,HIST-2025-01149,2,CUST0052,DD-PCS-0011,2025-04-10,626,MTR,79.87,49998.62,INR,3.0,Delivered
TXN004449,HIST-2025-01631,1,CUST0031,DD-KFT-0011,2025-04-10,325,KG,401.23,130399.75,INR,7.0,Delivered
TXN004450,HIST-2025-01631,2,CUST0031,DD-KIR-0035,2025-04-10,396,KG,485.29,192174.84,INR,7.0,Delivered
TXN004451,HIST-2025-01631,3,CUST0031,DD-CTS-0024,2025-04-10,1980,MTR,84.73,167765.4,INR,7.0,Delivered
TXN006919,HIST-2025-02546,1,CUST0073,DD-BDS-0002,2025-04-10,263,MTR,213.2,56071.6,INR,12.0,Delivered
TXN000179,HIST-2025-00063,1,CUST0032,DD-PGT-0017,2025-04-11,376,MTR,67.01,25195.76,INR,3.0,Delivered
TXN000568,HIST-2025-00205,1,CUST0047,DD-KFT-0026,2025-04-12,49,KG,322.85,15819.65,INR,7.0,Cancelled
TXN000569,HIST-2025-00205,2,CUST0047,DD-CTB-0006,2025-04-12,129,MTR,206.01,26575.29,INR,7.0,Delivered
TXN000570,HIST-2025-00205,3,CUST0047,DD-KIR-0017,2025-04-12,173,KG,470.08,81323.84,INR,7.0,Delivered
TXN000571,HIST-2025-00205,4,CUST0047,DD-KIR-0019,2025-04-12,404,KG,372.28,150401.12,INR,7.0,Delivered
TXN000572,HIST-2025-00205,5,CUST0047,DD-CTB-0019,2025-04-12,144,MTR,212.61,30615.84,INR,7.0,Delivered
TXN000573,HIST-2025-00205,6,CUST0047,DD-KFT-0009,2025-04-12,439,KG,395.23,173505.97,INR,7.0,Delivered
TXN003447,HIST-2025-01267,1,CUST0126,DD-LIN-0032,2025-04-12,524,MTR,419.01,219561.24,INR,7.0,Delivered
TXN003448,HIST-2025-01267,2,CUST0126,DD-DNM-0005,2025-04-12,686,MTR,224.63,154096.18,INR,7.0,Delivered
TXN003449,HIST-2025-01267,3,CUST0126,DD-DNM-0029,2025-04-12,640,MTR,297.14,190169.6,INR,7.0,Delivered
TXN003450,HIST-2025-01267,4,CUST0126,DD-MOD-0006,2025-04-12,702,MTR,220.43,154741.86,INR,7.0,Delivered
TXN003451,HIST-2025-01267,5,CUST0126,DD-MOD-0022,2025-04-12,246,MTR,220.15,54156.9,INR,7.0,Delivered
TXN003908,HIST-2025-01431,1,CUST0105,DD-CTB-0031,2025-04-12,262,MTR,143.59,37620.58,INR,12.0,Delivered
TXN003909,HIST-2025-01431,2,CUST0105,DD-KSJ-0027,2025-04-12,159,KG,294.9,46889.1,INR,12.0,Delivered
TXN003910,HIST-2025-01431,3,CUST0105,DD-CTS-0027,2025-04-12,219,MTR,81.43,17833.17,INR,12.0,Delivered
TXN003911,HIST-2025-01431,4,CUST0105,DD-LIN-0001,2025-04-12,1736,MTR,396.9,689018.4,INR,12.0,Delivered
TXN001640,HIST-2025-00597,1,CUST0098,DD-PCS-0022,2025-04-13,1526,MTR,86.27,131648.02,INR,7.0,Delivered
TXN001641,HIST-2025-00597,2,CUST0098,DD-BDS-0002,2025-04-13,239,MTR,224.79,53724.81,INR,7.0,Delivered
TXN001642,HIST-2025-00597,3,CUST0098,DD-PGT-0025,2025-04-13,213,MTR,50.67,10792.71,INR,7.0,Cancelled
TXN001643,HIST-2025-00597,4,CUST0098,DD-RBL-0026,2025-04-13,537,MTR,45.87,24632.19,INR,7.0,Delivered
TXN001644,HIST-2025-00597,5,CUST0098,DD-HCT-0030,2025-04-13,209,MTR,135.23,28263.07,INR,7.0,Delivered
TXN001645,HIST-2025-00597,6,CUST0098,DD-LIN-0013,2025-04-13,451,MTR,409.34,184612.34,INR,7.0,Delivered
TXN004211,HIST-2025-01535,1,CUST0010,DD-DNM-0008,2025-04-13,1022,MTR,239.9,245177.8,INR,7.0,Partially Delivered
TXN005643,HIST-2025-02074,1,CUST0129,DD-PRB-0033,2025-04-13,661,MTR,157.97,104418.17,INR,3.0,Delivered
TXN005644,HIST-2025-02074,2,CUST0129,DD-LIN-0004,2025-04-13,697,MTR,341.16,237788.52,INR,3.0,Delivered
TXN005645,HIST-2025-02074,3,CUST0129,DD-FLN-0024,2025-04-13,387,MTR,179.67,69532.29,INR,3.0,Delivered
TXN005646,HIST-2025-02074,4,CUST0129,DD-FLN-0017,2025-04-13,198,MTR,146.13,28933.74,INR,3.0,Delivered
TXN005917,HIST-2025-02179,1,CUST0030,DD-KIR-0032,2025-04-13,229,KG,373.89,85620.81,INR,12.0,Delivered
TXN005918,HIST-2025-02179,2,CUST0030,DD-DNM-0028,2025-04-13,185,MTR,201.15,37212.75,INR,12.0,Delivered
TXN006499,HIST-2025-02383,1,CUST0077,DD-KIR-0010,2025-04-13,137,KG,417.93,57256.41,INR,7.0,Delivered
TXN006500,HIST-2025-02383,2,CUST0077,DD-CIN-0007,2025-04-13,375,MTR,232.22,87082.5,INR,7.0,Delivered
TXN006501,HIST-2025-02383,3,CUST0077,DD-PGT-0024,2025-04-13,1136,MTR,50.27,57106.72,INR,7.0,Delivered
TXN003645,HIST-2025-01323,1,CUST0003,DD-CIN-0001,2025-04-14,206,MTR,219.37,45190.22,INR,7.0,Delivered
TXN003944,HIST-2025-01443,1,CUST0064,DD-KIR-0009,2025-04-14,518,KG,404.31,209432.58,INR,12.0,Delivered
TXN003945,HIST-2025-01443,2,CUST0064,DD-KIR-0005,2025-04-14,375,KG,403.32,151245.0,INR,12.0,Delivered
TXN004591,HIST-2025-01693,1,CUST0059,DD-SUT-0018,2025-04-14,214,MTR,196.95,42147.3,INR,12.0,Delivered
TXN004592,HIST-2025-01693,2,CUST0059,DD-FLN-0023,2025-04-14,1372,MTR,162.83,223402.76,INR,12.0,Partially Delivered
TXN004593,HIST-2025-01693,3,CUST0059,DD-CIN-0006,2025-04-14,926,MTR,187.64,173754.64,INR,12.0,Delivered
TXN004594,HIST-2025-01693,4,CUST0059,DD-PCS-0026,2025-04-14,323,MTR,89.79,29002.17,INR,12.0,Delivered
TXN004595,HIST-2025-01693,5,CUST0059,DD-SUT-0005,2025-04-14,181,MTR,208.22,37687.82,INR,12.0,Delivered
TXN004596,HIST-2025-01693,6,CUST0059,DD-CIN-0030,2025-04-14,1324,MTR,178.34,236122.16,INR,12.0,Delivered
TXN006402,HIST-2025-02350,1,CUST0006,DD-CTS-0018,2025-04-14,556,MTR,84.39,46920.84,INR,7.0,Delivered
TXN006403,HIST-2025-02350,2,CUST0006,DD-MOD-0016,2025-04-14,2170,MTR,235.34,510687.8,INR,7.0,Delivered
TXN004585,HIST-2025-01690,1,CUST0077,DD-LIN-0034,2025-04-15,221,MTR,279.0,61659.0,INR,7.0,Delivered
TXN004586,HIST-2025-01690,2,CUST0077,DD-VSR-0020,2025-04-15,1134,MTR,110.24,125012.16,INR,7.0,Delivered
TXN006355,HIST-2025-02333,1,CUST0084,DD-CTB-0033,2025-04-15,190,MTR,201.64,38311.6,INR,12.0,Delivered
TXN001114,HIST-2025-00402,1,CUST0006,DD-LIN-0009,2025-04-16,942,MTR,400.35,377129.7,INR,7.0,Delivered
TXN003389,HIST-2025-01243,1,CUST0121,DD-CIN-0016,2025-04-16,2196,MTR,230.79,506814.84,INR,12.0,Delivered
TXN003553,HIST-2025-01296,1,CUST0078,DD-PGT-0023,2025-04-16,199,MTR,52.68,10483.32,INR,7.0,Delivered
TXN003554,HIST-2025-01296,2,CUST0078,DD-SAT-0008,2025-04-16,1277,MTR,168.52,215200.04,INR,7.0,Delivered
TXN003555,HIST-2025-01296,3,CUST0078,DD-VSR-0013,2025-04-16,259,MTR,82.42,21346.78,INR,7.0,Partially Delivered
TXN003556,HIST-2025-01296,4,CUST0078,DD-LIN-0033,2025-04-16,710,MTR,265.86,188760.6,INR,7.0,Delivered
TXN004715,HIST-2025-01733,1,CUST0096,DD-KFT-0028,2025-04-17,222,KG,233.26,51783.72,INR,7.0,Delivered
TXN004716,HIST-2025-01733,2,CUST0096,DD-CTB-0002,2025-04-17,658,MTR,157.1,103371.8,INR,7.0,Delivered
TXN004717,HIST-2025-01733,3,CUST0096,DD-KFT-0009,2025-04-17,452,KG,391.67,177034.84,INR,7.0,Delivered
TXN005362,HIST-2025-01967,1,CUST0058,DD-CTB-0028,2025-04-17,730,MTR,174.49,127377.7,INR,7.0,Delivered
TXN005363,HIST-2025-01967,2,CUST0058,DD-KFT-0024,2025-04-17,98,KG,338.54,33176.92,INR,7.0,Delivered
TXN005364,HIST-2025-01967,3,CUST0058,DD-DNM-0012,2025-04-17,443,MTR,172.95,76616.85,INR,7.0,Delivered
TXN003874,HIST-2025-01419,1,CUST0054,DD-CIN-0015,2025-04-18,1698,MTR,217.59,369467.82,INR,7.0,Delivered
TXN003875,HIST-2025-01419,2,CUST0054,DD-HCT-0034,2025-04-18,257,MTR,220.53,56676.21,INR,7.0,Delivered
TXN003876,HIST-2025-01419,3,CUST0054,DD-TWL-0032,2025-04-18,1508,PCS,277.86,419012.88,INR,7.0,Delivered
TXN004323,HIST-2025-01578,1,CUST0110,DD-CIN-0003,2025-04-18,346,MTR,223.01,77161.46,INR,3.0,Delivered
TXN004324,HIST-2025-01578,2,CUST0110,DD-PCS-0027,2025-04-18,1337,MTR,99.84,133486.08,INR,3.0,Delivered
TXN007106,HIST-2025-02611,1,CUST0042,DD-LIN-0026,2025-04-18,1090,MTR,241.12,262820.8,INR,12.0,Delivered
TXN007107,HIST-2025-02611,2,CUST0042,DD-DNM-0035,2025-04-18,219,MTR,191.46,41929.74,INR,12.0,Delivered
TXN007108,HIST-2025-02611,3,CUST0042,DD-LIN-0019,2025-04-18,218,MTR,402.76,87801.68,INR,12.0,Delivered
TXN000616,HIST-2025-00220,1,CUST0077,DD-LIN-0024,2025-04-19,514,MTR,258.53,132884.42,INR,7.0,Delivered
TXN000617,HIST-2025-00220,2,CUST0077,DD-PCS-0014,2025-04-19,876,MTR,92.29,80846.04,INR,7.0,Delivered
TXN001537,HIST-2025-00560,1,CUST0020,DD-LIN-0019,2025-04-19,1713,MTR,427.55,732393.15,INR,7.0,Delivered
TXN001538,HIST-2025-00560,2,CUST0020,DD-CTB-0002,2025-04-19,400,MTR,161.27,64508.0,INR,7.0,Delivered
TXN006706,HIST-2025-02463,1,CUST0043,DD-CTB-0032,2025-04-19,1196,MTR,166.83,199528.68,INR,3.0,Delivered
TXN006707,HIST-2025-02463,2,CUST0043,DD-KSJ-0019,2025-04-19,138,KG,332.53,45889.14,INR,3.0,Delivered
TXN006708,HIST-2025-02463,3,CUST0043,DD-CTS-0007,2025-04-19,152,MTR,141.0,21432.0,INR,3.0,Delivered
TXN006709,HIST-2025-02463,4,CUST0043,DD-DNM-0024,2025-04-19,887,MTR,214.19,189986.53,INR,3.0,Delivered
TXN006710,HIST-2025-02463,5,CUST0043,DD-DNM-0025,2025-04-19,175,MTR,211.33,36982.75,INR,3.0,Delivered
TXN004642,HIST-2025-01706,1,CUST0126,DD-DNM-0027,2025-04-20,520,MTR,205.6,106912.0,INR,7.0,Cancelled
TXN004643,HIST-2025-01706,2,CUST0126,DD-LIN-0032,2025-04-20,1111,MTR,417.29,463609.19,INR,7.0,Delivered
TXN006647,HIST-2025-02441,1,CUST0121,DD-CIN-0011,2025-04-20,664,MTR,208.36,138351.04,INR,12.0,Partially Delivered
TXN006648,HIST-2025-02441,2,CUST0121,DD-TWL-0030,2025-04-20,1061,PCS,242.08,256846.88,INR,12.0,Delivered
TXN006649,HIST-2025-02441,3,CUST0121,DD-TWL-0002,2025-04-20,1056,PCS,191.89,202635.84,INR,12.0,Delivered
TXN007080,HIST-2025-02602,1,CUST0068,DD-CDV-0029,2025-04-20,1378,MTR,173.88,239606.64,INR,3.0,Delivered
TXN007081,HIST-2025-02602,2,CUST0068,DD-LIN-0001,2025-04-20,259,MTR,438.36,113535.24,INR,3.0,Delivered
TXN002447,HIST-2025-00901,1,CUST0008,DD-DNM-0011,2025-04-21,699,MTR,166.03,116054.97,INR,7.0,Delivered
TXN002448,HIST-2025-00901,2,CUST0008,DD-KIR-0020,2025-04-21,173,KG,381.11,65932.03,INR,7.0,Delivered
TXN002449,HIST-2025-00901,3,CUST0008,DD-KFT-0026,2025-04-21,66,KG,351.17,23177.22,INR,7.0,Delivered
TXN002450,HIST-2025-00901,4,CUST0008,DD-DNM-0017,2025-04-21,544,MTR,252.2,137196.8,INR,7.0,Delivered
TXN002451,HIST-2025-00901,5,CUST0008,DD-CTB-0012,2025-04-21,244,MTR,165.29,40330.76,INR,7.0,Delivered
TXN004582,HIST-2025-01689,1,CUST0053,DD-CTB-0018,2025-04-21,1092,MTR,155.22,169500.24,INR,3.0,Delivered
TXN004583,HIST-2025-01689,2,CUST0053,DD-PCS-0005,2025-04-21,614,MTR,84.65,51975.1,INR,3.0,Delivered
TXN004584,HIST-2025-01689,3,CUST0053,DD-SUT-0021,2025-04-21,2223,MTR,260.42,578913.66,INR,3.0,Partially Delivered
TXN005722,HIST-2025-02099,1,CUST0120,DD-FLN-0014,2025-04-21,1640,MTR,121.78,199719.2,INR,7.0,Delivered
TXN006639,HIST-2025-02437,1,CUST0130,DD-PGT-0005,2025-04-21,529,MTR,69.83,36940.07,INR,7.0,Delivered
TXN004545,HIST-2025-01675,1,CUST0052,DD-CIN-0004,2025-04-22,1226,MTR,207.67,254603.42,INR,3.0,Cancelled
TXN004546,HIST-2025-01675,2,CUST0052,DD-FLN-0021,2025-04-22,471,MTR,177.94,83809.74,INR,3.0,Delivered
TXN004547,HIST-2025-01675,3,CUST0052,DD-CIN-0003,2025-04-22,1884,MTR,230.52,434299.68,INR,3.0,Delivered
TXN001667,HIST-2025-00604,1,CUST0089,DD-HUP-0012,2025-04-23,458,MTR,249.79,114403.82,INR,3.0,Delivered
TXN001668,HIST-2025-00604,2,CUST0089,DD-KIR-0011,2025-04-23,141,KG,475.0,66975.0,INR,3.0,Delivered
TXN001669,HIST-2025-00604,3,CUST0089,DD-CTS-0024,2025-04-23,903,MTR,91.65,82759.95,INR,3.0,Delivered
TXN001670,HIST-2025-00604,4,CUST0089,DD-FLN-0008,2025-04-23,415,MTR,192.23,79775.45,INR,3.0,Delivered
TXN004772,HIST-2025-01754,1,CUST0100,DD-DNM-0026,2025-04-23,1699,MTR,223.82,380270.18,INR,3.0,Delivered
TXN007293,HIST-2025-02684,1,CUST0048,DD-LIN-0030,2025-04-23,988,MTR,378.43,373888.84,INR,12.0,Delivered
TXN007294,HIST-2025-02684,2,CUST0048,DD-DNM-0030,2025-04-23,127,MTR,275.33,34966.91,INR,12.0,Delivered
TXN007295,HIST-2025-02684,3,CUST0048,DD-DNM-0004,2025-04-23,947,MTR,224.0,212128.0,INR,12.0,Delivered
TXN001099,HIST-2025-00397,1,CUST0010,DD-KIR-0029,2025-04-24,111,KG,369.73,41040.03,INR,7.0,Delivered
TXN001100,HIST-2025-00397,2,CUST0010,DD-DNM-0002,2025-04-24,1126,MTR,236.02,265758.52,INR,7.0,Partially Delivered
TXN001101,HIST-2025-00397,3,CUST0010,DD-CTB-0024,2025-04-24,430,MTR,192.13,82615.9,INR,7.0,Delivered
TXN006528,HIST-2025-02394,1,CUST0055,DD-VSR-0033,2025-04-24,366,MTR,125.52,45940.32,INR,3.0,Delivered
TXN006529,HIST-2025-02394,2,CUST0055,DD-PGT-0029,2025-04-24,2146,MTR,76.33,163804.18,INR,3.0,Delivered
TXN006530,HIST-2025-02394,3,CUST0055,DD-BDS-0004,2025-04-24,612,MTR,152.4,93268.8,INR,3.0,Delivered
TXN006531,HIST-2025-02394,4,CUST0055,DD-KSJ-0013,2025-04-24,140,KG,333.9,46746.0,INR,3.0,Delivered
TXN006570,HIST-2025-02409,1,CUST0053,DD-SUT-0021,2025-04-24,337,MTR,265.59,89503.83,INR,3.0,Partially Delivered
TXN006571,HIST-2025-02409,2,CUST0053,DD-PCS-0017,2025-04-24,841,MTR,102.36,86084.76,INR,3.0,Delivered
TXN000954,HIST-2025-00343,1,CUST0068,DD-CDV-0029,2025-04-25,1141,MTR,175.61,200371.01,INR,3.0,Delivered
TXN002083,HIST-2025-00764,1,CUST0103,DD-MOD-0010,2025-04-25,1604,MTR,239.01,383372.04,INR,3.0,Delivered
TXN003905,HIST-2025-01430,1,CUST0128,DD-KFT-0001,2025-04-26,239,KG,355.17,84885.63,INR,3.0,Delivered
TXN003906,HIST-2025-01430,2,CUST0128,DD-KFT-0011,2025-04-26,44,KG,386.56,17008.64,INR,3.0,Delivered
TXN003907,HIST-2025-01430,3,CUST0128,DD-DNM-0032,2025-04-26,741,MTR,294.4,218150.4,INR,3.0,Delivered
TXN004132,HIST-2025-01508,1,CUST0024,DD-KFT-0020,2025-04-26,264,KG,368.23,97212.72,INR,3.0,Delivered
TXN004133,HIST-2025-01508,2,CUST0024,DD-DNM-0008,2025-04-26,226,MTR,263.46,59541.96,INR,3.0,Delivered
TXN004134,HIST-2025-01508,3,CUST0024,DD-KIR-0015,2025-04-26,295,KG,476.48,140561.6,INR,3.0,Delivered
TXN004135,HIST-2025-01508,4,CUST0024,DD-KSJ-0007,2025-04-26,272,KG,358.9,97620.8,INR,3.0,Delivered
TXN004827,HIST-2025-01775,1,CUST0059,DD-FLN-0023,2025-04-26,1621,MTR,162.12,262796.52,INR,12.0,Delivered
TXN004828,HIST-2025-01775,2,CUST0059,DD-SUT-0018,2025-04-26,483,MTR,195.19,94276.77,INR,12.0,Delivered
TXN004829,HIST-2025-01775,3,CUST0059,DD-CIN-0006,2025-04-26,149,MTR,191.28,28500.72,INR,12.0,Delivered
TXN006757,HIST-2025-02484,1,CUST0024,DD-KIR-0016,2025-04-26,48,KG,493.85,23704.8,INR,3.0,Delivered
TXN006758,HIST-2025-02484,2,CUST0024,DD-KIR-0007,2025-04-26,87,KG,394.72,34340.64,INR,3.0,Delivered
TXN006759,HIST-2025-02484,3,CUST0024,DD-CTB-0006,2025-04-26,313,MTR,228.68,71576.84,INR,3.0,Delivered
TXN006760,HIST-2025-02484,4,CUST0024,DD-DNM-0028,2025-04-26,1146,MTR,210.07,240740.22,INR,3.0,Delivered
TXN004565,HIST-2025-01682,1,CUST0040,DD-PGT-0037,2025-04-27,1116,MTR,70.32,78477.12,INR,12.0,Delivered
TXN004566,HIST-2025-01682,2,CUST0040,DD-LIN-0008,2025-04-27,558,MTR,328.18,183124.44,INR,12.0,Delivered
TXN004567,HIST-2025-01682,3,CUST0040,DD-MOD-0020,2025-04-27,975,MTR,208.18,202975.5,INR,12.0,Delivered
TXN004568,HIST-2025-01682,4,CUST0040,DD-MOD-0002,2025-04-27,363,MTR,192.98,70051.74,INR,12.0,Delivered
TXN005455,HIST-2025-01999,1,CUST0030,DD-KIR-0032,2025-04-27,68,KG,372.14,25305.52,INR,12.0,Delivered
TXN001314,HIST-2025-00474,1,CUST0052,DD-SUT-0009,2025-04-28,1642,MTR,190.98,313589.16,INR,3.0,Delivered
TXN001315,HIST-2025-00474,2,CUST0052,DD-CIN-0028,2025-04-28,1287,MTR,183.19,235765.53,INR,3.0,Delivered
TXN001316,HIST-2025-00474,3,CUST0052,DD-FLN-0012,2025-04-28,278,MTR,133.34,37068.52,INR,3.0,Delivered
TXN001317,HIST-2025-00474,4,CUST0052,DD-PCS-0007,2025-04-28,218,MTR,92.65,20197.7,INR,3.0,Delivered
TXN001657,HIST-2025-00601,1,CUST0091,DD-CTB-0005,2025-04-28,1123,MTR,194.39,218299.97,INR,12.0,Delivered
TXN001658,HIST-2025-00601,2,CUST0091,DD-CTB-0006,2025-04-28,344,MTR,200.65,69023.6,INR,12.0,Delivered
TXN001659,HIST-2025-00601,3,CUST0091,DD-KFT-0001,2025-04-28,372,KG,319.17,118731.24,INR,12.0,Delivered
TXN003606,HIST-2025-01310,1,CUST0011,DD-BDS-0005,2025-04-28,2285,MTR,148.91,340259.35,INR,7.0,Delivered
TXN003607,HIST-2025-01310,2,CUST0011,DD-PGT-0005,2025-04-28,1518,MTR,67.3,102161.4,INR,7.0,Delivered
TXN003608,HIST-2025-01310,3,CUST0011,DD-PCS-0031,2025-04-28,897,MTR,98.68,88515.96,INR,7.0,Delivered
TXN004069,HIST-2025-01483,1,CUST0067,DD-TWL-0033,2025-04-28,96,PCS,258.55,24820.8,INR,12.0,Cancelled
TXN004746,HIST-2025-01744,1,CUST0070,DD-LIN-0012,2025-04-28,160,MTR,425.42,68067.2,INR,3.0,Delivered
TXN004747,HIST-2025-01744,2,CUST0070,DD-LIN-0020,2025-04-28,218,MTR,424.44,92527.92,INR,3.0,Delivered
TXN006190,HIST-2025-02270,1,CUST0006,DD-CTB-0012,2025-04-28,617,MTR,172.43,106389.31,INR,7.0,Delivered
TXN006537,HIST-2025-02396,1,CUST0100,DD-DNM-0026,2025-04-28,2253,MTR,224.87,506632.11,INR,3.0,Delivered
TXN002115,HIST-2025-00778,1,CUST0065,DD-PGT-0020,2025-04-29,570,MTR,57.38,32706.6,INR,12.0,Cancelled
TXN003174,HIST-2025-01166,1,CUST0120,DD-SUT-0021,2025-04-29,249,MTR,253.18,63041.82,INR,7.0,Delivered
TXN003175,HIST-2025-01166,2,CUST0120,DD-KIR-0019,2025-04-29,207,KG,358.4,74188.8,INR,7.0,Delivered
TXN003176,HIST-2025-01166,3,CUST0120,DD-KSJ-0006,2025-04-29,212,KG,313.73,66510.76,INR,7.0,Delivered
TXN003177,HIST-2025-01166,4,CUST0120,DD-FLN-0014,2025-04-29,312,MTR,122.42,38195.04,INR,7.0,Delivered
TXN006842,HIST-2025-02518,1,CUST0080,DD-CIN-0022,2025-04-29,1681,MTR,265.95,447061.95,INR,7.0,Delivered
TXN006843,HIST-2025-02518,2,CUST0080,DD-CIN-0003,2025-04-29,208,MTR,214.77,44672.16,INR,7.0,Delivered
TXN000495,HIST-2025-00179,1,CUST0053,DD-CTB-0007,2025-04-30,159,MTR,240.2,38191.8,INR,3.0,Delivered
TXN001415,HIST-2025-00512,1,CUST0006,DD-MOD-0016,2025-04-30,304,MTR,236.43,71874.72,INR,7.0,Delivered
TXN004347,HIST-2025-01588,1,CUST0041,DD-HUP-0014,2025-04-30,449,MTR,260.4,116919.6,INR,3.0,Delivered
TXN006526,HIST-2025-02393,1,CUST0133,DD-SAT-0001,2025-04-30,666,MTR,186.23,124029.18,INR,7.0,Delivered
TXN006527,HIST-2025-02393,2,CUST0133,DD-VSR-0025,2025-04-30,1277,MTR,104.62,133599.74,INR,7.0,Partially Delivered
TXN000736,HIST-2025-00262,1,CUST0098,DD-VSR-0025,2025-05-01,240,MTR,105.43,25303.2,INR,7.0,Delivered
TXN000737,HIST-2025-00262,2,CUST0098,DD-RBL-0026,2025-05-01,874,MTR,44.96,39295.04,INR,7.0,Partially Delivered
TXN007396,HIST-2025-02726,1,CUST0119,DD-PRB-0030,2025-05-01,352,MTR,154.64,54433.28,INR,7.0,Delivered
TXN007397,HIST-2025-02726,2,CUST0119,DD-PRB-0014,2025-05-01,224,MTR,136.89,30663.36,INR,7.0,Delivered
TXN007398,HIST-2025-02726,3,CUST0119,DD-PGT-0010,2025-05-01,252,MTR,62.81,15828.12,INR,7.0,Delivered
TXN007399,HIST-2025-02726,4,CUST0119,DD-PRB-0038,2025-05-01,324,MTR,152.59,49439.16,INR,7.0,Delivered
TXN007400,HIST-2025-02726,5,CUST0119,DD-MOD-0024,2025-05-01,1968,MTR,172.08,338653.44,INR,7.0,Partially Delivered
TXN002758,HIST-2025-01019,1,CUST0121,DD-TWL-0027,2025-05-02,915,PCS,194.68,178132.2,INR,12.0,Delivered
TXN002759,HIST-2025-01019,2,CUST0121,DD-BDS-0020,2025-05-02,1681,MTR,222.78,374493.18,INR,12.0,Delivered
TXN000966,HIST-2025-00348,1,CUST0009,DD-PRB-0024,2025-05-03,711,MTR,106.78,75920.58,INR,7.0,Delivered
TXN000967,HIST-2025-00348,2,CUST0009,DD-SAT-0003,2025-05-03,1279,MTR,179.47,229542.13,INR,7.0,Delivered
TXN000968,HIST-2025-00348,3,CUST0009,DD-PGT-0028,2025-05-03,532,MTR,64.6,34367.2,INR,7.0,Delivered
TXN001699,HIST-2025-00619,1,CUST0099,DD-CTS-0006,2025-05-04,390,MTR,117.01,45633.9,INR,7.0,Delivered
TXN001700,HIST-2025-00619,2,CUST0099,DD-KSJ-0002,2025-05-04,130,KG,461.26,59963.8,INR,7.0,Delivered
TXN001701,HIST-2025-00619,3,CUST0099,DD-RBL-0017,2025-05-04,152,MTR,62.77,9541.04,INR,7.0,Delivered
TXN001702,HIST-2025-00619,4,CUST0099,DD-SUT-0029,2025-05-04,766,MTR,203.41,155812.06,INR,7.0,Delivered
TXN001703,HIST-2025-00619,5,CUST0099,DD-PCS-0021,2025-05-04,2283,MTR,84.75,193484.25,INR,7.0,Delivered
TXN002361,HIST-2025-00868,1,CUST0118,DD-HUP-0016,2025-05-04,178,MTR,307.8,54788.4,INR,7.0,Delivered
TXN002962,HIST-2025-01088,1,CUST0020,DD-LIN-0019,2025-05-04,611,MTR,429.78,262595.58,INR,7.0,Delivered
TXN002963,HIST-2025-01088,2,CUST0020,DD-CTB-0014,2025-05-04,166,MTR,161.64,26832.24,INR,7.0,Partially Delivered
TXN002964,HIST-2025-01088,3,CUST0020,DD-CTB-0002,2025-05-04,899,MTR,164.63,148002.37,INR,7.0,Delivered
TXN002965,HIST-2025-01088,4,CUST0020,DD-CTB-0017,2025-05-04,584,MTR,142.55,83249.2,INR,7.0,Delivered
TXN002279,HIST-2025-00839,1,CUST0013,DD-CTB-0015,2025-05-05,264,MTR,157.72,41638.08,INR,3.0,Delivered
TXN002280,HIST-2025-00839,2,CUST0013,DD-MOD-0023,2025-05-05,985,MTR,176.64,173990.4,INR,3.0,Delivered
TXN002281,HIST-2025-00839,3,CUST0013,DD-LIN-0034,2025-05-05,1819,MTR,284.26,517068.94,INR,3.0,Delivered
TXN003502,HIST-2025-01283,1,CUST0119,DD-SAT-0025,2025-05-06,602,MTR,156.86,94429.72,INR,7.0,Delivered
TXN003503,HIST-2025-01283,2,CUST0119,DD-PRB-0038,2025-05-06,206,MTR,152.96,31509.76,INR,7.0,Delivered
TXN003504,HIST-2025-01283,3,CUST0119,DD-MOD-0029,2025-05-06,128,MTR,167.06,21383.68,INR,7.0,Delivered
TXN003505,HIST-2025-01283,4,CUST0119,DD-PGT-0010,2025-05-06,619,MTR,63.63,39386.97,INR,7.0,Delivered
TXN003506,HIST-2025-01283,5,CUST0119,DD-PRB-0030,2025-05-06,844,MTR,153.88,129874.72,INR,7.0,Delivered
TXN004647,HIST-2025-01709,1,CUST0076,DD-MOD-0016,2025-05-06,1034,MTR,238.96,247084.64,INR,7.0,Delivered
TXN005340,HIST-2025-01961,1,CUST0108,DD-HCT-0018,2025-05-06,133,MTR,145.23,19315.59,INR,12.0,Delivered
TXN005341,HIST-2025-01961,2,CUST0108,DD-VSR-0014,2025-05-06,130,MTR,75.9,9867.0,INR,12.0,Delivered
TXN005342,HIST-2025-01961,3,CUST0108,DD-TWL-0028,2025-05-06,208,PCS,208.19,43303.52,INR,12.0,Delivered
TXN005343,HIST-2025-01961,4,CUST0108,DD-CIN-0007,2025-05-06,274,MTR,236.96,64927.04,INR,12.0,Delivered
TXN005344,HIST-2025-01961,5,CUST0108,DD-HCT-0013,2025-05-06,248,MTR,199.12,49381.76,INR,12.0,Delivered
TXN006517,HIST-2025-02388,1,CUST0023,DD-CIN-0002,2025-05-06,891,MTR,220.58,196536.78,INR,7.0,Delivered
TXN006518,HIST-2025-02388,2,CUST0023,DD-FLN-0025,2025-05-06,262,MTR,169.06,44293.72,INR,7.0,Partially Delivered
TXN006519,HIST-2025-02388,3,CUST0023,DD-PCS-0005,2025-05-06,445,MTR,81.29,36174.05,INR,7.0,Delivered
TXN000955,HIST-2025-00344,1,CUST0070,DD-VSR-0024,2025-05-07,340,MTR,110.7,37638.0,INR,3.0,Delivered
TXN001156,HIST-2025-00419,1,CUST0030,DD-KIR-0036,2025-05-07,187,KG,357.84,66916.08,INR,12.0,Delivered
TXN001157,HIST-2025-00419,2,CUST0030,DD-KIR-0021,2025-05-07,169,KG,346.74,58599.06,INR,12.0,Delivered
TXN001158,HIST-2025-00419,3,CUST0030,DD-DNM-0028,2025-05-07,1330,MTR,204.91,272530.3,INR,12.0,Delivered
TXN001159,HIST-2025-00419,4,CUST0030,DD-CTS-0017,2025-05-07,341,MTR,82.94,28282.54,INR,12.0,Delivered
TXN001160,HIST-2025-00419,5,CUST0030,DD-KIR-0007,2025-05-07,170,KG,364.16,61907.2,INR,12.0,Partially Delivered
TXN004417,HIST-2025-01616,1,CUST0070,DD-FLN-0010,2025-05-07,145,MTR,185.1,26839.5,INR,3.0,Delivered
TXN004418,HIST-2025-01616,2,CUST0070,DD-CTB-0003,2025-05-07,145,MTR,170.37,24703.65,INR,3.0,Delivered
TXN004419,HIST-2025-01616,3,CUST0070,DD-LIN-0003,2025-05-07,194,MTR,425.37,82521.78,INR,3.0,Delivered
TXN004420,HIST-2025-01616,4,CUST0070,DD-LIN-0020,2025-05-07,639,MTR,427.26,273019.14,INR,3.0,Delivered
TXN004421,HIST-2025-01616,5,CUST0070,DD-VSR-0024,2025-05-07,552,MTR,111.01,61277.52,INR,3.0,Delivered
TXN007127,HIST-2025-02620,1,CUST0052,DD-SUT-0029,2025-05-07,1121,MTR,215.56,241642.76,INR,3.0,Partially Delivered
TXN007128,HIST-2025-02620,2,CUST0052,DD-SUT-0009,2025-05-07,143,MTR,194.29,27783.47,INR,3.0,Partially Delivered
TXN007129,HIST-2025-02620,3,CUST0052,DD-PCS-0007,2025-05-07,1071,MTR,92.32,98874.72,INR,3.0,Delivered
TXN000558,HIST-2025-00201,1,CUST0042,DD-LIN-0019,2025-05-08,406,MTR,406.95,165221.7,INR,12.0,Delivered
TXN000559,HIST-2025-00201,2,CUST0042,DD-KSJ-0004,2025-05-08,558,KG,313.5,174933.0,INR,12.0,Delivered
TXN000560,HIST-2025-00201,3,CUST0042,DD-LIN-0026,2025-05-08,280,MTR,238.17,66687.6,INR,12.0,Partially Delivered
TXN003413,HIST-2025-01253,1,CUST0118,DD-CIN-0021,2025-05-09,217,MTR,267.19,57980.23,INR,7.0,Delivered
TXN003414,HIST-2025-01253,2,CUST0118,DD-BDS-0017,2025-05-09,910,MTR,200.85,182773.5,INR,7.0,Delivered
TXN003415,HIST-2025-01253,3,CUST0118,DD-SUT-0017,2025-05-09,1051,MTR,198.02,208119.02,INR,7.0,Delivered
TXN000028,HIST-2025-00013,1,CUST0051,DD-DNM-0016,2025-05-10,1710,MTR,259.41,443591.1,INR,7.0,Partially Delivered
TXN000029,HIST-2025-00013,2,CUST0051,DD-KIR-0011,2025-05-10,42,KG,469.92,19736.64,INR,7.0,Delivered
TXN000030,HIST-2025-00013,3,CUST0051,DD-KFT-0019,2025-05-10,53,KG,292.95,15526.35,INR,7.0,Delivered
TXN000031,HIST-2025-00013,4,CUST0051,DD-KIR-0014,2025-05-10,498,KG,466.84,232486.32,INR,7.0,Delivered
TXN000032,HIST-2025-00013,5,CUST0051,DD-CTS-0021,2025-05-10,172,MTR,77.95,13407.4,INR,7.0,Delivered
TXN001807,HIST-2025-00655,1,CUST0056,DD-KIR-0029,2025-05-10,455,KG,363.02,165174.1,INR,12.0,Delivered
TXN001808,HIST-2025-00655,2,CUST0056,DD-KSJ-0016,2025-05-10,150,KG,303.23,45484.5,INR,12.0,Delivered
TXN002053,HIST-2025-00752,1,CUST0069,DD-LIN-0025,2025-05-10,145,MTR,250.63,36341.35,INR,7.0,Delivered
TXN002054,HIST-2025-00752,2,CUST0069,DD-FLN-0003,2025-05-10,558,MTR,145.47,81172.26,INR,7.0,Cancelled
TXN002055,HIST-2025-00752,3,CUST0069,DD-KIR-0007,2025-05-10,215,KG,385.29,82837.35,INR,7.0,Delivered
TXN006516,HIST-2025-02387,1,CUST0079,DD-DNM-0004,2025-05-10,209,MTR,224.09,46834.81,INR,3.0,Delivered
TXN006761,HIST-2025-02485,1,CUST0121,DD-TWL-0027,2025-05-10,1712,PCS,195.18,334148.16,INR,12.0,Delivered
TXN006762,HIST-2025-02485,2,CUST0121,DD-HUP-0013,2025-05-10,609,MTR,238.94,145514.46,INR,12.0,Partially Delivered
TXN006763,HIST-2025-02485,3,CUST0121,DD-CIN-0031,2025-05-10,138,MTR,222.77,30742.26,INR,12.0,Delivered
TXN005587,HIST-2025-02055,1,CUST0096,DD-DNM-0008,2025-05-11,204,MTR,235.2,47980.8,INR,7.0,Delivered
TXN005588,HIST-2025-02055,2,CUST0096,DD-DNM-0026,2025-05-11,286,MTR,210.4,60174.4,INR,7.0,Delivered
TXN005589,HIST-2025-02055,3,CUST0096,DD-CTB-0024,2025-05-11,1025,MTR,195.91,200807.75,INR,7.0,Delivered
TXN005590,HIST-2025-02055,4,CUST0096,DD-KIR-0023,2025-05-11,433,KG,378.71,163981.43,INR,7.0,Delivered
TXN004495,HIST-2025-01653,1,CUST0114,DD-MOD-0019,2025-05-12,137,MTR,211.35,28954.95,INR,12.0,Delivered
TXN004496,HIST-2025-01653,2,CUST0114,DD-PRB-0028,2025-05-12,262,MTR,98.26,25744.12,INR,12.0,Delivered
TXN006254,HIST-2025-02293,1,CUST0044,DD-HCT-0034,2025-05-12,869,MTR,218.96,190276.24,INR,7.0,Delivered
TXN006255,HIST-2025-02293,2,CUST0044,DD-BDS-0026,2025-05-12,131,MTR,221.13,28968.03,INR,7.0,Delivered
TXN006256,HIST-2025-02293,3,CUST0044,DD-HCT-0016,2025-05-12,249,MTR,160.26,39904.74,INR,7.0,Delivered
TXN006257,HIST-2025-02293,4,CUST0044,DD-HCT-0032,2025-05-12,1650,MTR,153.45,253192.5,INR,7.0,Delivered
TXN006436,HIST-2025-02363,1,CUST0118,DD-KIR-0001,2025-05-12,258,KG,322.53,83212.74,INR,7.0,Delivered
TXN006437,HIST-2025-02363,2,CUST0118,DD-TWL-0015,2025-05-12,448,PCS,207.15,92803.2,INR,7.0,Partially Delivered
TXN006438,HIST-2025-02363,3,CUST0118,DD-SUT-0019,2025-05-12,146,MTR,262.49,38323.54,INR,7.0,Delivered
TXN006439,HIST-2025-02363,4,CUST0118,DD-TWL-0010,2025-05-12,541,PCS,193.42,104640.22,INR,7.0,Delivered
TXN001545,HIST-2025-00563,1,CUST0053,DD-CTB-0001,2025-05-13,318,MTR,170.99,54374.82,INR,3.0,Delivered
TXN001546,HIST-2025-00563,2,CUST0053,DD-SUT-0037,2025-05-13,1169,MTR,191.94,224377.86,INR,3.0,Delivered
TXN001547,HIST-2025-00563,3,CUST0053,DD-PCS-0005,2025-05-13,908,MTR,83.45,75772.6,INR,3.0,Delivered
TXN001548,HIST-2025-00563,4,CUST0053,DD-PCS-0017,2025-05-13,167,MTR,101.69,16982.23,INR,3.0,Delivered
TXN003090,HIST-2025-01135,1,CUST0073,DD-HUP-0026,2025-05-13,563,MTR,246.04,138520.52,INR,12.0,Cancelled
TXN003091,HIST-2025-01135,2,CUST0073,DD-CIN-0017,2025-05-13,257,MTR,248.31,63815.67,INR,12.0,Delivered
TXN003092,HIST-2025-01135,3,CUST0073,DD-HCT-0028,2025-05-13,2195,MTR,120.35,264168.25,INR,12.0,Delivered
TXN003093,HIST-2025-01135,4,CUST0073,DD-HUP-0008,2025-05-13,2235,MTR,319.46,713993.1,INR,12.0,Delivered
TXN003094,HIST-2025-01135,5,CUST0073,DD-BDS-0027,2025-05-13,1349,MTR,209.65,282817.85,INR,12.0,Delivered
TXN003922,HIST-2025-01436,1,CUST0058,DD-CTB-0031,2025-05-13,159,MTR,154.38,24546.42,INR,7.0,Delivered
TXN003923,HIST-2025-01436,2,CUST0058,DD-CTB-0028,2025-05-13,1095,MTR,170.48,186675.6,INR,7.0,Delivered
TXN004012,HIST-2025-01466,1,CUST0097,DD-VSR-0012,2025-05-13,2211,MTR,85.8,189703.8,INR,3.0,Partially Delivered
TXN004013,HIST-2025-01466,2,CUST0097,DD-MOD-0018,2025-05-13,929,MTR,246.96,229425.84,INR,3.0,Delivered
TXN004014,HIST-2025-01466,3,CUST0097,DD-MOD-0005,2025-05-13,1361,MTR,240.57,327415.77,INR,3.0,Partially Delivered
TXN004015,HIST-2025-01466,4,CUST0097,DD-PRB-0016,2025-05-13,577,MTR,107.97,62298.69,INR,3.0,Delivered
TXN004016,HIST-2025-01466,5,CUST0097,DD-PGT-0022,2025-05-13,1506,MTR,52.0,78312.0,INR,3.0,Partially Delivered
TXN007114,HIST-2025-02613,1,CUST0001,DD-PCS-0013,2025-05-13,1555,MTR,78.53,122114.15,INR,3.0,Delivered
TXN000770,HIST-2025-00274,1,CUST0070,DD-LIN-0012,2025-05-14,542,MTR,429.19,232620.98,INR,3.0,Delivered
TXN000771,HIST-2025-00274,2,CUST0070,DD-VSR-0024,2025-05-14,856,MTR,109.47,93706.32,INR,3.0,Delivered
TXN001474,HIST-2025-00537,1,CUST0126,DD-LIN-0032,2025-05-14,182,MTR,408.75,74392.5,INR,7.0,Partially Delivered
TXN001475,HIST-2025-00537,2,CUST0126,DD-MOD-0004,2025-05-14,539,MTR,201.32,108511.48,INR,7.0,Partially Delivered
TXN005523,HIST-2025-02029,1,CUST0129,DD-PGT-0002,2025-05-14,512,MTR,66.95,34278.4,INR,3.0,Delivered
TXN005524,HIST-2025-02029,2,CUST0129,DD-HCT-0018,2025-05-14,497,MTR,166.68,82839.96,INR,3.0,Delivered
TXN005525,HIST-2025-02029,3,CUST0129,DD-CDV-0003,2025-05-14,138,MTR,186.77,25774.26,INR,3.0,Delivered
TXN005526,HIST-2025-02029,4,CUST0129,DD-VSR-0028,2025-05-14,878,MTR,104.11,91408.58,INR,3.0,Delivered
TXN005527,HIST-2025-02029,5,CUST0129,DD-CDV-0013,2025-05-14,369,MTR,197.12,72737.28,INR,3.0,Delivered
TXN006934,HIST-2025-02554,1,CUST0060,DD-CTS-0007,2025-05-14,299,MTR,126.87,37934.13,INR,12.0,Delivered
TXN006935,HIST-2025-02554,2,CUST0060,DD-KFT-0021,2025-05-14,225,KG,362.91,81654.75,INR,12.0,Delivered
TXN006936,HIST-2025-02554,3,CUST0060,DD-KIR-0035,2025-05-14,464,KG,452.95,210168.8,INR,12.0,Delivered
TXN006937,HIST-2025-02554,4,CUST0060,DD-CTB-0004,2025-05-14,1109,MTR,215.77,239288.93,INR,12.0,Partially Delivered
TXN006938,HIST-2025-02554,5,CUST0060,DD-CTB-0015,2025-05-14,600,MTR,140.1,84060.0,INR,12.0,Delivered
TXN006939,HIST-2025-02554,6,CUST0060,DD-KFT-0025,2025-05-14,44,KG,324.08,14259.52,INR,12.0,Delivered
TXN002181,HIST-2025-00804,1,CUST0076,DD-CTB-0026,2025-05-15,261,MTR,195.34,50983.74,INR,7.0,Delivered
TXN002182,HIST-2025-00804,2,CUST0076,DD-KSJ-0008,2025-05-15,72,KG,293.58,21137.76,INR,7.0,Delivered
TXN002183,HIST-2025-00804,3,CUST0076,DD-CTS-0014,2025-05-15,1107,MTR,118.26,130913.82,INR,7.0,Delivered
TXN004782,HIST-2025-01758,1,CUST0059,DD-CIN-0030,2025-05-15,287,MTR,177.04,50810.48,INR,12.0,Delivered
TXN004783,HIST-2025-01758,2,CUST0059,DD-SUT-0018,2025-05-15,1408,MTR,195.6,275404.8,INR,12.0,Delivered
TXN004784,HIST-2025-01758,3,CUST0059,DD-CIN-0006,2025-05-15,1063,MTR,190.15,202129.45,INR,12.0,Delivered
TXN004785,HIST-2025-01758,4,CUST0059,DD-CTB-0023,2025-05-15,896,MTR,186.2,166835.2,INR,12.0,Delivered
TXN005793,HIST-2025-02129,1,CUST0011,DD-PGT-0005,2025-05-15,1141,MTR,67.08,76538.28,INR,7.0,Delivered
TXN005794,HIST-2025-02129,2,CUST0011,DD-KFT-0011,2025-05-15,253,KG,385.45,97518.85,INR,7.0,Delivered
TXN005795,HIST-2025-02129,3,CUST0011,DD-CTB-0004,2025-05-15,416,MTR,226.05,94036.8,INR,7.0,Delivered
TXN005796,HIST-2025-02129,4,CUST0011,DD-MOD-0005,2025-05-15,638,MTR,221.72,141457.36,INR,7.0,Delivered
TXN005797,HIST-2025-02129,5,CUST0011,DD-HUP-0029,2025-05-15,965,MTR,264.72,255454.8,INR,7.0,Delivered
TXN005798,HIST-2025-02129,6,CUST0011,DD-FLN-0025,2025-05-15,192,MTR,168.49,32350.08,INR,7.0,Delivered
TXN005822,HIST-2025-02137,1,CUST0109,DD-DNM-0016,2025-05-15,992,MTR,240.32,238397.44,INR,12.0,Delivered
TXN005823,HIST-2025-02137,2,CUST0109,DD-CTS-0027,2025-05-15,1563,MTR,80.59,125962.17,INR,12.0,Delivered
TXN005824,HIST-2025-02137,3,CUST0109,DD-KSJ-0025,2025-05-15,208,KG,382.03,79462.24,INR,12.0,Delivered
TXN005825,HIST-2025-02137,4,CUST0109,DD-CTB-0030,2025-05-15,725,MTR,144.39,104682.75,INR,12.0,Delivered
TXN005826,HIST-2025-02137,5,CUST0109,DD-CTS-0003,2025-05-15,972,MTR,88.93,86439.96,INR,12.0,Partially Delivered
TXN001671,HIST-2025-00605,1,CUST0090,DD-KSJ-0016,2025-05-16,88,KG,325.1,28608.8,INR,3.0,Delivered
TXN001672,HIST-2025-00605,2,CUST0090,DD-CTB-0011,2025-05-16,162,MTR,171.28,27747.36,INR,3.0,Delivered
TXN001673,HIST-2025-00605,3,CUST0090,DD-KIR-0010,2025-05-16,171,KG,462.52,79090.92,INR,3.0,Delivered
TXN005034,HIST-2025-01847,1,CUST0109,DD-CTB-0024,2025-05-16,302,MTR,183.43,55395.86,INR,12.0,Delivered
TXN005035,HIST-2025-01847,2,CUST0109,DD-KSJ-0025,2025-05-16,184,KG,378.44,69632.96,INR,12.0,Delivered
TXN002248,HIST-2025-00827,1,CUST0028,DD-PRB-0013,2025-05-18,1055,MTR,138.46,146075.3,INR,3.0,Delivered
TXN002249,HIST-2025-00827,2,CUST0028,DD-SAT-0018,2025-05-18,290,MTR,152.61,44256.9,INR,3.0,Delivered
TXN002893,HIST-2025-01064,1,CUST0048,DD-MOD-0011,2025-05-18,719,MTR,249.23,179196.37,INR,12.0,Delivered
TXN002894,HIST-2025-01064,2,CUST0048,DD-KSJ-0001,2025-05-18,244,KG,445.58,108721.52,INR,12.0,Delivered
TXN002895,HIST-2025-01064,3,CUST0048,DD-CTB-0003,2025-05-18,686,MTR,162.12,111214.32,INR,12.0,Delivered
TXN003049,HIST-2025-01123,1,CUST0027,DD-MOD-0027,2025-05-18,440,MTR,167.26,73594.4,INR,7.0,Delivered
TXN003050,HIST-2025-01123,2,CUST0027,DD-VSR-0024,2025-05-18,539,MTR,106.55,57430.45,INR,7.0,Partially Delivered
TXN003051,HIST-2025-01123,3,CUST0027,DD-SAT-0035,2025-05-18,576,MTR,90.56,52162.56,INR,7.0,Delivered
TXN003052,HIST-2025-01123,4,CUST0027,DD-VSR-0028,2025-05-18,1919,MTR,107.23,205774.37,INR,7.0,Delivered
TXN003053,HIST-2025-01123,5,CUST0027,DD-MOD-0009,2025-05-18,859,MTR,235.05,201907.95,INR,7.0,Delivered
TXN004718,HIST-2025-01734,1,CUST0096,DD-CTB-0002,2025-05-18,514,MTR,154.96,79649.44,INR,7.0,Delivered
TXN004719,HIST-2025-01734,2,CUST0096,DD-KFT-0028,2025-05-18,359,KG,228.23,81934.57,INR,7.0,Delivered
TXN004720,HIST-2025-01734,3,CUST0096,DD-CTB-0024,2025-05-18,1378,MTR,198.65,273739.7,INR,7.0,Delivered
TXN001301,HIST-2025-00470,1,CUST0112,DD-HUP-0026,2025-05-19,755,MTR,266.11,200913.05,INR,7.0,Delivered
TXN001302,HIST-2025-00470,2,CUST0112,DD-HCT-0008,2025-05-19,1023,MTR,210.82,215668.86,INR,7.0,Partially Delivered
TXN001303,HIST-2025-00470,3,CUST0112,DD-HUP-0011,2025-05-19,2050,MTR,246.21,504730.5,INR,7.0,Partially Delivered
TXN001304,HIST-2025-00470,4,CUST0112,DD-CIN-0031,2025-05-19,543,MTR,241.83,131313.69,INR,7.0,Delivered
TXN003750,HIST-2025-01365,1,CUST0052,DD-CIN-0003,2025-05-19,561,MTR,232.49,130426.89,INR,3.0,Delivered
TXN005196,HIST-2025-01910,1,CUST0125,DD-KIR-0023,2025-05-20,421,KG,368.78,155256.38,INR,7.0,Delivered
TXN006323,HIST-2025-02318,1,CUST0077,DD-LIN-0024,2025-05-20,2298,MTR,252.86,581072.28,INR,7.0,Delivered
TXN005732,HIST-2025-02104,1,CUST0070,DD-LIN-0003,2025-05-21,403,MTR,427.98,172475.94,INR,3.0,Delivered
TXN002159,HIST-2025-00797,1,CUST0052,DD-CIN-0024,2025-05-23,252,MTR,270.33,68123.16,INR,3.0,Delivered
TXN002160,HIST-2025-00797,2,CUST0052,DD-CIN-0028,2025-05-23,310,MTR,183.68,56940.8,INR,3.0,Delivered
TXN002161,HIST-2025-00797,3,CUST0052,DD-PCS-0011,2025-05-23,382,MTR,80.77,30854.14,INR,3.0,Delivered
TXN002162,HIST-2025-00797,4,CUST0052,DD-SUT-0009,2025-05-23,1710,MTR,192.32,328867.2,INR,3.0,Delivered
TXN002163,HIST-2025-00797,5,CUST0052,DD-FLN-0021,2025-05-23,1582,MTR,181.55,287212.1,INR,3.0,Delivered
TXN007388,HIST-2025-02722,1,CUST0047,DD-KIR-0019,2025-05-23,322,KG,365.86,117806.92,INR,7.0,Delivered
TXN007389,HIST-2025-02722,2,CUST0047,DD-KFT-0026,2025-05-23,287,KG,324.6,93160.2,INR,7.0,Delivered
TXN007261,HIST-2025-02673,1,CUST0043,DD-KSJ-0019,2025-05-24,100,KG,340.91,34091.0,INR,3.0,Delivered
TXN007262,HIST-2025-02673,2,CUST0043,DD-DNM-0025,2025-05-24,422,MTR,210.42,88797.24,INR,3.0,Delivered
TXN007263,HIST-2025-02673,3,CUST0043,DD-CTB-0015,2025-05-24,1506,MTR,159.56,240297.36,INR,3.0,Partially Delivered
TXN007264,HIST-2025-02673,4,CUST0043,DD-CTS-0007,2025-05-24,220,MTR,141.63,31158.6,INR,3.0,Cancelled
TXN000154,HIST-2025-00054,1,CUST0119,DD-PGT-0007,2025-05-25,276,MTR,72.94,20131.44,INR,7.0,Delivered
TXN000155,HIST-2025-00054,2,CUST0119,DD-MOD-0024,2025-05-25,329,MTR,172.82,56857.78,INR,7.0,Delivered
TXN000156,HIST-2025-00054,3,CUST0119,DD-PGT-0010,2025-05-25,544,MTR,62.01,33733.44,INR,7.0,Partially Delivered
TXN000157,HIST-2025-00054,4,CUST0119,DD-SAT-0025,2025-05-25,1719,MTR,156.48,268989.12,INR,7.0,Delivered
TXN000158,HIST-2025-00054,5,CUST0119,DD-LIN-0021,2025-05-25,1025,MTR,434.31,445167.75,INR,7.0,Delivered
TXN001550,HIST-2025-00565,1,CUST0059,DD-PCS-0035,2025-05-25,1706,MTR,87.62,149479.72,INR,12.0,Delivered
TXN006785,HIST-2025-02494,1,CUST0011,DD-RBL-0002,2025-05-26,339,MTR,50.06,16970.34,INR,7.0,Delivered
TXN007086,HIST-2025-02606,1,CUST0108,DD-CIN-0007,2025-05-26,546,MTR,232.75,127081.5,INR,12.0,Delivered
TXN007087,HIST-2025-02606,2,CUST0108,DD-KIR-0012,2025-05-26,51,KG,435.95,22233.45,INR,12.0,Delivered
TXN007088,HIST-2025-02606,3,CUST0108,DD-CTB-0012,2025-05-26,253,MTR,166.34,42084.02,INR,12.0,Delivered
TXN001898,HIST-2025-00693,1,CUST0107,DD-CIN-0019,2025-05-27,146,MTR,280.43,40942.78,INR,3.0,Delivered
TXN001899,HIST-2025-00693,2,CUST0107,DD-MOD-0031,2025-05-27,780,MTR,182.0,141960.0,INR,3.0,Delivered
TXN004538,HIST-2025-01672,1,CUST0118,DD-SUT-0017,2025-05-27,1256,MTR,200.6,251953.6,INR,7.0,Delivered
TXN007210,HIST-2025-02650,1,CUST0020,DD-CTB-0017,2025-05-27,707,MTR,141.38,99955.66,INR,7.0,Delivered
TXN007211,HIST-2025-02650,2,CUST0020,DD-CTB-0002,2025-05-27,1128,MTR,165.62,186819.36,INR,7.0,Delivered
TXN007212,HIST-2025-02650,3,CUST0020,DD-MOD-0005,2025-05-27,313,MTR,237.12,74218.56,INR,7.0,Delivered
TXN000410,HIST-2025-00147,1,CUST0098,DD-LIN-0013,2025-05-28,277,MTR,410.7,113763.9,INR,7.0,Delivered
TXN001479,HIST-2025-00539,1,CUST0111,DD-VSR-0021,2025-05-28,330,MTR,99.66,32887.8,INR,12.0,Delivered
TXN003105,HIST-2025-01140,1,CUST0105,DD-CTS-0022,2025-05-28,835,MTR,80.71,67392.85,INR,12.0,Delivered
TXN003106,HIST-2025-01140,2,CUST0105,DD-MOD-0011,2025-05-28,1161,MTR,235.0,272835.0,INR,12.0,Delivered
TXN003107,HIST-2025-01140,3,CUST0105,DD-LIN-0001,2025-05-28,167,MTR,398.66,66576.22,INR,12.0,Delivered
TXN005509,HIST-2025-02022,1,CUST0098,DD-PRB-0004,2025-05-28,269,MTR,112.67,30308.23,INR,7.0,Delivered
TXN005510,HIST-2025-02022,2,CUST0098,DD-RBL-0026,2025-05-28,216,MTR,45.34,9793.44,INR,7.0,Delivered
TXN000596,HIST-2025-00212,1,CUST0064,DD-KSJ-0012,2025-05-29,159,KG,288.39,45854.01,INR,12.0,Delivered
TXN000597,HIST-2025-00212,2,CUST0064,DD-KSJ-0020,2025-05-29,381,KG,284.85,108527.85,INR,12.0,Delivered
TXN002476,HIST-2025-00912,1,CUST0033,DD-HCT-0004,2025-05-29,672,MTR,147.34,99012.48,INR,3.0,Delivered
TXN002477,HIST-2025-00912,2,CUST0033,DD-PRB-0037,2025-05-29,340,MTR,156.03,53050.2,INR,3.0,Delivered
TXN002478,HIST-2025-00912,3,CUST0033,DD-HUP-0023,2025-05-29,2195,MTR,298.45,655097.75,INR,3.0,Cancelled
TXN002479,HIST-2025-00912,4,CUST0033,DD-CDV-0011,2025-05-29,262,MTR,254.4,66652.8,INR,3.0,Delivered
TXN005528,HIST-2025-02030,1,CUST0096,DD-KIR-0031,2025-05-29,191,KG,385.18,73569.38,INR,7.0,Delivered
TXN005529,HIST-2025-02030,2,CUST0096,DD-CTB-0024,2025-05-29,1561,MTR,195.36,304956.96,INR,7.0,Delivered
TXN004042,HIST-2025-01474,1,CUST0077,DD-PGT-0024,2025-05-30,181,MTR,49.82,9017.42,INR,7.0,Delivered
TXN004043,HIST-2025-01474,2,CUST0077,DD-FLN-0033,2025-05-30,1083,MTR,146.9,159092.7,INR,7.0,Delivered
TXN004044,HIST-2025-01474,3,CUST0077,DD-HCT-0035,2025-05-30,250,MTR,218.73,54682.5,INR,7.0,Delivered
TXN004045,HIST-2025-01474,4,CUST0077,DD-SAT-0017,2025-05-30,1021,MTR,154.93,158183.53,INR,7.0,Delivered
TXN006565,HIST-2025-02407,1,CUST0119,DD-SAT-0022,2025-05-30,613,MTR,133.42,81786.46,INR,7.0,Delivered
TXN006566,HIST-2025-02407,2,CUST0119,DD-SAT-0018,2025-05-30,636,MTR,149.55,95113.8,INR,7.0,Delivered
TXN006567,HIST-2025-02407,3,CUST0119,DD-PGT-0023,2025-05-30,1692,MTR,48.05,81300.6,INR,7.0,Delivered
TXN004773,HIST-2025-01755,1,CUST0043,DD-CTB-0015,2025-05-31,446,MTR,160.88,71752.48,INR,3.0,Delivered
TXN004774,HIST-2025-01755,2,CUST0043,DD-DNM-0025,2025-05-31,567,MTR,205.98,116790.66,INR,3.0,Cancelled
TXN004775,HIST-2025-01755,3,CUST0043,DD-DNM-0003,2025-05-31,1099,MTR,226.66,249099.34,INR,3.0,Delivered
TXN004776,HIST-2025-01755,4,CUST0043,DD-CTB-0032,2025-05-31,1029,MTR,163.62,168364.98,INR,3.0,Delivered
TXN004777,HIST-2025-01755,5,CUST0043,DD-DNM-0024,2025-05-31,1171,MTR,215.34,252163.14,INR,3.0,Delivered
TXN004906,HIST-2025-01800,1,CUST0124,DD-SAT-0001,2025-05-31,1603,MTR,179.92,288411.76,INR,7.0,Delivered
TXN004907,HIST-2025-01800,2,CUST0124,DD-PGT-0008,2025-05-31,1182,MTR,71.0,83922.0,INR,7.0,Delivered
TXN004908,HIST-2025-01800,3,CUST0124,DD-PGT-0006,2025-05-31,1938,MTR,74.76,144884.88,INR,7.0,Delivered
TXN004909,HIST-2025-01800,4,CUST0124,DD-PRB-0016,2025-05-31,1308,MTR,111.15,145384.2,INR,7.0,Delivered
TXN004910,HIST-2025-01800,5,CUST0124,DD-LIN-0021,2025-05-31,235,MTR,447.03,105052.05,INR,7.0,Delivered
TXN005174,HIST-2025-01901,1,CUST0089,DD-VSR-0035,2025-05-31,270,MTR,91.08,24591.6,INR,3.0,Delivered
TXN005175,HIST-2025-01901,2,CUST0089,DD-SAT-0027,2025-05-31,441,MTR,163.68,72182.88,INR,3.0,Delivered
TXN005176,HIST-2025-01901,3,CUST0089,DD-FLN-0008,2025-05-31,148,MTR,192.65,28512.2,INR,3.0,Delivered
TXN005177,HIST-2025-01901,4,CUST0089,DD-PGT-0032,2025-05-31,1122,MTR,79.84,89580.48,INR,3.0,Delivered
TXN005178,HIST-2025-01901,5,CUST0089,DD-HUP-0012,2025-05-31,283,MTR,248.7,70382.1,INR,3.0,Delivered
TXN005404,HIST-2025-01982,1,CUST0124,DD-PGT-0008,2025-05-31,244,MTR,71.25,17385.0,INR,7.0,Delivered
TXN005405,HIST-2025-01982,2,CUST0124,DD-PGT-0006,2025-05-31,170,MTR,75.83,12891.1,INR,7.0,Delivered
TXN005406,HIST-2025-01982,3,CUST0124,DD-SAT-0001,2025-05-31,672,MTR,181.97,122283.84,INR,7.0,Delivered
TXN003828,HIST-2025-01399,1,CUST0136,DD-FLN-0005,2025-06-01,666,MTR,144.59,96296.94,INR,12.0,Delivered
TXN003829,HIST-2025-01399,2,CUST0136,DD-RBL-0001,2025-06-01,215,MTR,44.48,9563.2,INR,12.0,Delivered
TXN003830,HIST-2025-01399,3,CUST0136,DD-DNM-0021,2025-06-01,218,MTR,186.67,40694.06,INR,12.0,Delivered
TXN003866,HIST-2025-01416,1,CUST0077,DD-FLN-0001,2025-06-01,873,MTR,146.47,127868.31,INR,7.0,Delivered
TXN001126,HIST-2025-00408,1,CUST0046,DD-SUT-0012,2025-06-02,762,MTR,181.46,138272.52,INR,7.0,Delivered
TXN001127,HIST-2025-00408,2,CUST0046,DD-CTB-0034,2025-06-02,1233,MTR,190.76,235207.08,INR,7.0,Delivered
TXN007350,HIST-2025-02709,1,CUST0047,DD-KIR-0017,2025-06-02,143,KG,471.38,67407.34,INR,7.0,Delivered
TXN007351,HIST-2025-02709,2,CUST0047,DD-KIR-0021,2025-06-02,298,KG,364.02,108477.96,INR,7.0,Delivered
TXN007352,HIST-2025-02709,3,CUST0047,DD-KFT-0003,2025-06-02,133,KG,319.21,42454.93,INR,7.0,Delivered
TXN004266,HIST-2025-01554,1,CUST0098,DD-PRB-0020,2025-06-03,389,MTR,110.51,42988.39,INR,7.0,Delivered
TXN004267,HIST-2025-01554,2,CUST0098,DD-BDS-0002,2025-06-03,391,MTR,224.25,87681.75,INR,7.0,Delivered
TXN003728,HIST-2025-01355,1,CUST0046,DD-CTB-0015,2025-06-04,1096,MTR,149.42,163764.32,INR,7.0,Delivered
TXN001151,HIST-2025-00417,1,CUST0077,DD-CIN-0008,2025-06-05,354,MTR,234.37,82966.98,INR,7.0,Delivered
TXN001152,HIST-2025-00417,2,CUST0077,DD-PCS-0011,2025-06-05,2077,MTR,75.22,156231.94,INR,7.0,Delivered
TXN006055,HIST-2025-02227,1,CUST0072,DD-MOD-0003,2025-06-05,807,MTR,191.31,154387.17,INR,12.0,Delivered
TXN006056,HIST-2025-02227,2,CUST0072,DD-DNM-0002,2025-06-05,1689,MTR,224.5,379180.5,INR,12.0,Delivered
TXN001307,HIST-2025-00472,1,CUST0047,DD-CTB-0019,2025-06-06,217,MTR,213.97,46431.49,INR,7.0,Delivered
TXN001308,HIST-2025-00472,2,CUST0047,DD-CTB-0022,2025-06-06,622,MTR,216.52,134675.44,INR,7.0,Delivered
TXN001309,HIST-2025-00472,3,CUST0047,DD-CTB-0013,2025-06-06,451,MTR,166.56,75118.56,INR,7.0,Delivered
TXN004447,HIST-2025-01629,1,CUST0059,DD-CIN-0006,2025-06-07,167,MTR,191.35,31955.45,INR,12.0,Delivered
TXN006551,HIST-2025-02401,1,CUST0097,DD-PRB-0016,2025-06-07,363,MTR,106.86,38790.18,INR,3.0,Delivered
TXN006552,HIST-2025-02401,2,CUST0097,DD-VSR-0012,2025-06-07,1103,MTR,85.89,94736.67,INR,3.0,Delivered
TXN000958,HIST-2025-00346,1,CUST0034,DD-KFT-0015,2025-06-08,219,KG,259.81,56898.39,INR,7.0,Delivered
TXN000959,HIST-2025-00346,2,CUST0034,DD-KSJ-0005,2025-06-08,263,KG,324.61,85372.43,INR,7.0,Delivered
TXN000960,HIST-2025-00346,3,CUST0034,DD-DNM-0003,2025-06-08,982,MTR,223.92,219889.44,INR,7.0,Delivered
TXN000961,HIST-2025-00346,4,CUST0034,DD-CTB-0009,2025-06-08,568,MTR,249.92,141954.56,INR,7.0,Delivered
TXN000962,HIST-2025-00346,5,CUST0034,DD-KFT-0005,2025-06-08,444,KG,322.68,143269.92,INR,7.0,Delivered
TXN000963,HIST-2025-00346,6,CUST0034,DD-KSJ-0014,2025-06-08,92,KG,312.34,28735.28,INR,7.0,Delivered
TXN002225,HIST-2025-00819,1,CUST0073,DD-HCT-0028,2025-06-08,1486,MTR,120.93,179701.98,INR,12.0,Delivered
TXN002226,HIST-2025-00819,2,CUST0073,DD-BDS-0002,2025-06-08,318,MTR,216.43,68824.74,INR,12.0,Delivered
TXN004140,HIST-2025-01511,1,CUST0031,DD-CTB-0024,2025-06-08,1316,MTR,191.29,251737.64,INR,7.0,Delivered
TXN004263,HIST-2025-01553,1,CUST0114,DD-FLN-0012,2025-06-09,440,MTR,124.1,54604.0,INR,12.0,Delivered
TXN004264,HIST-2025-01553,2,CUST0114,DD-CDV-0029,2025-06-09,1392,MTR,166.28,231461.76,INR,12.0,Delivered
TXN004265,HIST-2025-01553,3,CUST0114,DD-CDV-0030,2025-06-09,1039,MTR,166.11,172588.29,INR,12.0,Delivered
TXN005185,HIST-2025-01904,1,CUST0046,DD-SUT-0027,2025-06-10,927,MTR,216.81,200982.87,INR,7.0,Delivered
TXN005186,HIST-2025-01904,2,CUST0046,DD-CTB-0034,2025-06-10,214,MTR,193.72,41456.08,INR,7.0,Delivered
TXN005187,HIST-2025-01904,3,CUST0046,DD-SUT-0014,2025-06-10,139,MTR,268.57,37331.23,INR,7.0,Delivered
TXN005858,HIST-2025-02151,1,CUST0117,DD-BDS-0025,2025-06-10,225,MTR,257.21,57872.25,INR,3.0,Delivered
TXN005321,HIST-2025-01955,1,CUST0054,DD-CIN-0008,2025-06-11,139,MTR,229.8,31942.2,INR,7.0,Partially Delivered
TXN005322,HIST-2025-01955,2,CUST0054,DD-BDS-0003,2025-06-11,479,MTR,213.25,102146.75,INR,7.0,Delivered
TXN005323,HIST-2025-01955,3,CUST0054,DD-HCT-0037,2025-06-11,395,MTR,217.57,85940.15,INR,7.0,Delivered
TXN005324,HIST-2025-01955,4,CUST0054,DD-BDS-0020,2025-06-11,223,MTR,227.56,50745.88,INR,7.0,Delivered
TXN001355,HIST-2025-00489,1,CUST0001,DD-PCS-0005,2025-06-12,354,MTR,88.36,31279.44,INR,3.0,Delivered
TXN001377,HIST-2025-00497,1,CUST0072,DD-CIN-0026,2025-06-12,972,MTR,176.41,171470.52,INR,12.0,Delivered
TXN001378,HIST-2025-00497,2,CUST0072,DD-PCS-0002,2025-06-12,346,MTR,76.63,26513.98,INR,12.0,Delivered
TXN001379,HIST-2025-00497,3,CUST0072,DD-KFT-0023,2025-06-12,236,KG,364.0,85904.0,INR,12.0,Delivered
TXN002827,HIST-2025-01041,1,CUST0126,DD-MOD-0022,2025-06-12,936,MTR,219.06,205040.16,INR,7.0,Delivered
TXN002828,HIST-2025-01041,2,CUST0126,DD-LIN-0017,2025-06-12,543,MTR,427.27,232007.61,INR,7.0,Delivered
TXN002829,HIST-2025-01041,3,CUST0126,DD-DNM-0027,2025-06-12,905,MTR,204.67,185226.35,INR,7.0,Delivered
TXN005785,HIST-2025-02127,1,CUST0074,DD-CTB-0028,2025-06-12,1109,MTR,165.48,183517.32,INR,3.0,Delivered
TXN005786,HIST-2025-02127,2,CUST0074,DD-CTB-0005,2025-06-12,379,MTR,215.89,81822.31,INR,3.0,Delivered
TXN005787,HIST-2025-02127,3,CUST0074,DD-CTB-0012,2025-06-12,213,MTR,174.44,37155.72,INR,3.0,Delivered
TXN005788,HIST-2025-02127,4,CUST0074,DD-MOD-0015,2025-06-12,278,MTR,217.26,60398.28,INR,3.0,Delivered
TXN002662,HIST-2025-00980,1,CUST0103,DD-LIN-0008,2025-06-13,684,MTR,340.83,233127.72,INR,3.0,Delivered
TXN002663,HIST-2025-00980,2,CUST0103,DD-KSJ-0014,2025-06-13,110,KG,318.73,35060.3,INR,3.0,Delivered
TXN002664,HIST-2025-00980,3,CUST0103,DD-MOD-0001,2025-06-13,1084,MTR,219.08,237482.72,INR,3.0,Delivered
TXN006704,HIST-2025-02462,1,CUST0118,DD-TWL-0015,2025-06-13,867,PCS,207.52,179919.84,INR,7.0,Delivered
TXN006705,HIST-2025-02462,2,CUST0118,DD-SAT-0032,2025-06-13,150,MTR,80.62,12093.0,INR,7.0,Delivered
TXN003821,HIST-2025-01395,1,CUST0047,DD-KSJ-0023,2025-06-14,137,KG,388.9,53279.3,INR,7.0,Delivered
TXN006629,HIST-2025-02431,1,CUST0011,DD-SAT-0021,2025-06-14,1402,MTR,140.5,196981.0,INR,7.0,Delivered
TXN001174,HIST-2025-00425,1,CUST0096,DD-CTS-0022,2025-06-15,192,MTR,87.28,16757.76,INR,7.0,Cancelled
TXN001175,HIST-2025-00425,2,CUST0096,DD-KSJ-0015,2025-06-15,317,KG,317.1,100520.7,INR,7.0,Delivered
TXN001176,HIST-2025-00425,3,CUST0096,DD-DNM-0008,2025-06-15,645,MTR,235.48,151884.6,INR,7.0,Delivered
TXN001177,HIST-2025-00425,4,CUST0096,DD-DNM-0026,2025-06-15,264,MTR,214.56,56643.84,INR,7.0,Delivered
TXN001178,HIST-2025-00425,5,CUST0096,DD-KFT-0028,2025-06-15,262,KG,229.6,60155.2,INR,7.0,Delivered
TXN003171,HIST-2025-01165,1,CUST0108,DD-LIN-0034,2025-06-15,1465,MTR,251.9,369033.5,INR,12.0,Delivered
TXN003172,HIST-2025-01165,2,CUST0108,DD-CTB-0012,2025-06-15,1129,MTR,169.55,191421.95,INR,12.0,Delivered
TXN003173,HIST-2025-01165,3,CUST0108,DD-HCT-0018,2025-06-15,264,MTR,148.97,39328.08,INR,12.0,Delivered
TXN003712,HIST-2025-01347,1,CUST0064,DD-CTB-0033,2025-06-15,228,MTR,211.97,48329.16,INR,12.0,Delivered
TXN003713,HIST-2025-01347,2,CUST0064,DD-DNM-0034,2025-06-15,466,MTR,265.82,123872.12,INR,12.0,Partially Delivered
TXN004431,HIST-2025-01624,1,CUST0050,DD-SUT-0023,2025-06-15,968,MTR,263.19,254767.92,INR,3.0,Delivered
TXN004432,HIST-2025-01624,2,CUST0050,DD-SUT-0037,2025-06-15,295,MTR,201.02,59300.9,INR,3.0,Delivered
TXN003788,HIST-2025-01384,1,CUST0052,DD-SUT-0029,2025-06-16,160,MTR,217.36,34777.6,INR,3.0,Delivered
TXN003789,HIST-2025-01384,2,CUST0052,DD-CIN-0003,2025-06-16,895,MTR,232.23,207845.85,INR,3.0,Delivered
TXN003790,HIST-2025-01384,3,CUST0052,DD-PCS-0007,2025-06-16,173,MTR,91.81,15883.13,INR,3.0,Delivered
TXN006197,HIST-2025-02272,1,CUST0122,DD-SUT-0034,2025-06-16,275,MTR,189.06,51991.5,INR,3.0,Delivered
TXN006198,HIST-2025-02272,2,CUST0122,DD-CIN-0024,2025-06-16,604,MTR,273.36,165109.44,INR,3.0,Delivered
TXN006199,HIST-2025-02272,3,CUST0122,DD-CIN-0031,2025-06-16,404,MTR,248.84,100531.36,INR,3.0,Delivered
TXN006200,HIST-2025-02272,4,CUST0122,DD-PCS-0029,2025-06-16,627,MTR,102.32,64154.64,INR,3.0,Delivered
TXN006201,HIST-2025-02272,5,CUST0122,DD-CIN-0022,2025-06-16,693,MTR,269.99,187103.07,INR,3.0,Delivered
TXN007026,HIST-2025-02585,1,CUST0029,DD-CTS-0021,2025-06-16,1352,MTR,77.03,104144.56,INR,7.0,Delivered
TXN007027,HIST-2025-02585,2,CUST0029,DD-CTB-0023,2025-06-16,384,MTR,189.27,72679.68,INR,7.0,Delivered
TXN007028,HIST-2025-02585,3,CUST0029,DD-DNM-0013,2025-06-16,1117,MTR,175.24,195743.08,INR,7.0,Delivered
TXN007029,HIST-2025-02585,4,CUST0029,DD-KFT-0013,2025-06-16,228,KG,281.26,64127.28,INR,7.0,Delivered
TXN007030,HIST-2025-02585,5,CUST0029,DD-KSJ-0020,2025-06-16,283,KG,297.34,84147.22,INR,7.0,Partially Delivered
TXN007031,HIST-2025-02585,6,CUST0029,DD-CTS-0008,2025-06-16,433,MTR,131.12,56774.96,INR,7.0,Cancelled
TXN002027,HIST-2025-00743,1,CUST0058,DD-CTB-0024,2025-06-17,684,MTR,186.07,127271.88,INR,7.0,Delivered
TXN002028,HIST-2025-00743,2,CUST0058,DD-CTB-0031,2025-06-17,301,MTR,157.88,47521.88,INR,7.0,Delivered
TXN006717,HIST-2025-02466,1,CUST0096,DD-DNM-0008,2025-06-17,225,MTR,230.89,51950.25,INR,7.0,Delivered
TXN000645,HIST-2025-00228,1,CUST0084,DD-PCS-0016,2025-06-18,967,MTR,91.45,88432.15,INR,12.0,Delivered
TXN000646,HIST-2025-00228,2,CUST0084,DD-SUT-0018,2025-06-18,177,MTR,191.48,33891.96,INR,12.0,Delivered
TXN000647,HIST-2025-00228,3,CUST0084,DD-SUT-0012,2025-06-18,260,MTR,179.02,46545.2,INR,12.0,Delivered
TXN000355,HIST-2025-00126,1,CUST0044,DD-CIN-0024,2025-06-19,1298,MTR,265.46,344567.08,INR,7.0,Delivered
TXN000356,HIST-2025-00126,2,CUST0044,DD-HCT-0016,2025-06-19,670,MTR,161.56,108245.2,INR,7.0,Delivered
TXN001243,HIST-2025-00448,1,CUST0017,DD-DNM-0015,2025-06-19,382,MTR,175.78,67147.96,INR,7.0,Delivered
TXN001244,HIST-2025-00448,2,CUST0017,DD-KIR-0011,2025-06-19,131,KG,440.13,57657.03,INR,7.0,Partially Delivered
TXN001245,HIST-2025-00448,3,CUST0017,DD-DNM-0024,2025-06-19,201,MTR,211.89,42589.89,INR,7.0,Delivered
TXN001246,HIST-2025-00448,4,CUST0017,DD-KFT-0005,2025-06-19,275,KG,323.28,88902.0,INR,7.0,Delivered
TXN001663,HIST-2025-00603,1,CUST0083,DD-KSJ-0004,2025-06-19,163,KG,349.06,56896.78,INR,3.0,Delivered
TXN001664,HIST-2025-00603,2,CUST0083,DD-CTS-0014,2025-06-19,205,MTR,122.54,25120.7,INR,3.0,Delivered
TXN001665,HIST-2025-00603,3,CUST0083,DD-KFT-0026,2025-06-19,55,KG,343.67,18901.85,INR,3.0,Delivered
TXN001666,HIST-2025-00603,4,CUST0083,DD-DNM-0034,2025-06-19,923,MTR,288.67,266442.41,INR,3.0,Delivered
TXN003689,HIST-2025-01337,1,CUST0126,DD-DNM-0013,2025-06-19,1652,MTR,179.0,295708.0,INR,7.0,Delivered
TXN003690,HIST-2025-01337,2,CUST0126,DD-MOD-0006,2025-06-19,266,MTR,226.3,60195.8,INR,7.0,Delivered
TXN003691,HIST-2025-01337,3,CUST0126,DD-DNM-0027,2025-06-19,1135,MTR,205.87,233662.45,INR,7.0,Delivered
TXN004549,HIST-2025-01677,1,CUST0011,DD-HCT-0018,2025-06-19,1476,MTR,162.56,239938.56,INR,7.0,Delivered
TXN005466,HIST-2025-02004,1,CUST0134,DD-CTB-0023,2025-06-20,607,MTR,208.06,126292.42,INR,3.0,Delivered
TXN000456,HIST-2025-00163,1,CUST0099,DD-KSJ-0002,2025-06-21,169,KG,470.04,79436.76,INR,7.0,Delivered
TXN000457,HIST-2025-00163,2,CUST0099,DD-PCS-0021,2025-06-21,356,MTR,84.09,29936.04,INR,7.0,Delivered
TXN000458,HIST-2025-00163,3,CUST0099,DD-CTS-0006,2025-06-21,193,MTR,117.49,22675.57,INR,7.0,Delivered
TXN005195,HIST-2025-01909,1,CUST0007,DD-CTB-0030,2025-06-21,893,MTR,155.2,138593.6,INR,7.0,Delivered
TXN007120,HIST-2025-02616,1,CUST0129,DD-RBL-0030,2025-06-21,2088,MTR,51.84,108241.92,INR,3.0,Delivered
TXN002221,HIST-2025-00818,1,CUST0071,DD-LIN-0030,2025-06-22,453,MTR,421.82,191084.46,INR,7.0,Delivered
TXN002222,HIST-2025-00818,2,CUST0071,DD-MOD-0034,2025-06-22,1935,MTR,282.8,547218.0,INR,7.0,Delivered
TXN002223,HIST-2025-00818,3,CUST0071,DD-MOD-0023,2025-06-22,163,MTR,168.4,27449.2,INR,7.0,Delivered
TXN002224,HIST-2025-00818,4,CUST0071,DD-DNM-0002,2025-06-22,443,MTR,239.89,106271.27,INR,7.0,Partially Delivered
TXN005690,HIST-2025-02089,1,CUST0080,DD-TWL-0020,2025-06-22,210,PCS,208.37,43757.7,INR,7.0,Delivered
TXN005691,HIST-2025-02089,2,CUST0080,DD-CIN-0005,2025-06-22,481,MTR,205.75,98965.75,INR,7.0,Delivered
TXN006557,HIST-2025-02403,1,CUST0053,DD-CTB-0007,2025-06-22,1686,MTR,244.55,412311.3,INR,3.0,Partially Delivered
TXN006558,HIST-2025-02403,2,CUST0053,DD-SUT-0018,2025-06-22,639,MTR,213.81,136624.59,INR,3.0,Delivered
TXN006559,HIST-2025-02403,3,CUST0053,DD-PCS-0005,2025-06-22,826,MTR,84.82,70061.32,INR,3.0,Delivered
TXN007500,HIST-2025-02767,1,CUST0119,DD-SAT-0025,2025-06-22,1133,MTR,157.14,178039.62,INR,7.0,Delivered
TXN000129,HIST-2025-00046,1,CUST0106,DD-FLN-0021,2025-06-23,508,MTR,180.12,91500.96,INR,7.0,Delivered
TXN000130,HIST-2025-00046,2,CUST0106,DD-SUT-0024,2025-06-23,503,MTR,225.1,113225.3,INR,7.0,Delivered
TXN000131,HIST-2025-00046,3,CUST0106,DD-CTB-0017,2025-06-23,1703,MTR,148.55,252980.65,INR,7.0,Delivered
TXN000132,HIST-2025-00046,4,CUST0106,DD-CTB-0010,2025-06-23,221,MTR,236.22,52204.62,INR,7.0,Delivered
TXN000133,HIST-2025-00046,5,CUST0106,DD-CIN-0021,2025-06-23,1417,MTR,253.25,358855.25,INR,7.0,Partially Delivered
TXN006239,HIST-2025-02288,1,CUST0052,DD-SUT-0009,2025-06-23,1201,MTR,192.53,231228.53,INR,3.0,Delivered
TXN006240,HIST-2025-02288,2,CUST0052,DD-FLN-0012,2025-06-23,1084,MTR,130.36,141310.24,INR,3.0,Partially Delivered
TXN006241,HIST-2025-02288,3,CUST0052,DD-CIN-0028,2025-06-23,535,MTR,184.31,98605.85,INR,3.0,Delivered
TXN001876,HIST-2025-00680,1,CUST0011,DD-KFT-0011,2025-06-24,191,KG,386.2,73764.2,INR,7.0,Delivered
TXN001877,HIST-2025-00680,2,CUST0011,DD-PGT-0002,2025-06-24,1048,MTR,66.14,69314.72,INR,7.0,Delivered
TXN005464,HIST-2025-02002,1,CUST0105,DD-MOD-0027,2025-06-24,963,MTR,168.26,162034.38,INR,12.0,Delivered
TXN003215,HIST-2025-01180,1,CUST0047,DD-DNM-0022,2025-06-26,941,MTR,205.38,193262.58,INR,7.0,Delivered
TXN003549,HIST-2025-01295,1,CUST0002,DD-HUP-0012,2025-06-26,171,MTR,237.5,40612.5,INR,7.0,Delivered
TXN003550,HIST-2025-01295,2,CUST0002,DD-HCT-0022,2025-06-26,899,MTR,180.92,162647.08,INR,7.0,Cancelled
TXN003551,HIST-2025-01295,3,CUST0002,DD-CIN-0003,2025-06-26,621,MTR,213.76,132744.96,INR,7.0,Delivered
TXN003552,HIST-2025-01295,4,CUST0002,DD-HUP-0017,2025-06-26,743,MTR,297.29,220886.47,INR,7.0,Partially Delivered
TXN006795,HIST-2025-02501,1,CUST0052,DD-SUT-0009,2025-06-26,482,MTR,191.45,92278.9,INR,3.0,Delivered
TXN006796,HIST-2025-02501,2,CUST0052,DD-FLN-0025,2025-06-26,1794,MTR,176.14,315995.16,INR,3.0,Delivered
TXN006797,HIST-2025-02501,3,CUST0052,DD-SUT-0029,2025-06-26,2222,MTR,213.49,474374.78,INR,3.0,Delivered
TXN006798,HIST-2025-02501,4,CUST0052,DD-CIN-0024,2025-06-26,454,MTR,271.14,123097.56,INR,3.0,Delivered
TXN001059,HIST-2025-00381,1,CUST0047,DD-CTB-0006,2025-06-27,744,MTR,206.57,153688.08,INR,7.0,Delivered
TXN001060,HIST-2025-00381,2,CUST0047,DD-DNM-0026,2025-06-27,846,MTR,209.44,177186.24,INR,7.0,Delivered
TXN006132,HIST-2025-02251,1,CUST0056,DD-KIR-0028,2025-06-27,68,KG,381.8,25962.4,INR,12.0,Delivered
TXN006133,HIST-2025-02251,2,CUST0056,DD-KFT-0017,2025-06-27,444,KG,289.09,128355.96,INR,12.0,Delivered
TXN006134,HIST-2025-02251,3,CUST0056,DD-CTS-0027,2025-06-27,677,MTR,86.42,58506.34,INR,12.0,Delivered
TXN006135,HIST-2025-02251,4,CUST0056,DD-KIR-0007,2025-06-27,50,KG,381.48,19074.0,INR,12.0,Cancelled
TXN006136,HIST-2025-02251,5,CUST0056,DD-KIR-0029,2025-06-27,112,KG,357.95,40090.4,INR,12.0,Delivered
TXN000538,HIST-2025-00194,1,CUST0103,DD-MOD-0016,2025-06-28,1941,MTR,254.96,494877.36,INR,3.0,Partially Delivered
TXN000539,HIST-2025-00194,2,CUST0103,DD-CTB-0002,2025-06-28,905,MTR,177.38,160528.9,INR,3.0,Delivered
TXN000540,HIST-2025-00194,3,CUST0103,DD-CTS-0006,2025-06-28,840,MTR,128.48,107923.2,INR,3.0,Delivered
TXN000541,HIST-2025-00194,4,CUST0103,DD-CTB-0029,2025-06-28,1530,MTR,181.37,277496.1,INR,3.0,Delivered
TXN000542,HIST-2025-00194,5,CUST0103,DD-MOD-0028,2025-06-28,233,MTR,153.17,35688.61,INR,3.0,Delivered
TXN006478,HIST-2025-02376,1,CUST0107,DD-CIN-0019,2025-06-28,231,MTR,273.4,63155.4,INR,3.0,Delivered
TXN006479,HIST-2025-02376,2,CUST0107,DD-KIR-0025,2025-06-28,389,KG,410.08,159521.12,INR,3.0,Delivered
TXN006480,HIST-2025-02376,3,CUST0107,DD-CTB-0001,2025-06-28,1110,MTR,177.8,197358.0,INR,3.0,Delivered
TXN006481,HIST-2025-02376,4,CUST0107,DD-SAT-0016,2025-06-28,216,MTR,152.26,32888.16,INR,3.0,Delivered
TXN006940,HIST-2025-02555,1,CUST0017,DD-KFT-0005,2025-06-28,216,KG,324.97,70193.52,INR,7.0,Delivered
TXN002062,HIST-2025-00756,1,CUST0067,DD-TWL-0003,2025-06-29,216,PCS,185.61,40091.76,INR,12.0,Delivered
TXN002063,HIST-2025-00756,2,CUST0067,DD-HCT-0002,2025-06-29,719,MTR,127.07,91363.33,INR,12.0,Delivered
TXN003087,HIST-2025-01134,1,CUST0068,DD-CDV-0029,2025-06-29,486,MTR,179.5,87237.0,INR,3.0,Delivered
TXN003088,HIST-2025-01134,2,CUST0068,DD-HUP-0016,2025-06-29,420,MTR,328.63,138024.6,INR,3.0,Partially Delivered
TXN003089,HIST-2025-01134,3,CUST0068,DD-HUP-0030,2025-06-29,906,MTR,280.53,254160.18,INR,3.0,Delivered
TXN004136,HIST-2025-01509,1,CUST0006,DD-DNM-0034,2025-06-29,152,MTR,278.73,42366.96,INR,7.0,Delivered
TXN004235,HIST-2025-01544,1,CUST0056,DD-CTB-0017,2025-06-29,1087,MTR,139.65,151799.55,INR,12.0,Cancelled
TXN002750,HIST-2025-01016,1,CUST0075,DD-KFT-0024,2025-06-30,188,KG,336.82,63322.16,INR,7.0,Delivered
TXN003027,HIST-2025-01116,1,CUST0056,DD-CTB-0026,2025-06-30,817,MTR,185.9,151880.3,INR,12.0,Delivered
TXN003028,HIST-2025-01116,2,CUST0056,DD-KSJ-0016,2025-06-30,104,KG,299.8,31179.2,INR,12.0,Delivered
TXN003029,HIST-2025-01116,3,CUST0056,DD-CTB-0017,2025-06-30,1357,MTR,139.11,188772.27,INR,12.0,Delivered
TXN003030,HIST-2025-01116,4,CUST0056,DD-DNM-0008,2025-06-30,368,MTR,233.07,85769.76,INR,12.0,Delivered
TXN003031,HIST-2025-01116,5,CUST0056,DD-CTS-0008,2025-06-30,1951,MTR,121.36,236773.36,INR,12.0,Delivered
TXN001162,HIST-2025-00421,1,CUST0121,DD-BDS-0020,2025-07-01,431,MTR,222.86,96052.66,INR,12.0,Delivered
TXN001163,HIST-2025-00421,2,CUST0121,DD-TWL-0002,2025-07-01,853,PCS,191.37,163238.61,INR,12.0,Delivered
TXN001164,HIST-2025-00421,3,CUST0121,DD-TWL-0027,2025-07-01,732,PCS,198.93,145616.76,INR,12.0,Delivered
TXN001165,HIST-2025-00421,4,CUST0121,DD-BDS-0002,2025-07-01,268,MTR,205.48,55068.64,INR,12.0,Delivered
TXN001166,HIST-2025-00421,5,CUST0121,DD-CIN-0031,2025-07-01,2012,MTR,218.63,439883.56,INR,12.0,Delivered
TXN002019,HIST-2025-00740,1,CUST0059,DD-PCS-0026,2025-07-01,148,MTR,88.16,13047.68,INR,12.0,Delivered
TXN006166,HIST-2025-02260,1,CUST0124,DD-PGT-0008,2025-07-01,912,MTR,71.29,65016.48,INR,7.0,Delivered
TXN006167,HIST-2025-02260,2,CUST0124,DD-PRB-0016,2025-07-01,1937,MTR,110.78,214580.86,INR,7.0,Delivered
TXN006168,HIST-2025-02260,3,CUST0124,DD-PGT-0006,2025-07-01,494,MTR,74.71,36906.74,INR,7.0,Delivered
TXN006169,HIST-2025-02260,4,CUST0124,DD-LIN-0021,2025-07-01,213,MTR,441.49,94037.37,INR,7.0,Partially Delivered
TXN001056,HIST-2025-00380,1,CUST0023,DD-FLN-0013,2025-07-02,652,MTR,129.37,84349.24,INR,7.0,Delivered
TXN001057,HIST-2025-00380,2,CUST0023,DD-CIN-0002,2025-07-02,393,MTR,220.41,86621.13,INR,7.0,Delivered
TXN001058,HIST-2025-00380,3,CUST0023,DD-PCS-0005,2025-07-02,320,MTR,82.58,26425.6,INR,7.0,Delivered
TXN000841,HIST-2025-00298,1,CUST0135,DD-HCT-0030,2025-07-03,396,MTR,135.31,53582.76,INR,3.0,Delivered
TXN001480,HIST-2025-00540,1,CUST0120,DD-PRB-0033,2025-07-03,888,MTR,153.52,136325.76,INR,7.0,Delivered
TXN001481,HIST-2025-00540,2,CUST0120,DD-KSJ-0006,2025-07-03,427,KG,323.82,138271.14,INR,7.0,Delivered
TXN001482,HIST-2025-00540,3,CUST0120,DD-MOD-0008,2025-07-03,607,MTR,230.46,139889.22,INR,7.0,Delivered
TXN001483,HIST-2025-00540,4,CUST0120,DD-SUT-0028,2025-07-03,2263,MTR,202.09,457329.67,INR,7.0,Delivered
TXN003755,HIST-2025-01367,1,CUST0048,DD-KSJ-0025,2025-07-03,232,KG,368.96,85598.72,INR,12.0,Delivered
TXN003756,HIST-2025-01367,2,CUST0048,DD-DNM-0004,2025-07-03,607,MTR,226.66,137582.62,INR,12.0,Delivered
TXN003757,HIST-2025-01367,3,CUST0048,DD-DNM-0011,2025-07-03,466,MTR,159.44,74299.04,INR,12.0,Delivered
TXN003758,HIST-2025-01367,4,CUST0048,DD-MOD-0021,2025-07-03,236,MTR,219.46,51792.56,INR,12.0,Delivered
TXN003759,HIST-2025-01367,5,CUST0048,DD-MOD-0023,2025-07-03,1141,MTR,159.26,181715.66,INR,12.0,Delivered
TXN004516,HIST-2025-01663,1,CUST0015,DD-CIN-0022,2025-07-03,2176,MTR,274.85,598073.6,INR,3.0,Delivered
TXN004517,HIST-2025-01663,2,CUST0015,DD-HUP-0009,2025-07-03,1020,MTR,346.81,353746.2,INR,3.0,Delivered
TXN004518,HIST-2025-01663,3,CUST0015,DD-HUP-0003,2025-07-03,203,MTR,286.93,58246.79,INR,3.0,Delivered
TXN004519,HIST-2025-01663,4,CUST0015,DD-BDS-0002,2025-07-03,318,MTR,225.97,71858.46,INR,3.0,Delivered
TXN004793,HIST-2025-01761,1,CUST0076,DD-MOD-0016,2025-07-03,236,MTR,238.53,56293.08,INR,7.0,Partially Delivered
TXN004794,HIST-2025-01761,2,CUST0076,DD-CTS-0011,2025-07-03,538,MTR,135.16,72716.08,INR,7.0,Delivered
TXN004795,HIST-2025-01761,3,CUST0076,DD-CTB-0031,2025-07-03,137,MTR,161.82,22169.34,INR,7.0,Delivered
TXN004796,HIST-2025-01761,4,CUST0076,DD-KSJ-0006,2025-07-03,173,KG,346.26,59902.98,INR,7.0,Delivered
TXN005875,HIST-2025-02159,1,CUST0053,DD-CTB-0001,2025-07-03,922,MTR,170.9,157569.8,INR,3.0,Delivered
TXN005876,HIST-2025-02159,2,CUST0053,DD-PCS-0005,2025-07-03,234,MTR,85.36,19974.24,INR,3.0,Partially Delivered
TXN005877,HIST-2025-02159,3,CUST0053,DD-PCS-0017,2025-07-03,1839,MTR,102.11,187780.29,INR,3.0,Delivered
TXN005878,HIST-2025-02159,4,CUST0053,DD-CTB-0007,2025-07-03,128,MTR,239.29,30629.12,INR,3.0,Delivered
TXN006371,HIST-2025-02339,1,CUST0096,DD-DNM-0008,2025-07-03,160,MTR,232.81,37249.6,INR,7.0,Partially Delivered
TXN006372,HIST-2025-02339,2,CUST0096,DD-KIR-0023,2025-07-03,129,KG,370.76,47828.04,INR,7.0,Delivered
TXN006373,HIST-2025-02339,3,CUST0096,DD-CTB-0024,2025-07-03,891,MTR,198.32,176703.12,INR,7.0,Delivered
TXN000199,HIST-2025-00072,1,CUST0012,DD-KSJ-0016,2025-07-04,130,KG,327.55,42581.5,INR,3.0,Delivered
TXN000519,HIST-2025-00188,1,CUST0007,DD-DNM-0011,2025-07-04,1776,MTR,176.94,314245.44,INR,7.0,Delivered
TXN000520,HIST-2025-00188,2,CUST0007,DD-KFT-0027,2025-07-04,187,KG,338.8,63355.6,INR,7.0,Delivered
TXN005980,HIST-2025-02198,1,CUST0029,DD-KFT-0013,2025-07-04,275,KG,282.3,77632.5,INR,7.0,Delivered
TXN005981,HIST-2025-02198,2,CUST0029,DD-CTS-0021,2025-07-04,425,MTR,76.79,32635.75,INR,7.0,Delivered
TXN005982,HIST-2025-02198,3,CUST0029,DD-CTB-0034,2025-07-04,884,MTR,191.41,169206.44,INR,7.0,Delivered
TXN006430,HIST-2025-02361,1,CUST0134,DD-CIN-0008,2025-07-04,249,MTR,245.13,61037.37,INR,3.0,Delivered
TXN006431,HIST-2025-02361,2,CUST0134,DD-PCS-0023,2025-07-04,2238,MTR,98.69,220868.22,INR,3.0,Delivered
TXN006432,HIST-2025-02361,3,CUST0134,DD-CTB-0012,2025-07-04,563,MTR,178.43,100456.09,INR,3.0,Delivered
TXN000327,HIST-2025-00116,1,CUST0116,DD-MOD-0031,2025-07-05,139,MTR,174.91,24312.49,INR,7.0,Delivered
TXN000328,HIST-2025-00116,2,CUST0116,DD-DNM-0029,2025-07-05,173,MTR,295.13,51057.49,INR,7.0,Delivered
TXN000329,HIST-2025-00116,3,CUST0116,DD-SUT-0028,2025-07-05,148,MTR,208.0,30784.0,INR,7.0,Delivered
TXN000330,HIST-2025-00116,4,CUST0116,DD-CDV-0006,2025-07-05,433,MTR,197.06,85326.98,INR,7.0,Delivered
TXN000347,HIST-2025-00123,1,CUST0121,DD-CIN-0016,2025-07-05,1035,MTR,232.2,240327.0,INR,12.0,Delivered
TXN000348,HIST-2025-00123,2,CUST0121,DD-CIN-0011,2025-07-05,136,MTR,213.69,29061.84,INR,12.0,Delivered
TXN000349,HIST-2025-00123,3,CUST0121,DD-TWL-0002,2025-07-05,557,PCS,192.89,107439.73,INR,12.0,Delivered
TXN000350,HIST-2025-00123,4,CUST0121,DD-BDS-0002,2025-07-05,157,MTR,207.35,32553.95,INR,12.0,Delivered
TXN000351,HIST-2025-00123,5,CUST0121,DD-HCT-0006,2025-07-05,1060,MTR,212.63,225387.8,INR,12.0,Delivered
TXN003151,HIST-2025-01158,1,CUST0064,DD-KIR-0005,2025-07-05,355,KG,399.97,141989.35,INR,12.0,Delivered
TXN003152,HIST-2025-01158,2,CUST0064,DD-CTB-0033,2025-07-05,536,MTR,210.18,112656.48,INR,12.0,Delivered
TXN003153,HIST-2025-01158,3,CUST0064,DD-DNM-0024,2025-07-05,377,MTR,188.63,71113.51,INR,12.0,Delivered
TXN003154,HIST-2025-01158,4,CUST0064,DD-KSJ-0012,2025-07-05,277,KG,292.7,81077.9,INR,12.0,Delivered
TXN005182,HIST-2025-01903,1,CUST0019,DD-CTB-0010,2025-07-05,756,MTR,223.16,168708.96,INR,12.0,Delivered
TXN005183,HIST-2025-01903,2,CUST0019,DD-CTB-0020,2025-07-05,271,MTR,199.43,54045.53,INR,12.0,Delivered
TXN005184,HIST-2025-01903,3,CUST0019,DD-CTS-0007,2025-07-05,615,MTR,124.28,76432.2,INR,12.0,Delivered
TXN003998,HIST-2025-01463,1,CUST0121,DD-HCT-0006,2025-07-06,335,MTR,210.19,70413.65,INR,12.0,Delivered
TXN003999,HIST-2025-01463,2,CUST0121,DD-CIN-0011,2025-07-06,459,MTR,214.71,98551.89,INR,12.0,Delivered
TXN004000,HIST-2025-01463,3,CUST0121,DD-CIN-0031,2025-07-06,473,MTR,220.43,104263.39,INR,12.0,Delivered
TXN004001,HIST-2025-01463,4,CUST0121,DD-HUP-0013,2025-07-06,2206,MTR,242.5,534955.0,INR,12.0,Delivered
TXN006235,HIST-2025-02286,1,CUST0118,DD-KIR-0001,2025-07-06,362,KG,332.42,120336.04,INR,7.0,Delivered
TXN006236,HIST-2025-02286,2,CUST0118,DD-TWL-0007,2025-07-06,1633,PCS,248.05,405065.65,INR,7.0,Delivered
TXN004336,HIST-2025-01583,1,CUST0027,DD-MOD-0009,2025-07-07,569,MTR,235.11,133777.59,INR,7.0,Delivered
TXN004230,HIST-2025-01543,1,CUST0089,DD-BDS-0021,2025-07-08,303,MTR,271.82,82361.46,INR,3.0,Delivered
TXN004231,HIST-2025-01543,2,CUST0089,DD-KIR-0011,2025-07-08,287,KG,471.77,135397.99,INR,3.0,Delivered
TXN004232,HIST-2025-01543,3,CUST0089,DD-SAT-0027,2025-07-08,400,MTR,163.7,65480.0,INR,3.0,Delivered
TXN004233,HIST-2025-01543,4,CUST0089,DD-CTS-0024,2025-07-08,425,MTR,91.64,38947.0,INR,3.0,Partially Delivered
TXN004234,HIST-2025-01543,5,CUST0089,DD-RBL-0015,2025-07-08,179,MTR,59.37,10627.23,INR,3.0,Delivered
TXN004413,HIST-2025-01615,1,CUST0108,DD-TWL-0020,2025-07-08,1325,PCS,200.22,265291.5,INR,12.0,Delivered
TXN004414,HIST-2025-01615,2,CUST0108,DD-FLN-0029,2025-07-08,1540,MTR,151.21,232863.4,INR,12.0,Delivered
TXN004415,HIST-2025-01615,3,CUST0108,DD-PRB-0027,2025-07-08,1753,MTR,104.79,183696.87,INR,12.0,Delivered
TXN004416,HIST-2025-01615,4,CUST0108,DD-KFT-0005,2025-07-08,522,KG,323.59,168913.98,INR,12.0,Delivered
TXN004810,HIST-2025-01769,1,CUST0011,DD-CIN-0001,2025-07-08,189,MTR,216.95,41003.55,INR,7.0,Delivered
TXN006234,HIST-2025-02285,1,CUST0114,DD-PCS-0032,2025-07-08,181,MTR,80.03,14485.43,INR,12.0,Delivered
TXN002146,HIST-2025-00792,1,CUST0134,DD-CTB-0005,2025-07-09,858,MTR,218.6,187558.8,INR,3.0,Delivered
TXN002147,HIST-2025-00792,2,CUST0134,DD-CIN-0007,2025-07-09,1095,MTR,255.96,280276.2,INR,3.0,Partially Delivered
TXN006382,HIST-2025-02344,1,CUST0053,DD-SUT-0018,2025-07-09,324,MTR,212.28,68778.72,INR,3.0,Delivered
TXN006383,HIST-2025-02344,2,CUST0053,DD-CTB-0001,2025-07-09,1110,MTR,171.51,190376.1,INR,3.0,Cancelled
TXN005889,HIST-2025-02167,1,CUST0079,DD-KSJ-0009,2025-07-10,348,KG,337.22,117352.56,INR,3.0,Delivered
TXN005890,HIST-2025-02167,2,CUST0079,DD-LIN-0009,2025-07-10,280,MTR,404.79,113341.2,INR,3.0,Delivered
TXN005891,HIST-2025-02167,3,CUST0079,DD-RBL-0011,2025-07-10,287,MTR,57.4,16473.8,INR,3.0,Delivered
TXN005892,HIST-2025-02167,4,CUST0079,DD-DNM-0004,2025-07-10,547,MTR,228.35,124907.45,INR,3.0,Delivered
TXN007404,HIST-2025-02729,1,CUST0054,DD-HCT-0020,2025-07-10,265,MTR,167.64,44424.6,INR,7.0,Delivered
TXN007405,HIST-2025-02729,2,CUST0054,DD-HCT-0034,2025-07-10,304,MTR,225.02,68406.08,INR,7.0,Delivered
TXN003333,HIST-2025-01220,1,CUST0056,DD-DNM-0008,2025-07-11,308,MTR,232.58,71634.64,INR,12.0,Delivered
TXN002133,HIST-2025-00787,1,CUST0102,DD-KSJ-0025,2025-07-12,65,KG,381.33,24786.45,INR,7.0,Delivered
TXN002134,HIST-2025-00787,2,CUST0102,DD-KSJ-0006,2025-07-12,330,KG,315.74,104194.2,INR,7.0,Delivered
TXN002414,HIST-2025-00887,1,CUST0006,DD-DNM-0017,2025-07-12,404,MTR,250.95,101383.8,INR,7.0,Delivered
TXN002415,HIST-2025-00887,2,CUST0006,DD-MOD-0016,2025-07-12,912,MTR,239.65,218560.8,INR,7.0,Delivered
TXN002416,HIST-2025-00887,3,CUST0006,DD-LIN-0029,2025-07-12,1029,MTR,267.47,275226.63,INR,7.0,Delivered
TXN000142,HIST-2025-00049,1,CUST0096,DD-KIR-0023,2025-07-13,147,KG,373.76,54942.72,INR,7.0,Delivered
TXN001925,HIST-2025-00704,1,CUST0098,DD-PGT-0030,2025-07-13,153,MTR,74.32,11370.96,INR,7.0,Delivered
TXN001926,HIST-2025-00704,2,CUST0098,DD-FLN-0016,2025-07-13,128,MTR,135.28,17315.84,INR,7.0,Delivered
TXN001927,HIST-2025-00704,3,CUST0098,DD-VSR-0025,2025-07-13,1710,MTR,104.94,179447.4,INR,7.0,Delivered
TXN001928,HIST-2025-00704,4,CUST0098,DD-LIN-0013,2025-07-13,746,MTR,408.88,305024.48,INR,7.0,Delivered
TXN001929,HIST-2025-00704,5,CUST0098,DD-CDV-0024,2025-07-13,400,MTR,207.92,83168.0,INR,7.0,Delivered
TXN006853,HIST-2025-02523,1,CUST0003,DD-SUT-0007,2025-07-14,1476,MTR,191.16,282152.16,INR,7.0,Delivered
TXN006854,HIST-2025-02523,2,CUST0003,DD-PCS-0033,2025-07-14,2182,MTR,97.23,212155.86,INR,7.0,Delivered
TXN006855,HIST-2025-02523,3,CUST0003,DD-SUT-0030,2025-07-14,265,MTR,198.94,52719.1,INR,7.0,Delivered
TXN006856,HIST-2025-02523,4,CUST0003,DD-CIN-0001,2025-07-14,230,MTR,220.72,50765.6,INR,7.0,Delivered
TXN006857,HIST-2025-02523,5,CUST0003,DD-SUT-0013,2025-07-14,897,MTR,265.28,237956.16,INR,7.0,Delivered
TXN002148,HIST-2025-00793,1,CUST0084,DD-PCS-0022,2025-07-15,1344,MTR,82.92,111444.48,INR,12.0,Delivered
TXN002775,HIST-2025-01025,1,CUST0009,DD-SAT-0032,2025-07-15,437,MTR,85.09,37184.33,INR,7.0,Delivered
TXN006794,HIST-2025-02500,1,CUST0074,DD-CTB-0028,2025-07-15,1336,MTR,166.16,221989.76,INR,3.0,Delivered
TXN000555,HIST-2025-00200,1,CUST0018,DD-MOD-0031,2025-07-16,546,MTR,171.53,93655.38,INR,7.0,Delivered
TXN000556,HIST-2025-00200,2,CUST0018,DD-CTB-0023,2025-07-16,171,MTR,191.75,32789.25,INR,7.0,Delivered
TXN000557,HIST-2025-00200,3,CUST0018,DD-CTB-0008,2025-07-16,559,MTR,247.17,138168.03,INR,7.0,Delivered
TXN003472,HIST-2025-01274,1,CUST0108,DD-HCT-0018,2025-07-16,841,MTR,147.18,123778.38,INR,12.0,Delivered
TXN003473,HIST-2025-01274,2,CUST0108,DD-PRB-0027,2025-07-16,777,MTR,104.48,81180.96,INR,12.0,Delivered
TXN003474,HIST-2025-01274,3,CUST0108,DD-CTB-0012,2025-07-16,434,MTR,166.75,72369.5,INR,12.0,Partially Delivered
TXN003545,HIST-2025-01293,1,CUST0034,DD-KSJ-0005,2025-07-16,387,KG,327.12,126595.44,INR,7.0,Delivered
TXN003546,HIST-2025-01293,2,CUST0034,DD-CTB-0009,2025-07-16,1684,MTR,246.62,415308.08,INR,7.0,Delivered
TXN003547,HIST-2025-01293,3,CUST0034,DD-KSJ-0014,2025-07-16,76,KG,312.05,23715.8,INR,7.0,Delivered
TXN005606,HIST-2025-02060,1,CUST0110,DD-CIN-0003,2025-07-16,896,MTR,225.58,202119.68,INR,3.0,Delivered
TXN005607,HIST-2025-02060,2,CUST0110,DD-CIN-0025,2025-07-16,766,MTR,270.53,207225.98,INR,3.0,Delivered
TXN005608,HIST-2025-02060,3,CUST0110,DD-PCS-0027,2025-07-16,570,MTR,100.71,57404.7,INR,3.0,Delivered
TXN003936,HIST-2025-01441,1,CUST0098,DD-DNM-0011,2025-07-17,275,MTR,171.42,47140.5,INR,7.0,Delivered
TXN003937,HIST-2025-01441,2,CUST0098,DD-SUT-0005,2025-07-17,236,MTR,221.55,52285.8,INR,7.0,Delivered
TXN003938,HIST-2025-01441,3,CUST0098,DD-BDS-0006,2025-07-17,793,MTR,150.63,119449.59,INR,7.0,Delivered
TXN005761,HIST-2025-02117,1,CUST0125,DD-CTS-0009,2025-07-17,343,MTR,128.6,44109.8,INR,7.0,Delivered
TXN005762,HIST-2025-02117,2,CUST0125,DD-DNM-0026,2025-07-17,536,MTR,216.5,116044.0,INR,7.0,Delivered
TXN001385,HIST-2025-00501,1,CUST0047,DD-KSJ-0023,2025-07-18,167,KG,393.2,65664.4,INR,7.0,Delivered
TXN004630,HIST-2025-01703,1,CUST0023,DD-PCS-0030,2025-07-18,170,MTR,92.74,15765.8,INR,7.0,Delivered
TXN004631,HIST-2025-01703,2,CUST0023,DD-CIN-0002,2025-07-18,686,MTR,220.48,151249.28,INR,7.0,Delivered
TXN001586,HIST-2025-00578,1,CUST0112,DD-HUP-0011,2025-07-19,372,MTR,247.83,92192.76,INR,7.0,Delivered
TXN001587,HIST-2025-00578,2,CUST0112,DD-TWL-0009,2025-07-19,104,PCS,247.82,25773.28,INR,7.0,Delivered
TXN001588,HIST-2025-00578,3,CUST0112,DD-HUP-0026,2025-07-19,1041,MTR,268.71,279727.11,INR,7.0,Delivered
TXN005045,HIST-2025-01851,1,CUST0089,DD-RBL-0015,2025-07-19,2275,MTR,59.07,134384.25,INR,3.0,Delivered
TXN005046,HIST-2025-01851,2,CUST0089,DD-CTS-0024,2025-07-19,636,MTR,93.96,59758.56,INR,3.0,Delivered
TXN005047,HIST-2025-01851,3,CUST0089,DD-SAT-0027,2025-07-19,153,MTR,167.69,25656.57,INR,3.0,Delivered
TXN005373,HIST-2025-01971,1,CUST0091,DD-KIR-0025,2025-07-19,319,KG,368.98,117704.62,INR,12.0,Delivered
TXN005374,HIST-2025-01971,2,CUST0091,DD-CTB-0012,2025-07-19,1276,MTR,163.09,208102.84,INR,12.0,Delivered
TXN006931,HIST-2025-02552,1,CUST0034,DD-KFT-0015,2025-07-19,266,KG,262.23,69753.18,INR,7.0,Delivered
TXN002737,HIST-2025-01009,1,CUST0060,DD-KFT-0025,2025-07-20,334,KG,324.24,108296.16,INR,12.0,Partially Delivered
TXN005030,HIST-2025-01845,1,CUST0001,DD-PCS-0005,2025-07-20,1457,MTR,89.76,130780.32,INR,3.0,Delivered
TXN005217,HIST-2025-01919,1,CUST0058,DD-KSJ-0007,2025-07-20,293,KG,344.32,100885.76,INR,7.0,Delivered
TXN005218,HIST-2025-01919,2,CUST0058,DD-CTB-0027,2025-07-20,413,MTR,165.78,68467.14,INR,7.0,Delivered
TXN005219,HIST-2025-01919,3,CUST0058,DD-CTB-0031,2025-07-20,491,MTR,157.52,77342.32,INR,7.0,Delivered
TXN002611,HIST-2025-00964,1,CUST0108,DD-HCT-0013,2025-07-21,130,MTR,200.39,26050.7,INR,12.0,Delivered
TXN002612,HIST-2025-00964,2,CUST0108,DD-KFT-0027,2025-07-21,188,KG,317.34,59659.92,INR,12.0,Delivered
TXN002613,HIST-2025-00964,3,CUST0108,DD-PRB-0035,2025-07-21,289,MTR,140.46,40592.94,INR,12.0,Delivered
TXN003585,HIST-2025-01304,1,CUST0031,DD-KFT-0011,2025-07-21,218,KG,402.23,87686.14,INR,7.0,Delivered
TXN003586,HIST-2025-01304,2,CUST0031,DD-KIR-0035,2025-07-21,100,KG,481.94,48194.0,INR,7.0,Delivered
TXN003587,HIST-2025-01304,3,CUST0031,DD-KFT-0025,2025-07-21,489,KG,356.94,174543.66,INR,7.0,Delivered
TXN003588,HIST-2025-01304,4,CUST0031,DD-CTS-0024,2025-07-21,265,MTR,87.54,23198.1,INR,7.0,Delivered
TXN005994,HIST-2025-02203,1,CUST0047,DD-KFT-0009,2025-07-21,572,KG,397.94,227621.68,INR,7.0,Delivered
TXN005995,HIST-2025-02203,2,CUST0047,DD-KSJ-0023,2025-07-21,66,KG,390.95,25802.7,INR,7.0,Delivered
TXN000411,HIST-2025-00148,1,CUST0120,DD-FLN-0014,2025-07-22,457,MTR,123.39,56389.23,INR,7.0,Delivered
TXN002277,HIST-2025-00837,1,CUST0135,DD-HCT-0030,2025-07-22,1335,MTR,137.88,184069.8,INR,3.0,Delivered
TXN002474,HIST-2025-00910,1,CUST0090,DD-KIR-0010,2025-07-22,144,KG,469.89,67664.16,INR,3.0,Partially Delivered
TXN003295,HIST-2025-01208,1,CUST0044,DD-HCT-0032,2025-07-22,255,MTR,155.21,39578.55,INR,7.0,Delivered
TXN003296,HIST-2025-01208,2,CUST0044,DD-TWL-0019,2025-07-22,677,PCS,216.0,146232.0,INR,7.0,Delivered
TXN003297,HIST-2025-01208,3,CUST0044,DD-CIN-0024,2025-07-22,373,MTR,269.98,100702.54,INR,7.0,Delivered
TXN003298,HIST-2025-01208,4,CUST0044,DD-BDS-0008,2025-07-22,194,MTR,158.66,30780.04,INR,7.0,Delivered
TXN003580,HIST-2025-01303,1,CUST0031,DD-CTB-0024,2025-07-23,1084,MTR,189.17,205060.28,INR,7.0,Delivered
TXN003581,HIST-2025-01303,2,CUST0031,DD-CTS-0024,2025-07-23,1999,MTR,86.88,173673.12,INR,7.0,Partially Delivered
TXN003582,HIST-2025-01303,3,CUST0031,DD-KFT-0025,2025-07-23,398,KG,357.44,142261.12,INR,7.0,Delivered
TXN003583,HIST-2025-01303,4,CUST0031,DD-KFT-0011,2025-07-23,449,KG,401.21,180143.29,INR,7.0,Delivered
TXN003584,HIST-2025-01303,5,CUST0031,DD-KIR-0035,2025-07-23,259,KG,485.89,125845.51,INR,7.0,Cancelled
TXN007336,HIST-2025-02703,1,CUST0065,DD-LIN-0034,2025-07-23,446,MTR,259.76,115852.96,INR,12.0,Delivered
TXN007337,HIST-2025-02703,2,CUST0065,DD-SAT-0032,2025-07-23,1128,MTR,78.56,88615.68,INR,12.0,Delivered
TXN007338,HIST-2025-02703,3,CUST0065,DD-SAT-0022,2025-07-23,1925,MTR,122.72,236236.0,INR,12.0,Partially Delivered
TXN007339,HIST-2025-02703,4,CUST0065,DD-PGT-0036,2025-07-23,185,MTR,75.84,14030.4,INR,12.0,Delivered
TXN000195,HIST-2025-00070,1,CUST0043,DD-CTB-0015,2025-07-24,200,MTR,160.42,32084.0,INR,3.0,Delivered
TXN000626,HIST-2025-00223,1,CUST0019,DD-KFT-0010,2025-07-25,559,KG,393.01,219692.59,INR,12.0,Delivered
TXN000627,HIST-2025-00223,2,CUST0019,DD-KSJ-0008,2025-07-25,155,KG,277.85,43066.75,INR,12.0,Delivered
TXN000628,HIST-2025-00223,3,CUST0019,DD-CTB-0015,2025-07-25,989,MTR,144.59,142999.51,INR,12.0,Delivered
TXN000816,HIST-2025-00287,1,CUST0029,DD-KFT-0013,2025-07-26,207,KG,283.24,58630.68,INR,7.0,Delivered
TXN000817,HIST-2025-00287,2,CUST0029,DD-DNM-0013,2025-07-26,340,MTR,174.93,59476.2,INR,7.0,Delivered
TXN005860,HIST-2025-02153,1,CUST0022,DD-LIN-0018,2025-07-26,2292,MTR,458.59,1051088.28,INR,7.0,Partially Delivered
TXN005861,HIST-2025-02153,2,CUST0022,DD-BDS-0017,2025-07-26,1326,MTR,200.36,265677.36,INR,7.0,Delivered
TXN005862,HIST-2025-02153,3,CUST0022,DD-LIN-0019,2025-07-26,1088,MTR,431.68,469667.84,INR,7.0,Delivered
TXN005863,HIST-2025-02153,4,CUST0022,DD-PRB-0006,2025-07-26,190,MTR,127.0,24130.0,INR,7.0,Delivered
TXN000481,HIST-2025-00174,1,CUST0119,DD-PRB-0038,2025-07-27,906,MTR,156.02,141354.12,INR,7.0,Delivered
TXN000482,HIST-2025-00174,2,CUST0119,DD-MOD-0024,2025-07-27,274,MTR,174.91,47925.34,INR,7.0,Delivered
TXN000483,HIST-2025-00174,3,CUST0119,DD-SAT-0025,2025-07-27,385,MTR,157.8,60753.0,INR,7.0,Delivered
TXN000484,HIST-2025-00174,4,CUST0119,DD-PGT-0007,2025-07-27,540,MTR,71.75,38745.0,INR,7.0,Delivered
TXN000485,HIST-2025-00174,5,CUST0119,DD-LIN-0021,2025-07-27,446,MTR,428.19,190972.74,INR,7.0,Delivered
TXN000486,HIST-2025-00174,6,CUST0119,DD-SAT-0022,2025-07-27,2257,MTR,134.17,302821.69,INR,7.0,Cancelled
TXN004329,HIST-2025-01581,1,CUST0118,DD-VSR-0019,2025-07-27,353,MTR,84.84,29948.52,INR,7.0,Delivered
TXN004330,HIST-2025-01581,2,CUST0118,DD-HUP-0016,2025-07-27,458,MTR,308.9,141476.2,INR,7.0,Delivered
TXN004331,HIST-2025-01581,3,CUST0118,DD-BDS-0017,2025-07-27,1043,MTR,200.01,208610.43,INR,7.0,Delivered
TXN004332,HIST-2025-01581,4,CUST0118,DD-CIN-0021,2025-07-27,875,MTR,269.4,235725.0,INR,7.0,Delivered
TXN005243,HIST-2025-01927,1,CUST0066,DD-VSR-0028,2025-07-27,374,MTR,108.21,40470.54,INR,3.0,Delivered
TXN005244,HIST-2025-01927,2,CUST0066,DD-PCS-0021,2025-07-27,255,MTR,87.54,22322.7,INR,3.0,Delivered
TXN005245,HIST-2025-01927,3,CUST0066,DD-CTB-0012,2025-07-27,1139,MTR,177.37,202024.43,INR,3.0,Delivered
TXN005293,HIST-2025-01944,1,CUST0112,DD-HCT-0028,2025-07-27,150,MTR,128.56,19284.0,INR,7.0,Delivered
TXN005294,HIST-2025-01944,2,CUST0112,DD-BDS-0027,2025-07-27,246,MTR,229.44,56442.24,INR,7.0,Delivered
TXN005856,HIST-2025-02150,1,CUST0129,DD-SUT-0014,2025-07-27,187,MTR,273.41,51127.67,INR,3.0,Delivered
TXN005857,HIST-2025-02150,2,CUST0129,DD-SAT-0021,2025-07-27,182,MTR,138.63,25230.66,INR,3.0,Delivered
TXN002164,HIST-2025-00798,1,CUST0065,DD-VSR-0024,2025-07-28,244,MTR,100.63,24553.72,INR,12.0,Delivered
TXN002165,HIST-2025-00798,2,CUST0065,DD-PRB-0022,2025-07-28,203,MTR,103.41,20992.23,INR,12.0,Delivered
TXN002166,HIST-2025-00798,3,CUST0065,DD-MOD-0025,2025-07-28,1331,MTR,160.23,213266.13,INR,12.0,Delivered
TXN004208,HIST-2025-01534,1,CUST0019,DD-KFT-0002,2025-07-28,75,KG,309.38,23203.5,INR,12.0,Delivered
TXN004209,HIST-2025-01534,2,CUST0019,DD-CTB-0029,2025-07-28,379,MTR,164.69,62417.51,INR,12.0,Delivered
TXN004210,HIST-2025-01534,3,CUST0019,DD-DNM-0016,2025-07-28,585,MTR,242.08,141616.8,INR,12.0,Delivered
TXN004703,HIST-2025-01729,1,CUST0077,DD-LIN-0034,2025-07-28,226,MTR,279.99,63277.74,INR,7.0,Delivered
TXN004704,HIST-2025-01729,2,CUST0077,DD-FLN-0023,2025-07-28,1184,MTR,176.14,208549.76,INR,7.0,Delivered
TXN004705,HIST-2025-01729,3,CUST0077,DD-PCS-0004,2025-07-28,1055,MTR,81.75,86246.25,INR,7.0,Cancelled
TXN004706,HIST-2025-01729,4,CUST0077,DD-SUT-0015,2025-07-28,240,MTR,276.78,66427.2,INR,7.0,Cancelled
TXN004707,HIST-2025-01729,5,CUST0077,DD-CIN-0007,2025-07-28,893,MTR,234.54,209444.22,INR,7.0,Delivered
TXN000003,HIST-2025-00002,1,CUST0078,DD-PRB-0025,2025-07-29,397,MTR,113.09,44896.73,INR,7.0,Delivered
TXN002550,HIST-2025-00940,1,CUST0079,DD-LIN-0009,2025-07-29,374,MTR,403.13,150770.62,INR,3.0,Delivered
TXN002551,HIST-2025-00940,2,CUST0079,DD-VSR-0019,2025-07-29,133,MTR,88.66,11791.78,INR,3.0,Delivered
TXN002552,HIST-2025-00940,3,CUST0079,DD-CIN-0027,2025-07-29,522,MTR,189.57,98955.54,INR,3.0,Delivered
TXN002553,HIST-2025-00940,4,CUST0079,DD-CTS-0014,2025-07-29,896,MTR,119.9,107430.4,INR,3.0,Delivered
TXN002554,HIST-2025-00940,5,CUST0079,DD-DNM-0004,2025-07-29,270,MTR,226.1,61047.0,INR,3.0,Cancelled
TXN006289,HIST-2025-02306,1,CUST0093,DD-CTB-0018,2025-07-29,1447,MTR,140.07,202681.29,INR,12.0,Delivered
TXN006290,HIST-2025-02306,2,CUST0093,DD-CTS-0025,2025-07-29,708,MTR,92.37,65397.96,INR,12.0,Delivered
TXN006291,HIST-2025-02306,3,CUST0093,DD-DNM-0011,2025-07-29,1365,MTR,169.36,231176.4,INR,12.0,Delivered
TXN001622,HIST-2025-00591,1,CUST0116,DD-MOD-0031,2025-07-30,1078,MTR,171.49,184866.22,INR,7.0,Delivered
TXN001623,HIST-2025-00591,2,CUST0116,DD-KIR-0018,2025-07-30,135,KG,480.27,64836.45,INR,7.0,Delivered
TXN001624,HIST-2025-00591,3,CUST0116,DD-HCT-0028,2025-07-30,1288,MTR,129.15,166345.2,INR,7.0,Delivered
TXN001595,HIST-2025-00582,1,CUST0096,DD-KIR-0031,2025-07-31,103,KG,382.12,39358.36,INR,7.0,Delivered
TXN001596,HIST-2025-00582,2,CUST0096,DD-DNM-0008,2025-07-31,558,MTR,236.1,131743.8,INR,7.0,Delivered
TXN001597,HIST-2025-00582,3,CUST0096,DD-CTB-0002,2025-07-31,212,MTR,154.82,32821.84,INR,7.0,Delivered
TXN001598,HIST-2025-00582,4,CUST0096,DD-KFT-0028,2025-07-31,178,KG,232.08,41310.24,INR,7.0,Delivered
TXN001599,HIST-2025-00582,5,CUST0096,DD-KFT-0009,2025-07-31,198,KG,390.39,77297.22,INR,7.0,Delivered
TXN001600,HIST-2025-00582,6,CUST0096,DD-DNM-0026,2025-07-31,164,MTR,212.22,34804.08,INR,7.0,Delivered
TXN004979,HIST-2025-01826,1,CUST0084,DD-PCS-0014,2025-07-31,154,MTR,88.36,13607.44,INR,12.0,Delivered
TXN004980,HIST-2025-01826,2,CUST0084,DD-SUT-0018,2025-07-31,260,MTR,190.33,49485.8,INR,12.0,Delivered
TXN004981,HIST-2025-01826,3,CUST0084,DD-PCS-0016,2025-07-31,270,MTR,93.78,25320.6,INR,12.0,Delivered
TXN004982,HIST-2025-01826,4,CUST0084,DD-CTB-0033,2025-07-31,180,MTR,201.24,36223.2,INR,12.0,Delivered
TXN004983,HIST-2025-01826,5,CUST0084,DD-SUT-0012,2025-07-31,299,MTR,180.48,53963.52,INR,12.0,Delivered
TXN004984,HIST-2025-01826,6,CUST0084,DD-PCS-0022,2025-07-31,2148,MTR,81.9,175921.2,INR,12.0,Delivered
TXN006176,HIST-2025-02264,1,CUST0118,DD-SAT-0032,2025-07-31,361,MTR,81.52,29428.72,INR,7.0,Delivered
TXN001858,HIST-2025-00675,1,CUST0009,DD-PRB-0032,2025-08-01,341,MTR,163.08,55610.28,INR,7.0,Delivered
TXN001859,HIST-2025-00675,2,CUST0009,DD-PRB-0024,2025-08-01,1335,MTR,107.24,143165.4,INR,7.0,Delivered
TXN001860,HIST-2025-00675,3,CUST0009,DD-PGT-0028,2025-08-01,2014,MTR,64.62,130144.68,INR,7.0,Delivered
TXN001861,HIST-2025-00675,4,CUST0009,DD-SAT-0003,2025-08-01,722,MTR,179.73,129765.06,INR,7.0,Delivered
TXN001862,HIST-2025-00675,5,CUST0009,DD-LIN-0014,2025-08-01,1662,MTR,390.89,649659.18,INR,7.0,Delivered
TXN001863,HIST-2025-00675,6,CUST0009,DD-MOD-0013,2025-08-01,680,MTR,267.47,181879.6,INR,7.0,Delivered
TXN002210,HIST-2025-00813,1,CUST0058,DD-KSJ-0007,2025-08-02,532,KG,345.0,183540.0,INR,7.0,Delivered
TXN002211,HIST-2025-00813,2,CUST0058,DD-KFT-0024,2025-08-02,217,KG,343.42,74522.14,INR,7.0,Delivered
TXN004204,HIST-2025-01533,1,CUST0118,DD-HUP-0016,2025-08-02,427,MTR,304.67,130094.09,INR,7.0,Delivered
TXN004205,HIST-2025-01533,2,CUST0118,DD-SAT-0032,2025-08-02,364,MTR,79.81,29050.84,INR,7.0,Delivered
TXN004206,HIST-2025-01533,3,CUST0118,DD-SUT-0019,2025-08-02,157,MTR,263.79,41415.03,INR,7.0,Delivered
TXN004207,HIST-2025-01533,4,CUST0118,DD-SUT-0017,2025-08-02,439,MTR,199.3,87492.7,INR,7.0,Delivered
TXN006158,HIST-2025-02258,1,CUST0047,DD-CTB-0013,2025-08-02,1394,MTR,166.42,231989.48,INR,7.0,Partially Delivered
TXN006159,HIST-2025-02258,2,CUST0047,DD-KFT-0026,2025-08-02,107,KG,330.44,35357.08,INR,7.0,Delivered
TXN006160,HIST-2025-02258,3,CUST0047,DD-DNM-0022,2025-08-02,463,MTR,207.08,95878.04,INR,7.0,Delivered
TXN006161,HIST-2025-02258,4,CUST0047,DD-CTB-0006,2025-08-02,150,MTR,206.62,30993.0,INR,7.0,Delivered
TXN003222,HIST-2025-01184,1,CUST0100,DD-DNM-0026,2025-08-03,466,MTR,225.94,105288.04,INR,3.0,Delivered
TXN004353,HIST-2025-01592,1,CUST0118,DD-CDV-0007,2025-08-03,233,MTR,189.87,44239.71,INR,7.0,Delivered
TXN004375,HIST-2025-01601,1,CUST0011,DD-HUP-0027,2025-08-03,443,MTR,257.19,113935.17,INR,7.0,Delivered
TXN004819,HIST-2025-01772,1,CUST0007,DD-CTS-0016,2025-08-03,1306,MTR,114.15,149079.9,INR,7.0,Delivered
TXN004820,HIST-2025-01772,2,CUST0007,DD-CTS-0017,2025-08-03,2165,MTR,91.62,198357.3,INR,7.0,Delivered
TXN005206,HIST-2025-01914,1,CUST0088,DD-TWL-0012,2025-08-03,214,PCS,187.97,40225.58,INR,12.0,Partially Delivered
TXN006745,HIST-2025-02479,1,CUST0112,DD-TWL-0003,2025-08-03,192,PCS,192.81,37019.52,INR,7.0,Delivered
TXN006746,HIST-2025-02479,2,CUST0112,DD-TWL-0020,2025-08-03,210,PCS,219.24,46040.4,INR,7.0,Delivered
TXN006747,HIST-2025-02479,3,CUST0112,DD-HCT-0016,2025-08-03,234,MTR,159.22,37257.48,INR,7.0,Delivered
TXN006748,HIST-2025-02479,4,CUST0112,DD-BDS-0025,2025-08-03,311,MTR,248.17,77180.87,INR,7.0,Delivered
TXN006749,HIST-2025-02479,5,CUST0112,DD-HUP-0017,2025-08-03,314,MTR,317.14,99581.96,INR,7.0,Delivered
TXN007439,HIST-2025-02743,1,CUST0095,DD-HUP-0024,2025-08-03,753,MTR,289.36,217888.08,INR,7.0,Delivered
TXN007440,HIST-2025-02743,2,CUST0095,DD-HCT-0034,2025-08-03,688,MTR,216.23,148766.24,INR,7.0,Delivered
TXN007441,HIST-2025-02743,3,CUST0095,DD-CIN-0029,2025-08-03,199,MTR,196.1,39023.9,INR,7.0,Delivered
TXN000227,HIST-2025-00082,1,CUST0068,DD-LIN-0001,2025-08-04,316,MTR,446.98,141245.68,INR,3.0,Delivered
TXN000228,HIST-2025-00082,2,CUST0068,DD-HUP-0016,2025-08-04,178,MTR,330.29,58791.62,INR,3.0,Delivered
TXN002293,HIST-2025-00843,1,CUST0052,DD-PCS-0011,2025-08-04,282,MTR,82.3,23208.6,INR,3.0,Delivered
TXN002294,HIST-2025-00843,2,CUST0052,DD-FLN-0025,2025-08-04,1501,MTR,174.64,262134.64,INR,3.0,Delivered
TXN002295,HIST-2025-00843,3,CUST0052,DD-SUT-0029,2025-08-04,1377,MTR,220.5,303628.5,INR,3.0,Delivered
TXN002296,HIST-2025-00843,4,CUST0052,DD-CIN-0028,2025-08-04,285,MTR,185.19,52779.15,INR,3.0,Delivered
TXN003822,HIST-2025-01396,1,CUST0134,DD-PCS-0023,2025-08-04,203,MTR,98.71,20038.13,INR,3.0,Delivered
TXN003823,HIST-2025-01396,2,CUST0134,DD-CTB-0017,2025-08-04,893,MTR,150.73,134601.89,INR,3.0,Delivered
TXN003824,HIST-2025-01396,3,CUST0134,DD-FLN-0003,2025-08-04,1444,MTR,160.6,231906.4,INR,3.0,Delivered
TXN005169,HIST-2025-01899,1,CUST0027,DD-SAT-0020,2025-08-04,414,MTR,155.63,64430.82,INR,7.0,Delivered
TXN005170,HIST-2025-01899,2,CUST0027,DD-VSR-0024,2025-08-04,2166,MTR,105.01,227451.66,INR,7.0,Delivered
TXN000250,HIST-2025-00090,1,CUST0108,DD-KFT-0005,2025-08-05,53,KG,326.57,17308.21,INR,12.0,Delivered
TXN001738,HIST-2025-00630,1,CUST0134,DD-CTB-0017,2025-08-05,305,MTR,149.5,45597.5,INR,3.0,Delivered
TXN003842,HIST-2025-01407,1,CUST0090,DD-CTB-0009,2025-08-05,330,MTR,266.65,87994.5,INR,3.0,Delivered
TXN003843,HIST-2025-01407,2,CUST0090,DD-CTB-0007,2025-08-05,425,MTR,251.97,107087.25,INR,3.0,Delivered
TXN003844,HIST-2025-01407,3,CUST0090,DD-KIR-0012,2025-08-05,171,KG,490.55,83884.05,INR,3.0,Delivered
TXN005844,HIST-2025-02143,1,CUST0006,DD-DNM-0034,2025-08-05,404,MTR,279.98,113111.92,INR,7.0,Delivered
TXN005845,HIST-2025-02143,2,CUST0006,DD-KSJ-0011,2025-08-05,256,KG,299.21,76597.76,INR,7.0,Delivered
TXN005846,HIST-2025-02143,3,CUST0006,DD-LIN-0004,2025-08-05,832,MTR,350.61,291707.52,INR,7.0,Delivered
TXN005847,HIST-2025-02143,4,CUST0006,DD-CTS-0018,2025-08-05,149,MTR,86.65,12910.85,INR,7.0,Delivered
TXN006249,HIST-2025-02291,1,CUST0137,DD-KSJ-0022,2025-08-05,470,KG,381.86,179474.2,INR,7.0,Partially Delivered
TXN006250,HIST-2025-02291,2,CUST0137,DD-LIN-0001,2025-08-05,140,MTR,412.14,57699.6,INR,7.0,Partially Delivered
TXN006251,HIST-2025-02291,3,CUST0137,DD-MOD-0008,2025-08-05,2052,MTR,229.52,470975.04,INR,7.0,Delivered
TXN006252,HIST-2025-02291,4,CUST0137,DD-LIN-0034,2025-08-05,519,MTR,262.71,136346.49,INR,7.0,Delivered
TXN006850,HIST-2025-02522,1,CUST0067,DD-CIN-0014,2025-08-05,166,MTR,218.5,36271.0,INR,12.0,Delivered
TXN006851,HIST-2025-02522,2,CUST0067,DD-TWL-0033,2025-08-05,106,PCS,255.54,27087.24,INR,12.0,Delivered
TXN006852,HIST-2025-02522,3,CUST0067,DD-BDS-0029,2025-08-05,288,MTR,207.35,59716.8,INR,12.0,Delivered
TXN002197,HIST-2025-00809,1,CUST0069,DD-CTS-0007,2025-08-06,1260,MTR,136.66,172191.6,INR,7.0,Delivered
TXN002198,HIST-2025-00809,2,CUST0069,DD-HCT-0022,2025-08-06,206,MTR,164.71,33930.26,INR,7.0,Delivered
TXN002199,HIST-2025-00809,3,CUST0069,DD-KIR-0007,2025-08-06,203,KG,386.16,78390.48,INR,7.0,Delivered
TXN002200,HIST-2025-00809,4,CUST0069,DD-DNM-0005,2025-08-06,950,MTR,231.0,219450.0,INR,7.0,Delivered
TXN002421,HIST-2025-00891,1,CUST0095,DD-HCT-0004,2025-08-07,839,MTR,138.78,116436.42,INR,7.0,Delivered
TXN002422,HIST-2025-00891,2,CUST0095,DD-HUP-0030,2025-08-07,730,MTR,257.84,188223.2,INR,7.0,Delivered
TXN002423,HIST-2025-00891,3,CUST0095,DD-HUP-0027,2025-08-07,1024,MTR,268.6,275046.4,INR,7.0,Delivered
TXN002424,HIST-2025-00891,4,CUST0095,DD-CIN-0023,2025-08-07,283,MTR,281.41,79639.03,INR,7.0,Delivered
TXN002425,HIST-2025-00891,5,CUST0095,DD-HCT-0029,2025-08-07,273,MTR,126.01,34400.73,INR,7.0,Delivered
TXN004218,HIST-2025-01540,1,CUST0075,DD-KFT-0004,2025-08-07,142,KG,318.92,45286.64,INR,7.0,Delivered
TXN004219,HIST-2025-01540,2,CUST0075,DD-CTB-0021,2025-08-07,430,MTR,213.88,91968.4,INR,7.0,Delivered
TXN004220,HIST-2025-01540,3,CUST0075,DD-CTS-0021,2025-08-07,140,MTR,76.43,10700.2,INR,7.0,Delivered
TXN004221,HIST-2025-01540,4,CUST0075,DD-CTS-0009,2025-08-07,295,MTR,130.18,38403.1,INR,7.0,Delivered
TXN004222,HIST-2025-01540,5,CUST0075,DD-CTB-0033,2025-08-07,330,MTR,221.73,73170.9,INR,7.0,Cancelled
TXN004223,HIST-2025-01540,6,CUST0075,DD-KIR-0011,2025-08-07,215,KG,457.77,98420.55,INR,7.0,Delivered
TXN001064,HIST-2025-00384,1,CUST0083,DD-DNM-0034,2025-08-08,130,MTR,292.12,37975.6,INR,3.0,Delivered
TXN001065,HIST-2025-00384,2,CUST0083,DD-CTS-0014,2025-08-08,919,MTR,125.03,114902.57,INR,3.0,Delivered
TXN001066,HIST-2025-00384,3,CUST0083,DD-DNM-0032,2025-08-08,353,MTR,312.74,110397.22,INR,3.0,Delivered
TXN001067,HIST-2025-00384,4,CUST0083,DD-CTS-0026,2025-08-08,1206,MTR,103.56,124893.36,INR,3.0,Delivered
TXN001068,HIST-2025-00384,5,CUST0083,DD-KFT-0028,2025-08-08,132,KG,239.93,31670.76,INR,3.0,Delivered
TXN001069,HIST-2025-00384,6,CUST0083,DD-KSJ-0004,2025-08-08,75,KG,346.49,25986.75,INR,3.0,Delivered
TXN002354,HIST-2025-00866,1,CUST0107,DD-CIN-0019,2025-08-08,832,MTR,277.5,230880.0,INR,3.0,Delivered
TXN006211,HIST-2025-02276,1,CUST0113,DD-MOD-0012,2025-08-08,234,MTR,266.28,62309.52,INR,7.0,Delivered
TXN006984,HIST-2025-02572,1,CUST0010,DD-CTS-0017,2025-08-08,2160,MTR,91.9,198504.0,INR,7.0,Delivered
TXN006985,HIST-2025-02572,2,CUST0010,DD-KIR-0012,2025-08-08,330,KG,458.36,151258.8,INR,7.0,Delivered
TXN006986,HIST-2025-02572,3,CUST0010,DD-DNM-0029,2025-08-08,570,MTR,291.83,166343.1,INR,7.0,Delivered
TXN001048,HIST-2025-00378,1,CUST0001,DD-SUT-0025,2025-08-09,941,MTR,237.23,223233.43,INR,3.0,Delivered
TXN001049,HIST-2025-00378,2,CUST0001,DD-FLN-0021,2025-08-09,1515,MTR,191.0,289365.0,INR,3.0,Delivered
TXN001050,HIST-2025-00378,3,CUST0001,DD-RBL-0029,2025-08-09,397,MTR,52.79,20957.63,INR,3.0,Delivered
TXN001051,HIST-2025-00378,4,CUST0001,DD-CDV-0032,2025-08-09,768,MTR,166.54,127902.72,INR,3.0,Delivered
TXN006651,HIST-2025-02443,1,CUST0035,DD-LIN-0034,2025-08-09,211,MTR,275.82,58198.02,INR,3.0,Partially Delivered
TXN006652,HIST-2025-02443,2,CUST0035,DD-CTS-0008,2025-08-09,1092,MTR,136.26,148795.92,INR,3.0,Delivered
TXN006653,HIST-2025-02443,3,CUST0035,DD-CTB-0013,2025-08-09,166,MTR,175.16,29076.56,INR,3.0,Delivered
TXN002851,HIST-2025-01050,1,CUST0124,DD-PGT-0008,2025-08-10,876,MTR,73.06,64000.56,INR,7.0,Delivered
TXN002852,HIST-2025-01050,2,CUST0124,DD-PRB-0016,2025-08-10,930,MTR,112.58,104699.4,INR,7.0,Delivered
TXN007270,HIST-2025-02677,1,CUST0001,DD-RBL-0029,2025-08-10,231,MTR,51.96,12002.76,INR,3.0,Delivered
TXN007271,HIST-2025-02677,2,CUST0001,DD-CTS-0011,2025-08-10,1928,MTR,136.33,262844.24,INR,3.0,Delivered
TXN007272,HIST-2025-02677,3,CUST0001,DD-MOD-0009,2025-08-10,874,MTR,234.25,204734.5,INR,3.0,Cancelled
TXN002273,HIST-2025-00835,1,CUST0010,DD-CTB-0009,2025-08-11,1093,MTR,250.04,273293.72,INR,7.0,Delivered
TXN002274,HIST-2025-00835,2,CUST0010,DD-DNM-0030,2025-08-11,556,MTR,293.46,163163.76,INR,7.0,Delivered
TXN003160,HIST-2025-01160,1,CUST0018,DD-MOD-0016,2025-08-11,843,MTR,245.66,207091.38,INR,7.0,Delivered
TXN003198,HIST-2025-01173,1,CUST0100,DD-DNM-0026,2025-08-11,188,MTR,228.41,42941.08,INR,3.0,Delivered
TXN003435,HIST-2025-01263,1,CUST0047,DD-CTB-0013,2025-08-11,1390,MTR,165.6,230184.0,INR,7.0,Partially Delivered
TXN003436,HIST-2025-01263,2,CUST0047,DD-DNM-0026,2025-08-11,1639,MTR,210.47,344960.33,INR,7.0,Delivered
TXN003437,HIST-2025-01263,3,CUST0047,DD-DNM-0020,2025-08-11,318,MTR,236.89,75331.02,INR,7.0,Delivered
TXN006787,HIST-2025-02496,1,CUST0021,DD-CIN-0024,2025-08-11,235,MTR,280.04,65809.4,INR,3.0,Delivered
TXN006788,HIST-2025-02496,2,CUST0021,DD-HUP-0006,2025-08-11,342,MTR,330.14,112907.88,INR,3.0,Partially Delivered
TXN001229,HIST-2025-00443,1,CUST0126,DD-LIN-0017,2025-08-12,272,MTR,433.22,117835.84,INR,7.0,Delivered
TXN001230,HIST-2025-00443,2,CUST0126,DD-LIN-0032,2025-08-12,345,MTR,422.98,145928.1,INR,7.0,Delivered
TXN001249,HIST-2025-00450,1,CUST0105,DD-KSJ-0018,2025-08-12,456,KG,291.31,132837.36,INR,12.0,Delivered
TXN001250,HIST-2025-00450,2,CUST0105,DD-CTS-0022,2025-08-12,620,MTR,82.29,51019.8,INR,12.0,Delivered
TXN001251,HIST-2025-00450,3,CUST0105,DD-CTB-0013,2025-08-12,1110,MTR,154.58,171583.8,INR,12.0,Delivered
TXN001252,HIST-2025-00450,4,CUST0105,DD-LIN-0001,2025-08-12,414,MTR,398.77,165090.78,INR,12.0,Delivered
TXN001253,HIST-2025-00450,5,CUST0105,DD-MOD-0011,2025-08-12,389,MTR,236.56,92021.84,INR,12.0,Delivered
TXN003326,HIST-2025-01216,1,CUST0008,DD-CTS-0018,2025-08-12,272,MTR,84.39,22954.08,INR,7.0,Delivered
TXN003327,HIST-2025-01216,2,CUST0008,DD-CTB-0026,2025-08-12,452,MTR,198.15,89563.8,INR,7.0,Delivered
TXN003328,HIST-2025-01216,3,CUST0008,DD-KIR-0020,2025-08-12,272,KG,379.99,103357.28,INR,7.0,Delivered
TXN006384,HIST-2025-02345,1,CUST0058,DD-CTB-0027,2025-08-12,332,MTR,164.75,54697.0,INR,7.0,Delivered
TXN006385,HIST-2025-02345,2,CUST0058,DD-KFT-0001,2025-08-12,148,KG,332.82,49257.36,INR,7.0,Delivered
TXN006386,HIST-2025-02345,3,CUST0058,DD-KFT-0024,2025-08-12,99,KG,339.3,33590.7,INR,7.0,Delivered
TXN006387,HIST-2025-02345,4,CUST0058,DD-CTB-0024,2025-08-12,277,MTR,190.27,52704.79,INR,7.0,Delivered
TXN006388,HIST-2025-02345,5,CUST0058,DD-DNM-0012,2025-08-12,1211,MTR,173.79,210459.69,INR,7.0,Delivered
TXN007039,HIST-2025-02589,1,CUST0045,DD-TWL-0020,2025-08-12,227,PCS,209.95,47658.65,INR,7.0,Delivered
TXN007040,HIST-2025-02589,2,CUST0045,DD-BDS-0033,2025-08-12,290,MTR,192.61,55856.9,INR,7.0,Cancelled
TXN001791,HIST-2025-00648,1,CUST0052,DD-CIN-0003,2025-08-13,686,MTR,235.68,161676.48,INR,3.0,Delivered
TXN001792,HIST-2025-00648,2,CUST0052,DD-PCS-0011,2025-08-13,663,MTR,81.91,54306.33,INR,3.0,Delivered
TXN001793,HIST-2025-00648,3,CUST0052,DD-PCS-0007,2025-08-13,271,MTR,92.02,24937.42,INR,3.0,Delivered
TXN001794,HIST-2025-00648,4,CUST0052,DD-CIN-0004,2025-08-13,383,MTR,214.77,82256.91,INR,3.0,Delivered
TXN001795,HIST-2025-00648,5,CUST0052,DD-CIN-0028,2025-08-13,1807,MTR,184.32,333066.24,INR,3.0,Delivered
TXN004356,HIST-2025-01595,1,CUST0117,DD-BDS-0025,2025-08-13,269,MTR,264.92,71263.48,INR,3.0,Delivered
TXN005301,HIST-2025-01948,1,CUST0111,DD-PRB-0009,2025-08-13,1496,MTR,138.09,206582.64,INR,12.0,Delivered
TXN005302,HIST-2025-01948,2,CUST0111,DD-VSR-0019,2025-08-13,225,MTR,82.09,18470.25,INR,12.0,Delivered
TXN005303,HIST-2025-01948,3,CUST0111,DD-VSR-0004,2025-08-13,797,MTR,90.83,72391.51,INR,12.0,Delivered
TXN005304,HIST-2025-01948,4,CUST0111,DD-MOD-0021,2025-08-13,1086,MTR,215.34,233859.24,INR,12.0,Delivered
TXN005305,HIST-2025-01948,5,CUST0111,DD-VSR-0031,2025-08-13,1211,MTR,108.11,130921.21,INR,12.0,Delivered
TXN006186,HIST-2025-02268,1,CUST0019,DD-KSJ-0008,2025-08-13,298,KG,278.69,83049.62,INR,12.0,Delivered
TXN006187,HIST-2025-02268,2,CUST0019,DD-KSJ-0013,2025-08-13,217,KG,291.09,63166.53,INR,12.0,Partially Delivered
TXN006188,HIST-2025-02268,3,CUST0019,DD-KIR-0034,2025-08-13,96,KG,452.62,43451.52,INR,12.0,Delivered
TXN006347,HIST-2025-02328,1,CUST0109,DD-LIN-0002,2025-08-13,2095,MTR,397.99,833789.05,INR,12.0,Delivered
TXN006348,HIST-2025-02328,2,CUST0109,DD-LIN-0013,2025-08-13,1456,MTR,391.62,570198.72,INR,12.0,Delivered
TXN004358,HIST-2025-01597,1,CUST0111,DD-PRB-0012,2025-08-14,503,MTR,135.99,68402.97,INR,12.0,Delivered
TXN004359,HIST-2025-01597,2,CUST0111,DD-PRB-0009,2025-08-14,285,MTR,136.3,38845.5,INR,12.0,Delivered
TXN004360,HIST-2025-01597,3,CUST0111,DD-VSR-0021,2025-08-14,296,MTR,100.13,29638.48,INR,12.0,Delivered
TXN004361,HIST-2025-01597,4,CUST0111,DD-SAT-0005,2025-08-14,1339,MTR,171.97,230267.83,INR,12.0,Delivered
TXN004362,HIST-2025-01597,5,CUST0111,DD-MOD-0032,2025-08-14,283,MTR,267.86,75804.38,INR,12.0,Delivered
TXN004363,HIST-2025-01597,6,CUST0111,DD-VSR-0004,2025-08-14,211,MTR,91.36,19276.96,INR,12.0,Delivered
TXN005506,HIST-2025-02021,1,CUST0029,DD-KSJ-0020,2025-08-14,328,KG,294.12,96471.36,INR,7.0,Delivered
TXN005507,HIST-2025-02021,2,CUST0029,DD-CTS-0022,2025-08-14,344,MTR,89.98,30953.12,INR,7.0,Delivered
TXN005508,HIST-2025-02021,3,CUST0029,DD-KFT-0013,2025-08-14,482,KG,283.84,136810.88,INR,7.0,Delivered
TXN006349,HIST-2025-02329,1,CUST0125,DD-DNM-0009,2025-08-14,1346,MTR,247.75,333471.5,INR,7.0,Delivered
TXN000033,HIST-2025-00014,1,CUST0069,DD-SAT-0026,2025-08-15,596,MTR,166.24,99079.04,INR,7.0,Delivered
TXN000034,HIST-2025-00014,2,CUST0069,DD-RBL-0023,2025-08-15,214,MTR,40.74,8718.36,INR,7.0,Cancelled
TXN000035,HIST-2025-00014,3,CUST0069,DD-DNM-0005,2025-08-15,757,MTR,231.81,175480.17,INR,7.0,Delivered
TXN002104,HIST-2025-00774,1,CUST0090,DD-DNM-0022,2025-08-15,1018,MTR,222.84,226851.12,INR,3.0,Delivered
TXN002105,HIST-2025-00774,2,CUST0090,DD-CTB-0028,2025-08-15,657,MTR,170.66,112123.62,INR,3.0,Delivered
TXN004077,HIST-2025-01488,1,CUST0119,DD-MOD-0029,2025-08-15,2249,MTR,168.32,378551.68,INR,7.0,Delivered
TXN004078,HIST-2025-01488,2,CUST0119,DD-PGT-0023,2025-08-15,292,MTR,48.38,14126.96,INR,7.0,Delivered
TXN004079,HIST-2025-01488,3,CUST0119,DD-PRB-0030,2025-08-15,854,MTR,156.06,133275.24,INR,7.0,Delivered
TXN005684,HIST-2025-02087,1,CUST0096,DD-KFT-0009,2025-08-15,239,KG,398.55,95253.45,INR,7.0,Partially Delivered
TXN005685,HIST-2025-02087,2,CUST0096,DD-KIR-0023,2025-08-15,227,KG,382.62,86854.74,INR,7.0,Delivered
TXN007379,HIST-2025-02719,1,CUST0061,DD-SAT-0002,2025-08-15,274,MTR,192.61,52775.14,INR,3.0,Delivered
TXN007380,HIST-2025-02719,2,CUST0061,DD-PGT-0005,2025-08-15,2161,MTR,74.8,161642.8,INR,3.0,Delivered
TXN007381,HIST-2025-02719,3,CUST0061,DD-PGT-0018,2025-08-15,1382,MTR,70.05,96809.1,INR,3.0,Delivered
TXN007382,HIST-2025-02719,4,CUST0061,DD-VSR-0032,2025-08-15,908,MTR,116.07,105391.56,INR,3.0,Delivered
TXN006941,HIST-2025-02556,1,CUST0076,DD-KSJ-0008,2025-08-16,88,KG,297.36,26167.68,INR,7.0,Delivered
TXN006942,HIST-2025-02556,2,CUST0076,DD-CTS-0011,2025-08-16,1372,MTR,136.45,187209.4,INR,7.0,Delivered
TXN006943,HIST-2025-02556,3,CUST0076,DD-LIN-0003,2025-08-16,434,MTR,437.39,189827.26,INR,7.0,Delivered
TXN006944,HIST-2025-02556,4,CUST0076,DD-CTB-0031,2025-08-16,349,MTR,161.08,56216.92,INR,7.0,Delivered
TXN005353,HIST-2025-01964,1,CUST0054,DD-HCT-0020,2025-08-17,154,MTR,168.38,25930.52,INR,7.0,Delivered
TXN005879,HIST-2025-02160,1,CUST0089,DD-SAT-0022,2025-08-17,212,MTR,137.74,29200.88,INR,3.0,Delivered
TXN005880,HIST-2025-02160,2,CUST0089,DD-BDS-0021,2025-08-17,1050,MTR,266.79,280129.5,INR,3.0,Delivered
TXN000611,HIST-2025-00218,1,CUST0109,DD-CTB-0019,2025-08-18,799,MTR,205.4,164114.6,INR,12.0,Delivered
TXN000612,HIST-2025-00218,2,CUST0109,DD-LIN-0002,2025-08-18,2018,MTR,400.05,807300.9,INR,12.0,Delivered
TXN000613,HIST-2025-00218,3,CUST0109,DD-LIN-0009,2025-08-18,323,MTR,389.68,125866.64,INR,12.0,Delivered
TXN002153,HIST-2025-00795,1,CUST0080,DD-TWL-0006,2025-08-18,915,PCS,242.94,222290.1,INR,7.0,Delivered
TXN002154,HIST-2025-00795,2,CUST0080,DD-TWL-0016,2025-08-18,1060,PCS,192.78,204346.8,INR,7.0,Delivered
TXN002155,HIST-2025-00795,3,CUST0080,DD-CIN-0005,2025-08-18,510,MTR,203.74,103907.4,INR,7.0,Delivered
TXN002156,HIST-2025-00795,4,CUST0080,DD-CIN-0011,2025-08-18,562,MTR,228.18,128237.16,INR,7.0,Delivered
TXN002157,HIST-2025-00795,5,CUST0080,DD-TWL-0020,2025-08-18,729,PCS,210.42,153396.18,INR,7.0,Delivered
TXN002481,HIST-2025-00914,1,CUST0020,DD-MOD-0010,2025-08-18,128,MTR,235.15,30099.2,INR,7.0,Delivered
TXN004084,HIST-2025-01492,1,CUST0053,DD-SUT-0021,2025-08-18,335,MTR,267.13,89488.55,INR,3.0,Delivered
TXN004085,HIST-2025-01492,2,CUST0053,DD-CTB-0007,2025-08-18,697,MTR,240.16,167391.52,INR,3.0,Delivered
TXN004086,HIST-2025-01492,3,CUST0053,DD-CTB-0001,2025-08-18,1368,MTR,169.99,232546.32,INR,3.0,Cancelled
TXN004087,HIST-2025-01492,4,CUST0053,DD-SUT-0018,2025-08-18,215,MTR,213.39,45878.85,INR,3.0,Delivered
TXN004088,HIST-2025-01492,5,CUST0053,DD-PCS-0017,2025-08-18,276,MTR,103.02,28433.52,INR,3.0,Delivered
TXN004089,HIST-2025-01492,6,CUST0053,DD-PCS-0005,2025-08-18,359,MTR,85.87,30827.33,INR,3.0,Delivered
TXN004492,HIST-2025-01651,1,CUST0003,DD-PCS-0033,2025-08-18,441,MTR,97.92,43182.72,INR,7.0,Delivered
TXN004493,HIST-2025-01651,2,CUST0003,DD-SUT-0030,2025-08-18,743,MTR,199.9,148525.7,INR,7.0,Delivered
TXN000776,HIST-2025-00277,1,CUST0118,DD-SUT-0019,2025-08-19,1549,MTR,262.28,406271.72,INR,7.0,Delivered
TXN000777,HIST-2025-00277,2,CUST0118,DD-VSR-0019,2025-08-19,564,MTR,83.61,47156.04,INR,7.0,Cancelled
TXN000778,HIST-2025-00277,3,CUST0118,DD-TWL-0015,2025-08-19,1128,PCS,210.76,237737.28,INR,7.0,Delivered
TXN000779,HIST-2025-00277,4,CUST0118,DD-TWL-0010,2025-08-19,329,PCS,199.36,65589.44,INR,7.0,Delivered
TXN000780,HIST-2025-00277,5,CUST0118,DD-HUP-0016,2025-08-19,873,MTR,304.03,265418.19,INR,7.0,Delivered
TXN001401,HIST-2025-00508,1,CUST0108,DD-HUP-0007,2025-08-19,2004,MTR,303.45,608113.8,INR,12.0,Delivered
TXN001402,HIST-2025-00508,2,CUST0108,DD-BDS-0011,2025-08-19,1405,MTR,153.2,215246.0,INR,12.0,Delivered
TXN001403,HIST-2025-00508,3,CUST0108,DD-FLN-0029,2025-08-19,504,MTR,150.31,75756.24,INR,12.0,Delivered
TXN003302,HIST-2025-01211,1,CUST0074,DD-MOD-0018,2025-08-19,763,MTR,242.14,184752.82,INR,3.0,Delivered
TXN003303,HIST-2025-01211,2,CUST0074,DD-CTB-0011,2025-08-19,286,MTR,182.18,52103.48,INR,3.0,Delivered
TXN003304,HIST-2025-01211,3,CUST0074,DD-DNM-0027,2025-08-19,579,MTR,206.78,119725.62,INR,3.0,Delivered
TXN003305,HIST-2025-01211,4,CUST0074,DD-KSJ-0022,2025-08-19,106,KG,390.95,41440.7,INR,3.0,Delivered
TXN003306,HIST-2025-01211,5,CUST0074,DD-MOD-0027,2025-08-19,1034,MTR,172.79,178664.86,INR,3.0,Delivered
TXN005935,HIST-2025-02186,1,CUST0001,DD-RBL-0029,2025-08-19,229,MTR,51.93,11891.97,INR,3.0,Cancelled
TXN005936,HIST-2025-02186,2,CUST0001,DD-MOD-0032,2025-08-19,208,MTR,288.03,59910.24,INR,3.0,Delivered
TXN005937,HIST-2025-02186,3,CUST0001,DD-PGT-0022,2025-08-19,318,MTR,52.77,16780.86,INR,3.0,Partially Delivered
TXN005938,HIST-2025-02186,4,CUST0001,DD-MOD-0009,2025-08-19,208,MTR,236.39,49169.12,INR,3.0,Delivered
TXN003962,HIST-2025-01450,1,CUST0102,DD-KSJ-0006,2025-08-20,505,KG,315.88,159519.4,INR,7.0,Delivered
TXN003963,HIST-2025-01450,2,CUST0102,DD-CTB-0007,2025-08-20,188,MTR,231.17,43459.96,INR,7.0,Delivered
TXN003964,HIST-2025-01450,3,CUST0102,DD-KSJ-0002,2025-08-20,109,KG,504.63,55004.67,INR,7.0,Delivered
TXN004489,HIST-2025-01650,1,CUST0070,DD-LIN-0003,2025-08-20,313,MTR,432.16,135266.08,INR,3.0,Delivered
TXN004490,HIST-2025-01650,2,CUST0070,DD-CDV-0011,2025-08-20,219,MTR,257.61,56416.59,INR,3.0,Delivered
TXN004491,HIST-2025-01650,3,CUST0070,DD-LIN-0020,2025-08-20,209,MTR,429.14,89690.26,INR,3.0,Delivered
TXN000021,HIST-2025-00011,1,CUST0107,DD-KIR-0025,2025-08-21,264,KG,409.32,108060.48,INR,3.0,Delivered
TXN000022,HIST-2025-00011,2,CUST0107,DD-MOD-0031,2025-08-21,204,MTR,181.92,37111.68,INR,3.0,Delivered
TXN000023,HIST-2025-00011,3,CUST0107,DD-CTB-0001,2025-08-21,1106,MTR,180.98,200163.88,INR,3.0,Delivered
TXN002004,HIST-2025-00733,1,CUST0003,DD-PCS-0033,2025-08-21,177,MTR,97.91,17330.07,INR,7.0,Delivered
TXN002405,HIST-2025-00884,1,CUST0134,DD-CIN-0008,2025-08-21,258,MTR,246.65,63635.7,INR,3.0,Delivered
TXN002406,HIST-2025-00884,2,CUST0134,DD-FLN-0003,2025-08-21,455,MTR,161.65,73550.75,INR,3.0,Delivered
TXN007000,HIST-2025-02578,1,CUST0028,DD-PGT-0026,2025-08-21,223,MTR,55.21,12311.83,INR,3.0,Delivered
TXN007001,HIST-2025-02578,2,CUST0028,DD-PGT-0020,2025-08-21,256,MTR,63.74,16317.44,INR,3.0,Delivered
TXN000845,HIST-2025-00300,1,CUST0082,DD-KIR-0021,2025-08-22,111,KG,351.8,39049.8,INR,7.0,Delivered
TXN000846,HIST-2025-00300,2,CUST0082,DD-KIR-0025,2025-08-22,299,KG,379.26,113398.74,INR,7.0,Delivered
TXN001812,HIST-2025-00657,1,CUST0044,DD-HUP-0002,2025-08-22,267,MTR,299.15,79873.05,INR,7.0,Delivered
TXN001813,HIST-2025-00657,2,CUST0044,DD-BDS-0008,2025-08-22,1028,MTR,157.53,161940.84,INR,7.0,Delivered
TXN001814,HIST-2025-00657,3,CUST0044,DD-BDS-0026,2025-08-22,1053,MTR,220.13,231796.89,INR,7.0,Delivered
TXN001815,HIST-2025-00657,4,CUST0044,DD-HCT-0034,2025-08-22,1350,MTR,215.15,290452.5,INR,7.0,Delivered
TXN003136,HIST-2025-01154,1,CUST0077,DD-PCS-0011,2025-08-22,249,MTR,75.18,18719.82,INR,7.0,Delivered
TXN003137,HIST-2025-01154,2,CUST0077,DD-KIR-0010,2025-08-22,255,KG,428.42,109247.1,INR,7.0,Delivered
TXN003138,HIST-2025-01154,3,CUST0077,DD-PCS-0004,2025-08-22,182,MTR,81.53,14838.46,INR,7.0,Delivered
TXN005383,HIST-2025-01974,1,CUST0083,DD-DNM-0034,2025-08-22,227,MTR,287.3,65217.1,INR,3.0,Delivered
TXN005384,HIST-2025-01974,2,CUST0083,DD-KIR-0006,2025-08-22,488,KG,406.85,198542.8,INR,3.0,Delivered
TXN006487,HIST-2025-02380,1,CUST0076,DD-CTB-0031,2025-08-22,246,MTR,159.81,39313.26,INR,7.0,Delivered
TXN006488,HIST-2025-02380,2,CUST0076,DD-CTS-0014,2025-08-22,995,MTR,121.15,120544.25,INR,7.0,Delivered
TXN006489,HIST-2025-02380,3,CUST0076,DD-CTB-0026,2025-08-22,284,MTR,194.81,55326.04,INR,7.0,Delivered
TXN006490,HIST-2025-02380,4,CUST0076,DD-LIN-0003,2025-08-22,1334,MTR,436.3,582024.2,INR,7.0,Partially Delivered
TXN006491,HIST-2025-02380,5,CUST0076,DD-KSJ-0006,2025-08-22,229,KG,348.68,79847.72,INR,7.0,Delivered
TXN007218,HIST-2025-02654,1,CUST0107,DD-CTB-0001,2025-08-22,415,MTR,181.3,75239.5,INR,3.0,Delivered
TXN007219,HIST-2025-02654,2,CUST0107,DD-MOD-0031,2025-08-22,931,MTR,180.54,168082.74,INR,3.0,Delivered
TXN007220,HIST-2025-02654,3,CUST0107,DD-KSJ-0012,2025-08-22,441,KG,304.97,134491.77,INR,3.0,Delivered
TXN007221,HIST-2025-02654,4,CUST0107,DD-VSR-0027,2025-08-22,498,MTR,111.69,55621.62,INR,3.0,Delivered
TXN007222,HIST-2025-02654,5,CUST0107,DD-KIR-0025,2025-08-22,160,KG,407.9,65264.0,INR,3.0,Delivered
TXN007223,HIST-2025-02654,6,CUST0107,DD-SAT-0016,2025-08-22,519,MTR,149.38,77528.22,INR,3.0,Delivered
TXN005554,HIST-2025-02042,1,CUST0135,DD-CIN-0021,2025-08-24,208,MTR,273.49,56885.92,INR,3.0,Delivered
TXN007015,HIST-2025-02582,1,CUST0089,DD-CTS-0024,2025-08-24,131,MTR,93.34,12227.54,INR,3.0,Delivered
TXN001912,HIST-2025-00698,1,CUST0049,DD-SUT-0023,2025-08-26,437,MTR,259.79,113528.23,INR,3.0,Delivered
TXN001913,HIST-2025-00698,2,CUST0049,DD-SUT-0028,2025-08-26,295,MTR,226.64,66858.8,INR,3.0,Delivered
TXN007431,HIST-2025-02739,1,CUST0058,DD-KFT-0024,2025-08-26,149,KG,335.7,50019.3,INR,7.0,Delivered
TXN007432,HIST-2025-02739,2,CUST0058,DD-KFT-0001,2025-08-26,172,KG,332.36,57165.92,INR,7.0,Delivered
TXN002033,HIST-2025-00745,1,CUST0047,DD-KSJ-0023,2025-08-27,210,KG,402.4,84504.0,INR,7.0,Delivered
TXN002034,HIST-2025-00745,2,CUST0047,DD-KFT-0026,2025-08-27,130,KG,333.03,43293.9,INR,7.0,Delivered
TXN002035,HIST-2025-00745,3,CUST0047,DD-CTB-0022,2025-08-27,404,MTR,221.87,89635.48,INR,7.0,Delivered
TXN002036,HIST-2025-00745,4,CUST0047,DD-CTB-0006,2025-08-27,755,MTR,208.24,157221.2,INR,7.0,Delivered
TXN001651,HIST-2025-00599,1,CUST0044,DD-CIN-0024,2025-08-28,187,MTR,272.24,50908.88,INR,7.0,Delivered
TXN001652,HIST-2025-00599,2,CUST0044,DD-BDS-0008,2025-08-28,652,MTR,160.34,104541.68,INR,7.0,Delivered
TXN001653,HIST-2025-00599,3,CUST0044,DD-HCT-0016,2025-08-28,158,MTR,163.95,25904.1,INR,7.0,Delivered
TXN001654,HIST-2025-00599,4,CUST0044,DD-HCT-0034,2025-08-28,1056,MTR,215.76,227842.56,INR,7.0,Delivered
TXN001655,HIST-2025-00599,5,CUST0044,DD-HCT-0032,2025-08-28,718,MTR,157.23,112891.14,INR,7.0,Delivered
TXN004337,HIST-2025-01584,1,CUST0100,DD-CTB-0015,2025-08-28,270,MTR,155.85,42079.5,INR,3.0,Delivered
TXN004338,HIST-2025-01584,2,CUST0100,DD-KIR-0033,2025-08-28,68,KG,433.75,29495.0,INR,3.0,Delivered
TXN004339,HIST-2025-01584,3,CUST0100,DD-DNM-0017,2025-08-28,305,MTR,279.82,85345.1,INR,3.0,Delivered
TXN004340,HIST-2025-01584,4,CUST0100,DD-DNM-0026,2025-08-28,557,MTR,227.96,126973.72,INR,3.0,Delivered
TXN000442,HIST-2025-00158,1,CUST0102,DD-CTS-0001,2025-08-29,408,MTR,102.47,41807.76,INR,7.0,Delivered
TXN000713,HIST-2025-00254,1,CUST0073,DD-BDS-0002,2025-08-29,328,MTR,218.99,71828.72,INR,12.0,Delivered
TXN000928,HIST-2025-00331,1,CUST0079,DD-RBL-0011,2025-08-29,1644,MTR,57.94,95253.36,INR,3.0,Delivered
TXN000929,HIST-2025-00331,2,CUST0079,DD-KSJ-0009,2025-08-29,159,KG,338.44,53811.96,INR,3.0,Partially Delivered
TXN004558,HIST-2025-01680,1,CUST0107,DD-CTB-0001,2025-08-29,215,MTR,178.05,38280.75,INR,3.0,Delivered
TXN004559,HIST-2025-01680,2,CUST0107,DD-KIR-0025,2025-08-29,213,KG,414.16,88216.08,INR,3.0,Delivered
TXN004560,HIST-2025-01680,3,CUST0107,DD-VSR-0027,2025-08-29,791,MTR,112.12,88686.92,INR,3.0,Partially Delivered
TXN004561,HIST-2025-01680,4,CUST0107,DD-KSJ-0012,2025-08-29,393,KG,308.76,121342.68,INR,3.0,Delivered
TXN002527,HIST-2025-00932,1,CUST0091,DD-KIR-0025,2025-08-30,74,KG,362.87,26852.38,INR,12.0,Delivered
TXN002528,HIST-2025-00932,2,CUST0091,DD-KIR-0006,2025-08-30,201,KG,385.9,77565.9,INR,12.0,Delivered
TXN002529,HIST-2025-00932,3,CUST0091,DD-KFT-0001,2025-08-30,79,KG,318.67,25174.93,INR,12.0,Delivered
TXN002530,HIST-2025-00932,4,CUST0091,DD-CTB-0006,2025-08-30,1097,MTR,207.34,227451.98,INR,12.0,Delivered
TXN002531,HIST-2025-00932,5,CUST0091,DD-CTB-0005,2025-08-30,1747,MTR,197.94,345801.18,INR,12.0,Delivered
TXN002634,HIST-2025-00973,1,CUST0106,DD-CIN-0021,2025-08-30,1589,MTR,256.71,407912.19,INR,7.0,Delivered
TXN002635,HIST-2025-00973,2,CUST0106,DD-CTB-0010,2025-08-30,784,MTR,239.07,187430.88,INR,7.0,Partially Delivered
TXN000418,HIST-2025-00151,1,CUST0086,DD-PGT-0002,2025-08-31,534,MTR,61.32,32744.88,INR,7.0,Delivered
TXN000419,HIST-2025-00151,2,CUST0086,DD-PGT-0015,2025-08-31,1086,MTR,66.11,71795.46,INR,7.0,Delivered
TXN000420,HIST-2025-00151,3,CUST0086,DD-PGT-0014,2025-08-31,1180,MTR,62.51,73761.8,INR,7.0,Delivered
TXN007265,HIST-2025-02674,1,CUST0029,DD-CTS-0008,2025-08-31,1613,MTR,132.3,213399.9,INR,7.0,Delivered
TXN007266,HIST-2025-02674,2,CUST0029,DD-KFT-0013,2025-08-31,111,KG,283.79,31500.69,INR,7.0,Delivered
TXN004430,HIST-2025-01623,1,CUST0045,DD-TWL-0030,2025-09-01,520,PCS,242.83,126271.6,INR,7.0,Delivered
TXN000182,HIST-2025-00065,1,CUST0012,DD-MOD-0034,2025-09-02,557,MTR,282.99,157625.43,INR,3.0,Delivered
TXN000183,HIST-2025-00065,2,CUST0012,DD-KSJ-0007,2025-09-02,86,KG,376.55,32383.3,INR,3.0,Delivered
TXN000184,HIST-2025-00065,3,CUST0012,DD-CTB-0009,2025-09-02,731,MTR,260.09,190125.79,INR,3.0,Partially Delivered
TXN000185,HIST-2025-00065,4,CUST0012,DD-CTB-0001,2025-09-02,530,MTR,186.49,98839.7,INR,3.0,Delivered
TXN002945,HIST-2025-01082,1,CUST0110,DD-PCS-0009,2025-09-02,918,MTR,103.97,95444.46,INR,3.0,Delivered
TXN004114,HIST-2025-01502,1,CUST0096,DD-KFT-0009,2025-09-02,76,KG,399.21,30339.96,INR,7.0,Delivered
TXN004115,HIST-2025-01502,2,CUST0096,DD-CTB-0024,2025-09-02,1839,MTR,200.04,367873.56,INR,7.0,Partially Delivered
TXN004116,HIST-2025-01502,3,CUST0096,DD-CTS-0003,2025-09-02,287,MTR,99.56,28573.72,INR,7.0,Delivered
TXN004117,HIST-2025-01502,4,CUST0096,DD-KSJ-0015,2025-09-02,214,KG,320.78,68646.92,INR,7.0,Delivered
TXN004118,HIST-2025-01502,5,CUST0096,DD-DNM-0026,2025-09-02,1660,MTR,214.08,355372.8,INR,7.0,Delivered
TXN006999,HIST-2025-02577,1,CUST0016,DD-CIN-0006,2025-09-02,393,MTR,192.7,75731.1,INR,12.0,Delivered
TXN002433,HIST-2025-00894,1,CUST0020,DD-CTB-0014,2025-09-03,156,MTR,162.96,25421.76,INR,7.0,Cancelled
TXN006140,HIST-2025-02254,1,CUST0120,DD-KIR-0019,2025-09-03,161,KG,366.03,58930.83,INR,7.0,Delivered
TXN006141,HIST-2025-02254,2,CUST0120,DD-KFT-0016,2025-09-03,413,KG,300.81,124234.53,INR,7.0,Delivered
TXN006142,HIST-2025-02254,3,CUST0120,DD-SUT-0021,2025-09-03,1261,MTR,250.26,315577.86,INR,7.0,Delivered
TXN006143,HIST-2025-02254,4,CUST0120,DD-MOD-0008,2025-09-03,451,MTR,230.86,104117.86,INR,7.0,Delivered
TXN006144,HIST-2025-02254,5,CUST0120,DD-FLN-0014,2025-09-03,719,MTR,124.17,89278.23,INR,7.0,Delivered
TXN006145,HIST-2025-02254,6,CUST0120,DD-PRB-0033,2025-09-03,774,MTR,154.63,119683.62,INR,7.0,Delivered
TXN006990,HIST-2025-02574,1,CUST0098,DD-CDV-0024,2025-09-04,269,MTR,207.93,55933.17,INR,7.0,Delivered
TXN006991,HIST-2025-02574,2,CUST0098,DD-VSR-0035,2025-09-04,148,MTR,90.71,13425.08,INR,7.0,Delivered
TXN005347,HIST-2025-01963,1,CUST0074,DD-DNM-0029,2025-09-06,233,MTR,310.0,72230.0,INR,3.0,Delivered
TXN005348,HIST-2025-01963,2,CUST0074,DD-DNM-0003,2025-09-06,404,MTR,230.21,93004.84,INR,3.0,Delivered
TXN005349,HIST-2025-01963,3,CUST0074,DD-MOD-0006,2025-09-06,142,MTR,239.61,34024.62,INR,3.0,Delivered
TXN005350,HIST-2025-01963,4,CUST0074,DD-LIN-0028,2025-09-06,264,MTR,274.21,72391.44,INR,3.0,Delivered
TXN005351,HIST-2025-01963,5,CUST0074,DD-MOD-0027,2025-09-06,341,MTR,172.67,58880.47,INR,3.0,Delivered
TXN005352,HIST-2025-01963,6,CUST0074,DD-CTS-0019,2025-09-06,1843,MTR,92.54,170551.22,INR,3.0,Delivered
TXN001607,HIST-2025-00586,1,CUST0070,DD-FLN-0010,2025-09-07,145,MTR,187.13,27133.85,INR,3.0,Delivered
TXN005983,HIST-2025-02199,1,CUST0111,DD-VSR-0031,2025-09-07,319,MTR,109.78,35019.82,INR,12.0,Partially Delivered
TXN005984,HIST-2025-02199,2,CUST0111,DD-LIN-0025,2025-09-07,660,MTR,251.95,166287.0,INR,12.0,Partially Delivered
TXN005985,HIST-2025-02199,3,CUST0111,DD-MOD-0032,2025-09-07,550,MTR,264.72,145596.0,INR,12.0,Delivered
TXN006177,HIST-2025-02265,1,CUST0118,DD-TWL-0007,2025-09-07,86,PCS,248.81,21397.66,INR,7.0,Delivered
TXN006178,HIST-2025-02265,2,CUST0118,DD-SUT-0019,2025-09-07,284,MTR,262.66,74595.44,INR,7.0,Delivered
TXN006179,HIST-2025-02265,3,CUST0118,DD-CDV-0007,2025-09-07,136,MTR,190.93,25966.48,INR,7.0,Delivered
TXN006180,HIST-2025-02265,4,CUST0118,DD-CIN-0021,2025-09-07,245,MTR,267.53,65544.85,INR,7.0,Delivered
TXN006181,HIST-2025-02265,5,CUST0118,DD-SAT-0032,2025-09-07,663,MTR,82.06,54405.78,INR,7.0,Delivered
TXN006523,HIST-2025-02391,1,CUST0033,DD-PRB-0037,2025-09-07,892,MTR,159.11,141926.12,INR,3.0,Delivered
TXN006524,HIST-2025-02391,2,CUST0033,DD-SUT-0013,2025-09-07,957,MTR,276.66,264763.62,INR,3.0,Delivered
TXN002622,HIST-2025-00969,1,CUST0098,DD-PGT-0013,2025-09-08,287,MTR,61.69,17705.03,INR,7.0,Delivered
TXN002623,HIST-2025-00969,2,CUST0098,DD-VSR-0025,2025-09-08,2264,MTR,106.58,241297.12,INR,7.0,Delivered
TXN002624,HIST-2025-00969,3,CUST0098,DD-FLN-0016,2025-09-08,1034,MTR,136.03,140655.02,INR,7.0,Partially Delivered
TXN002625,HIST-2025-00969,4,CUST0098,DD-RBL-0008,2025-09-08,152,MTR,57.05,8671.6,INR,7.0,Delivered
TXN002699,HIST-2025-00996,1,CUST0098,DD-BDS-0006,2025-09-08,386,MTR,147.6,56973.6,INR,7.0,Delivered
TXN002700,HIST-2025-00996,2,CUST0098,DD-LIN-0013,2025-09-08,507,MTR,412.85,209314.95,INR,7.0,Delivered
TXN003368,HIST-2025-01234,1,CUST0083,DD-KFT-0026,2025-09-08,298,KG,344.96,102798.08,INR,3.0,Delivered
TXN005653,HIST-2025-02076,1,CUST0124,DD-PGT-0008,2025-09-08,622,MTR,72.8,45281.6,INR,7.0,Delivered
TXN005654,HIST-2025-02076,2,CUST0124,DD-PRB-0016,2025-09-08,157,MTR,111.0,17427.0,INR,7.0,Delivered
TXN005655,HIST-2025-02076,3,CUST0124,DD-LIN-0021,2025-09-08,438,MTR,454.79,199198.02,INR,7.0,Delivered
TXN005656,HIST-2025-02076,4,CUST0124,DD-SAT-0001,2025-09-08,455,MTR,183.53,83506.15,INR,7.0,Cancelled
TXN006630,HIST-2025-02432,1,CUST0044,DD-HCT-0016,2025-09-08,184,MTR,161.15,29651.6,INR,7.0,Delivered
TXN003411,HIST-2025-01252,1,CUST0008,DD-KIR-0022,2025-09-09,444,KG,378.75,168165.0,INR,7.0,Delivered
TXN003412,HIST-2025-01252,2,CUST0008,DD-KIR-0028,2025-09-09,244,KG,369.43,90140.92,INR,7.0,Delivered
TXN004807,HIST-2025-01768,1,CUST0089,DD-KIR-0011,2025-09-09,255,KG,471.57,120250.35,INR,3.0,Delivered
TXN004808,HIST-2025-01768,2,CUST0089,DD-HUP-0012,2025-09-09,1056,MTR,252.85,267009.6,INR,3.0,Partially Delivered
TXN004809,HIST-2025-01768,3,CUST0089,DD-CTS-0024,2025-09-09,294,MTR,94.17,27685.98,INR,3.0,Delivered
TXN006563,HIST-2025-02406,1,CUST0001,DD-PCS-0005,2025-09-09,269,MTR,88.31,23755.39,INR,3.0,Delivered
TXN006564,HIST-2025-02406,2,CUST0001,DD-CDV-0032,2025-09-09,1787,MTR,163.9,292889.3,INR,3.0,Delivered
TXN005099,HIST-2025-01870,1,CUST0112,DD-TWL-0020,2025-09-10,208,PCS,219.17,45587.36,INR,7.0,Delivered
TXN005100,HIST-2025-01870,2,CUST0112,DD-BDS-0025,2025-09-10,407,MTR,250.51,101957.57,INR,7.0,Delivered
TXN005220,HIST-2025-01920,1,CUST0111,DD-MOD-0032,2025-09-10,1636,MTR,265.78,434816.08,INR,12.0,Partially Delivered
TXN005221,HIST-2025-01920,2,CUST0111,DD-SAT-0005,2025-09-10,588,MTR,171.94,101100.72,INR,12.0,Partially Delivered
TXN005222,HIST-2025-01920,3,CUST0111,DD-VSR-0004,2025-09-10,652,MTR,89.64,58445.28,INR,12.0,Delivered
TXN001168,HIST-2025-00423,1,CUST0006,DD-CTS-0018,2025-09-11,228,MTR,86.32,19680.96,INR,7.0,Delivered
TXN001169,HIST-2025-00423,2,CUST0006,DD-MOD-0016,2025-09-11,533,MTR,241.98,128975.34,INR,7.0,Delivered
TXN001170,HIST-2025-00423,3,CUST0006,DD-LIN-0029,2025-09-11,911,MTR,265.65,242007.15,INR,7.0,Delivered
TXN001171,HIST-2025-00423,4,CUST0006,DD-CTS-0011,2025-09-11,145,MTR,133.77,19396.65,INR,7.0,Delivered
TXN003311,HIST-2025-01213,1,CUST0002,DD-CIN-0003,2025-09-11,171,MTR,216.76,37065.96,INR,7.0,Delivered
TXN003312,HIST-2025-01213,2,CUST0002,DD-HUP-0017,2025-09-11,228,MTR,301.74,68796.72,INR,7.0,Partially Delivered
TXN003313,HIST-2025-01213,3,CUST0002,DD-HUP-0003,2025-09-11,519,MTR,269.91,140083.29,INR,7.0,Delivered
TXN003314,HIST-2025-01213,4,CUST0002,DD-HCT-0022,2025-09-11,301,MTR,180.6,54360.6,INR,7.0,Delivered
TXN003315,HIST-2025-01213,5,CUST0002,DD-HUP-0012,2025-09-11,311,MTR,236.77,73635.47,INR,7.0,Delivered
TXN002073,HIST-2025-00761,1,CUST0043,DD-KSJ-0019,2025-09-12,193,KG,341.13,65838.09,INR,3.0,Delivered
TXN002074,HIST-2025-00761,2,CUST0043,DD-CTS-0004,2025-09-12,670,MTR,128.43,86048.1,INR,3.0,Delivered
TXN002075,HIST-2025-00761,3,CUST0043,DD-DNM-0024,2025-09-12,1042,MTR,215.9,224967.8,INR,3.0,Delivered
TXN006334,HIST-2025-02322,1,CUST0036,DD-LIN-0016,2025-09-12,1821,MTR,404.62,736813.02,INR,12.0,Delivered
TXN006335,HIST-2025-02322,2,CUST0036,DD-KSJ-0023,2025-09-12,552,KG,365.63,201827.76,INR,12.0,Delivered
TXN006336,HIST-2025-02322,3,CUST0036,DD-CTB-0014,2025-09-12,182,MTR,158.13,28779.66,INR,12.0,Delivered
TXN006337,HIST-2025-02322,4,CUST0036,DD-KSJ-0019,2025-09-12,440,KG,311.22,136936.8,INR,12.0,Delivered
TXN006367,HIST-2025-02338,1,CUST0011,DD-PCS-0031,2025-09-12,191,MTR,101.19,19327.29,INR,7.0,Delivered
TXN006368,HIST-2025-02338,2,CUST0011,DD-CIN-0001,2025-09-12,564,MTR,220.75,124503.0,INR,7.0,Delivered
TXN006369,HIST-2025-02338,3,CUST0011,DD-SAT-0001,2025-09-12,559,MTR,185.82,103873.38,INR,7.0,Delivered
TXN006370,HIST-2025-02338,4,CUST0011,DD-CIN-0021,2025-09-12,374,MTR,271.02,101361.48,INR,7.0,Delivered
TXN007478,HIST-2025-02757,1,CUST0073,DD-CIN-0017,2025-09-12,664,MTR,254.2,168788.8,INR,12.0,Delivered
TXN004144,HIST-2025-01513,1,CUST0076,DD-MOD-0016,2025-09-13,155,MTR,239.32,37094.6,INR,7.0,Delivered
TXN004145,HIST-2025-01513,2,CUST0076,DD-CTB-0031,2025-09-13,1294,MTR,161.03,208372.82,INR,7.0,Partially Delivered
TXN004146,HIST-2025-01513,3,CUST0076,DD-CTB-0026,2025-09-13,466,MTR,196.05,91359.3,INR,7.0,Delivered
TXN004147,HIST-2025-01513,4,CUST0076,DD-CTS-0011,2025-09-13,421,MTR,135.53,57058.13,INR,7.0,Delivered
TXN004148,HIST-2025-01513,5,CUST0076,DD-CTS-0014,2025-09-13,130,MTR,120.4,15652.0,INR,7.0,Delivered
TXN004149,HIST-2025-01513,6,CUST0076,DD-LIN-0003,2025-09-13,1446,MTR,432.04,624729.84,INR,7.0,Delivered
TXN001541,HIST-2025-00562,1,CUST0021,DD-TWL-0034,2025-09-14,968,PCS,304.09,294359.12,INR,3.0,Delivered
TXN001542,HIST-2025-00562,2,CUST0021,DD-HCT-0032,2025-09-14,340,MTR,172.03,58490.2,INR,3.0,Delivered
TXN001543,HIST-2025-00562,3,CUST0021,DD-HUP-0017,2025-09-14,247,MTR,336.44,83100.68,INR,3.0,Delivered
TXN001544,HIST-2025-00562,4,CUST0021,DD-TWL-0002,2025-09-14,1459,PCS,221.06,322526.54,INR,3.0,Cancelled
TXN003390,HIST-2025-01244,1,CUST0069,DD-RBL-0027,2025-09-14,212,MTR,41.53,8804.36,INR,7.0,Delivered
TXN003391,HIST-2025-01244,2,CUST0069,DD-LIN-0015,2025-09-14,342,MTR,463.21,158417.82,INR,7.0,Delivered
TXN002215,HIST-2025-00816,1,CUST0073,DD-CIN-0008,2025-09-15,1409,MTR,229.67,323605.03,INR,12.0,Delivered
TXN002216,HIST-2025-00816,2,CUST0073,DD-BDS-0027,2025-09-15,164,MTR,210.26,34482.64,INR,12.0,Delivered
TXN002217,HIST-2025-00816,3,CUST0073,DD-BDS-0002,2025-09-15,1249,MTR,215.8,269534.2,INR,12.0,Delivered
TXN002878,HIST-2025-01059,1,CUST0136,DD-FLN-0024,2025-09-15,878,MTR,162.7,142850.6,INR,12.0,Delivered
TXN002879,HIST-2025-01059,2,CUST0136,DD-BDS-0009,2025-09-15,1142,MTR,146.3,167074.6,INR,12.0,Delivered
TXN002880,HIST-2025-01059,3,CUST0136,DD-PCS-0015,2025-09-15,229,MTR,90.19,20653.51,INR,12.0,Delivered
TXN002881,HIST-2025-01059,4,CUST0136,DD-PCS-0009,2025-09-15,280,MTR,90.09,25225.2,INR,12.0,Delivered
TXN006314,HIST-2025-02315,1,CUST0034,DD-KSJ-0014,2025-09-15,426,KG,319.84,136251.84,INR,7.0,Delivered
TXN006315,HIST-2025-02315,2,CUST0034,DD-CTB-0019,2025-09-15,400,MTR,226.99,90796.0,INR,7.0,Delivered
TXN006316,HIST-2025-02315,3,CUST0034,DD-KFT-0005,2025-09-15,87,KG,330.9,28788.3,INR,7.0,Delivered
TXN003039,HIST-2025-01120,1,CUST0037,DD-DNM-0033,2025-09-16,267,MTR,297.08,79320.36,INR,7.0,Delivered
TXN003040,HIST-2025-01120,2,CUST0037,DD-DNM-0008,2025-09-16,204,MTR,243.51,49676.04,INR,7.0,Delivered
TXN003041,HIST-2025-01120,3,CUST0037,DD-DNM-0011,2025-09-16,606,MTR,167.54,101529.24,INR,7.0,Delivered
TXN006593,HIST-2025-02419,1,CUST0091,DD-CTB-0006,2025-09-16,1605,MTR,203.7,326938.5,INR,12.0,Delivered
TXN006594,HIST-2025-02419,2,CUST0091,DD-KFT-0001,2025-09-16,45,KG,325.75,14658.75,INR,12.0,Delivered
TXN006595,HIST-2025-02419,3,CUST0091,DD-CTB-0005,2025-09-16,681,MTR,197.8,134701.8,INR,12.0,Delivered
TXN006596,HIST-2025-02419,4,CUST0091,DD-KIR-0006,2025-09-16,345,KG,390.04,134563.8,INR,12.0,Delivered
TXN006597,HIST-2025-02419,5,CUST0091,DD-KIR-0025,2025-09-16,344,KG,369.96,127266.24,INR,12.0,Delivered
TXN006598,HIST-2025-02419,6,CUST0091,DD-CTB-0026,2025-09-16,185,MTR,185.61,34337.85,INR,12.0,Delivered
TXN006153,HIST-2025-02257,1,CUST0065,DD-PRB-0014,2025-09-17,2060,MTR,127.64,262938.4,INR,12.0,Delivered
TXN006154,HIST-2025-02257,2,CUST0065,DD-PRB-0024,2025-09-17,539,MTR,100.9,54385.1,INR,12.0,Delivered
TXN006155,HIST-2025-02257,3,CUST0065,DD-SAT-0022,2025-09-17,132,MTR,124.15,16387.8,INR,12.0,Delivered
TXN006156,HIST-2025-02257,4,CUST0065,DD-MOD-0025,2025-09-17,363,MTR,162.61,59027.43,INR,12.0,Delivered
TXN006157,HIST-2025-02257,5,CUST0065,DD-LIN-0034,2025-09-17,1102,MTR,260.28,286828.56,INR,12.0,Delivered
TXN000321,HIST-2025-00112,1,CUST0114,DD-CDV-0030,2025-09-18,1371,MTR,165.11,226365.81,INR,12.0,Delivered
TXN000641,HIST-2025-00227,1,CUST0022,DD-PRB-0035,2025-09-18,1438,MTR,156.91,225636.58,INR,7.0,Delivered
TXN000642,HIST-2025-00227,2,CUST0022,DD-KIR-0035,2025-09-18,53,KG,458.57,24304.21,INR,7.0,Delivered
TXN000643,HIST-2025-00227,3,CUST0022,DD-HCT-0034,2025-09-18,452,MTR,225.47,101912.44,INR,7.0,Delivered
TXN000644,HIST-2025-00227,4,CUST0022,DD-PGT-0031,2025-09-18,2020,MTR,73.93,149338.6,INR,7.0,Delivered
TXN001129,HIST-2025-00410,1,CUST0029,DD-CTS-0022,2025-09-18,333,MTR,89.0,29637.0,INR,7.0,Delivered
TXN001130,HIST-2025-00410,2,CUST0029,DD-CTB-0034,2025-09-18,262,MTR,188.86,49481.32,INR,7.0,Delivered
TXN001131,HIST-2025-00410,3,CUST0029,DD-KSJ-0020,2025-09-18,44,KG,298.88,13150.72,INR,7.0,Delivered
TXN003221,HIST-2025-01183,1,CUST0079,DD-CIN-0027,2025-09-18,1497,MTR,190.56,285268.32,INR,3.0,Delivered
TXN005534,HIST-2025-02034,1,CUST0054,DD-CIN-0025,2025-09-18,507,MTR,260.6,132124.2,INR,7.0,Cancelled
TXN002912,HIST-2025-01070,1,CUST0076,DD-CTS-0014,2025-09-19,753,MTR,120.92,91052.76,INR,7.0,Delivered
TXN002913,HIST-2025-01070,2,CUST0076,DD-MOD-0016,2025-09-19,1877,MTR,242.79,455716.83,INR,7.0,Delivered
TXN002914,HIST-2025-01070,3,CUST0076,DD-KSJ-0008,2025-09-19,129,KG,291.23,37568.67,INR,7.0,Delivered
TXN007199,HIST-2025-02646,1,CUST0048,DD-DNM-0004,2025-09-19,2176,MTR,226.45,492755.2,INR,12.0,Delivered
TXN007200,HIST-2025-02646,2,CUST0048,DD-KSJ-0001,2025-09-19,302,KG,446.56,134861.12,INR,12.0,Delivered
TXN007201,HIST-2025-02646,3,CUST0048,DD-MOD-0011,2025-09-19,215,MTR,250.76,53913.4,INR,12.0,Delivered
TXN000173,HIST-2025-00059,1,CUST0060,DD-KSJ-0003,2025-09-20,435,KG,455.0,197925.0,INR,12.0,Delivered
TXN002245,HIST-2025-00825,1,CUST0086,DD-VSR-0022,2025-09-20,1713,MTR,111.63,191222.19,INR,7.0,Partially Delivered
TXN003674,HIST-2025-01332,1,CUST0118,DD-CDV-0007,2025-09-20,856,MTR,195.8,167604.8,INR,7.0,Delivered
TXN003675,HIST-2025-01332,2,CUST0118,DD-BDS-0017,2025-09-20,2279,MTR,202.08,460540.32,INR,7.0,Delivered
TXN003676,HIST-2025-01332,3,CUST0118,DD-VSR-0019,2025-09-20,147,MTR,85.05,12502.35,INR,7.0,Delivered
TXN003677,HIST-2025-01332,4,CUST0118,DD-TWL-0010,2025-09-20,1034,PCS,198.04,204773.36,INR,7.0,Delivered
TXN005625,HIST-2025-02068,1,CUST0077,DD-MOD-0035,2025-09-20,2074,MTR,281.65,584142.1,INR,7.0,Delivered
TXN005626,HIST-2025-02068,2,CUST0077,DD-SUT-0015,2025-09-20,1734,MTR,279.16,484063.44,INR,7.0,Delivered
TXN005627,HIST-2025-02068,3,CUST0077,DD-KIR-0010,2025-09-20,300,KG,428.88,128664.0,INR,7.0,Delivered
TXN005628,HIST-2025-02068,4,CUST0077,DD-HCT-0035,2025-09-20,330,MTR,223.25,73672.5,INR,7.0,Delivered
TXN005629,HIST-2025-02068,5,CUST0077,DD-CIN-0007,2025-09-20,485,MTR,238.78,115808.3,INR,7.0,Delivered
TXN006175,HIST-2025-02263,1,CUST0071,DD-MOD-0023,2025-09-20,131,MTR,170.41,22323.71,INR,7.0,Delivered
TXN000754,HIST-2025-00268,1,CUST0084,DD-CIN-0012,2025-09-21,477,MTR,186.7,89055.9,INR,12.0,Delivered
TXN000755,HIST-2025-00268,2,CUST0084,DD-PCS-0014,2025-09-21,539,MTR,88.17,47523.63,INR,12.0,Delivered
TXN000756,HIST-2025-00268,3,CUST0084,DD-CIN-0014,2025-09-21,179,MTR,219.1,39218.9,INR,12.0,Partially Delivered
TXN000757,HIST-2025-00268,4,CUST0084,DD-PCS-0022,2025-09-21,1960,MTR,84.24,165110.4,INR,12.0,Delivered
TXN000758,HIST-2025-00268,5,CUST0084,DD-SUT-0018,2025-09-21,171,MTR,194.91,33329.61,INR,12.0,Delivered
TXN001269,HIST-2025-00455,1,CUST0101,DD-DNM-0022,2025-09-21,158,MTR,209.62,33119.96,INR,7.0,Delivered
TXN000180,HIST-2025-00064,1,CUST0009,DD-LIN-0014,2025-09-23,1259,MTR,384.72,484362.48,INR,7.0,Delivered
TXN000181,HIST-2025-00064,2,CUST0009,DD-PRB-0024,2025-09-23,773,MTR,106.93,82656.89,INR,7.0,Delivered
TXN004007,HIST-2025-01465,1,CUST0054,DD-HCT-0037,2025-09-23,2050,MTR,221.56,454198.0,INR,7.0,Delivered
TXN004008,HIST-2025-01465,2,CUST0054,DD-HCT-0013,2025-09-23,1041,MTR,214.66,223461.06,INR,7.0,Delivered
TXN004009,HIST-2025-01465,3,CUST0054,DD-TWL-0004,2025-09-23,107,PCS,256.24,27417.68,INR,7.0,Delivered
TXN004010,HIST-2025-01465,4,CUST0054,DD-HCT-0034,2025-09-23,1829,MTR,225.66,412732.14,INR,7.0,Partially Delivered
TXN004011,HIST-2025-01465,5,CUST0054,DD-CIN-0008,2025-09-23,309,MTR,237.63,73427.67,INR,7.0,Delivered
TXN004865,HIST-2025-01786,1,CUST0107,DD-VSR-0027,2025-09-23,634,MTR,111.27,70545.18,INR,3.0,Partially Delivered
TXN004866,HIST-2025-01786,2,CUST0107,DD-BDS-0009,2025-09-23,248,MTR,159.53,39563.44,INR,3.0,Delivered
TXN004867,HIST-2025-01786,3,CUST0107,DD-SAT-0016,2025-09-23,534,MTR,151.75,81034.5,INR,3.0,Delivered
TXN005398,HIST-2025-01979,1,CUST0007,DD-KIR-0001,2025-09-24,91,KG,331.36,30153.76,INR,7.0,Delivered
TXN005399,HIST-2025-01979,2,CUST0007,DD-DNM-0016,2025-09-24,255,MTR,256.79,65481.45,INR,7.0,Delivered
TXN005400,HIST-2025-01979,3,CUST0007,DD-CTS-0017,2025-09-24,887,MTR,92.24,81816.88,INR,7.0,Delivered
TXN005407,HIST-2025-01983,1,CUST0103,DD-LIN-0014,2025-09-24,268,MTR,423.95,113618.6,INR,3.0,Delivered
TXN005408,HIST-2025-01983,2,CUST0103,DD-CTB-0006,2025-09-24,273,MTR,233.19,63660.87,INR,3.0,Partially Delivered
TXN005409,HIST-2025-01983,3,CUST0103,DD-CTB-0029,2025-09-24,1423,MTR,180.98,257534.54,INR,3.0,Delivered
TXN002454,HIST-2025-00903,1,CUST0102,DD-KSJ-0002,2025-09-25,471,KG,513.85,242023.35,INR,7.0,Delivered
TXN004060,HIST-2025-01480,1,CUST0096,DD-CTB-0002,2025-09-25,221,MTR,159.91,35340.11,INR,7.0,Delivered
TXN004061,HIST-2025-01480,2,CUST0096,DD-CTB-0024,2025-09-25,264,MTR,200.31,52881.84,INR,7.0,Delivered
TXN004062,HIST-2025-01480,3,CUST0096,DD-DNM-0008,2025-09-25,139,MTR,239.39,33275.21,INR,7.0,Delivered
TXN004213,HIST-2025-01537,1,CUST0079,DD-KSJ-0009,2025-09-25,260,KG,339.68,88316.8,INR,3.0,Delivered
TXN004214,HIST-2025-01537,2,CUST0079,DD-CIN-0027,2025-09-25,221,MTR,191.19,42252.99,INR,3.0,Partially Delivered
TXN005897,HIST-2025-02171,1,CUST0077,DD-PGT-0024,2025-09-25,2084,MTR,50.54,105325.36,INR,7.0,Delivered
TXN005898,HIST-2025-02171,2,CUST0077,DD-PGT-0017,2025-09-25,395,MTR,65.34,25809.3,INR,7.0,Delivered
TXN005899,HIST-2025-02171,3,CUST0077,DD-RBL-0004,2025-09-25,443,MTR,46.95,20798.85,INR,7.0,Delivered
TXN000657,HIST-2025-00235,1,CUST0114,DD-CDV-0029,2025-09-26,1133,MTR,169.82,192406.06,INR,12.0,Delivered
TXN000658,HIST-2025-00235,2,CUST0114,DD-RBL-0015,2025-09-26,1108,MTR,53.8,59610.4,INR,12.0,Partially Delivered
TXN000659,HIST-2025-00235,3,CUST0114,DD-HCT-0032,2025-09-26,1824,MTR,157.64,287535.36,INR,12.0,Delivered
TXN002407,HIST-2025-00885,1,CUST0006,DD-LIN-0009,2025-09-26,1102,MTR,409.9,451709.8,INR,7.0,Delivered
TXN002408,HIST-2025-00885,2,CUST0006,DD-CTB-0012,2025-09-26,220,MTR,172.69,37991.8,INR,7.0,Delivered
TXN002409,HIST-2025-00885,3,CUST0006,DD-CTS-0011,2025-09-26,565,MTR,131.96,74557.4,INR,7.0,Delivered
TXN002410,HIST-2025-00885,4,CUST0006,DD-LIN-0029,2025-09-26,904,MTR,267.09,241449.36,INR,7.0,Delivered
TXN002411,HIST-2025-00885,5,CUST0006,DD-MOD-0016,2025-09-26,284,MTR,236.96,67296.64,INR,7.0,Delivered
TXN005160,HIST-2025-01895,1,CUST0105,DD-CTS-0027,2025-09-26,429,MTR,82.7,35478.3,INR,12.0,Delivered
TXN005161,HIST-2025-01895,2,CUST0105,DD-KSJ-0018,2025-09-26,92,KG,295.39,27175.88,INR,12.0,Delivered
TXN005162,HIST-2025-01895,3,CUST0105,DD-CTS-0007,2025-09-26,555,MTR,122.15,67793.25,INR,12.0,Delivered
TXN005163,HIST-2025-01895,4,CUST0105,DD-KSJ-0014,2025-09-26,500,KG,307.52,153760.0,INR,12.0,Delivered
TXN005164,HIST-2025-01895,5,CUST0105,DD-KSJ-0027,2025-09-26,68,KG,298.87,20323.16,INR,12.0,Delivered
TXN000475,HIST-2025-00170,1,CUST0080,DD-CIN-0003,2025-09-27,834,MTR,212.94,177591.96,INR,7.0,Delivered
TXN000476,HIST-2025-00170,2,CUST0080,DD-CIN-0005,2025-09-27,452,MTR,206.65,93405.8,INR,7.0,Delivered
TXN000477,HIST-2025-00170,3,CUST0080,DD-TWL-0006,2025-09-27,888,PCS,239.12,212338.56,INR,7.0,Partially Delivered
TXN001931,HIST-2025-00706,1,CUST0058,DD-CTB-0031,2025-09-27,193,MTR,156.8,30262.4,INR,7.0,Delivered
TXN003651,HIST-2025-01326,1,CUST0118,DD-SAT-0032,2025-09-27,1922,MTR,81.71,157046.62,INR,7.0,Delivered
TXN003652,HIST-2025-01326,2,CUST0118,DD-HUP-0016,2025-09-27,497,MTR,306.21,152186.37,INR,7.0,Delivered
TXN003653,HIST-2025-01326,3,CUST0118,DD-TWL-0007,2025-09-27,103,PCS,249.5,25698.5,INR,7.0,Delivered
TXN005083,HIST-2025-01865,1,CUST0077,DD-CIN-0008,2025-09-27,444,MTR,241.52,107234.88,INR,7.0,Partially Delivered
TXN000818,HIST-2025-00288,1,CUST0040,DD-LIN-0008,2025-09-29,177,MTR,331.54,58682.58,INR,12.0,Partially Delivered
TXN000819,HIST-2025-00288,2,CUST0040,DD-MOD-0002,2025-09-29,238,MTR,196.22,46700.36,INR,12.0,Delivered
TXN000820,HIST-2025-00288,3,CUST0040,DD-PRB-0005,2025-09-29,1294,MTR,121.3,156962.2,INR,12.0,Delivered
TXN001214,HIST-2025-00438,1,CUST0042,DD-KSJ-0004,2025-09-29,109,KG,319.73,34850.57,INR,12.0,Delivered
TXN001215,HIST-2025-00438,2,CUST0042,DD-LIN-0019,2025-09-29,2294,MTR,416.34,955083.96,INR,12.0,Delivered
TXN001216,HIST-2025-00438,3,CUST0042,DD-LIN-0026,2025-09-29,133,MTR,248.31,33025.23,INR,12.0,Delivered
TXN001217,HIST-2025-00438,4,CUST0042,DD-DNM-0035,2025-09-29,220,MTR,194.39,42765.8,INR,12.0,Delivered
TXN001218,HIST-2025-00438,5,CUST0042,DD-CTS-0005,2025-09-29,979,MTR,122.07,119506.53,INR,12.0,Cancelled
TXN001247,HIST-2025-00449,1,CUST0012,DD-CTB-0009,2025-09-30,194,MTR,263.42,51103.48,INR,3.0,Delivered
TXN001248,HIST-2025-00449,2,CUST0012,DD-LIN-0002,2025-09-30,439,MTR,432.54,189885.06,INR,3.0,Delivered
TXN002420,HIST-2025-00890,1,CUST0020,DD-LIN-0019,2025-09-30,1006,MTR,437.41,440034.46,INR,7.0,Delivered
TXN003567,HIST-2025-01299,1,CUST0059,DD-SUT-0018,2025-10-01,810,MTR,194.8,157788.0,INR,12.0,Delivered
TXN003568,HIST-2025-01299,2,CUST0059,DD-PCS-0035,2025-10-01,224,MTR,91.25,20440.0,INR,12.0,Delivered
TXN003569,HIST-2025-01299,3,CUST0059,DD-PCS-0026,2025-10-01,145,MTR,89.28,12945.6,INR,12.0,Delivered
TXN003729,HIST-2025-01356,1,CUST0053,DD-SUT-0037,2025-10-01,964,MTR,195.76,188712.64,INR,3.0,Delivered
TXN003730,HIST-2025-01356,2,CUST0053,DD-SUT-0021,2025-10-01,2069,MTR,269.84,558298.96,INR,3.0,Delivered
TXN003731,HIST-2025-01356,3,CUST0053,DD-PCS-0017,2025-10-01,2172,MTR,102.18,221934.96,INR,3.0,Delivered
TXN004901,HIST-2025-01799,1,CUST0056,DD-CTB-0026,2025-10-01,211,MTR,183.43,38703.73,INR,12.0,Delivered
TXN004902,HIST-2025-01799,2,CUST0056,DD-DNM-0003,2025-10-01,1220,MTR,221.14,269790.8,INR,12.0,Delivered
TXN004903,HIST-2025-01799,3,CUST0056,DD-KIR-0004,2025-10-01,395,KG,347.11,137108.45,INR,12.0,Delivered
TXN004904,HIST-2025-01799,4,CUST0056,DD-CTS-0027,2025-10-01,238,MTR,88.08,20963.04,INR,12.0,Delivered
TXN004905,HIST-2025-01799,5,CUST0056,DD-CTS-0024,2025-10-01,1723,MTR,79.46,136909.58,INR,12.0,Delivered
TXN000842,HIST-2025-00299,1,CUST0001,DD-SUT-0025,2025-10-02,1882,MTR,236.65,445375.3,INR,3.0,Delivered
TXN000843,HIST-2025-00299,2,CUST0001,DD-MOD-0032,2025-10-02,227,MTR,290.24,65884.48,INR,3.0,Delivered
TXN000844,HIST-2025-00299,3,CUST0001,DD-PCS-0005,2025-10-02,133,MTR,90.04,11975.32,INR,3.0,Delivered
TXN001454,HIST-2025-00528,1,CUST0126,DD-DNM-0027,2025-10-03,1684,MTR,208.17,350558.28,INR,7.0,Delivered
TXN005450,HIST-2025-01997,1,CUST0069,DD-KFT-0021,2025-10-03,215,KG,373.9,80388.5,INR,7.0,Delivered
TXN005451,HIST-2025-01997,2,CUST0069,DD-BDS-0004,2025-10-03,165,MTR,156.47,25817.55,INR,7.0,Delivered
TXN005452,HIST-2025-01997,3,CUST0069,DD-BDS-0009,2025-10-03,852,MTR,163.73,139497.96,INR,7.0,Delivered
TXN006996,HIST-2025-02576,1,CUST0044,DD-CIN-0024,2025-10-03,260,MTR,269.48,70064.8,INR,7.0,Delivered
TXN006997,HIST-2025-02576,2,CUST0044,DD-HCT-0016,2025-10-03,1991,MTR,163.45,325428.95,INR,7.0,Delivered
TXN006998,HIST-2025-02576,3,CUST0044,DD-HCT-0034,2025-10-03,241,MTR,217.85,52501.85,INR,7.0,Delivered
TXN002390,HIST-2025-00878,1,CUST0029,DD-CTS-0008,2025-10-04,1093,MTR,132.7,145041.1,INR,7.0,Delivered
TXN002391,HIST-2025-00878,2,CUST0029,DD-DNM-0013,2025-10-04,298,MTR,178.1,53073.8,INR,7.0,Delivered
TXN002392,HIST-2025-00878,3,CUST0029,DD-KSJ-0020,2025-10-04,95,KG,297.21,28234.95,INR,7.0,Delivered
TXN002393,HIST-2025-00878,4,CUST0029,DD-CTS-0022,2025-10-04,235,MTR,90.03,21157.05,INR,7.0,Delivered
TXN002394,HIST-2025-00878,5,CUST0029,DD-KFT-0013,2025-10-04,82,KG,283.64,23258.48,INR,7.0,Delivered
TXN002395,HIST-2025-00878,6,CUST0029,DD-CTB-0023,2025-10-04,185,MTR,194.03,35895.55,INR,7.0,Delivered
TXN005659,HIST-2025-02078,1,CUST0043,DD-DNM-0024,2025-10-04,425,MTR,219.26,93185.5,INR,3.0,Delivered
TXN005660,HIST-2025-02078,2,CUST0043,DD-CTS-0004,2025-10-04,239,MTR,129.98,31065.22,INR,3.0,Delivered
TXN005661,HIST-2025-02078,3,CUST0043,DD-CTB-0032,2025-10-04,559,MTR,168.21,94029.39,INR,3.0,Delivered
TXN001034,HIST-2025-00373,1,CUST0089,DD-BDS-0021,2025-10-05,451,MTR,274.24,123682.24,INR,3.0,Delivered
TXN001035,HIST-2025-00373,2,CUST0089,DD-SAT-0022,2025-10-05,877,MTR,138.09,121104.93,INR,3.0,Delivered
TXN001036,HIST-2025-00373,3,CUST0089,DD-SAT-0027,2025-10-05,377,MTR,169.36,63848.72,INR,3.0,Delivered
TXN003668,HIST-2025-01331,1,CUST0007,DD-CTS-0016,2025-10-05,1319,MTR,115.31,152093.89,INR,7.0,Delivered
TXN003669,HIST-2025-01331,2,CUST0007,DD-KSJ-0026,2025-10-05,451,KG,305.58,137816.58,INR,7.0,Delivered
TXN003670,HIST-2025-01331,3,CUST0007,DD-KFT-0007,2025-10-05,381,KG,412.59,157196.79,INR,7.0,Delivered
TXN003671,HIST-2025-01331,4,CUST0007,DD-CTB-0030,2025-10-05,1469,MTR,156.21,229472.49,INR,7.0,Delivered
TXN003672,HIST-2025-01331,5,CUST0007,DD-CTS-0019,2025-10-05,139,MTR,91.84,12765.76,INR,7.0,Delivered
TXN003673,HIST-2025-01331,6,CUST0007,DD-KFT-0004,2025-10-05,380,KG,328.06,124662.8,INR,7.0,Delivered
TXN000196,HIST-2025-00071,1,CUST0067,DD-BDS-0006,2025-10-06,1365,MTR,148.91,203262.15,INR,12.0,Delivered
TXN000197,HIST-2025-00071,2,CUST0067,DD-CIN-0001,2025-10-06,169,MTR,221.03,37354.07,INR,12.0,Delivered
TXN000198,HIST-2025-00071,3,CUST0067,DD-TWL-0003,2025-10-06,1056,PCS,188.24,198781.44,INR,12.0,Delivered
TXN000873,HIST-2025-00310,1,CUST0095,DD-BDS-0005,2025-10-06,382,MTR,154.72,59103.04,INR,7.0,Delivered
TXN000874,HIST-2025-00310,2,CUST0095,DD-CIN-0025,2025-10-06,256,MTR,251.34,64343.04,INR,7.0,Delivered
TXN000875,HIST-2025-00310,3,CUST0095,DD-HUP-0024,2025-10-06,879,MTR,287.01,252281.79,INR,7.0,Cancelled
TXN000876,HIST-2025-00310,4,CUST0095,DD-TWL-0008,2025-10-06,215,PCS,246.37,52969.55,INR,7.0,Delivered
TXN000923,HIST-2025-00329,1,CUST0106,DD-CTB-0030,2025-10-06,466,MTR,168.43,78488.38,INR,7.0,Delivered
TXN000397,HIST-2025-00143,1,CUST0048,DD-KSJ-0001,2025-10-07,166,KG,449.71,74651.86,INR,12.0,Delivered
TXN000398,HIST-2025-00143,2,CUST0048,DD-DNM-0030,2025-10-07,716,MTR,284.45,203666.2,INR,12.0,Delivered
TXN000399,HIST-2025-00143,3,CUST0048,DD-CTB-0034,2025-10-07,2201,MTR,178.55,392988.55,INR,12.0,Delivered
TXN001563,HIST-2025-00570,1,CUST0111,DD-MOD-0021,2025-10-07,1354,MTR,216.23,292775.42,INR,12.0,Delivered
TXN001564,HIST-2025-00570,2,CUST0111,DD-PRB-0012,2025-10-07,1975,MTR,140.57,277625.75,INR,12.0,Delivered
TXN001732,HIST-2025-00628,1,CUST0105,DD-CTB-0001,2025-10-07,169,MTR,159.51,26957.19,INR,12.0,Delivered
TXN001733,HIST-2025-00628,2,CUST0105,DD-MOD-0011,2025-10-07,1056,MTR,241.39,254907.84,INR,12.0,Delivered
TXN001734,HIST-2025-00628,3,CUST0105,DD-CTS-0022,2025-10-07,173,MTR,81.52,14102.96,INR,12.0,Delivered
TXN002987,HIST-2025-01097,1,CUST0124,DD-PGT-0008,2025-10-07,871,MTR,73.25,63800.75,INR,7.0,Delivered
TXN007109,HIST-2025-02612,1,CUST0070,DD-LIN-0012,2025-10-07,576,MTR,432.94,249373.44,INR,3.0,Delivered
TXN007110,HIST-2025-02612,2,CUST0070,DD-CDV-0011,2025-10-07,873,MTR,255.22,222807.06,INR,3.0,Delivered
TXN007111,HIST-2025-02612,3,CUST0070,DD-LIN-0020,2025-10-07,2065,MTR,428.75,885368.75,INR,3.0,Delivered
TXN007112,HIST-2025-02612,4,CUST0070,DD-CTB-0003,2025-10-07,515,MTR,175.06,90155.9,INR,3.0,Delivered
TXN007113,HIST-2025-02612,5,CUST0070,DD-LIN-0003,2025-10-07,688,MTR,426.98,293762.24,INR,3.0,Delivered
TXN007202,HIST-2025-02647,1,CUST0003,DD-SUT-0013,2025-10-07,916,MTR,271.15,248373.4,INR,7.0,Delivered
TXN007203,HIST-2025-02647,2,CUST0003,DD-SUT-0007,2025-10-07,137,MTR,188.95,25886.15,INR,7.0,Delivered
TXN007204,HIST-2025-02647,3,CUST0003,DD-SUT-0030,2025-10-07,164,MTR,200.65,32906.6,INR,7.0,Delivered
TXN002991,HIST-2025-01099,1,CUST0077,DD-PCS-0014,2025-10-08,755,MTR,92.7,69988.5,INR,7.0,Delivered
TXN002992,HIST-2025-01099,2,CUST0077,DD-KIR-0010,2025-10-08,426,KG,426.32,181612.32,INR,7.0,Partially Delivered
TXN006364,HIST-2025-02336,1,CUST0080,DD-CIN-0022,2025-10-08,585,MTR,271.62,158897.7,INR,7.0,Delivered
TXN006365,HIST-2025-02336,2,CUST0080,DD-TWL-0016,2025-10-08,790,PCS,195.86,154729.4,INR,7.0,Delivered
TXN000229,HIST-2025-00083,1,CUST0091,DD-KIR-0006,2025-10-09,338,KG,388.96,131468.48,INR,12.0,Delivered
TXN000230,HIST-2025-00083,2,CUST0091,DD-KFT-0024,2025-10-09,326,KG,315.76,102937.76,INR,12.0,Delivered
TXN000231,HIST-2025-00083,3,CUST0091,DD-CTB-0006,2025-10-09,151,MTR,208.85,31536.35,INR,12.0,Cancelled
TXN005122,HIST-2025-01877,1,CUST0122,DD-PCS-0015,2025-10-09,811,MTR,96.74,78456.14,INR,3.0,Delivered
TXN005123,HIST-2025-01877,2,CUST0122,DD-CIN-0029,2025-10-09,1001,MTR,195.05,195245.05,INR,3.0,Delivered
TXN005124,HIST-2025-01877,3,CUST0122,DD-CIN-0012,2025-10-09,1257,MTR,203.62,255950.34,INR,3.0,Delivered
TXN000718,HIST-2025-00257,1,CUST0017,DD-DNM-0013,2025-10-10,255,MTR,183.1,46690.5,INR,7.0,Delivered
TXN000719,HIST-2025-00257,2,CUST0017,DD-DNM-0008,2025-10-10,941,MTR,258.17,242937.97,INR,7.0,Delivered
TXN000720,HIST-2025-00257,3,CUST0017,DD-KIR-0024,2025-10-10,430,KG,370.46,159297.8,INR,7.0,Delivered
TXN000721,HIST-2025-00257,4,CUST0017,DD-DNM-0015,2025-10-10,710,MTR,175.76,124789.6,INR,7.0,Delivered
TXN000722,HIST-2025-00257,5,CUST0017,DD-KFT-0005,2025-10-10,77,KG,330.14,25420.78,INR,7.0,Delivered
TXN000910,HIST-2025-00322,1,CUST0110,DD-CTB-0018,2025-10-10,182,MTR,147.55,26854.1,INR,3.0,Delivered
TXN000911,HIST-2025-00322,2,CUST0110,DD-PCS-0009,2025-10-10,700,MTR,104.27,72989.0,INR,3.0,Delivered
TXN000912,HIST-2025-00322,3,CUST0110,DD-PCS-0027,2025-10-10,853,MTR,100.93,86093.29,INR,3.0,Delivered
TXN000913,HIST-2025-00322,4,CUST0110,DD-CIN-0003,2025-10-10,1641,MTR,228.0,374148.0,INR,3.0,Delivered
TXN003698,HIST-2025-01340,1,CUST0062,DD-KSJ-0006,2025-10-10,78,KG,309.54,24144.12,INR,12.0,Delivered
TXN006582,HIST-2025-02415,1,CUST0096,DD-DNM-0008,2025-10-10,842,MTR,238.92,201170.64,INR,7.0,Delivered
TXN006583,HIST-2025-02415,2,CUST0096,DD-CTB-0002,2025-10-10,680,MTR,158.62,107861.6,INR,7.0,Partially Delivered
TXN006584,HIST-2025-02415,3,CUST0096,DD-KFT-0028,2025-10-10,83,KG,235.53,19548.99,INR,7.0,Delivered
TXN001800,HIST-2025-00652,1,CUST0046,DD-SUT-0019,2025-10-11,439,MTR,266.44,116967.16,INR,7.0,Delivered
TXN001801,HIST-2025-00652,2,CUST0046,DD-CTB-0005,2025-10-11,593,MTR,225.9,133958.7,INR,7.0,Delivered
TXN002005,HIST-2025-00734,1,CUST0001,DD-FLN-0016,2025-10-11,183,MTR,151.99,27814.17,INR,3.0,Delivered
TXN002006,HIST-2025-00734,2,CUST0001,DD-PCS-0013,2025-10-11,687,MTR,80.32,55179.84,INR,3.0,Delivered
TXN002007,HIST-2025-00734,3,CUST0001,DD-PCS-0005,2025-10-11,2221,MTR,90.1,200112.1,INR,3.0,Partially Delivered
TXN002558,HIST-2025-00942,1,CUST0023,DD-FLN-0025,2025-10-11,1367,MTR,168.77,230708.59,INR,7.0,Delivered
TXN002559,HIST-2025-00942,2,CUST0023,DD-PCS-0005,2025-10-11,1726,MTR,83.63,144345.38,INR,7.0,Delivered
TXN002560,HIST-2025-00942,3,CUST0023,DD-PCS-0030,2025-10-11,257,MTR,94.14,24193.98,INR,7.0,Delivered
TXN002561,HIST-2025-00942,4,CUST0023,DD-FLN-0013,2025-10-11,225,MTR,129.78,29200.5,INR,7.0,Delivered
TXN002719,HIST-2025-01002,1,CUST0125,DD-KIR-0036,2025-10-11,155,KG,382.01,59211.55,INR,7.0,Delivered
TXN006679,HIST-2025-02454,1,CUST0118,DD-TWL-0010,2025-10-11,322,PCS,198.8,64013.6,INR,7.0,Delivered
TXN006680,HIST-2025-02454,2,CUST0118,DD-SAT-0032,2025-10-11,562,MTR,82.43,46325.66,INR,7.0,Delivered
TXN007392,HIST-2025-02724,1,CUST0030,DD-KIR-0033,2025-10-11,447,KG,375.52,167857.44,INR,12.0,Delivered
TXN000115,HIST-2025-00041,1,CUST0030,DD-KIR-0033,2025-10-12,167,KG,372.19,62155.73,INR,12.0,Delivered
TXN000116,HIST-2025-00041,2,CUST0030,DD-KSJ-0007,2025-10-12,359,KG,317.09,113835.31,INR,12.0,Delivered
TXN000117,HIST-2025-00041,3,CUST0030,DD-KIR-0032,2025-10-12,195,KG,372.41,72619.95,INR,12.0,Delivered
TXN000118,HIST-2025-00041,4,CUST0030,DD-KIR-0021,2025-10-12,163,KG,355.58,57959.54,INR,12.0,Delivered
TXN000119,HIST-2025-00041,5,CUST0030,DD-KIR-0013,2025-10-12,286,KG,441.49,126266.14,INR,12.0,Delivered
TXN000629,HIST-2025-00224,1,CUST0070,DD-CTB-0003,2025-10-12,164,MTR,177.23,29065.72,INR,3.0,Delivered
TXN000630,HIST-2025-00224,2,CUST0070,DD-LIN-0020,2025-10-12,574,MTR,438.67,251796.58,INR,3.0,Delivered
TXN001916,HIST-2025-00700,1,CUST0103,DD-CTB-0002,2025-10-12,2290,MTR,179.45,410940.5,INR,3.0,Delivered
TXN005299,HIST-2025-01947,1,CUST0118,DD-CIN-0021,2025-10-12,1249,MTR,268.4,335231.6,INR,7.0,Delivered
TXN005300,HIST-2025-01947,2,CUST0118,DD-KIR-0001,2025-10-12,89,KG,330.2,29387.8,INR,7.0,Partially Delivered
TXN001735,HIST-2025-00629,1,CUST0011,DD-PGT-0014,2025-10-13,699,MTR,63.15,44141.85,INR,7.0,Delivered
TXN001736,HIST-2025-00629,2,CUST0011,DD-HUP-0027,2025-10-13,917,MTR,255.99,234742.83,INR,7.0,Delivered
TXN001737,HIST-2025-00629,3,CUST0011,DD-SAT-0031,2025-10-13,1023,MTR,87.59,89604.57,INR,7.0,Delivered
TXN006505,HIST-2025-02385,1,CUST0056,DD-KIR-0029,2025-10-13,45,KG,368.58,16586.1,INR,12.0,Delivered
TXN006506,HIST-2025-02385,2,CUST0056,DD-KSJ-0016,2025-10-13,372,KG,308.22,114657.84,INR,12.0,Delivered
TXN006507,HIST-2025-02385,3,CUST0056,DD-CTS-0018,2025-10-13,1474,MTR,84.09,123948.66,INR,12.0,Delivered
TXN006508,HIST-2025-02385,4,CUST0056,DD-KFT-0010,2025-10-13,207,KG,405.32,83901.24,INR,12.0,Delivered
TXN006509,HIST-2025-02385,5,CUST0056,DD-CTS-0024,2025-10-13,1058,MTR,79.58,84195.64,INR,12.0,Delivered
TXN006510,HIST-2025-02385,6,CUST0056,DD-KIR-0007,2025-10-13,407,KG,388.81,158245.67,INR,12.0,Delivered
TXN007195,HIST-2025-02644,1,CUST0110,DD-PCS-0009,2025-10-15,327,MTR,103.64,33890.28,INR,3.0,Delivered
TXN003119,HIST-2025-01146,1,CUST0058,DD-CTB-0031,2025-10-16,445,MTR,159.18,70835.1,INR,7.0,Delivered
TXN003120,HIST-2025-01146,2,CUST0058,DD-KSJ-0007,2025-10-16,106,KG,342.47,36301.82,INR,7.0,Delivered
TXN004296,HIST-2025-01565,1,CUST0052,DD-FLN-0021,2025-10-16,133,MTR,182.46,24267.18,INR,3.0,Delivered
TXN004297,HIST-2025-01565,2,CUST0052,DD-CIN-0003,2025-10-16,159,MTR,233.95,37198.05,INR,3.0,Delivered
TXN004298,HIST-2025-01565,3,CUST0052,DD-FLN-0012,2025-10-16,1776,MTR,133.41,236936.16,INR,3.0,Delivered
TXN006108,HIST-2025-02243,1,CUST0052,DD-CIN-0024,2025-10-16,859,MTR,274.42,235726.78,INR,3.0,Delivered
TXN006109,HIST-2025-02243,2,CUST0052,DD-SUT-0029,2025-10-16,542,MTR,220.42,119467.64,INR,3.0,Delivered
TXN001627,HIST-2025-00593,1,CUST0132,DD-DNM-0005,2025-10-17,202,MTR,229.52,46363.04,INR,7.0,Delivered
TXN003421,HIST-2025-01257,1,CUST0090,DD-CTB-0009,2025-10-17,916,MTR,268.31,245771.96,INR,3.0,Delivered
TXN003422,HIST-2025-01257,2,CUST0090,DD-DNM-0004,2025-10-17,405,MTR,248.61,100687.05,INR,3.0,Delivered
TXN004425,HIST-2025-01620,1,CUST0110,DD-PCS-0027,2025-10-18,602,MTR,99.51,59905.02,INR,3.0,Delivered
TXN002131,HIST-2025-00786,1,CUST0009,DD-SAT-0003,2025-10-19,432,MTR,178.44,77086.08,INR,7.0,Partially Delivered
TXN002132,HIST-2025-00786,2,CUST0009,DD-PGT-0028,2025-10-19,1953,MTR,65.7,128312.1,INR,7.0,Delivered
TXN002329,HIST-2025-00857,1,CUST0120,DD-SUT-0028,2025-10-19,231,MTR,206.23,47639.13,INR,7.0,Partially Delivered
TXN002330,HIST-2025-00857,2,CUST0120,DD-KFT-0016,2025-10-19,56,KG,300.5,16828.0,INR,7.0,Delivered
TXN002331,HIST-2025-00857,3,CUST0120,DD-SAT-0025,2025-10-19,479,MTR,160.05,76663.95,INR,7.0,Delivered
TXN003885,HIST-2025-01424,1,CUST0034,DD-CTB-0019,2025-10-19,255,MTR,226.7,57808.5,INR,7.0,Delivered
TXN003886,HIST-2025-01424,2,CUST0034,DD-KFT-0005,2025-10-19,56,KG,330.35,18499.6,INR,7.0,Partially Delivered
TXN006025,HIST-2025-02215,1,CUST0108,DD-PCS-0029,2025-10-19,1969,MTR,93.65,184396.85,INR,12.0,Delivered
TXN006026,HIST-2025-02215,2,CUST0108,DD-CTB-0027,2025-10-19,1210,MTR,152.22,184186.2,INR,12.0,Delivered
TXN006460,HIST-2025-02371,1,CUST0120,DD-SAT-0025,2025-10-19,558,MTR,160.7,89670.6,INR,7.0,Delivered
TXN006461,HIST-2025-02371,2,CUST0120,DD-KSJ-0006,2025-10-19,155,KG,324.22,50254.1,INR,7.0,Delivered
TXN006462,HIST-2025-02371,3,CUST0120,DD-KSJ-0011,2025-10-19,74,KG,301.26,22293.24,INR,7.0,Delivered
TXN005215,HIST-2025-01918,1,CUST0036,DD-LIN-0016,2025-10-20,776,MTR,403.87,313403.12,INR,12.0,Cancelled
TXN005216,HIST-2025-01918,2,CUST0036,DD-DNM-0013,2025-10-20,133,MTR,170.06,22617.98,INR,12.0,Delivered
TXN002632,HIST-2025-00972,1,CUST0047,DD-KIR-0017,2025-10-21,86,KG,468.49,40290.14,INR,7.0,Delivered
TXN002633,HIST-2025-00972,2,CUST0047,DD-CTB-0022,2025-10-21,203,MTR,222.75,45218.25,INR,7.0,Cancelled
TXN000071,HIST-2025-00025,1,CUST0070,DD-VSR-0024,2025-10-22,689,MTR,109.59,75507.51,INR,3.0,Delivered
TXN002936,HIST-2025-01078,1,CUST0047,DD-CTB-0015,2025-10-22,262,MTR,145.55,38134.1,INR,7.0,Delivered
TXN002937,HIST-2025-01078,2,CUST0047,DD-KIR-0034,2025-10-22,432,KG,461.92,199549.44,INR,7.0,Delivered
TXN003635,HIST-2025-01319,1,CUST0030,DD-CTS-0017,2025-10-22,1137,MTR,82.34,93620.58,INR,12.0,Delivered
TXN005563,HIST-2025-02045,1,CUST0118,DD-VSR-0019,2025-10-22,218,MTR,84.37,18392.66,INR,7.0,Delivered
TXN005564,HIST-2025-02045,2,CUST0118,DD-TWL-0010,2025-10-22,480,PCS,200.8,96384.0,INR,7.0,Delivered
TXN005565,HIST-2025-02045,3,CUST0118,DD-HUP-0016,2025-10-22,544,MTR,306.79,166893.76,INR,7.0,Delivered
TXN007360,HIST-2025-02712,1,CUST0084,DD-PCS-0014,2025-10-22,997,MTR,89.99,89720.03,INR,12.0,Delivered
TXN007361,HIST-2025-02712,2,CUST0084,DD-PCS-0022,2025-10-22,131,MTR,82.73,10837.63,INR,12.0,Delivered
TXN007362,HIST-2025-02712,3,CUST0084,DD-PCS-0005,2025-10-22,594,MTR,83.36,49515.84,INR,12.0,Delivered
TXN000358,HIST-2025-00128,1,CUST0068,DD-TWL-0014,2025-10-23,1449,PCS,222.75,322764.75,INR,3.0,Delivered
TXN000359,HIST-2025-00128,2,CUST0068,DD-PGT-0027,2025-10-23,1214,MTR,53.7,65191.8,INR,3.0,Delivered
TXN003381,HIST-2025-01240,1,CUST0105,DD-MOD-0011,2025-10-23,185,MTR,240.66,44522.1,INR,12.0,Delivered
TXN003382,HIST-2025-01240,2,CUST0105,DD-KSJ-0018,2025-10-23,171,KG,291.91,49916.61,INR,12.0,Delivered
TXN003383,HIST-2025-01240,3,CUST0105,DD-MOD-0027,2025-10-23,768,MTR,170.25,130752.0,INR,12.0,Delivered
TXN004241,HIST-2025-01547,1,CUST0057,DD-KIR-0021,2025-10-23,67,KG,365.87,24513.29,INR,7.0,Delivered
TXN004242,HIST-2025-01547,2,CUST0057,DD-CTB-0006,2025-10-23,1346,MTR,219.66,295662.36,INR,7.0,Delivered
TXN004243,HIST-2025-01547,3,CUST0057,DD-CTB-0017,2025-10-23,1137,MTR,152.49,173381.13,INR,7.0,Delivered
TXN004244,HIST-2025-01547,4,CUST0057,DD-KSJ-0013,2025-10-23,98,KG,310.91,30469.18,INR,7.0,Delivered
TXN004245,HIST-2025-01547,5,CUST0057,DD-CTS-0021,2025-10-23,228,MTR,80.25,18297.0,INR,7.0,Delivered
TXN004246,HIST-2025-01547,6,CUST0057,DD-KIR-0004,2025-10-23,397,KG,367.49,145893.53,INR,7.0,Delivered
TXN002887,HIST-2025-01062,1,CUST0047,DD-KSJ-0023,2025-10-24,106,KG,393.75,41737.5,INR,7.0,Delivered
TXN002888,HIST-2025-01062,2,CUST0047,DD-KFT-0009,2025-10-24,294,KG,405.41,119190.54,INR,7.0,Delivered
TXN001294,HIST-2025-00468,1,CUST0106,DD-PCS-0007,2025-10-25,316,MTR,91.67,28967.72,INR,7.0,Delivered
TXN001295,HIST-2025-00468,2,CUST0106,DD-SUT-0027,2025-10-25,251,MTR,229.09,57501.59,INR,7.0,Delivered
TXN005905,HIST-2025-02174,1,CUST0099,DD-CTS-0006,2025-10-25,394,MTR,117.63,46346.22,INR,7.0,Delivered
TXN005906,HIST-2025-02174,2,CUST0099,DD-PCS-0021,2025-10-25,131,MTR,86.87,11379.97,INR,7.0,Delivered
TXN005907,HIST-2025-02174,3,CUST0099,DD-KSJ-0002,2025-10-25,554,KG,479.15,265449.1,INR,7.0,Delivered
TXN005908,HIST-2025-02174,4,CUST0099,DD-CIN-0007,2025-10-25,723,MTR,243.21,175840.83,INR,7.0,Delivered
TXN000579,HIST-2025-00208,1,CUST0070,DD-VSR-0024,2025-10-26,557,MTR,110.54,61570.78,INR,3.0,Delivered
TXN000580,HIST-2025-00208,2,CUST0070,DD-FLN-0010,2025-10-26,264,MTR,190.21,50215.44,INR,3.0,Delivered
TXN000581,HIST-2025-00208,3,CUST0070,DD-LIN-0003,2025-10-26,1303,MTR,429.52,559664.56,INR,3.0,Delivered
TXN000582,HIST-2025-00208,4,CUST0070,DD-LIN-0012,2025-10-26,221,MTR,433.73,95854.33,INR,3.0,Delivered
TXN000583,HIST-2025-00208,5,CUST0070,DD-CTB-0003,2025-10-26,911,MTR,175.18,159588.98,INR,3.0,Delivered
TXN000584,HIST-2025-00208,6,CUST0070,DD-PRB-0035,2025-10-26,2047,MTR,165.55,338880.85,INR,3.0,Partially Delivered
TXN000824,HIST-2025-00291,1,CUST0070,DD-FLN-0010,2025-10-26,560,MTR,187.21,104837.6,INR,3.0,Delivered
TXN000825,HIST-2025-00291,2,CUST0070,DD-PRB-0035,2025-10-26,1126,MTR,165.03,185823.78,INR,3.0,Delivered
TXN002815,HIST-2025-01037,1,CUST0052,DD-CIN-0028,2025-10-26,304,MTR,188.83,57404.32,INR,3.0,Delivered
TXN002816,HIST-2025-01037,2,CUST0052,DD-SUT-0024,2025-10-26,334,MTR,228.17,76208.78,INR,3.0,Cancelled
TXN002817,HIST-2025-01037,3,CUST0052,DD-FLN-0021,2025-10-26,1390,MTR,185.5,257845.0,INR,3.0,Delivered
TXN003806,HIST-2025-01390,1,CUST0022,DD-PGT-0031,2025-10-27,449,MTR,75.37,33841.13,INR,7.0,Delivered
TXN003807,HIST-2025-01390,2,CUST0022,DD-HCT-0038,2025-10-27,539,MTR,192.73,103881.47,INR,7.0,Delivered
TXN003808,HIST-2025-01390,3,CUST0022,DD-TWL-0017,2025-10-27,780,PCS,215.65,168207.0,INR,7.0,Delivered
TXN001222,HIST-2025-00440,1,CUST0025,DD-KSJ-0009,2025-10-28,53,KG,375.03,19876.59,INR,3.0,Delivered
TXN006863,HIST-2025-02525,1,CUST0030,DD-KIR-0032,2025-10-28,83,KG,376.4,31241.2,INR,12.0,Cancelled
TXN000069,HIST-2025-00024,1,CUST0124,DD-PGT-0006,2025-10-29,128,MTR,75.89,9713.92,INR,7.0,Delivered
TXN000070,HIST-2025-00024,2,CUST0124,DD-PRB-0016,2025-10-29,1481,MTR,111.53,165175.93,INR,7.0,Delivered
TXN001472,HIST-2025-00536,1,CUST0073,DD-BDS-0027,2025-10-29,137,MTR,214.97,29450.89,INR,12.0,Delivered
TXN001473,HIST-2025-00536,2,CUST0073,DD-CIN-0008,2025-10-29,440,MTR,225.41,99180.4,INR,12.0,Delivered
TXN004487,HIST-2025-01649,1,CUST0006,DD-MOD-0014,2025-10-29,297,MTR,240.4,71398.8,INR,7.0,Delivered
TXN004488,HIST-2025-01649,2,CUST0006,DD-CTS-0018,2025-10-29,439,MTR,88.52,38860.28,INR,7.0,Delivered
TXN002901,HIST-2025-01066,1,CUST0062,DD-CTS-0017,2025-10-30,443,MTR,90.79,40219.97,INR,12.0,Delivered
TXN005555,HIST-2025-02043,1,CUST0006,DD-MOD-0016,2025-10-30,1077,MTR,241.21,259783.17,INR,7.0,Delivered
TXN005556,HIST-2025-02043,2,CUST0006,DD-DNM-0017,2025-10-30,1655,MTR,256.3,424176.5,INR,7.0,Delivered
TXN005557,HIST-2025-02043,3,CUST0006,DD-CTS-0018,2025-10-30,522,MTR,86.63,45220.86,INR,7.0,Delivered
TXN000727,HIST-2025-00259,1,CUST0046,DD-CIN-0020,2025-10-31,733,MTR,273.59,200541.47,INR,7.0,Delivered
TXN000728,HIST-2025-00259,2,CUST0046,DD-PCS-0016,2025-10-31,254,MTR,94.61,24030.94,INR,7.0,Delivered
TXN000729,HIST-2025-00259,3,CUST0046,DD-CIN-0002,2025-10-31,1023,MTR,240.39,245918.97,INR,7.0,Delivered
TXN000802,HIST-2025-00284,1,CUST0066,DD-LIN-0002,2025-10-31,365,MTR,432.29,157785.85,INR,3.0,Delivered
TXN000803,HIST-2025-00284,2,CUST0066,DD-PCS-0035,2025-10-31,1550,MTR,98.25,152287.5,INR,3.0,Delivered
TXN000804,HIST-2025-00284,3,CUST0066,DD-VSR-0028,2025-10-31,343,MTR,108.11,37081.73,INR,3.0,Delivered
TXN000805,HIST-2025-00284,4,CUST0066,DD-SUT-0016,2025-10-31,172,MTR,218.97,37662.84,INR,3.0,Delivered
TXN000806,HIST-2025-00284,5,CUST0066,DD-PCS-0021,2025-10-31,836,MTR,87.65,73275.4,INR,3.0,Delivered
TXN000807,HIST-2025-00284,6,CUST0066,DD-SUT-0031,2025-10-31,557,MTR,220.04,122562.28,INR,3.0,Delivered
TXN001864,HIST-2025-00676,1,CUST0054,DD-BDS-0003,2025-10-31,757,MTR,220.95,167259.15,INR,7.0,Delivered
TXN001865,HIST-2025-00676,2,CUST0054,DD-TWL-0004,2025-10-31,1026,PCS,256.22,262881.72,INR,7.0,Delivered
TXN001866,HIST-2025-00676,3,CUST0054,DD-CIN-0015,2025-10-31,188,MTR,220.97,41542.36,INR,7.0,Delivered
TXN002720,HIST-2025-01003,1,CUST0064,DD-KSJ-0020,2025-10-31,489,KG,297.19,145325.91,INR,12.0,Delivered
TXN002721,HIST-2025-01003,2,CUST0064,DD-KIR-0005,2025-10-31,367,KG,404.37,148403.79,INR,12.0,Delivered
TXN005060,HIST-2025-01857,1,CUST0100,DD-KIR-0033,2025-10-31,64,KG,437.23,27982.72,INR,3.0,Delivered
TXN005061,HIST-2025-01857,2,CUST0100,DD-CTB-0015,2025-10-31,438,MTR,158.67,69497.46,INR,3.0,Delivered
TXN005062,HIST-2025-01857,3,CUST0100,DD-DNM-0026,2025-10-31,531,MTR,224.63,119278.53,INR,3.0,Delivered
TXN005063,HIST-2025-01857,4,CUST0100,DD-DNM-0017,2025-10-31,298,MTR,286.94,85508.12,INR,3.0,Delivered
TXN005064,HIST-2025-01857,5,CUST0100,DD-CTS-0016,2025-10-31,180,MTR,125.09,22516.2,INR,3.0,Delivered
TXN005622,HIST-2025-02066,1,CUST0025,DD-CTB-0017,2025-10-31,182,MTR,151.35,27545.7,INR,3.0,Delivered
TXN005623,HIST-2025-02066,2,CUST0025,DD-CTS-0023,2025-10-31,267,MTR,93.4,24937.8,INR,3.0,Delivered
TXN006727,HIST-2025-02471,1,CUST0113,DD-CTB-0029,2025-10-31,527,MTR,175.09,92272.43,INR,7.0,Delivered
TXN006864,HIST-2025-02526,1,CUST0098,DD-RBL-0026,2025-11-01,194,MTR,46.84,9086.96,INR,7.0,Delivered
TXN000237,HIST-2025-00085,1,CUST0095,DD-CIN-0023,2025-11-02,2094,MTR,277.96,582048.24,INR,7.0,Delivered
TXN000238,HIST-2025-00085,2,CUST0095,DD-CIN-0005,2025-11-02,193,MTR,208.41,40223.13,INR,7.0,Delivered
TXN001193,HIST-2025-00430,1,CUST0027,DD-SAT-0035,2025-11-02,343,MTR,94.06,32262.58,INR,7.0,Delivered
TXN001194,HIST-2025-00430,2,CUST0027,DD-MOD-0014,2025-11-02,446,MTR,246.7,110028.2,INR,7.0,Delivered
TXN001195,HIST-2025-00430,3,CUST0027,DD-MOD-0009,2025-11-02,288,MTR,234.81,67625.28,INR,7.0,Delivered
TXN002325,HIST-2025-00855,1,CUST0096,DD-KFT-0009,2025-11-02,303,KG,401.25,121578.75,INR,7.0,Delivered
TXN002734,HIST-2025-01008,1,CUST0102,DD-CTS-0001,2025-11-03,1488,MTR,104.89,156076.32,INR,7.0,Delivered
TXN002735,HIST-2025-01008,2,CUST0102,DD-CTB-0007,2025-11-03,1048,MTR,234.88,246154.24,INR,7.0,Delivered
TXN002736,HIST-2025-01008,3,CUST0102,DD-CTB-0023,2025-11-03,221,MTR,199.42,44071.82,INR,7.0,Delivered
TXN004154,HIST-2025-01515,1,CUST0085,DD-DNM-0021,2025-11-03,546,MTR,212.34,115937.64,INR,3.0,Delivered
TXN004155,HIST-2025-01515,2,CUST0085,DD-KSJ-0016,2025-11-03,219,KG,335.08,73382.52,INR,3.0,Delivered
TXN005630,HIST-2025-02069,1,CUST0107,DD-BDS-0009,2025-11-03,162,MTR,160.89,26064.18,INR,3.0,Delivered
TXN000916,HIST-2025-00324,1,CUST0001,DD-FLN-0016,2025-11-04,477,MTR,152.16,72580.32,INR,3.0,Delivered
TXN004562,HIST-2025-01681,1,CUST0091,DD-KFT-0001,2025-11-04,75,KG,329.95,24746.25,INR,12.0,Delivered
TXN004563,HIST-2025-01681,2,CUST0091,DD-CTB-0006,2025-11-04,1128,MTR,209.59,236417.52,INR,12.0,Delivered
TXN004564,HIST-2025-01681,3,CUST0091,DD-CTB-0012,2025-11-04,650,MTR,167.26,108719.0,INR,12.0,Delivered
TXN005365,HIST-2025-01968,1,CUST0032,DD-PGT-0017,2025-11-04,193,MTR,67.15,12959.95,INR,3.0,Delivered
TXN001980,HIST-2025-00724,1,CUST0091,DD-CTB-0006,2025-11-05,329,MTR,205.11,67481.19,INR,12.0,Delivered
TXN001981,HIST-2025-00724,2,CUST0091,DD-KFT-0024,2025-11-05,228,KG,309.66,70602.48,INR,12.0,Delivered
TXN007383,HIST-2025-02720,1,CUST0046,DD-CIN-0001,2025-11-05,232,MTR,228.06,52909.92,INR,7.0,Cancelled
TXN007384,HIST-2025-02720,2,CUST0046,DD-SUT-0014,2025-11-05,520,MTR,273.08,142001.6,INR,7.0,Delivered
TXN003134,HIST-2025-01153,1,CUST0105,DD-CTB-0001,2025-11-06,1122,MTR,158.76,178128.72,INR,12.0,Partially Delivered
TXN003135,HIST-2025-01153,2,CUST0105,DD-CTS-0022,2025-11-06,226,MTR,83.11,18782.86,INR,12.0,Delivered
TXN000339,HIST-2025-00121,1,CUST0072,DD-KFT-0023,2025-11-07,453,KG,371.75,168402.75,INR,12.0,Delivered
TXN000340,HIST-2025-00121,2,CUST0072,DD-CDV-0030,2025-11-07,998,MTR,163.33,163003.34,INR,12.0,Delivered
TXN002127,HIST-2025-00784,1,CUST0059,DD-CIN-0006,2025-11-07,551,MTR,192.47,106050.97,INR,12.0,Delivered
TXN002128,HIST-2025-00784,2,CUST0059,DD-SUT-0005,2025-11-07,913,MTR,207.8,189721.4,INR,12.0,Delivered
TXN002129,HIST-2025-00784,3,CUST0059,DD-PCS-0026,2025-11-07,202,MTR,91.02,18386.04,INR,12.0,Delivered
TXN006799,HIST-2025-02502,1,CUST0086,DD-PGT-0014,2025-11-07,841,MTR,63.85,53697.85,INR,7.0,Delivered
TXN006800,HIST-2025-02502,2,CUST0086,DD-PRB-0001,2025-11-07,1149,MTR,126.88,145785.12,INR,7.0,Cancelled
TXN006801,HIST-2025-02502,3,CUST0086,DD-LIN-0006,2025-11-07,1760,MTR,352.81,620945.6,INR,7.0,Delivered
TXN006802,HIST-2025-02502,4,CUST0086,DD-PGT-0011,2025-11-07,257,MTR,63.77,16388.89,INR,7.0,Delivered
TXN006803,HIST-2025-02502,5,CUST0086,DD-PGT-0024,2025-11-07,440,MTR,55.17,24274.8,INR,7.0,Delivered
TXN000521,HIST-2025-00189,1,CUST0022,DD-LIN-0018,2025-11-08,144,MTR,456.69,65763.36,INR,7.0,Delivered
TXN000522,HIST-2025-00189,2,CUST0022,DD-BDS-0017,2025-11-08,474,MTR,203.96,96677.04,INR,7.0,Partially Delivered
TXN003784,HIST-2025-01381,1,CUST0070,DD-PRB-0035,2025-11-08,1225,MTR,164.36,201341.0,INR,3.0,Delivered
TXN001241,HIST-2025-00447,1,CUST0077,DD-LIN-0034,2025-11-09,1653,MTR,276.24,456624.72,INR,7.0,Delivered
TXN001242,HIST-2025-00447,2,CUST0077,DD-SAT-0017,2025-11-09,1307,MTR,154.38,201774.66,INR,7.0,Partially Delivered
TXN004341,HIST-2025-01585,1,CUST0026,DD-KIR-0003,2025-11-09,325,KG,391.49,127234.25,INR,3.0,Delivered
TXN004741,HIST-2025-01742,1,CUST0108,DD-KIR-0001,2025-11-09,233,KG,328.09,76444.97,INR,12.0,Delivered
TXN004742,HIST-2025-01742,2,CUST0108,DD-TWL-0017,2025-11-09,961,PCS,201.94,194064.34,INR,12.0,Delivered
TXN007455,HIST-2025-02748,1,CUST0028,DD-SAT-0013,2025-11-09,130,MTR,170.73,22194.9,INR,3.0,Delivered
TXN000296,HIST-2025-00103,1,CUST0039,DD-KSJ-0002,2025-11-10,52,KG,475.0,24700.0,INR,7.0,Delivered
TXN000297,HIST-2025-00103,2,CUST0039,DD-CTB-0015,2025-11-10,2206,MTR,156.19,344555.14,INR,7.0,Delivered
TXN000298,HIST-2025-00103,3,CUST0039,DD-DNM-0022,2025-11-10,292,MTR,200.02,58405.84,INR,7.0,Delivered
TXN000299,HIST-2025-00103,4,CUST0039,DD-CTB-0011,2025-11-10,297,MTR,175.49,52120.53,INR,7.0,Delivered
TXN005385,HIST-2025-01975,1,CUST0134,DD-FLN-0003,2025-11-10,261,MTR,161.61,42180.21,INR,3.0,Delivered
TXN005386,HIST-2025-01975,2,CUST0134,DD-CIN-0007,2025-11-10,204,MTR,256.2,52264.8,INR,3.0,Delivered
TXN005387,HIST-2025-01975,3,CUST0134,DD-CTB-0005,2025-11-10,577,MTR,221.31,127695.87,INR,3.0,Delivered
TXN005617,HIST-2025-02064,1,CUST0076,DD-KSJ-0008,2025-11-10,153,KG,299.03,45751.59,INR,7.0,Delivered
TXN005618,HIST-2025-02064,2,CUST0076,DD-KSJ-0006,2025-11-10,280,KG,351.15,98322.0,INR,7.0,Delivered
TXN005619,HIST-2025-02064,3,CUST0076,DD-CTB-0026,2025-11-10,178,MTR,196.62,34998.36,INR,7.0,Delivered
TXN005620,HIST-2025-02064,4,CUST0076,DD-MOD-0016,2025-11-10,1176,MTR,244.77,287849.52,INR,7.0,Delivered
TXN001851,HIST-2025-00672,1,CUST0079,DD-CTS-0014,2025-11-11,1573,MTR,121.95,191827.35,INR,3.0,Delivered
TXN001852,HIST-2025-00672,2,CUST0079,DD-SUT-0023,2025-11-11,658,MTR,262.83,172942.14,INR,3.0,Delivered
TXN001853,HIST-2025-00672,3,CUST0079,DD-VSR-0019,2025-11-11,709,MTR,88.42,62689.78,INR,3.0,Delivered
TXN001854,HIST-2025-00672,4,CUST0079,DD-KSJ-0009,2025-11-11,77,KG,339.94,26175.38,INR,3.0,Delivered
TXN002709,HIST-2025-00999,1,CUST0054,DD-CIN-0025,2025-11-11,879,MTR,261.98,230280.42,INR,7.0,Delivered
TXN002710,HIST-2025-00999,2,CUST0054,DD-BDS-0020,2025-11-11,420,MTR,232.5,97650.0,INR,7.0,Delivered
TXN002711,HIST-2025-00999,3,CUST0054,DD-TWL-0032,2025-11-11,179,PCS,283.08,50671.32,INR,7.0,Delivered
TXN006066,HIST-2025-02231,1,CUST0136,DD-BDS-0009,2025-11-11,455,MTR,145.46,66184.3,INR,12.0,Delivered
TXN001463,HIST-2025-00532,1,CUST0084,DD-CIN-0023,2025-11-12,459,MTR,271.11,124439.49,INR,12.0,Delivered
TXN001464,HIST-2025-00532,2,CUST0084,DD-CIN-0014,2025-11-12,287,MTR,216.5,62135.5,INR,12.0,Delivered
TXN003377,HIST-2025-01238,1,CUST0073,DD-BDS-0002,2025-11-12,447,MTR,219.48,98107.56,INR,12.0,Delivered
TXN003378,HIST-2025-01238,2,CUST0073,DD-TWL-0024,2025-11-12,213,PCS,203.02,43243.26,INR,12.0,Delivered
TXN007045,HIST-2025-02591,1,CUST0096,DD-CTB-0011,2025-11-12,393,MTR,161.91,63630.63,INR,7.0,Delivered
TXN007046,HIST-2025-02591,2,CUST0096,DD-CTB-0002,2025-11-12,830,MTR,156.82,130160.6,INR,7.0,Delivered
TXN007052,HIST-2025-02593,1,CUST0102,DD-KSJ-0007,2025-11-12,431,KG,347.22,149651.82,INR,7.0,Delivered
TXN007053,HIST-2025-02593,2,CUST0102,DD-KSJ-0015,2025-11-12,260,KG,341.29,88735.4,INR,7.0,Delivered
TXN007054,HIST-2025-02593,3,CUST0102,DD-CTB-0007,2025-11-12,606,MTR,238.21,144355.26,INR,7.0,Delivered
TXN007055,HIST-2025-02593,4,CUST0102,DD-KIR-0008,2025-11-12,77,KG,391.51,30146.27,INR,7.0,Delivered
TXN006229,HIST-2025-02283,1,CUST0085,DD-LIN-0028,2025-11-13,357,MTR,267.36,95447.52,INR,3.0,Delivered
TXN006230,HIST-2025-02283,2,CUST0085,DD-MOD-0004,2025-11-13,142,MTR,214.27,30426.34,INR,3.0,Delivered
TXN006231,HIST-2025-02283,3,CUST0085,DD-LIN-0006,2025-11-13,574,MTR,361.06,207248.44,INR,3.0,Delivered
TXN006232,HIST-2025-02283,4,CUST0085,DD-CTS-0015,2025-11-13,1928,MTR,119.86,231090.08,INR,3.0,Delivered
TXN006511,HIST-2025-02386,1,CUST0118,DD-CIN-0021,2025-11-13,808,MTR,271.59,219444.72,INR,7.0,Delivered
TXN006512,HIST-2025-02386,2,CUST0118,DD-TWL-0015,2025-11-13,92,PCS,214.71,19753.32,INR,7.0,Delivered
TXN006513,HIST-2025-02386,3,CUST0118,DD-KIR-0001,2025-11-13,224,KG,330.81,74101.44,INR,7.0,Delivered
TXN006514,HIST-2025-02386,4,CUST0118,DD-TWL-0007,2025-11-13,1373,PCS,248.89,341725.97,INR,7.0,Partially Delivered
TXN006515,HIST-2025-02386,5,CUST0118,DD-SUT-0017,2025-11-13,363,MTR,202.52,73514.76,INR,7.0,Delivered
TXN001424,HIST-2025-00518,1,CUST0122,DD-PCS-0015,2025-11-14,1328,MTR,99.39,131989.92,INR,3.0,Delivered
TXN001425,HIST-2025-00518,2,CUST0122,DD-CIN-0012,2025-11-14,441,MTR,204.15,90030.15,INR,3.0,Delivered
TXN001426,HIST-2025-00518,3,CUST0122,DD-FLN-0006,2025-11-14,989,MTR,197.9,195723.1,INR,3.0,Delivered
TXN001427,HIST-2025-00518,4,CUST0122,DD-FLN-0033,2025-11-14,140,MTR,157.36,22030.4,INR,3.0,Delivered
TXN001428,HIST-2025-00518,5,CUST0122,DD-CTB-0003,2025-11-14,1195,MTR,172.23,205814.85,INR,3.0,Delivered
TXN003037,HIST-2025-01119,1,CUST0086,DD-LIN-0006,2025-11-14,680,MTR,352.27,239543.6,INR,7.0,Delivered
TXN003038,HIST-2025-01119,2,CUST0086,DD-PGT-0015,2025-11-14,130,MTR,67.05,8716.5,INR,7.0,Delivered
TXN003189,HIST-2025-01171,1,CUST0122,DD-CIN-0012,2025-11-14,207,MTR,206.97,42842.79,INR,3.0,Delivered
TXN003190,HIST-2025-01171,2,CUST0122,DD-FLN-0006,2025-11-14,320,MTR,200.12,64038.4,INR,3.0,Delivered
TXN003191,HIST-2025-01171,3,CUST0122,DD-PCS-0029,2025-11-14,883,MTR,104.17,91982.11,INR,3.0,Delivered
TXN003192,HIST-2025-01171,4,CUST0122,DD-CIN-0031,2025-11-14,239,MTR,252.69,60392.91,INR,3.0,Delivered
TXN005776,HIST-2025-02122,1,CUST0047,DD-KSJ-0023,2025-11-14,281,KG,397.67,111745.27,INR,7.0,Delivered
TXN005777,HIST-2025-02122,2,CUST0047,DD-KIR-0034,2025-11-14,342,KG,462.85,158294.7,INR,7.0,Delivered
TXN005778,HIST-2025-02122,3,CUST0047,DD-KIR-0019,2025-11-14,411,KG,372.9,153261.9,INR,7.0,Partially Delivered
TXN000865,HIST-2025-00307,1,CUST0047,DD-CTB-0013,2025-11-15,367,MTR,167.66,61531.22,INR,7.0,Delivered
TXN000866,HIST-2025-00307,2,CUST0047,DD-CTB-0015,2025-11-15,605,MTR,145.47,88009.35,INR,7.0,Delivered
TXN000867,HIST-2025-00307,3,CUST0047,DD-CTB-0019,2025-11-15,1139,MTR,214.68,244520.52,INR,7.0,Delivered
TXN003132,HIST-2025-01152,1,CUST0073,DD-CIN-0008,2025-11-15,244,MTR,225.44,55007.36,INR,12.0,Delivered
TXN003133,HIST-2025-01152,2,CUST0073,DD-BDS-0002,2025-11-15,137,MTR,218.9,29989.3,INR,12.0,Delivered
TXN003795,HIST-2025-01387,1,CUST0135,DD-BDS-0018,2025-11-15,215,MTR,254.85,54792.75,INR,3.0,Partially Delivered
TXN003796,HIST-2025-01387,2,CUST0135,DD-HUP-0028,2025-11-15,390,MTR,283.51,110568.9,INR,3.0,Delivered
TXN003797,HIST-2025-01387,3,CUST0135,DD-HCT-0012,2025-11-15,1029,MTR,211.1,217221.9,INR,3.0,Delivered
TXN003798,HIST-2025-01387,4,CUST0135,DD-HCT-0030,2025-11-15,565,MTR,137.23,77534.95,INR,3.0,Delivered
TXN003799,HIST-2025-01387,5,CUST0135,DD-CIN-0021,2025-11-15,1317,MTR,279.36,367917.12,INR,3.0,Delivered
TXN004663,HIST-2025-01715,1,CUST0028,DD-PRB-0013,2025-11-16,133,MTR,140.61,18701.13,INR,3.0,Delivered
TXN007144,HIST-2025-02625,1,CUST0020,DD-LIN-0019,2025-11-16,2190,MTR,436.63,956219.7,INR,7.0,Delivered
TXN007145,HIST-2025-02625,2,CUST0020,DD-CTB-0029,2025-11-16,217,MTR,163.85,35555.45,INR,7.0,Delivered
TXN001404,HIST-2025-00509,1,CUST0107,DD-CIN-0019,2025-11-17,1323,MTR,284.03,375771.69,INR,3.0,Delivered
TXN001405,HIST-2025-00509,2,CUST0107,DD-SAT-0016,2025-11-17,440,MTR,150.98,66431.2,INR,3.0,Delivered
TXN001406,HIST-2025-00509,3,CUST0107,DD-KIR-0025,2025-11-17,255,KG,415.58,105972.9,INR,3.0,Delivered
TXN003043,HIST-2025-01122,1,CUST0108,DD-HCT-0013,2025-11-17,1273,MTR,202.5,257782.5,INR,12.0,Delivered
TXN003044,HIST-2025-01122,2,CUST0108,DD-KIR-0001,2025-11-17,380,KG,330.58,125620.4,INR,12.0,Delivered
TXN003045,HIST-2025-01122,3,CUST0108,DD-TWL-0028,2025-11-17,172,PCS,217.11,37342.92,INR,12.0,Delivered
TXN003046,HIST-2025-01122,4,CUST0108,DD-RBL-0017,2025-11-17,659,MTR,61.57,40574.63,INR,12.0,Delivered
TXN003047,HIST-2025-01122,5,CUST0108,DD-BDS-0018,2025-11-17,268,MTR,225.39,60404.52,INR,12.0,Delivered
TXN003048,HIST-2025-01122,6,CUST0108,DD-CTB-0020,2025-11-17,1691,MTR,199.59,337506.69,INR,12.0,Delivered
TXN003648,HIST-2025-01325,1,CUST0071,DD-MOD-0034,2025-11-18,441,MTR,288.61,127277.01,INR,7.0,Delivered
TXN003649,HIST-2025-01325,2,CUST0071,DD-DNM-0002,2025-11-18,748,MTR,241.54,180671.92,INR,7.0,Delivered
TXN003650,HIST-2025-01325,3,CUST0071,DD-LIN-0030,2025-11-18,280,MTR,424.34,118815.2,INR,7.0,Delivered
TXN005272,HIST-2025-01938,1,CUST0020,DD-CTB-0029,2025-11-18,226,MTR,163.14,36869.64,INR,7.0,Delivered
TXN005273,HIST-2025-01938,2,CUST0020,DD-CTB-0002,2025-11-18,335,MTR,166.36,55730.6,INR,7.0,Delivered
TXN005274,HIST-2025-01938,3,CUST0020,DD-CTB-0014,2025-11-18,141,MTR,163.03,22987.23,INR,7.0,Delivered
TXN005275,HIST-2025-01938,4,CUST0020,DD-DNM-0025,2025-11-18,409,MTR,218.85,89509.65,INR,7.0,Delivered
TXN000159,HIST-2025-00055,1,CUST0119,DD-SAT-0025,2025-11-20,163,MTR,162.27,26450.01,INR,7.0,Delivered
TXN000160,HIST-2025-00055,2,CUST0119,DD-PGT-0023,2025-11-20,169,MTR,49.2,8314.8,INR,7.0,Delivered
TXN000161,HIST-2025-00055,3,CUST0119,DD-SAT-0022,2025-11-20,284,MTR,138.36,39294.24,INR,7.0,Delivered
TXN000162,HIST-2025-00055,4,CUST0119,DD-PRB-0030,2025-11-20,416,MTR,156.4,65062.4,INR,7.0,Partially Delivered
TXN000742,HIST-2025-00265,1,CUST0135,DD-HUP-0028,2025-11-20,315,MTR,285.32,89875.8,INR,3.0,Delivered
TXN000743,HIST-2025-00265,2,CUST0135,DD-HCT-0030,2025-11-20,898,MTR,139.28,125073.44,INR,3.0,Delivered
TXN000744,HIST-2025-00265,3,CUST0135,DD-HCT-0012,2025-11-20,254,MTR,209.32,53167.28,INR,3.0,Delivered
TXN000745,HIST-2025-00265,4,CUST0135,DD-CIN-0021,2025-11-20,2213,MTR,283.18,626677.34,INR,3.0,Delivered
TXN000746,HIST-2025-00265,5,CUST0135,DD-BDS-0018,2025-11-20,634,MTR,255.44,161948.96,INR,3.0,Delivered
TXN004528,HIST-2025-01668,1,CUST0120,DD-KIR-0023,2025-11-20,67,KG,357.26,23936.42,INR,7.0,Delivered
TXN004529,HIST-2025-01668,2,CUST0120,DD-MOD-0008,2025-11-20,510,MTR,233.62,119146.2,INR,7.0,Delivered
TXN004530,HIST-2025-01668,3,CUST0120,DD-SUT-0028,2025-11-20,2044,MTR,206.61,422310.84,INR,7.0,Delivered
TXN000242,HIST-2025-00087,1,CUST0108,DD-PCS-0029,2025-11-21,1617,MTR,92.9,150219.3,INR,12.0,Delivered
TXN001167,HIST-2025-00422,1,CUST0087,DD-CTS-0011,2025-11-21,243,MTR,136.54,33179.22,INR,7.0,Delivered
TXN003739,HIST-2025-01361,1,CUST0116,DD-KIR-0018,2025-11-21,532,KG,484.44,257722.08,INR,7.0,Delivered
TXN003740,HIST-2025-01361,2,CUST0116,DD-MOD-0031,2025-11-21,1342,MTR,177.42,238097.64,INR,7.0,Delivered
TXN003741,HIST-2025-01361,3,CUST0116,DD-HCT-0028,2025-11-21,525,MTR,133.19,69924.75,INR,7.0,Delivered
TXN004017,HIST-2025-01467,1,CUST0038,DD-HUP-0004,2025-11-21,356,MTR,294.97,105009.32,INR,12.0,Delivered
TXN006772,HIST-2025-02489,1,CUST0073,DD-BDS-0027,2025-11-21,1045,MTR,216.97,226733.65,INR,12.0,Delivered
TXN006773,HIST-2025-02489,2,CUST0073,DD-TWL-0024,2025-11-21,574,PCS,198.81,114116.94,INR,12.0,Delivered
TXN006774,HIST-2025-02489,3,CUST0073,DD-HUP-0026,2025-11-21,165,MTR,250.72,41368.8,INR,12.0,Delivered
TXN006775,HIST-2025-02489,4,CUST0073,DD-CIN-0008,2025-11-21,1153,MTR,226.84,261546.52,INR,12.0,Delivered
TXN006776,HIST-2025-02489,5,CUST0073,DD-BDS-0002,2025-11-21,327,MTR,222.23,72669.21,INR,12.0,Delivered
TXN001819,HIST-2025-00660,1,CUST0081,DD-LIN-0027,2025-11-22,546,MTR,264.67,144509.82,INR,7.0,Delivered
TXN001820,HIST-2025-00660,2,CUST0081,DD-PGT-0008,2025-11-22,146,MTR,70.06,10228.76,INR,7.0,Delivered
TXN001821,HIST-2025-00660,3,CUST0081,DD-LIN-0028,2025-11-22,444,MTR,249.64,110840.16,INR,7.0,Delivered
TXN001822,HIST-2025-00660,4,CUST0081,DD-SAT-0021,2025-11-22,268,MTR,143.06,38340.08,INR,7.0,Delivered
TXN001823,HIST-2025-00660,5,CUST0081,DD-LIN-0035,2025-11-22,194,MTR,291.39,56529.66,INR,7.0,Delivered
TXN004646,HIST-2025-01708,1,CUST0114,DD-CDV-0025,2025-11-22,1777,MTR,189.65,337008.05,INR,12.0,Delivered
TXN005558,HIST-2025-02044,1,CUST0003,DD-CIN-0001,2025-11-22,966,MTR,223.24,215649.84,INR,7.0,Delivered
TXN005559,HIST-2025-02044,2,CUST0003,DD-SUT-0030,2025-11-22,441,MTR,202.7,89390.7,INR,7.0,Delivered
TXN005560,HIST-2025-02044,3,CUST0003,DD-SUT-0007,2025-11-22,433,MTR,193.32,83707.56,INR,7.0,Delivered
TXN005561,HIST-2025-02044,4,CUST0003,DD-PCS-0033,2025-11-22,1009,MTR,100.57,101475.13,INR,7.0,Delivered
TXN005562,HIST-2025-02044,5,CUST0003,DD-SUT-0013,2025-11-22,499,MTR,266.39,132928.61,INR,7.0,Delivered
TXN006057,HIST-2025-02228,1,CUST0028,DD-VSR-0032,2025-11-22,271,MTR,118.17,32024.07,INR,3.0,Partially Delivered
TXN006058,HIST-2025-02228,2,CUST0028,DD-SAT-0005,2025-11-22,244,MTR,181.49,44283.56,INR,3.0,Delivered
TXN006059,HIST-2025-02228,3,CUST0028,DD-SAT-0016,2025-11-22,530,MTR,152.86,81015.8,INR,3.0,Delivered
TXN006060,HIST-2025-02228,4,CUST0028,DD-MOD-0007,2025-11-22,1749,MTR,246.46,431058.54,INR,3.0,Delivered
TXN000870,HIST-2025-00309,1,CUST0091,DD-CTB-0026,2025-11-24,1704,MTR,183.32,312377.28,INR,12.0,Delivered
TXN000871,HIST-2025-00309,2,CUST0091,DD-CTB-0006,2025-11-24,861,MTR,207.82,178933.02,INR,12.0,Delivered
TXN000872,HIST-2025-00309,3,CUST0091,DD-KIR-0025,2025-11-24,527,KG,367.89,193878.03,INR,12.0,Delivered
TXN001219,HIST-2025-00439,1,CUST0108,DD-TWL-0020,2025-11-25,1017,PCS,200.88,204294.96,INR,12.0,Delivered
TXN001220,HIST-2025-00439,2,CUST0108,DD-PRB-0027,2025-11-25,622,MTR,104.98,65297.56,INR,12.0,Delivered
TXN001221,HIST-2025-00439,3,CUST0108,DD-HCT-0013,2025-11-25,392,MTR,202.69,79454.48,INR,12.0,Delivered
TXN002020,HIST-2025-00741,1,CUST0097,DD-LIN-0011,2025-11-25,882,MTR,423.17,373235.94,INR,3.0,Delivered
TXN002021,HIST-2025-00741,2,CUST0097,DD-PRB-0016,2025-11-25,129,MTR,110.3,14228.7,INR,3.0,Delivered
TXN002022,HIST-2025-00741,3,CUST0097,DD-VSR-0019,2025-11-25,2180,MTR,90.17,196570.6,INR,3.0,Delivered
TXN004852,HIST-2025-01782,1,CUST0017,DD-KIR-0024,2025-11-25,396,KG,365.95,144916.2,INR,7.0,Delivered
TXN004853,HIST-2025-01782,2,CUST0017,DD-KIR-0011,2025-11-25,256,KG,451.44,115568.64,INR,7.0,Delivered
TXN004854,HIST-2025-01782,3,CUST0017,DD-KFT-0021,2025-11-25,218,KG,392.55,85575.9,INR,7.0,Delivered
TXN004855,HIST-2025-01782,4,CUST0017,DD-DNM-0024,2025-11-25,1362,MTR,210.42,286592.04,INR,7.0,Delivered
TXN004856,HIST-2025-01782,5,CUST0017,DD-DNM-0015,2025-11-25,347,MTR,176.14,61120.58,INR,7.0,Delivered
TXN005713,HIST-2025-02095,1,CUST0077,DD-VSR-0020,2025-11-25,172,MTR,113.19,19468.68,INR,7.0,Delivered
TXN005714,HIST-2025-02095,2,CUST0077,DD-SUT-0015,2025-11-25,297,MTR,281.99,83751.03,INR,7.0,Delivered
TXN006827,HIST-2025-02514,1,CUST0015,DD-HCT-0035,2025-11-25,273,MTR,237.58,64859.34,INR,3.0,Delivered
TXN006828,HIST-2025-02514,2,CUST0015,DD-BDS-0007,2025-11-25,131,MTR,157.98,20695.38,INR,3.0,Delivered
TXN006983,HIST-2025-02571,1,CUST0127,DD-CTB-0033,2025-11-25,128,MTR,231.49,29630.72,INR,3.0,Delivered
TXN000762,HIST-2025-00270,1,CUST0088,DD-TWL-0025,2025-11-26,474,PCS,213.33,101118.42,INR,12.0,Delivered
TXN000763,HIST-2025-00270,2,CUST0088,DD-TWL-0007,2025-11-26,687,PCS,229.87,157920.69,INR,12.0,Cancelled
TXN000764,HIST-2025-00270,3,CUST0088,DD-CIN-0011,2025-11-26,570,MTR,213.98,121968.6,INR,12.0,Delivered
TXN000765,HIST-2025-00270,4,CUST0088,DD-TWL-0012,2025-11-26,732,PCS,191.39,140097.48,INR,12.0,Delivered
TXN001020,HIST-2025-00367,1,CUST0096,DD-DNM-0026,2025-11-26,2044,MTR,216.14,441790.16,INR,7.0,Delivered
TXN001021,HIST-2025-00367,2,CUST0096,DD-CTB-0024,2025-11-26,175,MTR,198.42,34723.5,INR,7.0,Partially Delivered
TXN001022,HIST-2025-00367,3,CUST0096,DD-CTS-0022,2025-11-26,489,MTR,90.1,44058.9,INR,7.0,Delivered
TXN001025,HIST-2025-00369,1,CUST0044,DD-HUP-0002,2025-11-26,1222,MTR,298.99,365365.78,INR,7.0,Partially Delivered
TXN003939,HIST-2025-01442,1,CUST0108,DD-CTS-0005,2025-11-27,2134,MTR,115.32,246092.88,INR,12.0,Delivered
TXN003940,HIST-2025-01442,2,CUST0108,DD-CTB-0027,2025-11-27,335,MTR,154.98,51918.3,INR,12.0,Delivered
TXN003941,HIST-2025-01442,3,CUST0108,DD-KIR-0012,2025-11-27,220,KG,446.98,98335.6,INR,12.0,Delivered
TXN003942,HIST-2025-01442,4,CUST0108,DD-HUP-0007,2025-11-27,555,MTR,309.17,171589.35,INR,12.0,Partially Delivered
TXN003943,HIST-2025-01442,5,CUST0108,DD-BDS-0011,2025-11-27,299,MTR,152.35,45552.65,INR,12.0,Delivered
TXN004916,HIST-2025-01803,1,CUST0046,DD-FLN-0003,2025-11-27,442,MTR,153.73,67948.66,INR,7.0,Delivered
TXN006771,HIST-2025-02488,1,CUST0046,DD-FLN-0022,2025-11-27,1075,MTR,176.41,189640.75,INR,7.0,Delivered
TXN002064,HIST-2025-00757,1,CUST0030,DD-KIR-0007,2025-11-28,389,KG,368.07,143179.23,INR,12.0,Delivered
TXN001532,HIST-2025-00558,1,CUST0111,DD-LIN-0025,2025-11-29,1312,MTR,252.49,331266.88,INR,12.0,Delivered
TXN001533,HIST-2025-00558,2,CUST0111,DD-VSR-0031,2025-11-29,235,MTR,109.14,25647.9,INR,12.0,Delivered
TXN001534,HIST-2025-00558,3,CUST0111,DD-PRB-0034,2025-11-29,317,MTR,138.79,43996.43,INR,12.0,Partially Delivered
TXN002482,HIST-2025-00915,1,CUST0004,DD-CTS-0022,2025-11-29,549,MTR,97.85,53719.65,INR,3.0,Delivered
TXN002483,HIST-2025-00915,2,CUST0004,DD-DNM-0034,2025-11-29,1517,MTR,307.31,466189.27,INR,3.0,Partially Delivered
TXN002484,HIST-2025-00915,3,CUST0004,DD-CTS-0009,2025-11-29,470,MTR,138.81,65240.7,INR,3.0,Delivered
TXN002485,HIST-2025-00915,4,CUST0004,DD-LIN-0013,2025-11-29,246,MTR,404.42,99487.32,INR,3.0,Delivered
TXN002486,HIST-2025-00915,5,CUST0004,DD-DNM-0029,2025-11-29,873,MTR,333.95,291538.35,INR,3.0,Partially Delivered
TXN001095,HIST-2025-00394,1,CUST0012,DD-CTB-0001,2025-11-30,301,MTR,185.99,55982.99,INR,3.0,Delivered
TXN004965,HIST-2025-01821,1,CUST0056,DD-KFT-0010,2025-12-01,325,KG,397.84,129298.0,INR,12.0,Delivered
TXN004966,HIST-2025-01821,2,CUST0056,DD-DNM-0014,2025-12-01,2164,MTR,166.48,360262.72,INR,12.0,Delivered
TXN004967,HIST-2025-01821,3,CUST0056,DD-KFT-0017,2025-12-01,271,KG,294.02,79679.42,INR,12.0,Delivered
TXN005947,HIST-2025-02189,1,CUST0077,DD-VSR-0020,2025-12-01,1373,MTR,112.57,154558.61,INR,7.0,Delivered
TXN005948,HIST-2025-02189,2,CUST0077,DD-PCS-0004,2025-12-01,236,MTR,83.83,19783.88,INR,7.0,Delivered
TXN005949,HIST-2025-02189,3,CUST0077,DD-RBL-0027,2025-12-01,527,MTR,45.67,24068.09,INR,7.0,Delivered
TXN005950,HIST-2025-02189,4,CUST0077,DD-RBL-0004,2025-12-01,635,MTR,47.48,30149.8,INR,7.0,Delivered
TXN005951,HIST-2025-02189,5,CUST0077,DD-CIN-0008,2025-12-01,261,MTR,240.59,62793.99,INR,7.0,Delivered
TXN006635,HIST-2025-02435,1,CUST0058,DD-CTB-0027,2025-12-01,157,MTR,165.93,26051.01,INR,7.0,Delivered
TXN006636,HIST-2025-02435,2,CUST0058,DD-CTB-0024,2025-12-01,903,MTR,188.03,169791.09,INR,7.0,Delivered
TXN006637,HIST-2025-02435,3,CUST0058,DD-KFT-0024,2025-12-01,280,KG,339.15,94962.0,INR,7.0,Delivered
TXN000177,HIST-2025-00061,1,CUST0114,DD-HCT-0011,2025-12-02,517,MTR,193.13,99848.21,INR,12.0,Delivered
TXN000701,HIST-2025-00249,1,CUST0077,DD-CIN-0008,2025-12-02,165,MTR,236.87,39083.55,INR,7.0,Delivered
TXN000702,HIST-2025-00249,2,CUST0077,DD-LIN-0024,2025-12-02,1349,MTR,262.67,354341.83,INR,7.0,Delivered
TXN000703,HIST-2025-00249,3,CUST0077,DD-KIR-0010,2025-12-02,405,KG,434.13,175822.65,INR,7.0,Delivered
TXN002639,HIST-2025-00975,1,CUST0058,DD-CTB-0027,2025-12-02,373,MTR,168.4,62813.2,INR,7.0,Delivered
TXN002640,HIST-2025-00975,2,CUST0058,DD-DNM-0012,2025-12-02,598,MTR,177.0,105846.0,INR,7.0,Delivered
TXN002641,HIST-2025-00975,3,CUST0058,DD-CTB-0028,2025-12-02,534,MTR,177.12,94582.08,INR,7.0,Delivered
TXN005535,HIST-2025-02035,1,CUST0076,DD-LIN-0003,2025-12-03,320,MTR,443.9,142048.0,INR,7.0,Delivered
TXN005536,HIST-2025-02035,2,CUST0076,DD-CTS-0014,2025-12-03,193,MTR,121.39,23428.27,INR,7.0,Delivered
TXN005537,HIST-2025-02035,3,CUST0076,DD-KSJ-0006,2025-12-03,111,KG,348.31,38662.41,INR,7.0,Delivered
TXN005538,HIST-2025-02035,4,CUST0076,DD-CTB-0031,2025-12-03,2015,MTR,163.28,329009.2,INR,7.0,Delivered
TXN006585,HIST-2025-02416,1,CUST0047,DD-KIR-0019,2025-12-03,239,KG,372.91,89125.49,INR,7.0,Delivered
TXN006586,HIST-2025-02416,2,CUST0047,DD-DNM-0020,2025-12-03,186,MTR,237.05,44091.3,INR,7.0,Delivered
TXN001351,HIST-2025-00487,1,CUST0133,DD-PGT-0005,2025-12-05,301,MTR,72.51,21825.51,INR,7.0,Delivered
TXN001352,HIST-2025-00487,2,CUST0133,DD-SAT-0036,2025-12-05,1091,MTR,100.07,109176.37,INR,7.0,Delivered
TXN001353,HIST-2025-00487,3,CUST0133,DD-VSR-0025,2025-12-05,613,MTR,106.34,65186.42,INR,7.0,Cancelled
TXN002348,HIST-2025-00864,1,CUST0058,DD-KFT-0024,2025-12-05,54,KG,342.73,18507.42,INR,7.0,Partially Delivered
TXN002782,HIST-2025-01028,1,CUST0126,DD-DNM-0005,2025-12-05,1054,MTR,232.32,244865.28,INR,7.0,Delivered
TXN006871,HIST-2025-02528,1,CUST0096,DD-KFT-0028,2025-12-05,78,KG,238.98,18640.44,INR,7.0,Delivered
TXN006872,HIST-2025-02528,2,CUST0096,DD-CTS-0022,2025-12-05,438,MTR,88.48,38754.24,INR,7.0,Delivered
TXN006873,HIST-2025-02528,3,CUST0096,DD-KSJ-0015,2025-12-05,131,KG,324.02,42446.62,INR,7.0,Delivered
TXN006874,HIST-2025-02528,4,CUST0096,DD-CTB-0024,2025-12-05,366,MTR,202.67,74177.22,INR,7.0,Delivered
TXN006875,HIST-2025-02528,5,CUST0096,DD-KIR-0023,2025-12-05,80,KG,384.36,30748.8,INR,7.0,Delivered
TXN006876,HIST-2025-02528,6,CUST0096,DD-CTS-0003,2025-12-05,1984,MTR,100.11,198618.24,INR,7.0,Delivered
TXN000036,HIST-2025-00015,1,CUST0047,DD-CTB-0019,2025-12-06,1126,MTR,213.27,240142.02,INR,7.0,Delivered
TXN000037,HIST-2025-00015,2,CUST0047,DD-CTB-0013,2025-12-06,503,MTR,170.9,85962.7,INR,7.0,Delivered
TXN000038,HIST-2025-00015,3,CUST0047,DD-KFT-0026,2025-12-06,96,KG,328.94,31578.24,INR,7.0,Delivered
TXN000039,HIST-2025-00015,4,CUST0047,DD-KIR-0021,2025-12-06,171,KG,374.16,63981.36,INR,7.0,Cancelled
TXN004803,HIST-2025-01766,1,CUST0032,DD-TWL-0007,2025-12-06,686,PCS,248.51,170477.86,INR,3.0,Delivered
TXN004804,HIST-2025-01766,2,CUST0032,DD-PGT-0010,2025-12-06,621,MTR,70.45,43749.45,INR,3.0,Delivered
TXN003301,HIST-2025-01210,1,CUST0007,DD-KFT-0004,2025-12-07,505,KG,334.62,168983.1,INR,7.0,Delivered
TXN006753,HIST-2025-02482,1,CUST0032,DD-CTB-0006,2025-12-07,253,MTR,222.16,56206.48,INR,3.0,Delivered
TXN007286,HIST-2025-02682,1,CUST0007,DD-CTB-0031,2025-12-07,137,MTR,160.45,21981.65,INR,7.0,Delivered
TXN007287,HIST-2025-02682,2,CUST0007,DD-KFT-0025,2025-12-07,205,KG,348.75,71493.75,INR,7.0,Delivered
TXN007288,HIST-2025-02682,3,CUST0007,DD-CTS-0017,2025-12-07,1513,MTR,92.67,140209.71,INR,7.0,Cancelled
TXN007289,HIST-2025-02682,4,CUST0007,DD-KFT-0004,2025-12-07,282,KG,339.0,95598.0,INR,7.0,Delivered
TXN002495,HIST-2025-00919,1,CUST0070,DD-LIN-0003,2025-12-08,515,MTR,428.46,220656.9,INR,3.0,Delivered
TXN002496,HIST-2025-00919,2,CUST0070,DD-CTB-0003,2025-12-08,1333,MTR,176.68,235514.44,INR,3.0,Delivered
TXN003665,HIST-2025-01330,1,CUST0134,DD-CTB-0017,2025-12-08,207,MTR,149.69,30985.83,INR,3.0,Delivered
TXN003666,HIST-2025-01330,2,CUST0134,DD-CTB-0012,2025-12-08,1140,MTR,185.6,211584.0,INR,3.0,Delivered
TXN003667,HIST-2025-01330,3,CUST0134,DD-CTB-0005,2025-12-08,1485,MTR,222.2,329967.0,INR,3.0,Delivered
TXN002469,HIST-2025-00909,1,CUST0114,DD-PRB-0028,2025-12-11,1247,MTR,101.19,126183.93,INR,12.0,Delivered
TXN002470,HIST-2025-00909,2,CUST0114,DD-PCS-0032,2025-12-11,2123,MTR,79.9,169627.7,INR,12.0,Delivered
TXN002471,HIST-2025-00909,3,CUST0114,DD-FLN-0012,2025-12-11,137,MTR,128.09,17548.33,INR,12.0,Partially Delivered
TXN002472,HIST-2025-00909,4,CUST0114,DD-MOD-0022,2025-12-11,484,MTR,217.68,105357.12,INR,12.0,Delivered
TXN002473,HIST-2025-00909,5,CUST0114,DD-CDV-0025,2025-12-11,441,MTR,189.24,83454.84,INR,12.0,Delivered
TXN004391,HIST-2025-01608,1,CUST0031,DD-KIR-0035,2025-12-12,431,KG,496.71,214082.01,INR,7.0,Delivered
TXN004392,HIST-2025-01608,2,CUST0031,DD-CTB-0024,2025-12-12,543,MTR,192.37,104456.91,INR,7.0,Delivered
TXN004393,HIST-2025-01608,3,CUST0031,DD-KFT-0025,2025-12-12,244,KG,362.07,88345.08,INR,7.0,Delivered
TXN004394,HIST-2025-01608,4,CUST0031,DD-KFT-0011,2025-12-12,97,KG,402.69,39060.93,INR,7.0,Delivered
TXN004395,HIST-2025-01608,5,CUST0031,DD-CTS-0024,2025-12-12,537,MTR,87.12,46783.44,INR,7.0,Delivered
TXN002811,HIST-2025-01036,1,CUST0105,DD-KSJ-0027,2025-12-13,56,KG,306.41,17158.96,INR,12.0,Delivered
TXN002812,HIST-2025-01036,2,CUST0105,DD-CTS-0027,2025-12-13,2211,MTR,82.81,183092.91,INR,12.0,Delivered
TXN002813,HIST-2025-01036,3,CUST0105,DD-CTB-0001,2025-12-13,428,MTR,162.85,69699.8,INR,12.0,Delivered
TXN002814,HIST-2025-01036,4,CUST0105,DD-MOD-0011,2025-12-13,584,MTR,242.57,141660.88,INR,12.0,Delivered
TXN004524,HIST-2025-01666,1,CUST0111,DD-PRB-0012,2025-12-13,2254,MTR,140.53,316754.62,INR,12.0,Delivered
TXN004525,HIST-2025-01666,2,CUST0111,DD-VSR-0019,2025-12-13,2058,MTR,83.37,171575.46,INR,12.0,Delivered
TXN003480,HIST-2025-01276,1,CUST0047,DD-DNM-0022,2025-12-14,535,MTR,206.36,110402.6,INR,7.0,Cancelled
TXN003481,HIST-2025-01276,2,CUST0047,DD-CTB-0013,2025-12-14,432,MTR,167.93,72545.76,INR,7.0,Cancelled
TXN003482,HIST-2025-01276,3,CUST0047,DD-KFT-0009,2025-12-14,479,KG,399.35,191288.65,INR,7.0,Delivered
TXN003483,HIST-2025-01276,4,CUST0047,DD-CTB-0006,2025-12-14,524,MTR,214.31,112298.44,INR,7.0,Delivered
TXN003484,HIST-2025-01276,5,CUST0047,DD-KSJ-0023,2025-12-14,214,KG,397.41,85045.74,INR,7.0,Delivered
TXN005201,HIST-2025-01912,1,CUST0044,DD-CIN-0024,2025-12-14,497,MTR,268.83,133608.51,INR,7.0,Partially Delivered
TXN005202,HIST-2025-01912,2,CUST0044,DD-BDS-0008,2025-12-14,456,MTR,159.79,72864.24,INR,7.0,Delivered
TXN005203,HIST-2025-01912,3,CUST0044,DD-HCT-0034,2025-12-14,746,MTR,217.37,162158.02,INR,7.0,Delivered
TXN000797,HIST-2025-00283,1,CUST0049,DD-SUT-0023,2025-12-15,2143,MTR,264.1,565966.3,INR,3.0,Delivered
TXN000798,HIST-2025-00283,2,CUST0049,DD-CIN-0025,2025-12-15,534,MTR,283.7,151495.8,INR,3.0,Delivered
TXN000799,HIST-2025-00283,3,CUST0049,DD-PCS-0010,2025-12-15,2099,MTR,77.8,163302.2,INR,3.0,Delivered
TXN000800,HIST-2025-00283,4,CUST0049,DD-FLN-0010,2025-12-15,195,MTR,187.7,36601.5,INR,3.0,Delivered
TXN000801,HIST-2025-00283,5,CUST0049,DD-FLN-0008,2025-12-15,240,MTR,199.89,47973.6,INR,3.0,Delivered
TXN001429,HIST-2025-00519,1,CUST0100,DD-DNM-0026,2025-12-15,945,MTR,227.44,214930.8,INR,3.0,Delivered
TXN001430,HIST-2025-00519,2,CUST0100,DD-CTB-0015,2025-12-15,1035,MTR,158.73,164285.55,INR,3.0,Delivered
TXN001431,HIST-2025-00519,3,CUST0100,DD-KIR-0033,2025-12-15,209,KG,444.33,92864.97,INR,3.0,Partially Delivered
TXN001432,HIST-2025-00519,4,CUST0100,DD-CTS-0016,2025-12-15,322,MTR,127.97,41206.34,INR,3.0,Delivered
TXN001433,HIST-2025-00519,5,CUST0100,DD-DNM-0017,2025-12-15,308,MTR,288.79,88947.32,INR,3.0,Delivered
TXN002266,HIST-2025-00832,1,CUST0030,DD-KSJ-0011,2025-12-15,227,KG,284.54,64590.58,INR,12.0,Delivered
TXN007041,HIST-2025-02590,1,CUST0073,DD-HCT-0028,2025-12-15,296,MTR,123.79,36641.84,INR,12.0,Delivered
TXN007042,HIST-2025-02590,2,CUST0073,DD-HUP-0008,2025-12-15,164,MTR,331.58,54379.12,INR,12.0,Delivered
TXN007043,HIST-2025-02590,3,CUST0073,DD-BDS-0002,2025-12-15,306,MTR,222.4,68054.4,INR,12.0,Delivered
TXN007044,HIST-2025-02590,4,CUST0073,DD-TWL-0024,2025-12-15,337,PCS,201.46,67892.02,INR,12.0,Delivered
TXN000416,HIST-2025-00150,1,CUST0108,DD-HUP-0007,2025-12-16,1223,MTR,309.18,378127.14,INR,12.0,Delivered
TXN000417,HIST-2025-00150,2,CUST0108,DD-VSR-0014,2025-12-16,963,MTR,77.4,74536.2,INR,12.0,Delivered
TXN003751,HIST-2025-01366,1,CUST0081,DD-PGT-0008,2025-12-16,232,MTR,70.76,16416.32,INR,7.0,Delivered
TXN003752,HIST-2025-01366,2,CUST0081,DD-LIN-0027,2025-12-16,292,MTR,267.67,78159.64,INR,7.0,Delivered
TXN003753,HIST-2025-01366,3,CUST0081,DD-LIN-0035,2025-12-16,413,MTR,290.91,120145.83,INR,7.0,Delivered
TXN003754,HIST-2025-01366,4,CUST0081,DD-LIN-0028,2025-12-16,195,MTR,251.45,49032.75,INR,7.0,Delivered
TXN001044,HIST-2025-00377,1,CUST0053,DD-CTB-0018,2025-12-17,184,MTR,157.9,29053.6,INR,3.0,Delivered
TXN001045,HIST-2025-00377,2,CUST0053,DD-PCS-0005,2025-12-17,880,MTR,85.99,75671.2,INR,3.0,Delivered
TXN001046,HIST-2025-00377,3,CUST0053,DD-CTB-0007,2025-12-17,765,MTR,245.46,187776.9,INR,3.0,Delivered
TXN001047,HIST-2025-00377,4,CUST0053,DD-SUT-0018,2025-12-17,1784,MTR,212.31,378761.04,INR,3.0,Delivered
TXN002417,HIST-2025-00888,1,CUST0013,DD-KSJ-0014,2025-12-17,103,KG,334.86,34490.58,INR,3.0,Delivered
TXN002418,HIST-2025-00888,2,CUST0013,DD-MOD-0025,2025-12-17,191,MTR,170.32,32531.12,INR,3.0,Delivered
TXN006125,HIST-2025-02249,1,CUST0044,DD-HUP-0002,2025-12-18,1066,MTR,302.28,322230.48,INR,7.0,Delivered
TXN006126,HIST-2025-02249,2,CUST0044,DD-BDS-0026,2025-12-18,1100,MTR,224.48,246928.0,INR,7.0,Delivered
TXN006127,HIST-2025-02249,3,CUST0044,DD-BDS-0008,2025-12-18,901,MTR,159.32,143547.32,INR,7.0,Delivered
TXN006128,HIST-2025-02249,4,CUST0044,DD-HCT-0032,2025-12-18,2281,MTR,159.29,363340.49,INR,7.0,Delivered
TXN006129,HIST-2025-02249,5,CUST0044,DD-HCT-0034,2025-12-18,1649,MTR,223.6,368716.4,INR,7.0,Delivered
TXN006366,HIST-2025-02337,1,CUST0053,DD-CTB-0007,2025-12-18,328,MTR,242.69,79602.32,INR,3.0,Delivered
TXN000497,HIST-2025-00181,1,CUST0073,DD-CIN-0008,2025-12-19,255,MTR,231.24,58966.2,INR,12.0,Delivered
TXN000498,HIST-2025-00181,2,CUST0073,DD-HCT-0028,2025-12-19,512,MTR,121.95,62438.4,INR,12.0,Delivered
TXN000499,HIST-2025-00181,3,CUST0073,DD-HUP-0026,2025-12-19,1416,MTR,249.2,352867.2,INR,12.0,Delivered
TXN000500,HIST-2025-00181,4,CUST0073,DD-CIN-0017,2025-12-19,564,MTR,252.39,142347.96,INR,12.0,Delivered
TXN000501,HIST-2025-00181,5,CUST0073,DD-BDS-0002,2025-12-19,895,MTR,218.49,195548.55,INR,12.0,Delivered
TXN000502,HIST-2025-00181,6,CUST0073,DD-BDS-0027,2025-12-19,377,MTR,212.17,79988.09,INR,12.0,Delivered
TXN001726,HIST-2025-00627,1,CUST0046,DD-SUT-0032,2025-12-19,1704,MTR,200.17,341089.68,INR,7.0,Delivered
TXN001727,HIST-2025-00627,2,CUST0046,DD-SUT-0035,2025-12-19,1021,MTR,194.5,198584.5,INR,7.0,Delivered
TXN001728,HIST-2025-00627,3,CUST0046,DD-CIN-0001,2025-12-19,450,MTR,225.03,101263.5,INR,7.0,Delivered
TXN001729,HIST-2025-00627,4,CUST0046,DD-CTB-0027,2025-12-19,299,MTR,169.72,50746.28,INR,7.0,Delivered
TXN001730,HIST-2025-00627,5,CUST0046,DD-FLN-0003,2025-12-19,542,MTR,154.75,83874.5,INR,7.0,Delivered
TXN001731,HIST-2025-00627,6,CUST0046,DD-CTB-0001,2025-12-19,209,MTR,170.94,35726.46,INR,7.0,Delivered
TXN004797,HIST-2025-01762,1,CUST0059,DD-SUT-0018,2025-12-19,1752,MTR,199.07,348770.64,INR,12.0,Delivered
TXN006899,HIST-2025-02540,1,CUST0134,DD-CTB-0005,2025-12-19,1026,MTR,224.22,230049.72,INR,3.0,Delivered
TXN000303,HIST-2025-00105,1,CUST0028,DD-SAT-0005,2025-12-21,931,MTR,184.96,172197.76,INR,3.0,Partially Delivered
TXN000304,HIST-2025-00105,2,CUST0028,DD-SAT-0013,2025-12-21,1003,MTR,173.48,174000.44,INR,3.0,Delivered
TXN000695,HIST-2025-00248,1,CUST0120,DD-HCT-0013,2025-12-21,2050,MTR,220.34,451697.0,INR,7.0,Delivered
TXN000696,HIST-2025-00248,2,CUST0120,DD-KFT-0016,2025-12-21,402,KG,302.46,121588.92,INR,7.0,Delivered
TXN000697,HIST-2025-00248,3,CUST0120,DD-SUT-0021,2025-12-21,888,MTR,260.17,231030.96,INR,7.0,Delivered
TXN000698,HIST-2025-00248,4,CUST0120,DD-KSJ-0006,2025-12-21,159,KG,320.89,51021.51,INR,7.0,Delivered
TXN000699,HIST-2025-00248,5,CUST0120,DD-SUT-0028,2025-12-21,395,MTR,208.27,82266.65,INR,7.0,Partially Delivered
TXN000700,HIST-2025-00248,6,CUST0120,DD-PRB-0033,2025-12-21,601,MTR,157.15,94447.15,INR,7.0,Delivered
TXN001103,HIST-2025-00399,1,CUST0063,DD-KFT-0007,2025-12-22,75,KG,423.16,31737.0,INR,7.0,Delivered
TXN001104,HIST-2025-00399,2,CUST0063,DD-KIR-0031,2025-12-22,152,KG,414.15,62950.8,INR,7.0,Delivered
TXN001105,HIST-2025-00399,3,CUST0063,DD-KIR-0018,2025-12-22,470,KG,492.27,231366.9,INR,7.0,Delivered
TXN002023,HIST-2025-00742,1,CUST0007,DD-CTB-0031,2025-12-22,399,MTR,163.59,65272.41,INR,7.0,Delivered
TXN002024,HIST-2025-00742,2,CUST0007,DD-KFT-0027,2025-12-22,182,KG,349.34,63579.88,INR,7.0,Delivered
TXN002025,HIST-2025-00742,3,CUST0007,DD-KFT-0025,2025-12-22,91,KG,345.03,31397.73,INR,7.0,Partially Delivered
TXN002026,HIST-2025-00742,4,CUST0007,DD-DNM-0016,2025-12-22,140,MTR,259.66,36352.4,INR,7.0,Delivered
TXN003557,HIST-2025-01297,1,CUST0100,DD-DNM-0017,2025-12-22,302,MTR,287.68,86879.36,INR,3.0,Delivered
TXN003558,HIST-2025-01297,2,CUST0100,DD-CTB-0015,2025-12-22,474,MTR,158.85,75294.9,INR,3.0,Delivered
TXN003559,HIST-2025-01297,3,CUST0100,DD-KIR-0033,2025-12-22,69,KG,440.11,30367.59,INR,3.0,Delivered
TXN003560,HIST-2025-01297,4,CUST0100,DD-DNM-0026,2025-12-22,875,MTR,231.71,202746.25,INR,3.0,Delivered
TXN003561,HIST-2025-01297,5,CUST0100,DD-CTS-0016,2025-12-22,515,MTR,127.86,65847.9,INR,3.0,Delivered
TXN004318,HIST-2025-01576,1,CUST0077,DD-FLN-0033,2025-12-22,232,MTR,149.37,34653.84,INR,7.0,Delivered
TXN004914,HIST-2025-01802,1,CUST0007,DD-KIR-0007,2025-12-22,65,KG,387.23,25169.95,INR,7.0,Delivered
TXN004915,HIST-2025-01802,2,CUST0007,DD-DNM-0035,2025-12-22,616,MTR,202.29,124610.64,INR,7.0,Delivered
TXN001342,HIST-2025-00485,1,CUST0047,DD-DNM-0026,2025-12-24,320,MTR,210.3,67296.0,INR,7.0,Delivered
TXN001343,HIST-2025-00485,2,CUST0047,DD-CTB-0015,2025-12-24,529,MTR,147.61,78085.69,INR,7.0,Delivered
TXN001344,HIST-2025-00485,3,CUST0047,DD-CTB-0022,2025-12-24,512,MTR,222.98,114165.76,INR,7.0,Delivered
TXN001345,HIST-2025-00485,4,CUST0047,DD-KIR-0019,2025-12-24,427,KG,380.05,162281.35,INR,7.0,Delivered
TXN001346,HIST-2025-00485,5,CUST0047,DD-KFT-0003,2025-12-24,160,KG,329.1,52656.0,INR,7.0,Delivered
TXN004676,HIST-2025-01721,1,CUST0106,DD-CTB-0010,2025-12-24,2084,MTR,241.04,502327.36,INR,7.0,Delivered
TXN004677,HIST-2025-01721,2,CUST0106,DD-CTB-0030,2025-12-24,157,MTR,168.33,26427.81,INR,7.0,Delivered
TXN004678,HIST-2025-01721,3,CUST0106,DD-PCS-0007,2025-12-24,1095,MTR,92.99,101824.05,INR,7.0,Partially Delivered
TXN004973,HIST-2025-01824,1,CUST0073,DD-HUP-0008,2025-12-24,846,MTR,331.93,280812.78,INR,12.0,Delivered
TXN004974,HIST-2025-01824,2,CUST0073,DD-BDS-0027,2025-12-24,1313,MTR,212.64,279196.32,INR,12.0,Delivered
TXN005420,HIST-2025-01987,1,CUST0120,DD-FLN-0014,2025-12-24,375,MTR,126.24,47340.0,INR,7.0,Delivered
TXN005421,HIST-2025-01987,2,CUST0120,DD-KIR-0019,2025-12-24,224,KG,366.51,82098.24,INR,7.0,Delivered
TXN005422,HIST-2025-01987,3,CUST0120,DD-SUT-0021,2025-12-24,435,MTR,255.8,111273.0,INR,7.0,Delivered
TXN007121,HIST-2025-02617,1,CUST0001,DD-FLN-0021,2025-12-24,214,MTR,192.57,41209.98,INR,3.0,Delivered
TXN007122,HIST-2025-02617,2,CUST0001,DD-SUT-0025,2025-12-24,1456,MTR,235.93,343514.08,INR,3.0,Delivered
TXN000971,HIST-2025-00350,1,CUST0044,DD-TWL-0019,2025-12-25,961,PCS,218.23,209719.03,INR,7.0,Delivered
TXN000972,HIST-2025-00350,2,CUST0044,DD-BDS-0008,2025-12-25,312,MTR,163.55,51027.6,INR,7.0,Delivered
TXN005134,HIST-2025-01882,1,CUST0044,DD-CIN-0024,2025-12-25,209,MTR,273.42,57144.78,INR,7.0,Delivered
TXN005569,HIST-2025-02049,1,CUST0026,DD-KIR-0006,2025-12-25,170,KG,418.52,71148.4,INR,3.0,Delivered
TXN005570,HIST-2025-02049,2,CUST0026,DD-HCT-0006,2025-12-25,228,MTR,219.25,49989.0,INR,3.0,Delivered
TXN005571,HIST-2025-02049,3,CUST0026,DD-SUT-0015,2025-12-25,348,MTR,272.98,94997.04,INR,3.0,Delivered
TXN005572,HIST-2025-02049,4,CUST0026,DD-SUT-0002,2025-12-25,1258,MTR,210.15,264368.7,INR,3.0,Delivered
TXN001329,HIST-2025-00480,1,CUST0125,DD-CTB-0029,2025-12-26,145,MTR,170.27,24689.15,INR,7.0,Delivered
TXN001330,HIST-2025-00480,2,CUST0125,DD-DNM-0026,2025-12-26,1295,MTR,214.92,278321.4,INR,7.0,Delivered
TXN007254,HIST-2025-02669,1,CUST0099,DD-SUT-0029,2025-12-26,612,MTR,207.92,127247.04,INR,7.0,Delivered
TXN007255,HIST-2025-02669,2,CUST0099,DD-HUP-0005,2025-12-26,262,MTR,328.2,85988.4,INR,7.0,Delivered
TXN007256,HIST-2025-02669,3,CUST0099,DD-KSJ-0002,2025-12-26,210,KG,470.51,98807.1,INR,7.0,Partially Delivered
TXN000814,HIST-2025-00286,1,CUST0017,DD-DNM-0008,2025-12-27,2170,MTR,260.93,566218.1,INR,7.0,Delivered
TXN000815,HIST-2025-00286,2,CUST0017,DD-DNM-0024,2025-12-27,1599,MTR,211.35,337948.65,INR,7.0,Delivered
TXN001498,HIST-2025-00547,1,CUST0054,DD-CIN-0015,2025-12-27,229,MTR,219.63,50295.27,INR,7.0,Delivered
TXN001499,HIST-2025-00547,2,CUST0054,DD-BDS-0020,2025-12-27,2179,MTR,233.85,509559.15,INR,7.0,Delivered
TXN001500,HIST-2025-00547,3,CUST0054,DD-CIN-0009,2025-12-27,905,MTR,258.47,233915.35,INR,7.0,Delivered
TXN001501,HIST-2025-00547,4,CUST0054,DD-CIN-0008,2025-12-27,131,MTR,234.72,30748.32,INR,7.0,Delivered
TXN002103,HIST-2025-00773,1,CUST0127,DD-KFT-0028,2025-12-27,97,KG,259.7,25190.9,INR,3.0,Delivered
TXN004653,HIST-2025-01713,1,CUST0080,DD-CIN-0003,2025-12-27,514,MTR,221.02,113604.28,INR,7.0,Delivered
TXN004654,HIST-2025-01713,2,CUST0080,DD-TWL-0026,2025-12-27,534,PCS,218.86,116871.24,INR,7.0,Delivered
TXN004655,HIST-2025-01713,3,CUST0080,DD-TWL-0016,2025-12-27,93,PCS,196.92,18313.56,INR,7.0,Delivered
TXN004656,HIST-2025-01713,4,CUST0080,DD-CIN-0018,2025-12-27,430,MTR,263.22,113184.6,INR,7.0,Delivered
TXN005633,HIST-2025-02071,1,CUST0052,DD-CIN-0003,2025-12-27,1453,MTR,237.13,344549.89,INR,3.0,Delivered
TXN005634,HIST-2025-02071,2,CUST0052,DD-CIN-0028,2025-12-27,839,MTR,186.41,156397.99,INR,3.0,Delivered
TXN006818,HIST-2025-02511,1,CUST0096,DD-CTB-0002,2025-12-27,1179,MTR,158.73,187142.67,INR,7.0,Delivered
TXN006819,HIST-2025-02511,2,CUST0096,DD-KFT-0028,2025-12-27,263,KG,235.41,61912.83,INR,7.0,Delivered
TXN006820,HIST-2025-02511,3,CUST0096,DD-KIR-0031,2025-12-27,46,KG,384.94,17707.24,INR,7.0,Delivered
TXN006880,HIST-2025-02530,1,CUST0114,DD-FLN-0012,2025-12-27,163,MTR,129.82,21160.66,INR,12.0,Delivered
TXN001839,HIST-2025-00667,1,CUST0036,DD-LIN-0016,2025-12-28,736,MTR,410.66,302245.76,INR,12.0,Delivered
TXN005026,HIST-2025-01843,1,CUST0128,DD-CTB-0020,2025-12-28,506,MTR,223.68,113182.08,INR,3.0,Delivered
TXN005027,HIST-2025-01843,2,CUST0128,DD-KFT-0022,2025-12-28,85,KG,412.51,35063.35,INR,3.0,Delivered
TXN005028,HIST-2025-01843,3,CUST0128,DD-CTB-0006,2025-12-28,1353,MTR,232.15,314098.95,INR,3.0,Delivered
TXN006482,HIST-2025-02377,1,CUST0105,DD-CTS-0022,2025-12-28,1790,MTR,82.86,148319.4,INR,12.0,Delivered
TXN007130,HIST-2025-02621,1,CUST0028,DD-SAT-0007,2025-12-28,318,MTR,156.31,49706.58,INR,3.0,Delivered
TXN007131,HIST-2025-02621,2,CUST0028,DD-SAT-0013,2025-12-28,200,MTR,172.92,34584.0,INR,3.0,Delivered
TXN001765,HIST-2025-00640,1,CUST0002,DD-HUP-0012,2025-12-29,767,MTR,240.29,184302.43,INR,7.0,Delivered
TXN001766,HIST-2025-00640,2,CUST0002,DD-HUP-0017,2025-12-29,216,MTR,308.23,66577.68,INR,7.0,Delivered
TXN001767,HIST-2025-00640,3,CUST0002,DD-HCT-0022,2025-12-29,222,MTR,184.2,40892.4,INR,7.0,Delivered
TXN002588,HIST-2025-00953,1,CUST0053,DD-CTB-0001,2025-12-29,230,MTR,175.05,40261.5,INR,3.0,Delivered
TXN002589,HIST-2025-00953,2,CUST0053,DD-CTB-0007,2025-12-29,1109,MTR,248.04,275076.36,INR,3.0,Partially Delivered
TXN002590,HIST-2025-00953,3,CUST0053,DD-PCS-0005,2025-12-29,364,MTR,85.64,31172.96,INR,3.0,Delivered
TXN002591,HIST-2025-00953,4,CUST0053,DD-SUT-0021,2025-12-29,1487,MTR,273.52,406724.24,INR,3.0,Delivered
TXN003485,HIST-2025-01277,1,CUST0126,DD-MOD-0022,2025-12-29,223,MTR,222.65,49650.95,INR,7.0,Delivered
TXN003486,HIST-2025-01277,2,CUST0126,DD-MOD-0004,2025-12-29,1596,MTR,208.98,333532.08,INR,7.0,Delivered
TXN003487,HIST-2025-01277,3,CUST0126,DD-LIN-0017,2025-12-29,406,MTR,436.96,177405.76,INR,7.0,Delivered
TXN003488,HIST-2025-01277,4,CUST0126,DD-MOD-0006,2025-12-29,335,MTR,226.14,75756.9,INR,7.0,Delivered
TXN005568,HIST-2025-02048,1,CUST0128,DD-CTS-0009,2025-12-29,458,MTR,140.46,64330.68,INR,3.0,Delivered
TXN007325,HIST-2025-02697,1,CUST0121,DD-CIN-0016,2025-12-29,1065,MTR,240.41,256036.65,INR,12.0,Delivered
TXN007326,HIST-2025-02697,2,CUST0121,DD-TWL-0002,2025-12-29,307,PCS,191.59,58818.13,INR,12.0,Delivered
TXN007327,HIST-2025-02697,3,CUST0121,DD-CIN-0005,2025-12-29,724,MTR,209.58,151735.92,INR,12.0,Delivered
TXN000305,HIST-2025-00106,1,CUST0036,DD-KSJ-0019,2025-12-30,260,KG,310.12,80631.2,INR,12.0,Delivered
TXN003981,HIST-2025-01456,1,CUST0130,DD-LIN-0017,2025-12-30,315,MTR,468.51,147580.65,INR,7.0,Cancelled
TXN003982,HIST-2025-01456,2,CUST0130,DD-SAT-0015,2025-12-30,650,MTR,155.46,101049.0,INR,7.0,Delivered
TXN003983,HIST-2025-01456,3,CUST0130,DD-MOD-0028,2025-12-30,1779,MTR,150.01,266867.79,INR,7.0,Delivered
TXN003984,HIST-2025-01456,4,CUST0130,DD-LIN-0012,2025-12-30,2227,MTR,425.92,948523.84,INR,7.0,Delivered
TXN005467,HIST-2025-02005,1,CUST0032,DD-MOD-0016,2025-12-30,2226,MTR,264.73,589288.98,INR,3.0,Delivered
TXN005468,HIST-2025-02005,2,CUST0032,DD-CIN-0007,2025-12-30,173,MTR,258.62,44741.26,INR,3.0,Delivered
TXN005494,HIST-2025-02016,1,CUST0087,DD-DNM-0011,2025-12-30,686,MTR,175.08,120104.88,INR,7.0,Delivered
TXN005495,HIST-2025-02016,2,CUST0087,DD-KSJ-0014,2025-12-30,82,KG,319.81,26224.42,INR,7.0,Delivered
TXN000174,HIST-2025-00060,1,CUST0053,DD-PCS-0005,2025-12-31,226,MTR,85.99,19433.74,INR,3.0,Delivered
TXN000175,HIST-2025-00060,2,CUST0053,DD-CTB-0007,2025-12-31,516,MTR,244.09,125950.44,INR,3.0,Delivered
TXN000176,HIST-2025-00060,3,CUST0053,DD-PCS-0017,2025-12-31,1367,MTR,103.28,141183.76,INR,3.0,Delivered
TXN003307,HIST-2025-01212,1,CUST0005,DD-PRB-0011,2025-12-31,1994,MTR,131.72,262649.68,INR,12.0,Delivered
TXN003308,HIST-2025-01212,2,CUST0005,DD-MOD-0009,2025-12-31,432,MTR,210.64,90996.48,INR,12.0,Delivered
TXN003309,HIST-2025-01212,3,CUST0005,DD-LIN-0017,2025-12-31,1096,MTR,426.34,467268.64,INR,12.0,Delivered
TXN003310,HIST-2025-01212,4,CUST0005,DD-SAT-0037,2025-12-31,1939,MTR,85.71,166191.69,INR,12.0,Delivered
TXN005430,HIST-2025-01990,1,CUST0062,DD-CTS-0017,2025-12-31,137,MTR,91.57,12545.09,INR,12.0,Delivered
TXN005970,HIST-2026-02195,1,CUST0047,DD-KFT-0009,2026-01-01,377,KG,403.75,152213.75,INR,7.0,Cancelled
TXN006415,HIST-2026-02354,1,CUST0055,DD-RBL-0025,2026-01-01,1519,MTR,47.88,72729.72,INR,3.0,Delivered
TXN006416,HIST-2026-02354,2,CUST0055,DD-KFT-0023,2026-01-01,267,KG,400.98,107061.66,INR,3.0,Delivered
TXN006602,HIST-2026-02422,1,CUST0066,DD-PCS-0021,2026-01-01,215,MTR,87.51,18814.65,INR,3.0,Delivered
TXN006603,HIST-2026-02422,2,CUST0066,DD-PCS-0035,2026-01-01,470,MTR,99.54,46783.8,INR,3.0,Partially Delivered
TXN007452,HIST-2026-02747,1,CUST0079,DD-CTS-0014,2026-01-01,1985,MTR,124.3,246735.5,INR,3.0,Cancelled
TXN007453,HIST-2026-02747,2,CUST0079,DD-CIN-0027,2026-01-01,1285,MTR,188.94,242787.9,INR,3.0,Delivered
TXN007454,HIST-2026-02747,3,CUST0079,DD-DNM-0004,2026-01-01,379,MTR,234.7,88951.3,INR,3.0,Delivered
TXN001960,HIST-2026-00718,1,CUST0024,DD-CTB-0026,2026-01-02,1950,MTR,211.77,412951.5,INR,3.0,Delivered
TXN001961,HIST-2026-00718,2,CUST0024,DD-KFT-0015,2026-01-02,75,KG,278.28,20871.0,INR,3.0,Delivered
TXN004037,HIST-2026-01473,1,CUST0127,DD-CTB-0033,2026-01-02,171,MTR,232.33,39728.43,INR,3.0,Delivered
TXN004038,HIST-2026-01473,2,CUST0127,DD-KFT-0028,2026-01-02,163,KG,259.47,42293.61,INR,3.0,Delivered
TXN004039,HIST-2026-01473,3,CUST0127,DD-CTS-0024,2026-01-02,2026,MTR,90.97,184305.22,INR,3.0,Delivered
TXN004040,HIST-2026-01473,4,CUST0127,DD-CTB-0001,2026-01-02,261,MTR,180.2,47032.2,INR,3.0,Delivered
TXN004041,HIST-2026-01473,5,CUST0127,DD-DNM-0014,2026-01-02,528,MTR,178.54,94269.12,INR,3.0,Delivered
TXN001577,HIST-2026-00576,1,CUST0095,DD-CIN-0005,2026-01-03,1425,MTR,208.9,297682.5,INR,7.0,Delivered
TXN001578,HIST-2026-00576,2,CUST0095,DD-TWL-0019,2026-01-03,182,PCS,220.15,40067.3,INR,7.0,Delivered
TXN001579,HIST-2026-00576,3,CUST0095,DD-CIN-0023,2026-01-03,597,MTR,281.34,167959.98,INR,7.0,Delivered
TXN001580,HIST-2026-00576,4,CUST0095,DD-HUP-0027,2026-01-03,1242,MTR,273.08,339165.36,INR,7.0,Delivered
TXN004638,HIST-2026-01705,1,CUST0120,DD-MOD-0008,2026-01-03,1292,MTR,233.32,301449.44,INR,7.0,Delivered
TXN004639,HIST-2026-01705,2,CUST0120,DD-KSJ-0011,2026-01-03,89,KG,303.17,26982.13,INR,7.0,Cancelled
TXN004640,HIST-2026-01705,3,CUST0120,DD-HCT-0013,2026-01-03,178,MTR,220.59,39265.02,INR,7.0,Delivered
TXN004641,HIST-2026-01705,4,CUST0120,DD-PRB-0033,2026-01-03,326,MTR,157.44,51325.44,INR,7.0,Delivered
TXN004771,HIST-2026-01753,1,CUST0111,DD-LIN-0025,2026-01-03,173,MTR,249.99,43248.27,INR,12.0,Delivered
TXN007161,HIST-2026-02631,1,CUST0114,DD-HCT-0011,2026-01-03,127,MTR,193.78,24610.06,INR,12.0,Delivered
TXN007162,HIST-2026-02631,2,CUST0114,DD-CDV-0025,2026-01-03,405,MTR,189.39,76702.95,INR,12.0,Delivered
TXN007163,HIST-2026-02631,3,CUST0114,DD-MOD-0019,2026-01-03,977,MTR,215.49,210533.73,INR,12.0,Delivered
TXN007164,HIST-2026-02631,4,CUST0114,DD-SUT-0033,2026-01-03,2195,MTR,179.69,394419.55,INR,12.0,Delivered
TXN007165,HIST-2026-02631,5,CUST0114,DD-PRB-0001,2026-01-03,1108,MTR,113.11,125325.88,INR,12.0,Delivered
TXN000290,HIST-2026-00101,1,CUST0077,DD-KIR-0016,2026-01-04,513,KG,492.5,252652.5,INR,7.0,Delivered
TXN000291,HIST-2026-00101,2,CUST0077,DD-KIR-0010,2026-01-04,328,KG,432.18,141755.04,INR,7.0,Delivered
TXN000292,HIST-2026-00101,3,CUST0077,DD-PGT-0024,2026-01-04,191,MTR,51.6,9855.6,INR,7.0,Delivered
TXN002102,HIST-2026-00772,1,CUST0058,DD-CTB-0024,2026-01-04,2196,MTR,191.87,421346.52,INR,7.0,Delivered
TXN004025,HIST-2026-01470,1,CUST0001,DD-MOD-0032,2026-01-04,264,MTR,290.16,76602.24,INR,3.0,Delivered
TXN004026,HIST-2026-01470,2,CUST0001,DD-MOD-0009,2026-01-04,457,MTR,234.47,107152.79,INR,3.0,Delivered
TXN004027,HIST-2026-01470,3,CUST0001,DD-PCS-0005,2026-01-04,472,MTR,89.87,42418.64,INR,3.0,Delivered
TXN004028,HIST-2026-01470,4,CUST0001,DD-CTS-0011,2026-01-04,1219,MTR,140.01,170672.19,INR,3.0,Delivered
TXN004029,HIST-2026-01470,5,CUST0001,DD-CDV-0032,2026-01-04,445,MTR,169.22,75302.9,INR,3.0,Delivered
TXN004786,HIST-2026-01759,1,CUST0114,DD-CDV-0025,2026-01-04,266,MTR,189.61,50436.26,INR,12.0,Delivered
TXN004787,HIST-2026-01759,2,CUST0114,DD-LIN-0008,2026-01-04,489,MTR,329.69,161218.41,INR,12.0,Delivered
TXN004788,HIST-2026-01759,3,CUST0114,DD-PRB-0001,2026-01-04,1705,MTR,114.24,194779.2,INR,12.0,Delivered
TXN004789,HIST-2026-01759,4,CUST0114,DD-MOD-0022,2026-01-04,215,MTR,217.67,46799.05,INR,12.0,Delivered
TXN006304,HIST-2026-02310,1,CUST0100,DD-KIR-0033,2026-01-04,108,KG,439.92,47511.36,INR,3.0,Partially Delivered
TXN006305,HIST-2026-02310,2,CUST0100,DD-DNM-0026,2026-01-04,2248,MTR,226.57,509329.36,INR,3.0,Delivered
TXN006306,HIST-2026-02310,3,CUST0100,DD-CTB-0015,2026-01-04,720,MTR,159.01,114487.2,INR,3.0,Delivered
TXN006307,HIST-2026-02310,4,CUST0100,DD-CTS-0016,2026-01-04,163,MTR,126.99,20699.37,INR,3.0,Delivered
TXN006376,HIST-2026-02341,1,CUST0112,DD-TWL-0003,2026-01-04,111,PCS,194.24,21560.64,INR,7.0,Delivered
TXN006889,HIST-2026-02537,1,CUST0024,DD-CTS-0013,2026-01-04,438,MTR,118.02,51692.76,INR,3.0,Delivered
TXN006890,HIST-2026-02537,2,CUST0024,DD-CTS-0004,2026-01-04,265,MTR,125.99,33387.35,INR,3.0,Delivered
TXN006891,HIST-2026-02537,3,CUST0024,DD-CTB-0026,2026-01-04,2058,MTR,211.15,434546.7,INR,3.0,Delivered
TXN006892,HIST-2026-02537,4,CUST0024,DD-CTS-0009,2026-01-04,264,MTR,146.22,38602.08,INR,3.0,Delivered
TXN004790,HIST-2026-01760,1,CUST0070,DD-CDV-0011,2026-01-05,1385,MTR,257.36,356443.6,INR,3.0,Delivered
TXN004791,HIST-2026-01760,2,CUST0070,DD-VSR-0024,2026-01-05,170,MTR,112.86,19186.2,INR,3.0,Delivered
TXN004792,HIST-2026-01760,3,CUST0070,DD-CTB-0003,2026-01-05,352,MTR,176.1,61987.2,INR,3.0,Delivered
TXN005909,HIST-2026-02175,1,CUST0108,DD-TWL-0028,2026-01-05,102,PCS,216.72,22105.44,INR,12.0,Delivered
TXN000669,HIST-2026-00239,1,CUST0052,DD-SUT-0024,2026-01-06,1166,MTR,228.7,266664.2,INR,3.0,Delivered
TXN000670,HIST-2026-00239,2,CUST0052,DD-FLN-0025,2026-01-06,648,MTR,176.74,114527.52,INR,3.0,Delivered
TXN000671,HIST-2026-00239,3,CUST0052,DD-SUT-0029,2026-01-06,526,MTR,220.33,115893.58,INR,3.0,Delivered
TXN000672,HIST-2026-00239,4,CUST0052,DD-FLN-0012,2026-01-06,513,MTR,133.21,68336.73,INR,3.0,Delivered
TXN001443,HIST-2026-00524,1,CUST0052,DD-PCS-0007,2026-01-06,446,MTR,93.52,41709.92,INR,3.0,Delivered
TXN004503,HIST-2026-01657,1,CUST0003,DD-SUT-0030,2026-01-06,1469,MTR,207.04,304141.76,INR,7.0,Delivered
TXN004504,HIST-2026-01657,2,CUST0003,DD-SUT-0013,2026-01-06,429,MTR,267.75,114864.75,INR,7.0,Delivered
TXN005295,HIST-2026-01945,1,CUST0105,DD-CTB-0013,2026-01-06,1236,MTR,157.29,194410.44,INR,12.0,Partially Delivered
TXN005296,HIST-2026-01945,2,CUST0105,DD-CTB-0001,2026-01-06,253,MTR,163.12,41269.36,INR,12.0,Delivered
TXN005297,HIST-2026-01945,3,CUST0105,DD-KSJ-0014,2026-01-06,75,KG,311.37,23352.75,INR,12.0,Delivered
TXN002766,HIST-2026-01022,1,CUST0134,DD-FLN-0003,2026-01-07,1073,MTR,162.89,174780.97,INR,3.0,Delivered
TXN002767,HIST-2026-01022,2,CUST0134,DD-CTB-0012,2026-01-07,574,MTR,185.54,106499.96,INR,3.0,Partially Delivered
TXN005584,HIST-2026-02054,1,CUST0038,DD-TWL-0010,2026-01-07,898,PCS,178.17,159996.66,INR,12.0,Delivered
TXN005585,HIST-2026-02054,2,CUST0038,DD-CIN-0004,2026-01-07,1782,MTR,203.89,363331.98,INR,12.0,Delivered
TXN005586,HIST-2026-02054,3,CUST0038,DD-BDS-0024,2026-01-07,298,MTR,250.24,74571.52,INR,12.0,Delivered
TXN007491,HIST-2026-02765,1,CUST0098,DD-LIN-0013,2026-01-07,313,MTR,420.21,131525.73,INR,7.0,Delivered
TXN007492,HIST-2026-02765,2,CUST0098,DD-CDV-0024,2026-01-07,375,MTR,207.72,77895.0,INR,7.0,Delivered
TXN007493,HIST-2026-02765,3,CUST0098,DD-DNM-0011,2026-01-07,1101,MTR,172.62,190054.62,INR,7.0,Delivered
TXN007494,HIST-2026-02765,4,CUST0098,DD-HCT-0030,2026-01-07,1490,MTR,137.62,205053.8,INR,7.0,Delivered
TXN007495,HIST-2026-02765,5,CUST0098,DD-PRB-0020,2026-01-07,151,MTR,113.45,17130.95,INR,7.0,Delivered
TXN007496,HIST-2026-02765,6,CUST0098,DD-PRB-0004,2026-01-07,515,MTR,116.35,59920.25,INR,7.0,Partially Delivered
TXN005696,HIST-2026-02091,1,CUST0004,DD-CTS-0022,2026-01-08,1463,MTR,96.64,141384.32,INR,3.0,Delivered
TXN005697,HIST-2026-02091,2,CUST0004,DD-LIN-0013,2026-01-08,304,MTR,407.93,124010.72,INR,3.0,Delivered
TXN005698,HIST-2026-02091,3,CUST0004,DD-LIN-0029,2026-01-08,519,MTR,256.67,133211.73,INR,3.0,Delivered
TXN005699,HIST-2026-02091,4,CUST0004,DD-CTS-0009,2026-01-08,129,MTR,142.12,18333.48,INR,3.0,Delivered
TXN003337,HIST-2026-01223,1,CUST0055,DD-CDV-0015,2026-01-09,238,MTR,207.02,49270.76,INR,3.0,Delivered
TXN003338,HIST-2026-01223,2,CUST0055,DD-RBL-0025,2026-01-09,771,MTR,47.95,36969.45,INR,3.0,Delivered
TXN003339,HIST-2026-01223,3,CUST0055,DD-FLN-0016,2026-01-09,1500,MTR,152.46,228690.0,INR,3.0,Delivered
TXN003340,HIST-2026-01223,4,CUST0055,DD-CTB-0014,2026-01-09,727,MTR,173.6,126207.2,INR,3.0,Delivered
TXN003341,HIST-2026-01223,5,CUST0055,DD-KSJ-0012,2026-01-09,97,KG,334.14,32411.58,INR,3.0,Delivered
TXN004917,HIST-2026-01804,1,CUST0054,DD-HCT-0020,2026-01-09,771,MTR,170.42,131393.82,INR,7.0,Delivered
TXN004918,HIST-2026-01804,2,CUST0054,DD-TWL-0004,2026-01-09,178,PCS,261.55,46555.9,INR,7.0,Delivered
TXN004919,HIST-2026-01804,3,CUST0054,DD-CIN-0015,2026-01-09,1891,MTR,222.06,419915.46,INR,7.0,Delivered
TXN004920,HIST-2026-01804,4,CUST0054,DD-CIN-0025,2026-01-09,357,MTR,264.85,94551.45,INR,7.0,Delivered
TXN006040,HIST-2026-02221,1,CUST0021,DD-HCT-0006,2026-01-09,1287,MTR,229.22,295006.14,INR,3.0,Delivered
TXN006041,HIST-2026-02221,2,CUST0021,DD-TWL-0025,2026-01-09,916,PCS,243.87,223384.92,INR,3.0,Delivered
TXN006042,HIST-2026-02221,3,CUST0021,DD-CIN-0028,2026-01-09,770,MTR,197.54,152105.8,INR,3.0,Delivered
TXN006043,HIST-2026-02221,4,CUST0021,DD-HCT-0030,2026-01-09,1197,MTR,140.53,168214.41,INR,3.0,Delivered
TXN003888,HIST-2026-01426,1,CUST0100,DD-CTB-0015,2026-01-10,1023,MTR,155.5,159076.5,INR,3.0,Delivered
TXN003889,HIST-2026-01426,2,CUST0100,DD-CTS-0016,2026-01-10,1314,MTR,126.86,166694.04,INR,3.0,Delivered
TXN003890,HIST-2026-01426,3,CUST0100,DD-DNM-0026,2026-01-10,680,MTR,227.03,154380.4,INR,3.0,Delivered
TXN003891,HIST-2026-01426,4,CUST0100,DD-DNM-0017,2026-01-10,150,MTR,287.74,43161.0,INR,3.0,Delivered
TXN003892,HIST-2026-01426,5,CUST0100,DD-KIR-0033,2026-01-10,147,KG,439.34,64582.98,INR,3.0,Partially Delivered
TXN007425,HIST-2026-02736,1,CUST0033,DD-SUT-0013,2026-01-10,1081,MTR,274.63,296875.03,INR,3.0,Delivered
TXN007426,HIST-2026-02736,2,CUST0033,DD-CDV-0011,2026-01-10,647,MTR,257.99,166919.53,INR,3.0,Delivered
TXN007427,HIST-2026-02736,3,CUST0033,DD-HUP-0023,2026-01-10,551,MTR,300.85,165768.35,INR,3.0,Delivered
TXN003496,HIST-2026-01281,1,CUST0017,DD-KFT-0021,2026-01-11,185,KG,390.4,72224.0,INR,7.0,Delivered
TXN003497,HIST-2026-01281,2,CUST0017,DD-KFT-0005,2026-01-11,284,KG,332.99,94569.16,INR,7.0,Delivered
TXN003498,HIST-2026-01281,3,CUST0017,DD-DNM-0024,2026-01-11,2193,MTR,212.71,466473.03,INR,7.0,Delivered
TXN003499,HIST-2026-01281,4,CUST0017,DD-KIR-0024,2026-01-11,177,KG,369.95,65481.15,INR,7.0,Delivered
TXN003678,HIST-2026-01333,1,CUST0100,DD-DNM-0017,2026-01-11,1391,MTR,286.5,398521.5,INR,3.0,Delivered
TXN003679,HIST-2026-01333,2,CUST0100,DD-KIR-0033,2026-01-11,441,KG,442.92,195327.72,INR,3.0,Delivered
TXN003680,HIST-2026-01333,3,CUST0100,DD-DNM-0026,2026-01-11,443,MTR,226.28,100242.04,INR,3.0,Delivered
TXN003681,HIST-2026-01333,4,CUST0100,DD-CTB-0015,2026-01-11,597,MTR,156.67,93531.99,INR,3.0,Delivered
TXN003682,HIST-2026-01333,5,CUST0100,DD-CTS-0016,2026-01-11,1350,MTR,126.78,171153.0,INR,3.0,Delivered
TXN004348,HIST-2026-01589,1,CUST0098,DD-LIN-0021,2026-01-12,271,MTR,468.66,127006.86,INR,7.0,Delivered
TXN004349,HIST-2026-01589,2,CUST0098,DD-PGT-0025,2026-01-12,1110,MTR,52.54,58319.4,INR,7.0,Cancelled
TXN004350,HIST-2026-01589,3,CUST0098,DD-PGT-0013,2026-01-12,276,MTR,61.52,16979.52,INR,7.0,Delivered
TXN006791,HIST-2026-02498,1,CUST0076,DD-MOD-0016,2026-01-12,412,MTR,243.75,100425.0,INR,7.0,Delivered
TXN006792,HIST-2026-02498,2,CUST0076,DD-CTB-0026,2026-01-12,204,MTR,194.36,39649.44,INR,7.0,Delivered
TXN000024,HIST-2026-00012,1,CUST0105,DD-CTB-0001,2026-01-13,269,MTR,161.53,43451.57,INR,12.0,Delivered
TXN000025,HIST-2026-00012,2,CUST0105,DD-CTB-0013,2026-01-13,542,MTR,157.24,85224.08,INR,12.0,Delivered
TXN000026,HIST-2026-00012,3,CUST0105,DD-CTS-0007,2026-01-13,1496,MTR,125.6,187897.6,INR,12.0,Delivered
TXN000027,HIST-2026-00012,4,CUST0105,DD-MOD-0027,2026-01-13,141,MTR,168.32,23733.12,INR,12.0,Partially Delivered
TXN000631,HIST-2026-00225,1,CUST0028,DD-MOD-0007,2026-01-13,1492,MTR,248.52,370791.84,INR,3.0,Delivered
TXN000632,HIST-2026-00225,2,CUST0028,DD-PRB-0038,2026-01-13,641,MTR,158.28,101457.48,INR,3.0,Delivered
TXN000633,HIST-2026-00225,3,CUST0028,DD-VSR-0004,2026-01-13,1023,MTR,91.68,93788.64,INR,3.0,Delivered
TXN000634,HIST-2026-00225,4,CUST0028,DD-SAT-0018,2026-01-13,217,MTR,158.19,34327.23,INR,3.0,Delivered
TXN000635,HIST-2026-00225,5,CUST0028,DD-MOD-0002,2026-01-13,1842,MTR,214.86,395772.12,INR,3.0,Delivered
TXN000704,HIST-2026-00250,1,CUST0039,DD-KFT-0020,2026-01-13,179,KG,384.7,68861.3,INR,7.0,Partially Delivered
TXN000705,HIST-2026-00250,2,CUST0039,DD-KIR-0031,2026-01-13,140,KG,409.03,57264.2,INR,7.0,Delivered
TXN000706,HIST-2026-00250,3,CUST0039,DD-KSJ-0013,2026-01-13,181,KG,311.87,56448.47,INR,7.0,Cancelled
TXN000707,HIST-2026-00250,4,CUST0039,DD-KIR-0030,2026-01-13,330,KG,436.61,144081.3,INR,7.0,Delivered
TXN000708,HIST-2026-00250,5,CUST0039,DD-CTB-0021,2026-01-13,1031,MTR,212.43,219015.33,INR,7.0,Delivered
TXN002056,HIST-2026-00753,1,CUST0112,DD-HUP-0028,2026-01-13,167,MTR,252.62,42187.54,INR,7.0,Delivered
TXN002057,HIST-2026-00753,2,CUST0112,DD-BDS-0025,2026-01-13,161,MTR,256.91,41362.51,INR,7.0,Delivered
TXN002067,HIST-2026-00759,1,CUST0023,DD-PCS-0005,2026-01-13,256,MTR,83.17,21291.52,INR,7.0,Delivered
TXN002068,HIST-2026-00759,2,CUST0023,DD-PCS-0030,2026-01-13,386,MTR,94.42,36446.12,INR,7.0,Delivered
TXN002069,HIST-2026-00759,3,CUST0023,DD-CIN-0002,2026-01-13,783,MTR,225.63,176668.29,INR,7.0,Delivered
TXN002070,HIST-2026-00759,4,CUST0023,DD-FLN-0025,2026-01-13,364,MTR,173.95,63317.8,INR,7.0,Partially Delivered
TXN002889,HIST-2026-01063,1,CUST0125,DD-CTB-0012,2026-01-13,1189,MTR,173.01,205708.89,INR,7.0,Delivered
TXN002890,HIST-2026-01063,2,CUST0125,DD-KIR-0017,2026-01-13,568,KG,480.39,272861.52,INR,7.0,Delivered
TXN002891,HIST-2026-01063,3,CUST0125,DD-KFT-0005,2026-01-13,215,KG,336.37,72319.55,INR,7.0,Delivered
TXN002892,HIST-2026-01063,4,CUST0125,DD-CTB-0014,2026-01-13,2015,MTR,171.3,345169.5,INR,7.0,Delivered
TXN003535,HIST-2026-01291,1,CUST0080,DD-TWL-0006,2026-01-13,1631,PCS,245.6,400573.6,INR,7.0,Delivered
TXN003536,HIST-2026-01291,2,CUST0080,DD-CIN-0018,2026-01-13,1037,MTR,262.44,272150.28,INR,7.0,Delivered
TXN003537,HIST-2026-01291,3,CUST0080,DD-CIN-0011,2026-01-13,139,MTR,228.49,31760.11,INR,7.0,Delivered
TXN003538,HIST-2026-01291,4,CUST0080,DD-CIN-0003,2026-01-13,416,MTR,220.48,91719.68,INR,7.0,Delivered
TXN007428,HIST-2026-02737,1,CUST0043,DD-DNM-0003,2026-01-13,159,MTR,229.01,36412.59,INR,3.0,Delivered
TXN001872,HIST-2026-00679,1,CUST0028,DD-PGT-0031,2026-01-14,897,MTR,72.8,65301.6,INR,3.0,Delivered
TXN001873,HIST-2026-00679,2,CUST0028,DD-SAT-0013,2026-01-14,305,MTR,171.08,52179.4,INR,3.0,Delivered
TXN001874,HIST-2026-00679,3,CUST0028,DD-SAT-0018,2026-01-14,1849,MTR,156.43,289239.07,INR,3.0,Delivered
TXN001875,HIST-2026-00679,4,CUST0028,DD-SAT-0007,2026-01-14,2081,MTR,158.54,329921.74,INR,3.0,Delivered
TXN002768,HIST-2026-01023,1,CUST0056,DD-DNM-0020,2026-01-14,187,MTR,225.91,42245.17,INR,12.0,Delivered
TXN002769,HIST-2026-01023,2,CUST0056,DD-DNM-0014,2026-01-14,869,MTR,167.89,145896.41,INR,12.0,Delivered
TXN002770,HIST-2026-01023,3,CUST0056,DD-CTS-0008,2026-01-14,130,MTR,124.77,16220.1,INR,12.0,Delivered
TXN002771,HIST-2026-01023,4,CUST0056,DD-CTB-0023,2026-01-14,537,MTR,188.91,101444.67,INR,12.0,Partially Delivered
TXN002772,HIST-2026-01023,5,CUST0056,DD-KFT-0017,2026-01-14,151,KG,295.54,44626.54,INR,12.0,Delivered
TXN002099,HIST-2026-00771,1,CUST0125,DD-DNM-0009,2026-01-15,1364,MTR,244.99,334166.36,INR,7.0,Delivered
TXN002100,HIST-2026-00771,2,CUST0125,DD-DNM-0008,2026-01-15,171,MTR,239.7,40988.7,INR,7.0,Delivered
TXN002101,HIST-2026-00771,3,CUST0125,DD-KIR-0023,2026-01-15,97,KG,379.31,36793.07,INR,7.0,Delivered
TXN003169,HIST-2026-01164,1,CUST0003,DD-SUT-0007,2026-01-15,216,MTR,191.69,41405.04,INR,7.0,Delivered
TXN003170,HIST-2026-01164,2,CUST0003,DD-SUT-0013,2026-01-15,210,MTR,272.78,57283.8,INR,7.0,Delivered
TXN003841,HIST-2026-01406,1,CUST0118,DD-TWL-0010,2026-01-15,767,PCS,199.63,153116.21,INR,7.0,Delivered
TXN006138,HIST-2026-02253,1,CUST0008,DD-CTB-0007,2026-01-15,1021,MTR,245.68,250839.28,INR,7.0,Delivered
TXN006139,HIST-2026-02253,2,CUST0008,DD-DNM-0007,2026-01-15,1395,MTR,243.5,339682.5,INR,7.0,Partially Delivered
TXN001937,HIST-2026-00710,1,CUST0073,DD-BDS-0027,2026-01-16,1052,MTR,212.07,223097.64,INR,12.0,Cancelled
TXN001938,HIST-2026-00710,2,CUST0073,DD-HCT-0028,2026-01-16,177,MTR,123.23,21811.71,INR,12.0,Delivered
TXN001939,HIST-2026-00710,3,CUST0073,DD-HUP-0008,2026-01-16,2189,MTR,326.26,714183.14,INR,12.0,Delivered
TXN001940,HIST-2026-00710,4,CUST0073,DD-BDS-0002,2026-01-16,1014,MTR,220.47,223556.58,INR,12.0,Partially Delivered
TXN001941,HIST-2026-00710,5,CUST0073,DD-HUP-0026,2026-01-16,370,MTR,254.5,94165.0,INR,12.0,Delivered
TXN001942,HIST-2026-00710,6,CUST0073,DD-CIN-0008,2026-01-16,1064,MTR,227.0,241528.0,INR,12.0,Delivered
TXN002579,HIST-2026-00950,1,CUST0030,DD-DNM-0016,2026-01-16,702,MTR,256.21,179859.42,INR,12.0,Delivered
TXN002580,HIST-2026-00950,2,CUST0030,DD-CTS-0017,2026-01-16,676,MTR,84.69,57250.44,INR,12.0,Delivered
TXN004697,HIST-2026-01728,1,CUST0108,DD-KIR-0001,2026-01-16,341,KG,331.38,113000.58,INR,12.0,Delivered
TXN004698,HIST-2026-01728,2,CUST0108,DD-LIN-0034,2026-01-16,302,MTR,254.84,76961.68,INR,12.0,Delivered
TXN004699,HIST-2026-01728,3,CUST0108,DD-CTB-0020,2026-01-16,532,MTR,202.27,107607.64,INR,12.0,Delivered
TXN004700,HIST-2026-01728,4,CUST0108,DD-PCS-0029,2026-01-16,829,MTR,95.47,79144.63,INR,12.0,Delivered
TXN004701,HIST-2026-01728,5,CUST0108,DD-KIR-0012,2026-01-16,212,KG,447.25,94817.0,INR,12.0,Delivered
TXN004702,HIST-2026-01728,6,CUST0108,DD-SUT-0032,2026-01-16,1386,MTR,190.98,264698.28,INR,12.0,Delivered
TXN002909,HIST-2026-01069,1,CUST0077,DD-CIN-0008,2026-01-17,917,MTR,244.1,223839.7,INR,7.0,Delivered
TXN002910,HIST-2026-01069,2,CUST0077,DD-PCS-0004,2026-01-17,182,MTR,84.41,15362.62,INR,7.0,Delivered
TXN002911,HIST-2026-01069,3,CUST0077,DD-FLN-0033,2026-01-17,402,MTR,150.34,60436.68,INR,7.0,Delivered
TXN005601,HIST-2026-02059,1,CUST0053,DD-CTB-0007,2026-01-17,1233,MTR,243.8,300605.4,INR,3.0,Delivered
TXN005602,HIST-2026-02059,2,CUST0053,DD-SUT-0021,2026-01-17,1005,MTR,271.01,272365.05,INR,3.0,Delivered
TXN005603,HIST-2026-02059,3,CUST0053,DD-SUT-0037,2026-01-17,226,MTR,197.22,44571.72,INR,3.0,Delivered
TXN005604,HIST-2026-02059,4,CUST0053,DD-PCS-0005,2026-01-17,593,MTR,85.45,50671.85,INR,3.0,Delivered
TXN005605,HIST-2026-02059,5,CUST0053,DD-PCS-0017,2026-01-17,217,MTR,103.24,22403.08,INR,3.0,Delivered
TXN007456,HIST-2026-02749,1,CUST0096,DD-CTB-0011,2026-01-17,772,MTR,163.43,126167.96,INR,7.0,Delivered
TXN007457,HIST-2026-02749,2,CUST0096,DD-CTB-0024,2026-01-17,379,MTR,204.12,77361.48,INR,7.0,Delivered
TXN001276,HIST-2026-00460,1,CUST0080,DD-TWL-0020,2026-01-19,89,PCS,214.37,19078.93,INR,7.0,Delivered
TXN002061,HIST-2026-00755,1,CUST0109,DD-DNM-0010,2026-01-19,230,MTR,241.53,55551.9,INR,12.0,Partially Delivered
TXN004369,HIST-2026-01600,1,CUST0001,DD-FLN-0021,2026-01-19,762,MTR,193.31,147302.22,INR,3.0,Delivered
TXN004370,HIST-2026-01600,2,CUST0001,DD-RBL-0029,2026-01-19,1035,MTR,52.41,54244.35,INR,3.0,Delivered
TXN004371,HIST-2026-01600,3,CUST0001,DD-PGT-0022,2026-01-19,209,MTR,52.97,11070.73,INR,3.0,Delivered
TXN004372,HIST-2026-01600,4,CUST0001,DD-FLN-0016,2026-01-19,340,MTR,151.0,51340.0,INR,3.0,Delivered
TXN004373,HIST-2026-01600,5,CUST0001,DD-CTS-0011,2026-01-19,1317,MTR,140.26,184722.42,INR,3.0,Delivered
TXN004374,HIST-2026-01600,6,CUST0001,DD-DNM-0004,2026-01-19,918,MTR,247.0,226746.0,INR,3.0,Delivered
TXN004554,HIST-2026-01679,1,CUST0030,DD-CTS-0017,2026-01-19,193,MTR,84.4,16289.2,INR,12.0,Partially Delivered
TXN004555,HIST-2026-01679,2,CUST0030,DD-DNM-0016,2026-01-19,150,MTR,252.44,37866.0,INR,12.0,Delivered
TXN004556,HIST-2026-01679,3,CUST0030,DD-KSJ-0007,2026-01-19,282,KG,323.08,91108.56,INR,12.0,Delivered
TXN004557,HIST-2026-01679,4,CUST0030,DD-KIR-0007,2026-01-19,484,KG,376.17,182066.28,INR,12.0,Delivered
TXN004632,HIST-2026-01704,1,CUST0011,DD-RBL-0002,2026-01-19,2186,MTR,50.49,110371.14,INR,7.0,Delivered
TXN004633,HIST-2026-01704,2,CUST0011,DD-PGT-0005,2026-01-19,1452,MTR,69.63,101102.76,INR,7.0,Delivered
TXN004634,HIST-2026-01704,3,CUST0011,DD-HUP-0027,2026-01-19,1024,MTR,258.72,264929.28,INR,7.0,Delivered
TXN004635,HIST-2026-01704,4,CUST0011,DD-BDS-0005,2026-01-19,1001,MTR,153.66,153813.66,INR,7.0,Delivered
TXN004636,HIST-2026-01704,5,CUST0011,DD-DNM-0021,2026-01-19,1502,MTR,208.89,313752.78,INR,7.0,Delivered
TXN004637,HIST-2026-01704,6,CUST0011,DD-HCT-0018,2026-01-19,259,MTR,165.73,42924.07,INR,7.0,Delivered
TXN006553,HIST-2026-02402,1,CUST0108,DD-PRB-0027,2026-01-19,436,MTR,106.69,46516.84,INR,12.0,Delivered
TXN006554,HIST-2026-02402,2,CUST0108,DD-VSR-0014,2026-01-19,1600,MTR,77.23,123568.0,INR,12.0,Delivered
TXN006555,HIST-2026-02402,3,CUST0108,DD-KFT-0027,2026-01-19,46,KG,319.77,14709.42,INR,12.0,Delivered
TXN006556,HIST-2026-02402,4,CUST0108,DD-LIN-0034,2026-01-19,1226,MTR,255.87,313696.62,INR,12.0,Delivered
TXN002961,HIST-2026-01087,1,CUST0061,DD-VSR-0030,2026-01-20,405,MTR,130.63,52905.15,INR,3.0,Delivered
TXN006350,HIST-2026-02330,1,CUST0049,DD-PCS-0024,2026-01-20,456,MTR,101.98,46502.88,INR,3.0,Delivered
TXN006351,HIST-2026-02330,2,CUST0049,DD-PCS-0010,2026-01-20,2206,MTR,78.25,172619.5,INR,3.0,Delivered
TXN002534,HIST-2026-00935,1,CUST0054,DD-CIN-0008,2026-01-21,596,MTR,235.1,140119.6,INR,7.0,Delivered
TXN002535,HIST-2026-00935,2,CUST0054,DD-CIN-0015,2026-01-21,171,MTR,221.59,37891.89,INR,7.0,Delivered
TXN002536,HIST-2026-00935,3,CUST0054,DD-HCT-0020,2026-01-21,913,MTR,172.95,157903.35,INR,7.0,Delivered
TXN003988,HIST-2026-01459,1,CUST0076,DD-CTB-0031,2026-01-21,206,MTR,165.05,34000.3,INR,7.0,Delivered
TXN005746,HIST-2026-02111,1,CUST0036,DD-KSJ-0023,2026-01-21,55,KG,366.17,20139.35,INR,12.0,Delivered
TXN005747,HIST-2026-02111,2,CUST0036,DD-LIN-0016,2026-01-21,932,MTR,411.05,383098.6,INR,12.0,Delivered
TXN005748,HIST-2026-02111,3,CUST0036,DD-KSJ-0019,2026-01-21,75,KG,307.08,23031.0,INR,12.0,Delivered
TXN005749,HIST-2026-02111,4,CUST0036,DD-DNM-0013,2026-01-21,858,MTR,173.84,149154.72,INR,12.0,Delivered
TXN006956,HIST-2026-02561,1,CUST0010,DD-KIR-0029,2026-01-21,50,KG,377.67,18883.5,INR,7.0,Delivered
TXN006957,HIST-2026-02561,2,CUST0010,DD-CTB-0009,2026-01-21,765,MTR,256.61,196306.65,INR,7.0,Delivered
TXN006958,HIST-2026-02561,3,CUST0010,DD-DNM-0002,2026-01-21,273,MTR,242.82,66289.86,INR,7.0,Delivered
TXN000460,HIST-2026-00165,1,CUST0077,DD-LIN-0034,2026-01-22,412,MTR,281.78,116093.36,INR,7.0,Delivered
TXN000461,HIST-2026-00165,2,CUST0077,DD-PCS-0004,2026-01-22,1057,MTR,85.07,89918.99,INR,7.0,Delivered
TXN000462,HIST-2026-00165,3,CUST0077,DD-KFT-0009,2026-01-22,141,KG,417.24,58830.84,INR,7.0,Delivered
TXN000463,HIST-2026-00165,4,CUST0077,DD-FLN-0033,2026-01-22,242,MTR,149.58,36198.36,INR,7.0,Delivered
TXN000723,HIST-2026-00258,1,CUST0080,DD-TWL-0026,2026-01-22,282,PCS,221.31,62409.42,INR,7.0,Partially Delivered
TXN000724,HIST-2026-00258,2,CUST0080,DD-CIN-0011,2026-01-22,558,MTR,228.47,127486.26,INR,7.0,Delivered
TXN000725,HIST-2026-00258,3,CUST0080,DD-HUP-0018,2026-01-22,1101,MTR,241.82,266243.82,INR,7.0,Delivered
TXN000726,HIST-2026-00258,4,CUST0080,DD-HCT-0002,2026-01-22,1315,MTR,143.28,188413.2,INR,7.0,Delivered
TXN000766,HIST-2026-00271,1,CUST0042,DD-KSJ-0004,2026-01-22,453,KG,324.87,147166.11,INR,12.0,Delivered
TXN000767,HIST-2026-00271,2,CUST0042,DD-DNM-0035,2026-01-22,1909,MTR,194.71,371701.39,INR,12.0,Cancelled
TXN005036,HIST-2026-01848,1,CUST0124,DD-PRB-0016,2026-01-22,566,MTR,112.03,63408.98,INR,7.0,Delivered
TXN005037,HIST-2026-01848,2,CUST0124,DD-SAT-0001,2026-01-22,414,MTR,184.38,76333.32,INR,7.0,Delivered
TXN006202,HIST-2026-02273,1,CUST0106,DD-CIN-0015,2026-01-22,329,MTR,222.91,73337.39,INR,7.0,Delivered
TXN006203,HIST-2026-02273,2,CUST0106,DD-CIN-0017,2026-01-22,255,MTR,265.19,67623.45,INR,7.0,Delivered
TXN006204,HIST-2026-02273,3,CUST0106,DD-SUT-0024,2026-01-22,142,MTR,226.13,32110.46,INR,7.0,Delivered
TXN006205,HIST-2026-02273,4,CUST0106,DD-FLN-0014,2026-01-22,356,MTR,117.39,41790.84,INR,7.0,Delivered
TXN006811,HIST-2026-02507,1,CUST0067,DD-CIN-0026,2026-01-22,515,MTR,191.21,98473.15,INR,12.0,Delivered
TXN006812,HIST-2026-02507,2,CUST0067,DD-BDS-0006,2026-01-22,160,MTR,148.59,23774.4,INR,12.0,Delivered
TXN002497,HIST-2026-00920,1,CUST0079,DD-LIN-0009,2026-01-23,317,MTR,413.24,130997.08,INR,3.0,Delivered
TXN002498,HIST-2026-00920,2,CUST0079,DD-CIN-0027,2026-01-23,977,MTR,188.76,184418.52,INR,3.0,Delivered
TXN002684,HIST-2026-00989,1,CUST0122,DD-PCS-0035,2026-01-23,170,MTR,105.05,17858.5,INR,3.0,Delivered
TXN002685,HIST-2026-00989,2,CUST0122,DD-CIN-0024,2026-01-23,437,MTR,272.75,119191.75,INR,3.0,Delivered
TXN002773,HIST-2026-01024,1,CUST0073,DD-HUP-0008,2026-01-23,1082,MTR,326.44,353208.08,INR,12.0,Delivered
TXN002774,HIST-2026-01024,2,CUST0073,DD-HCT-0028,2026-01-23,446,MTR,121.54,54206.84,INR,12.0,Delivered
TXN007442,HIST-2026-02744,1,CUST0134,DD-CIN-0008,2026-01-23,430,MTR,248.48,106846.4,INR,3.0,Delivered
TXN003997,HIST-2026-01462,1,CUST0030,DD-KSJ-0011,2026-01-24,215,KG,283.58,60969.7,INR,12.0,Delivered
TXN004539,HIST-2026-01673,1,CUST0079,DD-LIN-0009,2026-01-24,430,MTR,418.49,179950.7,INR,3.0,Delivered
TXN004540,HIST-2026-01673,2,CUST0079,DD-SUT-0023,2026-01-24,1354,MTR,264.84,358593.36,INR,3.0,Delivered
TXN004541,HIST-2026-01673,3,CUST0079,DD-CIN-0027,2026-01-24,623,MTR,190.79,118862.17,INR,3.0,Delivered
TXN006246,HIST-2026-02290,1,CUST0052,DD-CIN-0004,2026-01-24,1238,MTR,214.37,265390.06,INR,3.0,Delivered
TXN006247,HIST-2026-02290,2,CUST0052,DD-CIN-0024,2026-01-24,1051,MTR,281.7,296066.7,INR,3.0,Delivered
TXN006248,HIST-2026-02290,3,CUST0052,DD-SUT-0009,2026-01-24,133,MTR,194.45,25861.85,INR,3.0,Delivered
TXN003856,HIST-2026-01413,1,CUST0062,DD-LIN-0009,2026-01-25,1112,MTR,375.14,417155.68,INR,12.0,Delivered
TXN003857,HIST-2026-01413,2,CUST0062,DD-KSJ-0006,2026-01-25,276,KG,308.66,85190.16,INR,12.0,Delivered
TXN003858,HIST-2026-01413,3,CUST0062,DD-LIN-0010,2026-01-25,269,MTR,390.48,105039.12,INR,12.0,Delivered
TXN003859,HIST-2026-01413,4,CUST0062,DD-DNM-0022,2026-01-25,1195,MTR,193.85,231650.75,INR,12.0,Delivered
TXN003860,HIST-2026-01413,5,CUST0062,DD-CTS-0017,2026-01-25,565,MTR,90.05,50878.25,INR,12.0,Delivered
TXN004477,HIST-2026-01645,1,CUST0126,DD-DNM-0027,2026-01-25,1346,MTR,212.58,286132.68,INR,7.0,Delivered
TXN004478,HIST-2026-01645,2,CUST0126,DD-DNM-0013,2026-01-25,1091,MTR,184.84,201660.44,INR,7.0,Delivered
TXN004479,HIST-2026-01645,3,CUST0126,DD-DNM-0005,2026-01-25,1365,MTR,235.22,321075.3,INR,7.0,Delivered
TXN004480,HIST-2026-01645,4,CUST0126,DD-MOD-0024,2026-01-25,439,MTR,166.87,73255.93,INR,7.0,Delivered
TXN004481,HIST-2026-01645,5,CUST0126,DD-MOD-0022,2026-01-25,344,MTR,228.53,78614.32,INR,7.0,Partially Delivered
TXN004767,HIST-2026-01751,1,CUST0056,DD-DNM-0008,2026-01-25,1147,MTR,241.5,277000.5,INR,12.0,Delivered
TXN004768,HIST-2026-01751,2,CUST0056,DD-KIR-0013,2026-01-25,252,KG,473.08,119216.16,INR,12.0,Delivered
TXN006083,HIST-2026-02236,1,CUST0035,DD-LIN-0034,2026-01-25,530,MTR,281.44,149163.2,INR,3.0,Delivered
TXN006084,HIST-2026-02236,2,CUST0035,DD-MOD-0007,2026-01-25,223,MTR,249.4,55616.2,INR,3.0,Delivered
TXN006085,HIST-2026-02236,3,CUST0035,DD-CTB-0013,2026-01-25,602,MTR,180.9,108901.8,INR,3.0,Delivered
TXN006086,HIST-2026-02236,4,CUST0035,DD-MOD-0035,2026-01-25,906,MTR,284.83,258055.98,INR,3.0,Delivered
TXN006087,HIST-2026-02236,5,CUST0035,DD-CTB-0023,2026-01-25,944,MTR,220.28,207944.32,INR,3.0,Delivered
TXN006088,HIST-2026-02236,6,CUST0035,DD-DNM-0009,2026-01-25,1140,MTR,248.15,282891.0,INR,3.0,Delivered
TXN006522,HIST-2026-02390,1,CUST0107,DD-CIN-0019,2026-01-25,1364,MTR,281.44,383884.16,INR,3.0,Delivered
TXN007279,HIST-2026-02680,1,CUST0086,DD-LIN-0027,2026-01-25,444,MTR,258.75,114885.0,INR,7.0,Partially Delivered
TXN007280,HIST-2026-02680,2,CUST0086,DD-VSR-0022,2026-01-25,684,MTR,112.53,76970.52,INR,7.0,Delivered
TXN006106,HIST-2026-02242,1,CUST0020,DD-DNM-0025,2026-01-26,1426,MTR,223.39,318554.14,INR,7.0,Delivered
TXN006107,HIST-2026-02242,2,CUST0020,DD-CTB-0029,2026-01-26,827,MTR,162.72,134569.44,INR,7.0,Delivered
TXN000693,HIST-2026-00246,1,CUST0107,DD-SAT-0016,2026-01-27,888,MTR,155.44,138030.72,INR,3.0,Delivered
TXN001442,HIST-2026-00523,1,CUST0003,DD-CIN-0001,2026-01-27,1169,MTR,222.76,260406.44,INR,7.0,Delivered
TXN005410,HIST-2026-01984,1,CUST0053,DD-SUT-0037,2026-01-27,1239,MTR,198.51,245953.89,INR,3.0,Delivered
TXN005411,HIST-2026-01984,2,CUST0053,DD-PCS-0017,2026-01-27,1070,MTR,103.7,110959.0,INR,3.0,Delivered
TXN005412,HIST-2026-01984,3,CUST0053,DD-CTB-0001,2026-01-27,425,MTR,173.97,73937.25,INR,3.0,Delivered
TXN005413,HIST-2026-01984,4,CUST0053,DD-SUT-0021,2026-01-27,1137,MTR,270.51,307569.87,INR,3.0,Delivered
TXN001674,HIST-2026-00606,1,CUST0052,DD-CIN-0024,2026-01-28,250,MTR,278.85,69712.5,INR,3.0,Delivered
TXN001893,HIST-2026-00688,1,CUST0129,DD-SAT-0021,2026-01-28,1581,MTR,143.76,227284.56,INR,3.0,Delivered
TXN003914,HIST-2026-01433,1,CUST0076,DD-CTS-0011,2026-01-28,1502,MTR,137.02,205804.04,INR,7.0,Delivered
TXN003915,HIST-2026-01433,2,CUST0076,DD-CTB-0031,2026-01-28,883,MTR,163.48,144352.84,INR,7.0,Delivered
TXN003916,HIST-2026-01433,3,CUST0076,DD-KSJ-0006,2026-01-28,150,KG,349.02,52353.0,INR,7.0,Delivered
TXN003917,HIST-2026-01433,4,CUST0076,DD-LIN-0003,2026-01-28,177,MTR,446.13,78965.01,INR,7.0,Delivered
TXN000067,HIST-2026-00023,1,CUST0072,DD-DNM-0002,2026-01-29,1407,MTR,227.34,319867.38,INR,12.0,Delivered
TXN000068,HIST-2026-00023,2,CUST0072,DD-CTS-0008,2026-01-29,1814,MTR,127.32,230958.48,INR,12.0,Delivered
TXN003233,HIST-2026-01188,1,CUST0011,DD-PGT-0014,2026-01-29,412,MTR,64.94,26755.28,INR,7.0,Delivered
TXN003234,HIST-2026-01188,2,CUST0011,DD-RBL-0002,2026-01-29,1288,MTR,50.44,64966.72,INR,7.0,Delivered
TXN003235,HIST-2026-01188,3,CUST0011,DD-SAT-0031,2026-01-29,894,MTR,87.83,78520.02,INR,7.0,Delivered
TXN003236,HIST-2026-01188,4,CUST0011,DD-TWL-0033,2026-01-29,1425,PCS,285.01,406139.25,INR,7.0,Delivered
TXN003507,HIST-2026-01284,1,CUST0030,DD-KSJ-0007,2026-01-29,541,KG,316.75,171361.75,INR,12.0,Delivered
TXN003508,HIST-2026-01284,2,CUST0030,DD-DNM-0028,2026-01-29,370,MTR,207.28,76693.6,INR,12.0,Delivered
TXN003509,HIST-2026-01284,3,CUST0030,DD-KFT-0009,2026-01-29,103,KG,386.87,39847.61,INR,12.0,Delivered
TXN003510,HIST-2026-01284,4,CUST0030,DD-KIR-0013,2026-01-29,188,KG,446.29,83902.52,INR,12.0,Partially Delivered
TXN003511,HIST-2026-01284,5,CUST0030,DD-DNM-0016,2026-01-29,640,MTR,255.22,163340.8,INR,12.0,Delivered
TXN003512,HIST-2026-01284,6,CUST0030,DD-KIR-0021,2026-01-29,47,KG,359.42,16892.74,INR,12.0,Delivered
TXN003633,HIST-2026-01318,1,CUST0077,DD-PGT-0017,2026-01-29,1450,MTR,66.79,96845.5,INR,7.0,Delivered
TXN003634,HIST-2026-01318,2,CUST0077,DD-FLN-0001,2026-01-29,901,MTR,151.56,136555.56,INR,7.0,Delivered
TXN005799,HIST-2026-02130,1,CUST0011,DD-HCT-0028,2026-01-29,1985,MTR,137.68,273294.8,INR,7.0,Delivered
TXN005800,HIST-2026-02130,2,CUST0011,DD-PGT-0002,2026-01-29,517,MTR,67.12,34701.04,INR,7.0,Delivered
TXN005801,HIST-2026-02130,3,CUST0011,DD-CIN-0025,2026-01-29,1058,MTR,258.93,273947.94,INR,7.0,Partially Delivered
TXN007085,HIST-2026-02605,1,CUST0036,DD-KSJ-0023,2026-01-29,553,KG,370.72,205008.16,INR,12.0,Delivered
TXN007166,HIST-2026-02632,1,CUST0001,DD-PGT-0022,2026-01-29,515,MTR,53.22,27408.3,INR,3.0,Delivered
TXN007167,HIST-2026-02632,2,CUST0001,DD-PCS-0005,2026-01-29,238,MTR,91.06,21672.28,INR,3.0,Delivered
TXN007273,HIST-2026-02678,1,CUST0105,DD-KSJ-0014,2026-01-29,490,KG,311.78,152772.2,INR,12.0,Delivered
TXN007274,HIST-2026-02678,2,CUST0105,DD-LIN-0001,2026-01-29,392,MTR,408.43,160104.56,INR,12.0,Delivered
TXN007275,HIST-2026-02678,3,CUST0105,DD-CTS-0022,2026-01-29,269,MTR,82.46,22181.74,INR,12.0,Delivered
TXN003372,HIST-2026-01236,1,CUST0028,DD-VSR-0004,2026-01-30,1355,MTR,91.44,123901.2,INR,3.0,Delivered
TXN003373,HIST-2026-01236,2,CUST0028,DD-PRB-0038,2026-01-30,275,MTR,159.66,43906.5,INR,3.0,Delivered
TXN005473,HIST-2026-02008,1,CUST0011,DD-BDS-0005,2026-01-30,724,MTR,151.16,109439.84,INR,7.0,Delivered
TXN005474,HIST-2026-02008,2,CUST0011,DD-PGT-0014,2026-01-30,410,MTR,64.84,26584.4,INR,7.0,Delivered
TXN001539,HIST-2026-00561,1,CUST0004,DD-KSJ-0017,2026-01-31,84,KG,337.82,28376.88,INR,3.0,Delivered
TXN001540,HIST-2026-00561,2,CUST0004,DD-CTS-0009,2026-01-31,878,MTR,139.56,122533.68,INR,3.0,Delivered
TXN002499,HIST-2026-00921,1,CUST0120,DD-PRB-0033,2026-01-31,2011,MTR,155.9,313514.9,INR,7.0,Delivered
TXN002500,HIST-2026-00921,2,CUST0120,DD-SUT-0021,2026-01-31,1667,MTR,253.8,423084.6,INR,7.0,Delivered
TXN002501,HIST-2026-00921,3,CUST0120,DD-SAT-0025,2026-01-31,1266,MTR,158.77,201002.82,INR,7.0,Delivered
TXN002502,HIST-2026-00921,4,CUST0120,DD-KSJ-0006,2026-01-31,238,KG,329.6,78444.8,INR,7.0,Delivered
TXN002503,HIST-2026-00921,5,CUST0120,DD-SUT-0028,2026-01-31,1333,MTR,205.5,273931.5,INR,7.0,Delivered
TXN002504,HIST-2026-00921,6,CUST0120,DD-FLN-0014,2026-01-31,226,MTR,124.85,28216.1,INR,7.0,Delivered
TXN005758,HIST-2026-02116,1,CUST0058,DD-CTB-0024,2026-02-01,1945,MTR,188.59,366807.55,INR,7.0,Delivered
TXN005759,HIST-2026-02116,2,CUST0058,DD-DNM-0012,2026-02-01,268,MTR,177.23,47497.64,INR,7.0,Delivered
TXN005760,HIST-2026-02116,3,CUST0058,DD-CTB-0031,2026-02-01,181,MTR,159.07,28791.67,INR,7.0,Delivered
TXN005764,HIST-2026-02119,1,CUST0046,DD-SUT-0026,2026-02-01,567,MTR,236.4,134038.8,INR,7.0,Delivered
TXN005765,HIST-2026-02119,2,CUST0046,DD-SUT-0014,2026-02-01,307,MTR,282.16,86623.12,INR,7.0,Delivered
TXN000251,HIST-2026-00091,1,CUST0129,DD-PCS-0007,2026-02-02,1348,MTR,96.77,130445.96,INR,3.0,Delivered
TXN000252,HIST-2026-00091,2,CUST0129,DD-PRB-0033,2026-02-02,152,MTR,165.84,25207.68,INR,3.0,Delivered
TXN000253,HIST-2026-00091,3,CUST0129,DD-MOD-0013,2026-02-02,1356,MTR,261.27,354282.12,INR,3.0,Delivered
TXN000254,HIST-2026-00091,4,CUST0129,DD-SUT-0014,2026-02-02,274,MTR,277.6,76062.4,INR,3.0,Delivered
TXN003737,HIST-2026-01360,1,CUST0105,DD-KSJ-0014,2026-02-02,77,KG,312.45,24058.65,INR,12.0,Delivered
TXN003738,HIST-2026-01360,2,CUST0105,DD-CTS-0027,2026-02-02,383,MTR,81.81,31333.23,INR,12.0,Delivered
TXN003749,HIST-2026-01364,1,CUST0008,DD-CTB-0026,2026-02-02,257,MTR,199.41,51248.37,INR,7.0,Delivered
TXN004301,HIST-2026-01567,1,CUST0099,DD-CTS-0006,2026-02-02,143,MTR,120.65,17252.95,INR,7.0,Delivered
TXN004302,HIST-2026-01567,2,CUST0099,DD-RBL-0017,2026-02-02,1454,MTR,62.81,91325.74,INR,7.0,Delivered
TXN002930,HIST-2026-01077,1,CUST0056,DD-CTS-0008,2026-02-04,439,MTR,127.03,55766.17,INR,12.0,Delivered
TXN002931,HIST-2026-01077,2,CUST0056,DD-DNM-0014,2026-02-04,1827,MTR,169.09,308927.43,INR,12.0,Delivered
TXN002932,HIST-2026-01077,3,CUST0056,DD-CTS-0024,2026-02-04,174,MTR,81.29,14144.46,INR,12.0,Delivered
TXN002933,HIST-2026-01077,4,CUST0056,DD-KIR-0028,2026-02-04,46,KG,385.93,17752.78,INR,12.0,Delivered
TXN002934,HIST-2026-01077,5,CUST0056,DD-KSJ-0016,2026-02-04,411,KG,310.14,127467.54,INR,12.0,Delivered
TXN002935,HIST-2026-01077,6,CUST0056,DD-DNM-0020,2026-02-04,1136,MTR,230.41,261745.76,INR,12.0,Delivered
TXN003113,HIST-2026-01143,1,CUST0044,DD-BDS-0008,2026-02-05,214,MTR,163.63,35016.82,INR,7.0,Delivered
TXN003114,HIST-2026-01143,2,CUST0044,DD-HUP-0002,2026-02-05,1520,MTR,301.16,457763.2,INR,7.0,Delivered
TXN003115,HIST-2026-01143,3,CUST0044,DD-CIN-0024,2026-02-05,272,MTR,276.37,75172.64,INR,7.0,Delivered
TXN005266,HIST-2026-01935,1,CUST0048,DD-MOD-0021,2026-02-05,268,MTR,225.44,60417.92,INR,12.0,Delivered
TXN006711,HIST-2026-02464,1,CUST0064,DD-DNM-0010,2026-02-05,1370,MTR,242.83,332677.1,INR,12.0,Delivered
TXN005496,HIST-2026-02017,1,CUST0016,DD-MOD-0026,2026-02-06,544,MTR,152.81,83128.64,INR,12.0,Delivered
TXN005497,HIST-2026-02017,2,CUST0016,DD-LIN-0034,2026-02-06,142,MTR,274.37,38960.54,INR,12.0,Delivered
TXN005498,HIST-2026-02017,3,CUST0016,DD-CIN-0006,2026-02-06,230,MTR,192.44,44261.2,INR,12.0,Delivered
TXN005499,HIST-2026-02017,4,CUST0016,DD-KIR-0001,2026-02-06,368,KG,338.34,124509.12,INR,12.0,Delivered
TXN000360,HIST-2026-00129,1,CUST0064,DD-CTB-0033,2026-02-07,226,MTR,211.71,47846.46,INR,12.0,Delivered
TXN000361,HIST-2026-00129,2,CUST0064,DD-KIR-0010,2026-02-07,469,KG,406.31,190559.39,INR,12.0,Partially Delivered
TXN001796,HIST-2026-00649,1,CUST0125,DD-CTS-0009,2026-02-07,260,MTR,131.38,34158.8,INR,7.0,Delivered
TXN001015,HIST-2026-00365,1,CUST0120,DD-MOD-0008,2026-02-08,463,MTR,231.32,107101.16,INR,7.0,Delivered
TXN001016,HIST-2026-00365,2,CUST0120,DD-SAT-0025,2026-02-08,168,MTR,161.79,27180.72,INR,7.0,Delivered
TXN001017,HIST-2026-00365,3,CUST0120,DD-SUT-0021,2026-02-08,292,MTR,259.92,75896.64,INR,7.0,Delivered
TXN001465,HIST-2026-00533,1,CUST0077,DD-KFT-0009,2026-02-08,553,KG,420.15,232342.95,INR,7.0,Delivered
TXN001466,HIST-2026-00533,2,CUST0077,DD-CTB-0005,2026-02-08,1358,MTR,219.83,298529.14,INR,7.0,Delivered
TXN001467,HIST-2026-00533,3,CUST0077,DD-FLN-0033,2026-02-08,913,MTR,149.48,136475.24,INR,7.0,Delivered
TXN004103,HIST-2026-01498,1,CUST0076,DD-CTB-0031,2026-02-08,1124,MTR,163.85,184167.4,INR,7.0,Delivered
TXN004104,HIST-2026-01498,2,CUST0076,DD-CTS-0014,2026-02-08,1720,MTR,120.27,206864.4,INR,7.0,Delivered
TXN004105,HIST-2026-01498,3,CUST0076,DD-MOD-0016,2026-02-08,2122,MTR,241.18,511783.96,INR,7.0,Delivered
TXN004975,HIST-2026-01825,1,CUST0124,DD-PGT-0008,2026-02-08,2050,MTR,72.32,148256.0,INR,7.0,Delivered
TXN004976,HIST-2026-01825,2,CUST0124,DD-PRB-0016,2026-02-08,318,MTR,113.52,36099.36,INR,7.0,Delivered
TXN004977,HIST-2026-01825,3,CUST0124,DD-LIN-0021,2026-02-08,1409,MTR,455.74,642137.66,INR,7.0,Delivered
TXN004978,HIST-2026-01825,4,CUST0124,DD-PGT-0006,2026-02-08,208,MTR,76.23,15855.84,INR,7.0,Delivered
TXN001196,HIST-2026-00431,1,CUST0096,DD-KSJ-0015,2026-02-09,98,KG,321.34,31491.32,INR,7.0,Delivered
TXN001197,HIST-2026-00431,2,CUST0096,DD-CTB-0002,2026-02-09,1423,MTR,159.58,227082.34,INR,7.0,Delivered
TXN001198,HIST-2026-00431,3,CUST0096,DD-KFT-0009,2026-02-09,69,KG,401.91,27731.79,INR,7.0,Partially Delivered
TXN001199,HIST-2026-00431,4,CUST0096,DD-CTS-0003,2026-02-09,153,MTR,100.39,15359.67,INR,7.0,Delivered
TXN001200,HIST-2026-00431,5,CUST0096,DD-CTS-0022,2026-02-09,257,MTR,89.78,23073.46,INR,7.0,Delivered
TXN001717,HIST-2026-00624,1,CUST0100,DD-KIR-0033,2026-02-09,52,KG,444.41,23109.32,INR,3.0,Delivered
TXN003261,HIST-2026-01197,1,CUST0114,DD-PCS-0032,2026-02-09,682,MTR,80.82,55119.24,INR,12.0,Delivered
TXN003262,HIST-2026-01197,2,CUST0114,DD-CTS-0011,2026-02-09,644,MTR,133.57,86019.08,INR,12.0,Delivered
TXN003263,HIST-2026-01197,3,CUST0114,DD-CDV-0030,2026-02-09,344,MTR,166.4,57241.6,INR,12.0,Delivered
TXN003264,HIST-2026-01197,4,CUST0114,DD-MOD-0019,2026-02-09,284,MTR,214.75,60989.0,INR,12.0,Delivered
TXN003780,HIST-2026-01378,1,CUST0122,DD-SUT-0034,2026-02-09,341,MTR,192.22,65547.02,INR,3.0,Delivered
TXN005432,HIST-2026-01992,1,CUST0021,DD-CIN-0024,2026-02-09,1342,MTR,287.14,385341.88,INR,3.0,Delivered
TXN005433,HIST-2026-01992,2,CUST0021,DD-HUP-0017,2026-02-09,161,MTR,340.25,54780.25,INR,3.0,Partially Delivered
TXN005434,HIST-2026-01992,3,CUST0021,DD-BDS-0032,2026-02-09,129,MTR,206.97,26699.13,INR,3.0,Delivered
TXN005579,HIST-2026-02052,1,CUST0095,DD-CIN-0012,2026-02-09,1344,MTR,206.27,277226.88,INR,7.0,Delivered
TXN005580,HIST-2026-02052,2,CUST0095,DD-HCT-0004,2026-02-09,434,MTR,139.82,60681.88,INR,7.0,Delivered
TXN005581,HIST-2026-02052,3,CUST0095,DD-HCT-0029,2026-02-09,142,MTR,130.36,18511.12,INR,7.0,Delivered
TXN007449,HIST-2026-02746,1,CUST0117,DD-PRB-0040,2026-02-09,1940,MTR,152.73,296296.2,INR,3.0,Delivered
TXN007450,HIST-2026-02746,2,CUST0117,DD-KFT-0021,2026-02-09,278,KG,402.76,111967.28,INR,3.0,Delivered
TXN007451,HIST-2026-02746,3,CUST0117,DD-LIN-0028,2026-02-09,854,MTR,270.1,230665.4,INR,3.0,Delivered
TXN004074,HIST-2026-01486,1,CUST0044,DD-HCT-0016,2026-02-10,1559,MTR,166.24,259168.16,INR,7.0,Delivered
TXN004075,HIST-2026-01486,2,CUST0044,DD-HCT-0032,2026-02-10,890,MTR,157.65,140308.5,INR,7.0,Delivered
TXN006780,HIST-2026-02492,1,CUST0051,DD-CTB-0028,2026-02-10,849,MTR,165.59,140585.91,INR,7.0,Delivered
TXN006781,HIST-2026-02492,2,CUST0051,DD-KIR-0014,2026-02-10,511,KG,473.36,241886.96,INR,7.0,Delivered
TXN006782,HIST-2026-02492,3,CUST0051,DD-KIR-0011,2026-02-10,316,KG,480.38,151800.08,INR,7.0,Delivered
TXN006783,HIST-2026-02492,4,CUST0051,DD-CTB-0017,2026-02-10,2003,MTR,153.91,308281.73,INR,7.0,Delivered
TXN002512,HIST-2026-00925,1,CUST0098,DD-PRB-0020,2026-02-11,273,MTR,114.58,31280.34,INR,7.0,Delivered
TXN002513,HIST-2026-00925,2,CUST0098,DD-SUT-0005,2026-02-11,162,MTR,227.18,36803.16,INR,7.0,Delivered
TXN006574,HIST-2026-02411,1,CUST0098,DD-VSR-0035,2026-02-11,1706,MTR,90.88,155041.28,INR,7.0,Delivered
TXN002174,HIST-2026-00801,1,CUST0030,DD-KIR-0036,2026-02-12,474,KG,366.3,173626.2,INR,12.0,Delivered
TXN004400,HIST-2026-01611,1,CUST0116,DD-KIR-0018,2026-02-12,255,KG,500.06,127515.3,INR,7.0,Delivered
TXN004401,HIST-2026-01611,2,CUST0116,DD-HCT-0028,2026-02-12,177,MTR,131.46,23268.42,INR,7.0,Delivered
TXN004402,HIST-2026-01611,3,CUST0116,DD-DNM-0029,2026-02-12,295,MTR,301.68,88995.6,INR,7.0,Delivered
TXN004403,HIST-2026-01611,4,CUST0116,DD-SUT-0028,2026-02-12,201,MTR,208.71,41950.71,INR,7.0,Delivered
TXN004475,HIST-2026-01643,1,CUST0135,DD-BDS-0018,2026-02-12,2049,MTR,261.86,536551.14,INR,3.0,Delivered
TXN007443,HIST-2026-02745,1,CUST0075,DD-KSJ-0010,2026-02-12,111,KG,357.24,39653.64,INR,7.0,Delivered
TXN007444,HIST-2026-02745,2,CUST0075,DD-CTB-0006,2026-02-12,332,MTR,216.77,71967.64,INR,7.0,Delivered
TXN007445,HIST-2026-02745,3,CUST0075,DD-KSJ-0006,2026-02-12,403,KG,325.7,131257.1,INR,7.0,Delivered
TXN007446,HIST-2026-02745,4,CUST0075,DD-DNM-0028,2026-02-12,1019,MTR,209.01,212981.19,INR,7.0,Delivered
TXN007447,HIST-2026-02745,5,CUST0075,DD-CTS-0016,2026-02-12,552,MTR,122.02,67355.04,INR,7.0,Delivered
TXN007448,HIST-2026-02745,6,CUST0075,DD-KFT-0024,2026-02-12,87,KG,343.58,29891.46,INR,7.0,Delivered
TXN000821,HIST-2026-00289,1,CUST0009,DD-SAT-0032,2026-02-13,888,MTR,88.36,78463.68,INR,7.0,Delivered
TXN007471,HIST-2026-02755,1,CUST0094,DD-DNM-0019,2026-02-13,1278,MTR,246.32,314796.96,INR,7.0,Partially Delivered
TXN002595,HIST-2026-00955,1,CUST0074,DD-DNM-0003,2026-02-15,467,MTR,236.55,110468.85,INR,3.0,Delivered
TXN002596,HIST-2026-00955,2,CUST0074,DD-MOD-0015,2026-02-15,1520,MTR,224.58,341361.6,INR,3.0,Delivered
TXN006089,HIST-2026-02237,1,CUST0129,DD-HCT-0018,2026-02-15,295,MTR,170.28,50232.6,INR,3.0,Delivered
TXN006090,HIST-2026-02237,2,CUST0129,DD-PRB-0006,2026-02-15,480,MTR,143.23,68750.4,INR,3.0,Partially Delivered
TXN006640,HIST-2026-02438,1,CUST0080,DD-CIN-0005,2026-02-15,220,MTR,205.33,45172.6,INR,7.0,Delivered
TXN006641,HIST-2026-02438,2,CUST0080,DD-TWL-0020,2026-02-15,638,PCS,210.38,134222.44,INR,7.0,Delivered
TXN006642,HIST-2026-02438,3,CUST0080,DD-TWL-0016,2026-02-15,335,PCS,196.17,65716.95,INR,7.0,Delivered
TXN006643,HIST-2026-02438,4,CUST0080,DD-TWL-0006,2026-02-15,494,PCS,241.93,119513.42,INR,7.0,Delivered
TXN004201,HIST-2026-01532,1,CUST0096,DD-CTB-0024,2026-02-16,1979,MTR,202.52,400787.08,INR,7.0,Delivered
TXN004202,HIST-2026-01532,2,CUST0096,DD-KFT-0028,2026-02-16,347,KG,236.59,82096.73,INR,7.0,Delivered
TXN004203,HIST-2026-01532,3,CUST0096,DD-CTB-0002,2026-02-16,408,MTR,157.86,64406.88,INR,7.0,Delivered
TXN002722,HIST-2026-01004,1,CUST0099,DD-CIN-0007,2026-02-17,275,MTR,243.99,67097.25,INR,7.0,Delivered
TXN002723,HIST-2026-01004,2,CUST0099,DD-SUT-0029,2026-02-17,977,MTR,213.7,208784.9,INR,7.0,Delivered
TXN002724,HIST-2026-01004,3,CUST0099,DD-HUP-0005,2026-02-17,881,MTR,323.87,285329.47,INR,7.0,Delivered
TXN002725,HIST-2026-01004,4,CUST0099,DD-CTS-0006,2026-02-17,979,MTR,122.18,119614.22,INR,7.0,Delivered
TXN002726,HIST-2026-01004,5,CUST0099,DD-PCS-0021,2026-02-17,1837,MTR,87.51,160755.87,INR,7.0,Partially Delivered
TXN004448,HIST-2026-01630,1,CUST0056,DD-DNM-0014,2026-02-17,650,MTR,169.43,110129.5,INR,12.0,Delivered
TXN003768,HIST-2026-01371,1,CUST0011,DD-CIN-0025,2026-02-19,167,MTR,258.71,43204.57,INR,7.0,Delivered
TXN004275,HIST-2026-01557,1,CUST0035,DD-LIN-0034,2026-02-19,2143,MTR,277.02,593653.86,INR,3.0,Delivered
TXN004276,HIST-2026-01557,2,CUST0035,DD-MOD-0007,2026-02-19,259,MTR,256.25,66368.75,INR,3.0,Delivered
TXN001934,HIST-2026-00708,1,CUST0061,DD-PRB-0011,2026-02-20,271,MTR,149.01,40381.71,INR,3.0,Delivered
TXN001935,HIST-2026-00708,2,CUST0061,DD-VSR-0030,2026-02-20,1186,MTR,128.23,152080.78,INR,3.0,Delivered
TXN002733,HIST-2026-01007,1,CUST0068,DD-TWL-0014,2026-02-20,483,PCS,227.43,109848.69,INR,3.0,Delivered
TXN004099,HIST-2026-01496,1,CUST0041,DD-HUP-0014,2026-02-20,127,MTR,267.88,34020.76,INR,3.0,Delivered
TXN004100,HIST-2026-01496,2,CUST0041,DD-TWL-0021,2026-02-20,1318,PCS,243.73,321236.14,INR,3.0,Delivered
TXN004101,HIST-2026-01496,3,CUST0041,DD-HCT-0013,2026-02-20,386,MTR,230.02,88787.72,INR,3.0,Delivered
TXN005125,HIST-2026-01878,1,CUST0118,DD-SUT-0019,2026-02-20,581,MTR,270.08,156916.48,INR,7.0,Delivered
TXN005126,HIST-2026-01878,2,CUST0118,DD-CDV-0007,2026-02-20,1317,MTR,196.78,259159.26,INR,7.0,Delivered
TXN005127,HIST-2026-01878,3,CUST0118,DD-KIR-0001,2026-02-20,325,KG,331.67,107792.75,INR,7.0,Delivered
TXN000407,HIST-2026-00146,1,CUST0068,DD-TWL-0014,2026-02-21,659,PCS,222.85,146858.15,INR,3.0,Delivered
TXN000408,HIST-2026-00146,2,CUST0068,DD-CDV-0029,2026-02-21,866,MTR,180.7,156486.2,INR,3.0,Delivered
TXN000409,HIST-2026-00146,3,CUST0068,DD-LIN-0001,2026-02-21,220,MTR,453.3,99726.0,INR,3.0,Partially Delivered
TXN001522,HIST-2026-00555,1,CUST0064,DD-DNM-0034,2026-02-21,305,MTR,271.75,82883.75,INR,12.0,Delivered
TXN005859,HIST-2026-02152,1,CUST0120,DD-MOD-0008,2026-02-21,857,MTR,232.48,199235.36,INR,7.0,Delivered
TXN006389,HIST-2026-02346,1,CUST0039,DD-CTS-0027,2026-02-21,272,MTR,94.81,25788.32,INR,7.0,Delivered
TXN000566,HIST-2026-00204,1,CUST0126,DD-DNM-0035,2026-02-22,167,MTR,199.12,33253.04,INR,7.0,Delivered
TXN000567,HIST-2026-00204,2,CUST0126,DD-LIN-0017,2026-02-22,1097,MTR,442.21,485104.37,INR,7.0,Delivered
TXN001484,HIST-2026-00541,1,CUST0062,DD-DNM-0022,2026-02-22,178,MTR,194.81,34676.18,INR,12.0,Cancelled
TXN001485,HIST-2026-00541,2,CUST0062,DD-LIN-0009,2026-02-22,393,MTR,375.41,147536.13,INR,12.0,Delivered
TXN002748,HIST-2026-01015,1,CUST0054,DD-HCT-0020,2026-02-22,978,MTR,174.41,170572.98,INR,7.0,Delivered
TXN002749,HIST-2026-01015,2,CUST0054,DD-CIN-0009,2026-02-22,253,MTR,264.84,67004.52,INR,7.0,Delivered
TXN006644,HIST-2026-02439,1,CUST0056,DD-CTS-0027,2026-02-22,1085,MTR,88.42,95935.7,INR,12.0,Delivered
TXN004801,HIST-2026-01764,1,CUST0047,DD-KIR-0036,2026-02-23,349,KG,406.86,141994.14,INR,7.0,Delivered
TXN000178,HIST-2026-00062,1,CUST0036,DD-KSJ-0023,2026-02-24,459,KG,364.44,167277.96,INR,12.0,Delivered
TXN001236,HIST-2026-00445,1,CUST0109,DD-DNM-0019,2026-02-24,1639,MTR,243.41,398948.99,INR,12.0,Delivered
TXN001237,HIST-2026-00445,2,CUST0109,DD-CTS-0003,2026-02-24,181,MTR,90.92,16456.52,INR,12.0,Delivered
TXN001238,HIST-2026-00445,3,CUST0109,DD-MOD-0017,2026-02-24,376,MTR,231.1,86893.6,INR,12.0,Delivered
TXN001239,HIST-2026-00445,4,CUST0109,DD-DNM-0016,2026-02-24,1311,MTR,247.39,324328.29,INR,12.0,Delivered
TXN002008,HIST-2026-00735,1,CUST0019,DD-KFT-0005,2026-02-24,80,KG,303.63,24290.4,INR,12.0,Delivered
TXN002009,HIST-2026-00735,2,CUST0019,DD-KSJ-0009,2026-02-24,81,KG,324.98,26323.38,INR,12.0,Delivered
TXN004476,HIST-2026-01644,1,CUST0086,DD-MOD-0012,2026-02-24,1663,MTR,275.49,458139.87,INR,7.0,Delivered
TXN005616,HIST-2026-02063,1,CUST0023,DD-FLN-0013,2026-02-24,300,MTR,134.23,40269.0,INR,7.0,Cancelled
TXN005818,HIST-2026-02136,1,CUST0098,DD-RBL-0026,2026-02-24,166,MTR,46.44,7709.04,INR,7.0,Delivered
TXN005819,HIST-2026-02136,2,CUST0098,DD-PRB-0004,2026-02-24,652,MTR,115.05,75012.6,INR,7.0,Delivered
TXN005820,HIST-2026-02136,3,CUST0098,DD-FLN-0027,2026-02-24,728,MTR,165.79,120695.12,INR,7.0,Delivered
TXN005821,HIST-2026-02136,4,CUST0098,DD-PGT-0013,2026-02-24,1424,MTR,61.71,87875.04,INR,7.0,Delivered
TXN006253,HIST-2026-02292,1,CUST0009,DD-PRB-0024,2026-02-24,185,MTR,108.27,20029.95,INR,7.0,Delivered
TXN003015,HIST-2026-01111,1,CUST0096,DD-CTB-0002,2026-02-25,520,MTR,160.6,83512.0,INR,7.0,Delivered
TXN003016,HIST-2026-01111,2,CUST0096,DD-KIR-0023,2026-02-25,483,KG,386.17,186520.11,INR,7.0,Delivered
TXN003017,HIST-2026-01111,3,CUST0096,DD-KIR-0031,2026-02-25,386,KG,390.83,150860.38,INR,7.0,Delivered
TXN001008,HIST-2026-00362,1,CUST0036,DD-KSJ-0023,2026-02-26,284,KG,364.2,103432.8,INR,12.0,Partially Delivered
TXN002608,HIST-2026-00962,1,CUST0072,DD-SUT-0031,2026-02-26,175,MTR,192.21,33636.75,INR,12.0,Delivered
TXN002609,HIST-2026-00962,2,CUST0072,DD-LIN-0019,2026-02-26,485,MTR,432.71,209864.35,INR,12.0,Delivered
TXN004531,HIST-2026-01669,1,CUST0067,DD-BDS-0006,2026-02-26,434,MTR,149.74,64987.16,INR,12.0,Delivered
TXN001708,HIST-2026-00622,1,CUST0076,DD-CTB-0026,2026-02-27,563,MTR,196.2,110460.6,INR,7.0,Delivered
TXN001709,HIST-2026-00622,2,CUST0076,DD-CTB-0031,2026-02-27,133,MTR,166.87,22193.71,INR,7.0,Delivered
TXN001710,HIST-2026-00622,3,CUST0076,DD-LIN-0003,2026-02-27,696,MTR,446.61,310840.56,INR,7.0,Delivered
TXN005401,HIST-2026-01980,1,CUST0096,DD-KFT-0009,2026-02-28,251,KG,404.57,101547.07,INR,7.0,Delivered
TXN005402,HIST-2026-01980,2,CUST0096,DD-DNM-0026,2026-02-28,135,MTR,220.74,29799.9,INR,7.0,Delivered
TXN000423,HIST-2026-00153,1,CUST0111,DD-PRB-0034,2026-03-01,1612,MTR,142.07,229016.84,INR,12.0,Delivered
TXN000424,HIST-2026-00153,2,CUST0111,DD-VSR-0021,2026-03-01,1160,MTR,101.15,117334.0,INR,12.0,Delivered
TXN000425,HIST-2026-00153,3,CUST0111,DD-MOD-0032,2026-03-01,336,MTR,269.03,90394.08,INR,12.0,Delivered
TXN000426,HIST-2026-00153,4,CUST0111,DD-MOD-0021,2026-03-01,702,MTR,218.15,153141.3,INR,12.0,Delivered
TXN001994,HIST-2026-00730,1,CUST0120,DD-KFT-0016,2026-03-01,52,KG,303.21,15766.92,INR,7.0,Delivered
TXN001995,HIST-2026-00730,2,CUST0120,DD-SUT-0028,2026-03-01,533,MTR,211.16,112548.28,INR,7.0,Partially Delivered
TXN001996,HIST-2026-00730,3,CUST0120,DD-KSJ-0011,2026-03-01,176,KG,297.34,52331.84,INR,7.0,Delivered
TXN001997,HIST-2026-00730,4,CUST0120,DD-KIR-0019,2026-03-01,147,KG,365.97,53797.59,INR,7.0,Delivered
TXN003470,HIST-2026-01273,1,CUST0065,DD-LIN-0034,2026-03-01,759,MTR,269.63,204649.17,INR,12.0,Delivered
TXN003471,HIST-2026-01273,2,CUST0065,DD-PRB-0021,2026-03-01,1158,MTR,116.69,135127.02,INR,12.0,Partially Delivered
TXN005805,HIST-2026-02132,1,CUST0098,DD-FLN-0027,2026-03-01,1404,MTR,168.69,236840.76,INR,7.0,Delivered
TXN005806,HIST-2026-02132,2,CUST0098,DD-PGT-0030,2026-03-01,667,MTR,75.28,50211.76,INR,7.0,Delivered
TXN005807,HIST-2026-02132,3,CUST0098,DD-VSR-0035,2026-03-01,313,MTR,92.37,28911.81,INR,7.0,Delivered
TXN005808,HIST-2026-02132,4,CUST0098,DD-PCS-0022,2026-03-01,237,MTR,88.78,21040.86,INR,7.0,Partially Delivered
TXN005809,HIST-2026-02132,5,CUST0098,DD-PGT-0013,2026-03-01,130,MTR,61.81,8035.3,INR,7.0,Delivered
TXN000429,HIST-2026-00155,1,CUST0120,DD-HCT-0013,2026-03-02,314,MTR,218.97,68756.58,INR,7.0,Delivered
TXN000430,HIST-2026-00155,2,CUST0120,DD-MOD-0008,2026-03-02,564,MTR,231.85,130763.4,INR,7.0,Delivered
TXN000431,HIST-2026-00155,3,CUST0120,DD-SAT-0025,2026-03-02,919,MTR,158.4,145569.6,INR,7.0,Delivered
TXN000432,HIST-2026-00155,4,CUST0120,DD-SUT-0028,2026-03-02,1312,MTR,208.43,273460.16,INR,7.0,Delivered
TXN001277,HIST-2026-00461,1,CUST0134,DD-PCS-0023,2026-03-02,1885,MTR,100.71,189838.35,INR,3.0,Delivered
TXN001278,HIST-2026-00461,2,CUST0134,DD-CTB-0017,2026-03-02,1064,MTR,151.99,161717.36,INR,3.0,Delivered
TXN006624,HIST-2026-02430,1,CUST0114,DD-PRB-0001,2026-03-02,1171,MTR,113.07,132404.97,INR,12.0,Delivered
TXN006625,HIST-2026-02430,2,CUST0114,DD-HCT-0032,2026-03-02,528,MTR,160.79,84897.12,INR,12.0,Delivered
TXN006626,HIST-2026-02430,3,CUST0114,DD-MOD-0022,2026-03-02,448,MTR,220.8,98918.4,INR,12.0,Delivered
TXN006627,HIST-2026-02430,4,CUST0114,DD-CDV-0025,2026-03-02,537,MTR,191.76,102975.12,INR,12.0,Delivered
TXN006628,HIST-2026-02430,5,CUST0114,DD-MOD-0019,2026-03-02,413,MTR,216.81,89542.53,INR,12.0,Delivered
TXN007089,HIST-2026-02607,1,CUST0011,DD-HCT-0018,2026-03-02,539,MTR,166.14,89549.46,INR,7.0,Delivered
TXN007090,HIST-2026-02607,2,CUST0011,DD-HUP-0027,2026-03-02,366,MTR,266.21,97432.86,INR,7.0,Delivered
TXN003293,HIST-2026-01207,1,CUST0034,DD-CTB-0009,2026-03-03,452,MTR,256.63,115996.76,INR,7.0,Delivered
TXN003294,HIST-2026-01207,2,CUST0034,DD-KFT-0015,2026-03-03,140,KG,260.93,36530.2,INR,7.0,Delivered
TXN004124,HIST-2026-01504,1,CUST0073,DD-BDS-0002,2026-03-03,1298,MTR,221.69,287753.62,INR,12.0,Delivered
TXN004125,HIST-2026-01504,2,CUST0073,DD-TWL-0024,2026-03-03,105,PCS,205.1,21535.5,INR,12.0,Delivered
TXN004126,HIST-2026-01504,3,CUST0073,DD-HUP-0026,2026-03-03,673,MTR,257.02,172974.46,INR,12.0,Delivered
TXN004861,HIST-2026-01784,1,CUST0054,DD-HCT-0013,2026-03-03,142,MTR,221.8,31495.6,INR,7.0,Delivered
TXN004862,HIST-2026-01784,2,CUST0054,DD-CIN-0008,2026-03-03,272,MTR,241.11,65581.92,INR,7.0,Delivered
TXN004863,HIST-2026-01784,3,CUST0054,DD-CIN-0015,2026-03-03,918,MTR,220.9,202786.2,INR,7.0,Delivered
TXN005298,HIST-2026-01946,1,CUST0016,DD-FLN-0025,2026-03-03,433,MTR,164.29,71137.57,INR,12.0,Delivered
TXN006225,HIST-2026-02282,1,CUST0030,DD-KIR-0021,2026-03-03,171,KG,355.56,60800.76,INR,12.0,Delivered
TXN006226,HIST-2026-02282,2,CUST0030,DD-KIR-0013,2026-03-03,370,KG,450.86,166818.2,INR,12.0,Delivered
TXN006227,HIST-2026-02282,3,CUST0030,DD-DNM-0028,2026-03-03,663,MTR,206.3,136776.9,INR,12.0,Delivered
TXN006228,HIST-2026-02282,4,CUST0030,DD-KIR-0007,2026-03-03,240,KG,375.2,90048.0,INR,12.0,Delivered
TXN002287,HIST-2026-00842,1,CUST0030,DD-KIR-0013,2026-03-04,51,KG,453.55,23131.05,INR,12.0,Delivered
TXN002288,HIST-2026-00842,2,CUST0030,DD-KIR-0033,2026-03-04,509,KG,380.66,193755.94,INR,12.0,Delivered
TXN002289,HIST-2026-00842,3,CUST0030,DD-KIR-0021,2026-03-04,437,KG,363.95,159046.15,INR,12.0,Delivered
TXN002290,HIST-2026-00842,4,CUST0030,DD-KIR-0007,2026-03-04,251,KG,373.28,93693.28,INR,12.0,Delivered
TXN002291,HIST-2026-00842,5,CUST0030,DD-KSJ-0007,2026-03-04,558,KG,317.68,177265.44,INR,12.0,Delivered
TXN002292,HIST-2026-00842,6,CUST0030,DD-KIR-0032,2026-03-04,342,KG,386.57,132206.94,INR,12.0,Delivered
TXN002592,HIST-2026-00954,1,CUST0079,DD-CIN-0027,2026-03-04,754,MTR,190.0,143260.0,INR,3.0,Delivered
TXN002593,HIST-2026-00954,2,CUST0079,DD-KSJ-0009,2026-03-04,334,KG,348.39,116362.26,INR,3.0,Delivered
TXN002594,HIST-2026-00954,3,CUST0079,DD-LIN-0009,2026-03-04,1112,MTR,414.02,460390.24,INR,3.0,Delivered
TXN004409,HIST-2026-01614,1,CUST0053,DD-CTB-0007,2026-03-04,127,MTR,249.34,31666.18,INR,3.0,Delivered
TXN004410,HIST-2026-01614,2,CUST0053,DD-CTB-0001,2026-03-04,145,MTR,174.25,25266.25,INR,3.0,Delivered
TXN004411,HIST-2026-01614,3,CUST0053,DD-CTB-0018,2026-03-04,1110,MTR,157.58,174913.8,INR,3.0,Delivered
TXN004412,HIST-2026-01614,4,CUST0053,DD-SUT-0037,2026-03-04,1987,MTR,199.93,397260.91,INR,3.0,Delivered
TXN005072,HIST-2026-01861,1,CUST0062,DD-LIN-0009,2026-03-04,478,MTR,375.03,179264.34,INR,12.0,Delivered
TXN005073,HIST-2026-01861,2,CUST0062,DD-DNM-0022,2026-03-04,510,MTR,197.18,100561.8,INR,12.0,Cancelled
TXN005074,HIST-2026-01861,3,CUST0062,DD-KSJ-0006,2026-03-04,233,KG,312.05,72707.65,INR,12.0,Delivered
TXN005075,HIST-2026-01861,4,CUST0062,DD-LIN-0010,2026-03-04,214,MTR,382.47,81848.58,INR,12.0,Delivered
TXN006390,HIST-2026-02347,1,CUST0031,DD-KFT-0011,2026-03-05,395,KG,415.57,164150.15,INR,7.0,Delivered
TXN006391,HIST-2026-02347,2,CUST0031,DD-KIR-0035,2026-03-05,276,KG,498.58,137608.08,INR,7.0,Delivered
TXN006392,HIST-2026-02347,3,CUST0031,DD-CTB-0024,2026-03-05,132,MTR,193.76,25576.32,INR,7.0,Delivered
TXN006393,HIST-2026-02347,4,CUST0031,DD-KFT-0025,2026-03-05,84,KG,371.73,31225.32,INR,7.0,Delivered
TXN006394,HIST-2026-02347,5,CUST0031,DD-CTS-0024,2026-03-05,564,MTR,88.41,49863.24,INR,7.0,Delivered
TXN001416,HIST-2026-00513,1,CUST0070,DD-VSR-0024,2026-03-07,2274,MTR,112.66,256188.84,INR,3.0,Delivered
TXN004422,HIST-2026-01617,1,CUST0047,DD-KIR-0027,2026-03-08,77,KG,395.98,30490.46,INR,7.0,Delivered
TXN005665,HIST-2026-02080,1,CUST0036,DD-CTB-0014,2026-03-08,269,MTR,159.87,43005.03,INR,12.0,Delivered
TXN006483,HIST-2026-02378,1,CUST0096,DD-DNM-0008,2026-03-08,1401,MTR,241.94,338957.94,INR,7.0,Delivered
TXN006484,HIST-2026-02378,2,CUST0096,DD-KFT-0009,2026-03-08,81,KG,402.4,32594.4,INR,7.0,Delivered
TXN006485,HIST-2026-02378,3,CUST0096,DD-CTS-0003,2026-03-08,837,MTR,100.92,84470.04,INR,7.0,Delivered
TXN007422,HIST-2026-02735,1,CUST0030,DD-KSJ-0011,2026-03-08,282,KG,284.75,80299.5,INR,12.0,Delivered
TXN007423,HIST-2026-02735,2,CUST0030,DD-KIR-0021,2026-03-08,258,KG,356.35,91938.3,INR,12.0,Delivered
TXN007424,HIST-2026-02735,3,CUST0030,DD-DNM-0016,2026-03-08,2198,MTR,254.52,559434.96,INR,12.0,Delivered
TXN003771,HIST-2026-01374,1,CUST0106,DD-FLN-0014,2026-03-09,1389,MTR,116.69,162082.41,INR,7.0,Delivered
TXN003772,HIST-2026-01374,2,CUST0106,DD-FLN-0021,2026-03-09,1350,MTR,187.43,253030.5,INR,7.0,Partially Delivered
TXN003773,HIST-2026-01374,3,CUST0106,DD-CTB-0010,2026-03-09,855,MTR,245.99,210321.45,INR,7.0,Delivered
TXN006035,HIST-2026-02220,1,CUST0106,DD-SUT-0019,2026-03-09,1639,MTR,250.94,411290.66,INR,7.0,Delivered
TXN006036,HIST-2026-02220,2,CUST0106,DD-PCS-0007,2026-03-09,181,MTR,92.65,16769.65,INR,7.0,Delivered
TXN006037,HIST-2026-02220,3,CUST0106,DD-FLN-0014,2026-03-09,274,MTR,115.63,31682.62,INR,7.0,Delivered
TXN006038,HIST-2026-02220,4,CUST0106,DD-SUT-0024,2026-03-09,1668,MTR,228.05,380387.4,INR,7.0,Delivered
TXN006039,HIST-2026-02220,5,CUST0106,DD-CIN-0021,2026-03-09,432,MTR,257.28,111144.96,INR,7.0,Delivered
TXN007241,HIST-2026-02662,1,CUST0076,DD-CTB-0026,2026-03-09,566,MTR,200.55,113511.3,INR,7.0,Partially Delivered
TXN007242,HIST-2026-02662,2,CUST0076,DD-CTB-0031,2026-03-09,345,MTR,165.67,57156.15,INR,7.0,Delivered
TXN007243,HIST-2026-02662,3,CUST0076,DD-KSJ-0006,2026-03-09,99,KG,351.75,34823.25,INR,7.0,Delivered
TXN005442,HIST-2026-01995,1,CUST0136,DD-PCS-0027,2026-03-10,155,MTR,86.42,13395.1,INR,12.0,Delivered
TXN005443,HIST-2026-01995,2,CUST0136,DD-CTS-0001,2026-03-10,264,MTR,96.48,25470.72,INR,12.0,Partially Delivered
TXN005444,HIST-2026-01995,3,CUST0136,DD-PCS-0018,2026-03-10,266,MTR,93.03,24745.98,INR,12.0,Delivered
TXN005445,HIST-2026-01995,4,CUST0136,DD-CDV-0010,2026-03-10,257,MTR,232.12,59654.84,INR,12.0,Delivered
TXN005446,HIST-2026-01995,5,CUST0136,DD-KSJ-0012,2026-03-10,44,KG,303.28,13344.32,INR,12.0,Delivered
TXN005447,HIST-2026-01995,6,CUST0136,DD-DNM-0022,2026-03-10,815,MTR,195.32,159185.8,INR,12.0,Delivered
TXN001115,HIST-2026-00403,1,CUST0108,DD-CIN-0007,2026-03-11,245,MTR,237.46,58177.7,INR,12.0,Delivered
TXN001691,HIST-2026-00615,1,CUST0054,DD-BDS-0003,2026-03-11,198,MTR,218.49,43261.02,INR,7.0,Delivered
TXN003492,HIST-2026-01280,1,CUST0083,DD-CTS-0026,2026-03-11,258,MTR,104.88,27059.04,INR,3.0,Delivered
TXN003493,HIST-2026-01280,2,CUST0083,DD-KSJ-0015,2026-03-11,90,KG,355.55,31999.5,INR,3.0,Delivered
TXN003494,HIST-2026-01280,3,CUST0083,DD-KFT-0008,2026-03-11,86,KG,410.26,35282.36,INR,3.0,Delivered
TXN003495,HIST-2026-01280,4,CUST0083,DD-KFT-0020,2026-03-11,129,KG,406.63,52455.27,INR,3.0,Partially Delivered
TXN004127,HIST-2026-01505,1,CUST0076,DD-CTS-0014,2026-03-11,372,MTR,121.4,45160.8,INR,7.0,Delivered
TXN007154,HIST-2026-02628,1,CUST0067,DD-BDS-0029,2026-03-11,620,MTR,215.3,133486.0,INR,12.0,Delivered
TXN007155,HIST-2026-02628,2,CUST0067,DD-HCT-0005,2026-03-11,882,MTR,126.85,111881.7,INR,12.0,Delivered
TXN007156,HIST-2026-02628,3,CUST0067,DD-CIN-0001,2026-03-11,204,MTR,225.27,45955.08,INR,12.0,Delivered
TXN007306,HIST-2026-02689,1,CUST0053,DD-SUT-0018,2026-03-11,1191,MTR,215.1,256184.1,INR,3.0,Cancelled
TXN006682,HIST-2026-02456,1,CUST0036,DD-DNM-0013,2026-03-13,279,MTR,171.45,47834.55,INR,12.0,Delivered
TXN006683,HIST-2026-02456,2,CUST0036,DD-KSJ-0023,2026-03-13,445,KG,365.58,162683.1,INR,12.0,Delivered
TXN006684,HIST-2026-02456,3,CUST0036,DD-LIN-0016,2026-03-13,1855,MTR,413.84,767673.2,INR,12.0,Delivered
TXN007342,HIST-2026-02705,1,CUST0108,DD-KIR-0012,2026-03-13,518,KG,447.02,231556.36,INR,12.0,Delivered
TXN001183,HIST-2026-00427,1,CUST0008,DD-KIR-0028,2026-03-14,236,KG,377.94,89193.84,INR,7.0,Delivered
TXN001184,HIST-2026-00427,2,CUST0008,DD-KFT-0014,2026-03-14,220,KG,270.97,59613.4,INR,7.0,Delivered
TXN001185,HIST-2026-00427,3,CUST0008,DD-CTS-0018,2026-03-14,1764,MTR,86.53,152638.92,INR,7.0,Delivered
TXN003742,HIST-2026-01362,1,CUST0096,DD-DNM-0026,2026-03-14,247,MTR,218.86,54058.42,INR,7.0,Delivered
TXN003743,HIST-2026-01362,2,CUST0096,DD-KIR-0023,2026-03-14,72,KG,385.63,27765.36,INR,7.0,Delivered
TXN003744,HIST-2026-01362,3,CUST0096,DD-KFT-0009,2026-03-14,95,KG,399.51,37953.45,INR,7.0,Delivered
TXN003745,HIST-2026-01362,4,CUST0096,DD-CTB-0002,2026-03-14,394,MTR,158.62,62496.28,INR,7.0,Delivered
TXN006284,HIST-2026-02304,1,CUST0091,DD-CTB-0006,2026-03-14,231,MTR,210.14,48542.34,INR,12.0,Delivered
TXN006285,HIST-2026-02304,2,CUST0091,DD-CTB-0005,2026-03-14,390,MTR,200.48,78187.2,INR,12.0,Delivered
TXN006286,HIST-2026-02304,3,CUST0091,DD-CTB-0012,2026-03-14,1101,MTR,171.68,189019.68,INR,12.0,Delivered
TXN006287,HIST-2026-02304,4,CUST0091,DD-KIR-0006,2026-03-14,81,KG,393.06,31837.86,INR,12.0,Delivered
TXN002445,HIST-2026-00899,1,CUST0063,DD-KIR-0005,2026-03-15,247,KG,400.1,98824.7,INR,7.0,Delivered
TXN006018,HIST-2026-02212,1,CUST0020,DD-CTB-0014,2026-03-15,1098,MTR,168.2,184683.6,INR,7.0,Delivered
TXN006019,HIST-2026-02212,2,CUST0020,DD-CTB-0017,2026-03-15,158,MTR,148.13,23404.54,INR,7.0,Delivered
TXN002745,HIST-2026-01012,1,CUST0003,DD-CIN-0001,2026-03-16,298,MTR,224.01,66754.98,INR,7.0,Delivered
TXN006301,HIST-2026-02309,1,CUST0127,DD-CTB-0001,2026-03-16,1521,MTR,182.6,277734.6,INR,3.0,Delivered
TXN006302,HIST-2026-02309,2,CUST0127,DD-KFT-0028,2026-03-16,285,KG,255.37,72780.45,INR,3.0,Delivered
TXN006303,HIST-2026-02309,3,CUST0127,DD-CTS-0024,2026-03-16,443,MTR,92.26,40871.18,INR,3.0,Delivered
TXN006650,HIST-2026-02442,1,CUST0106,DD-CTB-0010,2026-03-16,1170,MTR,245.94,287749.8,INR,7.0,Delivered
TXN000548,HIST-2026-00197,1,CUST0034,DD-KFT-0005,2026-03-17,142,KG,337.08,47865.36,INR,7.0,Delivered
TXN000549,HIST-2026-00197,2,CUST0034,DD-KFT-0015,2026-03-17,567,KG,260.61,147765.87,INR,7.0,Delivered
TXN000550,HIST-2026-00197,3,CUST0034,DD-DNM-0003,2026-03-17,782,MTR,233.21,182370.22,INR,7.0,Delivered
TXN005888,HIST-2026-02166,1,CUST0092,DD-PGT-0019,2026-03-18,1852,MTR,69.41,128547.32,INR,3.0,Delivered
TXN000072,HIST-2026-00026,1,CUST0096,DD-KIR-0031,2026-03-19,426,KG,385.37,164167.62,INR,7.0,Delivered
TXN000073,HIST-2026-00026,2,CUST0096,DD-CTS-0003,2026-03-19,1542,MTR,101.35,156281.7,INR,7.0,Delivered
TXN000074,HIST-2026-00026,3,CUST0096,DD-KFT-0028,2026-03-19,84,KG,235.62,19792.08,INR,7.0,Delivered
TXN000075,HIST-2026-00026,4,CUST0096,DD-CTS-0022,2026-03-19,948,MTR,91.18,86438.64,INR,7.0,Delivered
TXN000186,HIST-2026-00066,1,CUST0073,DD-BDS-0002,2026-03-19,816,MTR,225.36,183893.76,INR,12.0,Delivered
TXN000187,HIST-2026-00066,2,CUST0073,DD-HUP-0026,2026-03-19,304,MTR,251.92,76583.68,INR,12.0,Delivered
TXN006122,HIST-2026-02247,1,CUST0103,DD-MOD-0001,2026-03-19,247,MTR,229.61,56713.67,INR,3.0,Delivered
TXN006123,HIST-2026-02247,2,CUST0103,DD-MOD-0016,2026-03-19,192,MTR,267.01,51265.92,INR,3.0,Delivered
TXN001096,HIST-2026-00395,1,CUST0108,DD-LIN-0034,2026-03-20,1032,MTR,255.49,263665.68,INR,12.0,Delivered
TXN001476,HIST-2026-00538,1,CUST0114,DD-CDV-0025,2026-03-21,182,MTR,189.99,34578.18,INR,12.0,Delivered
TXN001477,HIST-2026-00538,2,CUST0114,DD-KIR-0036,2026-03-21,56,KG,373.85,20935.6,INR,12.0,Delivered
TXN001478,HIST-2026-00538,3,CUST0114,DD-CTS-0011,2026-03-21,326,MTR,133.0,43358.0,INR,12.0,Partially Delivered
TXN005669,HIST-2026-02082,1,CUST0134,DD-CTB-0012,2026-03-21,1777,MTR,186.27,331001.79,INR,3.0,Delivered
TXN002460,HIST-2026-00906,1,CUST0074,DD-LIN-0012,2026-03-22,216,MTR,414.49,89529.84,INR,3.0,Delivered
TXN005306,HIST-2026-01949,1,CUST0103,DD-DNM-0019,2026-03-22,1489,MTR,267.85,398828.65,INR,3.0,Delivered
TXN005635,HIST-2026-02072,1,CUST0042,DD-DNM-0035,2026-03-22,880,MTR,196.9,173272.0,INR,12.0,Delivered
TXN005636,HIST-2026-02072,2,CUST0042,DD-LIN-0019,2026-03-22,815,MTR,421.44,343473.6,INR,12.0,Delivered
TXN000341,HIST-2026-00122,1,CUST0024,DD-CTB-0002,2026-03-23,1888,MTR,174.0,328512.0,INR,3.0,Delivered
TXN000342,HIST-2026-00122,2,CUST0024,DD-KIR-0015,2026-03-23,69,KG,502.25,34655.25,INR,3.0,Partially Delivered
TXN000343,HIST-2026-00122,3,CUST0024,DD-KIR-0011,2026-03-23,229,KG,479.77,109867.33,INR,3.0,Cancelled
TXN000344,HIST-2026-00122,4,CUST0024,DD-CTB-0007,2026-03-23,857,MTR,260.87,223565.59,INR,3.0,Delivered
TXN000345,HIST-2026-00122,5,CUST0024,DD-DNM-0029,2026-03-23,276,MTR,307.15,84773.4,INR,3.0,Delivered
TXN000346,HIST-2026-00122,6,CUST0024,DD-CTB-0019,2026-03-23,1792,MTR,235.43,421890.56,INR,3.0,Delivered
TXN000837,HIST-2026-00297,1,CUST0121,DD-CIN-0011,2026-03-23,1723,MTR,219.34,377922.82,INR,12.0,Delivered
TXN000838,HIST-2026-00297,2,CUST0121,DD-BDS-0002,2026-03-23,155,MTR,209.95,32542.25,INR,12.0,Partially Delivered
TXN000839,HIST-2026-00297,3,CUST0121,DD-BDS-0034,2026-03-23,686,MTR,163.36,112064.96,INR,12.0,Delivered
TXN000840,HIST-2026-00297,4,CUST0121,DD-HCT-0006,2026-03-23,2223,MTR,216.63,481568.49,INR,12.0,Delivered
TXN003225,HIST-2026-01186,1,CUST0052,DD-CIN-0024,2026-03-23,2204,MTR,275.96,608215.84,INR,3.0,Delivered
TXN003226,HIST-2026-01186,2,CUST0052,DD-PCS-0007,2026-03-23,657,MTR,95.34,62638.38,INR,3.0,Delivered
TXN005378,HIST-2026-01973,1,CUST0019,DD-KSJ-0018,2026-03-23,431,KG,305.56,131696.36,INR,12.0,Delivered
TXN005379,HIST-2026-01973,2,CUST0019,DD-KFT-0002,2026-03-23,44,KG,315.12,13865.28,INR,12.0,Delivered
TXN005380,HIST-2026-01973,3,CUST0019,DD-CTB-0020,2026-03-23,779,MTR,204.23,159095.17,INR,12.0,Delivered
TXN005381,HIST-2026-01973,4,CUST0019,DD-KSJ-0005,2026-03-23,106,KG,316.53,33552.18,INR,12.0,Delivered
TXN005382,HIST-2026-01973,5,CUST0019,DD-CTB-0029,2026-03-23,351,MTR,166.45,58423.95,INR,12.0,Delivered
TXN007347,HIST-2026-02708,1,CUST0119,DD-SAT-0022,2026-03-23,236,MTR,136.76,32275.36,INR,7.0,Partially Delivered
TXN007348,HIST-2026-02708,2,CUST0119,DD-PRB-0030,2026-03-23,277,MTR,159.26,44115.02,INR,7.0,Delivered
TXN007349,HIST-2026-02708,3,CUST0119,DD-PGT-0023,2026-03-23,820,MTR,49.17,40319.4,INR,7.0,Delivered
TXN007355,HIST-2026-02711,1,CUST0135,DD-HCT-0012,2026-03-24,550,MTR,215.65,118607.5,INR,3.0,Delivered
TXN007356,HIST-2026-02711,2,CUST0135,DD-CIN-0021,2026-03-24,183,MTR,282.01,51607.83,INR,3.0,Delivered
TXN007357,HIST-2026-02711,3,CUST0135,DD-HUP-0028,2026-03-24,1281,MTR,286.97,367608.57,INR,3.0,Delivered
TXN007358,HIST-2026-02711,4,CUST0135,DD-HCT-0030,2026-03-24,262,MTR,138.93,36399.66,INR,3.0,Delivered
TXN007359,HIST-2026-02711,5,CUST0135,DD-BDS-0018,2026-03-24,155,MTR,259.56,40231.8,INR,3.0,Delivered
TXN000013,HIST-2026-00007,1,CUST0124,DD-PRB-0016,2026-03-25,553,MTR,113.48,62754.44,INR,7.0,Delivered
TXN000014,HIST-2026-00007,2,CUST0124,DD-LIN-0021,2026-03-25,246,MTR,455.11,111957.06,INR,7.0,Partially Delivered
TXN002240,HIST-2026-00824,1,CUST0053,DD-PCS-0005,2026-03-25,863,MTR,87.14,75201.82,INR,3.0,Delivered
TXN002241,HIST-2026-00824,2,CUST0053,DD-SUT-0021,2026-03-25,1389,MTR,269.53,374377.17,INR,3.0,Delivered
TXN002242,HIST-2026-00824,3,CUST0053,DD-PCS-0017,2026-03-25,813,MTR,103.21,83909.73,INR,3.0,Delivered
TXN002243,HIST-2026-00824,4,CUST0053,DD-CTB-0018,2026-03-25,215,MTR,159.04,34193.6,INR,3.0,Delivered
TXN002244,HIST-2026-00824,5,CUST0053,DD-CTB-0007,2026-03-25,686,MTR,246.19,168886.34,INR,3.0,Delivered
TXN002967,HIST-2026-01090,1,CUST0121,DD-CIN-0005,2026-03-25,304,MTR,211.37,64256.48,INR,12.0,Delivered
TXN002968,HIST-2026-01090,2,CUST0121,DD-TWL-0027,2026-03-25,1558,PCS,202.75,315884.5,INR,12.0,Delivered
TXN006920,HIST-2026-02547,1,CUST0052,DD-SUT-0009,2026-03-25,948,MTR,199.62,189239.76,INR,3.0,Delivered
TXN006921,HIST-2026-02547,2,CUST0052,DD-PCS-0011,2026-03-25,221,MTR,83.14,18373.94,INR,3.0,Cancelled
TXN001881,HIST-2026-00682,1,CUST0126,DD-MOD-0022,2026-03-26,1369,MTR,225.0,308025.0,INR,7.0,Delivered
TXN001882,HIST-2026-00682,2,CUST0126,DD-LIN-0017,2026-03-26,290,MTR,442.28,128261.2,INR,7.0,Delivered
TXN001883,HIST-2026-00682,3,CUST0126,DD-DNM-0013,2026-03-26,1358,MTR,185.37,251732.46,INR,7.0,Partially Delivered
TXN001884,HIST-2026-00682,4,CUST0126,DD-MOD-0006,2026-03-26,1958,MTR,228.64,447677.12,INR,7.0,Delivered
TXN001885,HIST-2026-00682,5,CUST0126,DD-DNM-0029,2026-03-26,1064,MTR,303.33,322743.12,INR,7.0,Delivered
TXN001886,HIST-2026-00682,6,CUST0126,DD-CTS-0023,2026-03-26,646,MTR,90.41,58404.86,INR,7.0,Delivered
TXN004847,HIST-2026-01781,1,CUST0116,DD-HCT-0028,2026-03-26,337,MTR,133.36,44942.32,INR,7.0,Delivered
TXN004848,HIST-2026-01781,2,CUST0116,DD-PRB-0014,2026-03-26,198,MTR,145.16,28741.68,INR,7.0,Delivered
TXN004849,HIST-2026-01781,3,CUST0116,DD-CDV-0006,2026-03-26,911,MTR,196.36,178883.96,INR,7.0,Delivered
TXN004850,HIST-2026-01781,4,CUST0116,DD-KIR-0018,2026-03-26,77,KG,499.07,38428.39,INR,7.0,Delivered
TXN004851,HIST-2026-01781,5,CUST0116,DD-DNM-0029,2026-03-26,138,MTR,297.68,41079.84,INR,7.0,Delivered
TXN005054,HIST-2026-01855,1,CUST0048,DD-MOD-0021,2026-03-26,1946,MTR,224.32,436526.72,INR,12.0,Delivered
TXN005055,HIST-2026-01855,2,CUST0048,DD-MOD-0023,2026-03-26,1534,MTR,162.49,249259.66,INR,12.0,Delivered
TXN005056,HIST-2026-01855,3,CUST0048,DD-CTB-0034,2026-03-26,1327,MTR,181.08,240293.16,INR,12.0,Delivered
TXN005057,HIST-2026-01855,4,CUST0048,DD-KSJ-0025,2026-03-26,278,KG,376.32,104616.96,INR,12.0,Delivered
TXN005058,HIST-2026-01855,5,CUST0048,DD-CTB-0003,2026-03-26,528,MTR,167.67,88529.76,INR,12.0,Delivered
TXN003428,HIST-2026-01260,1,CUST0011,DD-SAT-0031,2026-03-27,863,MTR,88.27,76177.01,INR,7.0,Delivered
TXN003429,HIST-2026-01260,2,CUST0011,DD-CIN-0025,2026-03-27,151,MTR,257.28,38849.28,INR,7.0,Delivered
TXN003746,HIST-2026-01363,1,CUST0106,DD-CIN-0015,2026-03-27,280,MTR,224.28,62798.4,INR,7.0,Delivered
TXN003747,HIST-2026-01363,2,CUST0106,DD-FLN-0021,2026-03-27,1954,MTR,182.8,357191.2,INR,7.0,Delivered
TXN003748,HIST-2026-01363,3,CUST0106,DD-FLN-0014,2026-03-27,185,MTR,119.27,22064.95,INR,7.0,Delivered
TXN003833,HIST-2026-01401,1,CUST0082,DD-KIR-0021,2026-03-27,208,KG,357.77,74416.16,INR,7.0,Delivered
TXN003834,HIST-2026-01401,2,CUST0082,DD-KSJ-0019,2026-03-27,46,KG,316.76,14570.96,INR,7.0,Delivered
TXN004314,HIST-2026-01573,1,CUST0044,DD-HCT-0034,2026-03-27,725,MTR,225.22,163284.5,INR,7.0,Delivered
TXN006220,HIST-2026-02280,1,CUST0095,DD-HUP-0024,2026-03-28,513,MTR,288.81,148159.53,INR,7.0,Delivered
TXN000111,HIST-2026-00040,1,CUST0125,DD-CTB-0012,2026-03-30,1760,MTR,177.22,311907.2,INR,7.0,Delivered
TXN000112,HIST-2026-00040,2,CUST0125,DD-CTB-0014,2026-03-30,1055,MTR,168.97,178263.35,INR,7.0,Delivered
TXN000113,HIST-2026-00040,3,CUST0125,DD-CTS-0007,2026-03-30,1906,MTR,129.55,246922.3,INR,7.0,Delivered
TXN000114,HIST-2026-00040,4,CUST0125,DD-DNM-0009,2026-03-30,131,MTR,246.02,32228.62,INR,7.0,Delivered
TXN002518,HIST-2026-00928,1,CUST0082,DD-KIR-0021,2026-03-30,490,KG,360.08,176439.2,INR,7.0,Delivered
TXN002519,HIST-2026-00928,2,CUST0082,DD-CTB-0019,2026-03-30,730,MTR,228.98,167155.4,INR,7.0,Delivered
TXN002520,HIST-2026-00928,3,CUST0082,DD-KSJ-0019,2026-03-30,50,KG,312.38,15619.0,INR,7.0,Cancelled
TXN002521,HIST-2026-00928,4,CUST0082,DD-DNM-0029,2026-03-30,2177,MTR,304.71,663353.67,INR,7.0,Delivered
TXN002682,HIST-2026-00987,1,CUST0032,DD-MOD-0016,2026-03-30,553,MTR,260.09,143829.77,INR,3.0,Delivered
TXN005137,HIST-2026-01885,1,CUST0125,DD-DNM-0008,2026-03-30,183,MTR,244.24,44695.92,INR,7.0,Delivered
TXN005138,HIST-2026-01885,2,CUST0125,DD-DNM-0009,2026-03-30,446,MTR,249.25,111165.5,INR,7.0,Delivered
TXN005139,HIST-2026-01885,3,CUST0125,DD-KIR-0017,2026-03-30,66,KG,490.41,32367.06,INR,7.0,Cancelled
TXN005140,HIST-2026-01885,4,CUST0125,DD-KIR-0036,2026-03-30,348,KG,381.39,132723.72,INR,7.0,Delivered
TXN005141,HIST-2026-01885,5,CUST0125,DD-DNM-0026,2026-03-30,1881,MTR,216.38,407010.78,INR,7.0,Delivered
TXN005885,HIST-2026-02164,1,CUST0079,DD-CTS-0014,2026-03-30,309,MTR,122.5,37852.5,INR,3.0,Delivered
TXN005886,HIST-2026-02164,2,CUST0079,DD-KSJ-0009,2026-03-30,258,KG,347.57,89673.06,INR,3.0,Delivered
TXN005129,HIST-2026-01880,1,CUST0031,DD-KIR-0035,2026-03-31,348,KG,506.74,176345.52,INR,7.0,Delivered
TXN005130,HIST-2026-01880,2,CUST0031,DD-CTB-0024,2026-03-31,1701,MTR,196.33,333957.33,INR,7.0,Delivered
TXN005131,HIST-2026-01880,3,CUST0031,DD-CTS-0024,2026-03-31,496,MTR,88.48,43886.08,INR,7.0,Delivered
TXN006064,HIST-2026-02230,1,CUST0010,DD-CTB-0021,2026-03-31,269,MTR,232.36,62504.84,INR,7.0,Delivered
TXN006065,HIST-2026-02230,2,CUST0010,DD-KIR-0024,2026-03-31,170,KG,386.83,65761.1,INR,7.0,Delivered
TXN006886,HIST-2026-02534,1,CUST0051,DD-CTB-0017,2026-03-31,1523,MTR,155.94,237496.62,INR,7.0,Delivered
TXN000917,HIST-2026-00325,1,CUST0100,DD-KIR-0033,2026-04-01,465,KG,439.6,204414.0,INR,3.0,Delivered
TXN000918,HIST-2026-00325,2,CUST0100,DD-CTS-0016,2026-04-01,815,MTR,126.01,102698.15,INR,3.0,Delivered
TXN000919,HIST-2026-00325,3,CUST0100,DD-DNM-0026,2026-04-01,1960,MTR,228.48,447820.8,INR,3.0,Delivered
TXN003770,HIST-2026-01373,1,CUST0109,DD-DNM-0035,2026-04-01,232,MTR,201.27,46694.64,INR,12.0,Delivered
TXN007385,HIST-2026-02721,1,CUST0098,DD-VSR-0035,2026-04-01,2056,MTR,91.54,188206.24,INR,7.0,Delivered
TXN007386,HIST-2026-02721,2,CUST0098,DD-CDV-0027,2026-04-01,854,MTR,178.35,152310.9,INR,7.0,Delivered
TXN007387,HIST-2026-02721,3,CUST0098,DD-LIN-0013,2026-04-01,175,MTR,426.86,74700.5,INR,7.0,Delivered
TXN001680,HIST-2026-00609,1,CUST0036,DD-DNM-0013,2026-04-02,769,MTR,174.32,134052.08,INR,12.0,Partially Delivered
TXN001985,HIST-2026-00727,1,CUST0045,DD-HUP-0028,2026-04-02,561,MTR,266.65,149590.65,INR,7.0,Delivered
TXN001986,HIST-2026-00727,2,CUST0045,DD-HCT-0011,2026-04-02,250,MTR,210.33,52582.5,INR,7.0,Delivered
TXN001987,HIST-2026-00727,3,CUST0045,DD-HCT-0002,2026-04-02,2099,MTR,133.89,281035.11,INR,7.0,Delivered
TXN002689,HIST-2026-00992,1,CUST0111,DD-PRB-0009,2026-04-02,159,MTR,141.79,22544.61,INR,12.0,Delivered
TXN002690,HIST-2026-00992,2,CUST0111,DD-PRB-0034,2026-04-02,951,MTR,143.05,136040.55,INR,12.0,Delivered
TXN002691,HIST-2026-00992,3,CUST0111,DD-VSR-0031,2026-04-02,908,MTR,110.86,100660.88,INR,12.0,Delivered
TXN003840,HIST-2026-01405,1,CUST0135,DD-HUP-0028,2026-04-02,555,MTR,283.3,157231.5,INR,3.0,Delivered
TXN003924,HIST-2026-01437,1,CUST0044,DD-HCT-0034,2026-04-02,232,MTR,223.61,51877.52,INR,7.0,Delivered
TXN003925,HIST-2026-01437,2,CUST0044,DD-BDS-0026,2026-04-02,683,MTR,228.03,155744.49,INR,7.0,Delivered
TXN003926,HIST-2026-01437,3,CUST0044,DD-HUP-0002,2026-04-02,656,MTR,306.81,201267.36,INR,7.0,Delivered
TXN003220,HIST-2026-01182,1,CUST0104,DD-DNM-0025,2026-04-04,571,MTR,227.78,130062.38,INR,7.0,Delivered
TXN003268,HIST-2026-01199,1,CUST0110,DD-CIN-0025,2026-04-04,686,MTR,282.69,193925.34,INR,3.0,Delivered
TXN003269,HIST-2026-01199,2,CUST0110,DD-PCS-0009,2026-04-04,438,MTR,106.6,46690.8,INR,3.0,Delivered
TXN004058,HIST-2026-01479,1,CUST0076,DD-LIN-0003,2026-04-04,358,MTR,439.91,157487.78,INR,7.0,Delivered
TXN004059,HIST-2026-01479,2,CUST0076,DD-MOD-0016,2026-04-04,1123,MTR,242.15,271934.45,INR,7.0,Delivered
TXN007180,HIST-2026-02639,1,CUST0098,DD-PRB-0004,2026-04-04,958,MTR,115.01,110179.58,INR,7.0,Partially Delivered
TXN002014,HIST-2026-00738,1,CUST0038,DD-BDS-0014,2026-04-05,1029,MTR,249.78,257023.62,INR,12.0,Partially Delivered
TXN002015,HIST-2026-00738,2,CUST0038,DD-TWL-0010,2026-04-05,1062,PCS,181.19,192423.78,INR,12.0,Delivered
TXN002016,HIST-2026-00738,3,CUST0038,DD-BDS-0024,2026-04-05,842,MTR,249.75,210289.5,INR,12.0,Delivered
TXN002017,HIST-2026-00738,4,CUST0038,DD-CIN-0004,2026-04-05,450,MTR,205.19,92335.5,INR,12.0,Delivered
TXN004760,HIST-2026-01749,1,CUST0034,DD-KSJ-0005,2026-04-05,98,KG,334.26,32757.48,INR,7.0,Delivered
TXN004761,HIST-2026-01749,2,CUST0034,DD-CTB-0014,2026-04-05,533,MTR,178.51,95145.83,INR,7.0,Delivered
TXN004762,HIST-2026-01749,3,CUST0034,DD-KFT-0015,2026-04-05,387,KG,267.28,103437.36,INR,7.0,Delivered
TXN004763,HIST-2026-01749,4,CUST0034,DD-DNM-0003,2026-04-05,147,MTR,228.95,33655.65,INR,7.0,Delivered
TXN004764,HIST-2026-01749,5,CUST0034,DD-KSJ-0014,2026-04-05,274,KG,323.04,88512.96,INR,7.0,Delivered
TXN004765,HIST-2026-01749,6,CUST0034,DD-KFT-0005,2026-04-05,287,KG,338.45,97135.15,INR,7.0,Delivered
TXN006545,HIST-2026-02399,1,CUST0109,DD-DNM-0016,2026-04-05,557,MTR,247.95,138108.15,INR,12.0,Delivered
TXN006546,HIST-2026-02399,2,CUST0109,DD-CTB-0001,2026-04-05,372,MTR,164.46,61179.12,INR,12.0,Delivered
TXN000394,HIST-2026-00142,1,CUST0132,DD-KSJ-0020,2026-04-06,516,KG,307.03,158427.48,INR,7.0,Delivered
TXN000395,HIST-2026-00142,2,CUST0132,DD-CTS-0024,2026-04-06,337,MTR,84.41,28446.17,INR,7.0,Delivered
TXN000396,HIST-2026-00142,3,CUST0132,DD-LIN-0022,2026-04-06,154,MTR,457.83,70505.82,INR,7.0,Delivered
TXN000853,HIST-2026-00303,1,CUST0135,DD-CIN-0021,2026-04-06,519,MTR,281.27,145979.13,INR,3.0,Delivered
TXN000854,HIST-2026-00303,2,CUST0135,DD-HCT-0012,2026-04-06,1496,MTR,213.1,318797.6,INR,3.0,Delivered
TXN000011,HIST-2026-00006,1,CUST0118,DD-SUT-0017,2026-04-07,1704,MTR,206.78,352353.12,INR,7.0,Delivered
TXN000012,HIST-2026-00006,2,CUST0118,DD-TWL-0010,2026-04-07,109,PCS,201.5,21963.5,INR,7.0,Delivered
TXN002097,HIST-2026-00770,1,CUST0089,DD-CTB-0021,2026-04-07,605,MTR,222.3,134491.5,INR,3.0,Delivered
TXN002098,HIST-2026-00770,2,CUST0089,DD-FLN-0008,2026-04-07,454,MTR,199.9,90754.6,INR,3.0,Delivered
TXN004574,HIST-2026-01685,1,CUST0054,DD-HCT-0037,2026-04-08,224,MTR,224.21,50223.04,INR,7.0,Delivered
TXN004769,HIST-2026-01752,1,CUST0136,DD-BDS-0029,2026-04-08,750,MTR,210.55,157912.5,INR,12.0,Delivered
TXN004770,HIST-2026-01752,2,CUST0136,DD-VSR-0010,2026-04-08,499,MTR,72.23,36042.77,INR,12.0,Delivered
TXN004093,HIST-2026-01494,1,CUST0081,DD-LIN-0035,2026-04-09,645,MTR,289.93,187004.85,INR,7.0,Delivered
TXN004094,HIST-2026-01494,2,CUST0081,DD-LIN-0028,2026-04-09,902,MTR,252.18,227466.36,INR,7.0,Delivered
TXN004095,HIST-2026-01494,3,CUST0081,DD-LIN-0027,2026-04-09,295,MTR,269.64,79543.8,INR,7.0,Delivered
TXN004743,HIST-2026-01743,1,CUST0111,DD-LIN-0025,2026-04-09,190,MTR,251.88,47857.2,INR,12.0,Delivered
TXN004744,HIST-2026-01743,2,CUST0111,DD-PRB-0009,2026-04-09,585,MTR,141.27,82642.95,INR,12.0,Delivered
TXN004745,HIST-2026-01743,3,CUST0111,DD-VSR-0004,2026-04-09,1368,MTR,93.56,127990.08,INR,12.0,Delivered
TXN005144,HIST-2026-01887,1,CUST0005,DD-PRB-0011,2026-04-09,165,MTR,130.1,21466.5,INR,12.0,Delivered
TXN005145,HIST-2026-01887,2,CUST0005,DD-LIN-0018,2026-04-09,295,MTR,421.29,124280.55,INR,12.0,Delivered
TXN006722,HIST-2026-02469,1,CUST0011,DD-SAT-0001,2026-04-09,441,MTR,189.5,83569.5,INR,7.0,Delivered
TXN006723,HIST-2026-02469,2,CUST0011,DD-BDS-0005,2026-04-09,524,MTR,153.17,80261.08,INR,7.0,Delivered
TXN006743,HIST-2026-02478,1,CUST0052,DD-CIN-0003,2026-04-09,311,MTR,242.87,75532.57,INR,3.0,Delivered
TXN006744,HIST-2026-02478,2,CUST0052,DD-CIN-0024,2026-04-09,529,MTR,277.45,146771.05,INR,3.0,Delivered
TXN000882,HIST-2026-00313,1,CUST0040,DD-SAT-0025,2026-04-10,264,MTR,161.11,42533.04,INR,12.0,Delivered
TXN002140,HIST-2026-00790,1,CUST0034,DD-KFT-0015,2026-04-10,421,KG,267.42,112583.82,INR,7.0,Delivered
TXN002141,HIST-2026-00790,2,CUST0034,DD-KSJ-0005,2026-04-10,98,KG,337.22,33047.56,INR,7.0,Delivered
TXN002142,HIST-2026-00790,3,CUST0034,DD-KFT-0005,2026-04-10,271,KG,331.58,89858.18,INR,7.0,Delivered
TXN002143,HIST-2026-00790,4,CUST0034,DD-KSJ-0014,2026-04-10,208,KG,328.4,68307.2,INR,7.0,Delivered
TXN002144,HIST-2026-00790,5,CUST0034,DD-CTB-0009,2026-04-10,255,MTR,257.45,65649.75,INR,7.0,Delivered
TXN000326,HIST-2026-00115,1,CUST0006,DD-LIN-0004,2026-04-11,215,MTR,367.86,79089.9,INR,7.0,Delivered
TXN005080,HIST-2026-01864,1,CUST0062,DD-KSJ-0006,2026-04-11,101,KG,311.21,31432.21,INR,12.0,Partially Delivered
TXN005081,HIST-2026-01864,2,CUST0062,DD-CTS-0017,2026-04-11,164,MTR,91.63,15027.32,INR,12.0,Delivered
TXN005082,HIST-2026-01864,3,CUST0062,DD-DNM-0022,2026-04-11,908,MTR,198.94,180637.52,INR,12.0,Delivered
TXN006736,HIST-2026-02474,1,CUST0093,DD-KFT-0023,2026-04-11,150,KG,372.14,55821.0,INR,12.0,Delivered
TXN006737,HIST-2026-02474,2,CUST0093,DD-DNM-0011,2026-04-11,159,MTR,171.06,27198.54,INR,12.0,Delivered
TXN000438,HIST-2026-00157,1,CUST0004,DD-LIN-0029,2026-04-12,1952,MTR,261.93,511287.36,INR,3.0,Delivered
TXN000439,HIST-2026-00157,2,CUST0004,DD-CTS-0009,2026-04-12,588,MTR,141.58,83249.04,INR,3.0,Delivered
TXN000440,HIST-2026-00157,3,CUST0004,DD-LIN-0013,2026-04-12,261,MTR,409.07,106767.27,INR,3.0,Partially Delivered
TXN000441,HIST-2026-00157,4,CUST0004,DD-DNM-0034,2026-04-12,237,MTR,310.57,73605.09,INR,3.0,Delivered
TXN001591,HIST-2026-00580,1,CUST0082,DD-KIR-0021,2026-04-13,43,KG,352.25,15146.75,INR,7.0,Delivered
TXN001592,HIST-2026-00580,2,CUST0082,DD-DNM-0029,2026-04-13,1992,MTR,296.93,591484.56,INR,7.0,Delivered
TXN002575,HIST-2026-00947,1,CUST0024,DD-KIR-0002,2026-04-13,153,KG,384.08,58764.24,INR,3.0,Delivered
TXN002576,HIST-2026-00947,2,CUST0024,DD-KIR-0022,2026-04-13,230,KG,402.31,92531.3,INR,3.0,Delivered
TXN005325,HIST-2026-01956,1,CUST0102,DD-KSJ-0025,2026-04-13,395,KG,392.27,154946.65,INR,7.0,Delivered
TXN005326,HIST-2026-01956,2,CUST0102,DD-KSJ-0015,2026-04-13,72,KG,345.77,24895.44,INR,7.0,Delivered
TXN006309,HIST-2026-02312,1,CUST0121,DD-HCT-0006,2026-04-13,790,MTR,217.28,171651.2,INR,12.0,Delivered
TXN006310,HIST-2026-02312,2,CUST0121,DD-BDS-0034,2026-04-13,488,MTR,161.26,78694.88,INR,12.0,Delivered
TXN000940,HIST-2026-00336,1,CUST0006,DD-MOD-0014,2026-04-14,1767,MTR,250.63,442863.21,INR,7.0,Delivered
TXN003374,HIST-2026-01237,1,CUST0112,DD-HUP-0013,2026-04-14,199,MTR,249.86,49722.14,INR,7.0,Delivered
TXN003375,HIST-2026-01237,2,CUST0112,DD-TWL-0020,2026-04-14,207,PCS,223.94,46355.58,INR,7.0,Delivered
TXN003376,HIST-2026-01237,3,CUST0112,DD-HUP-0011,2026-04-14,1260,MTR,251.15,316449.0,INR,7.0,Delivered
TXN005076,HIST-2026-01862,1,CUST0114,DD-PRB-0009,2026-04-16,269,MTR,133.71,35967.99,INR,12.0,Delivered
TXN005077,HIST-2026-01862,2,CUST0114,DD-KIR-0036,2026-04-16,306,KG,377.17,115414.02,INR,12.0,Delivered
TXN000786,HIST-2026-00279,1,CUST0118,DD-SUT-0019,2026-04-17,377,MTR,264.28,99633.56,INR,7.0,Delivered
TXN000787,HIST-2026-00279,2,CUST0118,DD-TWL-0010,2026-04-17,338,PCS,200.65,67819.7,INR,7.0,Delivered
TXN001389,HIST-2026-00504,1,CUST0132,DD-DNM-0030,2026-04-17,267,MTR,298.82,79784.94,INR,7.0,Delivered
TXN002847,HIST-2026-01049,1,CUST0073,DD-TWL-0024,2026-04-17,177,PCS,204.66,36224.82,INR,12.0,Delivered
TXN002848,HIST-2026-01049,2,CUST0073,DD-HUP-0026,2026-04-17,284,MTR,254.28,72215.52,INR,12.0,Delivered
TXN002849,HIST-2026-01049,3,CUST0073,DD-HUP-0008,2026-04-17,333,MTR,331.44,110369.52,INR,12.0,Delivered
TXN002850,HIST-2026-01049,4,CUST0073,DD-BDS-0027,2026-04-17,702,MTR,217.44,152642.88,INR,12.0,Delivered
TXN004821,HIST-2026-01773,1,CUST0119,DD-SAT-0018,2026-04-17,540,MTR,153.43,82852.2,INR,7.0,Delivered
TXN004822,HIST-2026-01773,2,CUST0119,DD-SAT-0022,2026-04-17,282,MTR,138.52,39062.64,INR,7.0,Delivered
TXN004823,HIST-2026-01773,3,CUST0119,DD-PGT-0007,2026-04-17,141,MTR,74.97,10570.77,INR,7.0,Delivered
TXN004824,HIST-2026-01773,4,CUST0119,DD-PRB-0038,2026-04-17,687,MTR,157.62,108284.94,INR,7.0,Partially Delivered
TXN004989,HIST-2026-01830,1,CUST0053,DD-CTB-0018,2026-04-17,1848,MTR,161.85,299098.8,INR,3.0,Delivered
TXN005157,HIST-2026-01894,1,CUST0010,DD-KIR-0012,2026-04-17,205,KG,462.69,94851.45,INR,7.0,Delivered
TXN005158,HIST-2026-01894,2,CUST0010,DD-KIR-0029,2026-04-17,53,KG,380.09,20144.77,INR,7.0,Delivered
TXN005159,HIST-2026-01894,3,CUST0010,DD-CTB-0021,2026-04-17,498,MTR,231.95,115511.1,INR,7.0,Delivered
TXN000994,HIST-2026-00357,1,CUST0073,DD-TWL-0024,2026-04-18,961,PCS,204.6,196620.6,INR,12.0,Delivered
TXN000995,HIST-2026-00357,2,CUST0073,DD-BDS-0027,2026-04-18,444,MTR,214.24,95122.56,INR,12.0,Delivered
TXN000996,HIST-2026-00357,3,CUST0073,DD-HUP-0026,2026-04-18,1151,MTR,253.89,292227.39,INR,12.0,Delivered
TXN002652,HIST-2026-00978,1,CUST0052,DD-PCS-0011,2026-04-18,510,MTR,84.46,43074.6,INR,3.0,Delivered
TXN002653,HIST-2026-00978,2,CUST0052,DD-CIN-0028,2026-04-18,297,MTR,192.73,57240.81,INR,3.0,Delivered
TXN002654,HIST-2026-00978,3,CUST0052,DD-SUT-0009,2026-04-18,657,MTR,196.98,129415.86,INR,3.0,Partially Delivered
TXN002655,HIST-2026-00978,4,CUST0052,DD-FLN-0012,2026-04-18,1045,MTR,136.39,142527.55,INR,3.0,Delivered
TXN003237,HIST-2026-01189,1,CUST0054,DD-HCT-0034,2026-04-18,325,MTR,230.07,74772.75,INR,7.0,Delivered
TXN003238,HIST-2026-01189,2,CUST0054,DD-CIN-0025,2026-04-18,1205,MTR,271.4,327037.0,INR,7.0,Delivered
TXN003239,HIST-2026-01189,3,CUST0054,DD-BDS-0003,2026-04-18,1091,MTR,219.05,238983.55,INR,7.0,Delivered
TXN005051,HIST-2026-01853,1,CUST0048,DD-MOD-0023,2026-04-18,261,MTR,165.36,43158.96,INR,12.0,Delivered
TXN005052,HIST-2026-01853,2,CUST0048,DD-KSJ-0025,2026-04-18,337,KG,375.43,126519.91,INR,12.0,Delivered
TXN006575,HIST-2026-02412,1,CUST0108,DD-CTB-0027,2026-04-18,519,MTR,158.16,82085.04,INR,12.0,Delivered
TXN006576,HIST-2026-02412,2,CUST0108,DD-KFT-0005,2026-04-18,113,KG,340.88,38519.44,INR,12.0,Delivered
TXN006751,HIST-2026-02481,1,CUST0036,DD-KSJ-0019,2026-04-18,331,KG,311.55,103123.05,INR,12.0,Delivered
TXN006752,HIST-2026-02481,2,CUST0036,DD-KSJ-0023,2026-04-18,155,KG,369.07,57205.85,INR,12.0,Delivered
TXN001720,HIST-2026-00626,1,CUST0027,DD-VSR-0028,2026-04-19,358,MTR,111.13,39784.54,INR,7.0,Delivered
TXN001721,HIST-2026-00626,2,CUST0027,DD-MOD-0027,2026-04-19,1708,MTR,170.46,291145.68,INR,7.0,Delivered
TXN001722,HIST-2026-00626,3,CUST0027,DD-SAT-0036,2026-04-19,228,MTR,100.4,22891.2,INR,7.0,Delivered
TXN001723,HIST-2026-00626,4,CUST0027,DD-MOD-0009,2026-04-19,1502,MTR,238.74,358587.48,INR,7.0,Delivered
TXN001724,HIST-2026-00626,5,CUST0027,DD-MOD-0014,2026-04-19,327,MTR,247.26,80854.02,INR,7.0,Delivered
TXN001725,HIST-2026-00626,6,CUST0027,DD-SAT-0035,2026-04-19,608,MTR,96.11,58434.88,INR,7.0,Delivered
TXN007421,HIST-2026-02734,1,CUST0049,DD-PCS-0011,2026-04-19,1236,MTR,80.1,99003.6,INR,3.0,Delivered
TXN000093,HIST-2026-00033,1,CUST0064,DD-KFT-0012,2026-04-20,184,KG,385.79,70985.36,INR,12.0,Delivered
TXN000094,HIST-2026-00033,2,CUST0064,DD-DNM-0024,2026-04-20,276,MTR,194.33,53635.08,INR,12.0,Delivered
TXN000095,HIST-2026-00033,3,CUST0064,DD-DNM-0010,2026-04-20,163,MTR,244.69,39884.47,INR,12.0,Delivered
TXN000096,HIST-2026-00033,4,CUST0064,DD-KFT-0023,2026-04-20,95,KG,361.44,34336.8,INR,12.0,Delivered
TXN001208,HIST-2026-00435,1,CUST0102,DD-KSJ-0006,2026-04-20,186,KG,321.12,59728.32,INR,7.0,Delivered
TXN001209,HIST-2026-00435,2,CUST0102,DD-CTS-0001,2026-04-20,1400,MTR,105.33,147462.0,INR,7.0,Delivered
TXN001274,HIST-2026-00458,1,CUST0077,DD-CIN-0007,2026-04-20,560,MTR,241.78,135396.8,INR,7.0,Cancelled
TXN002562,HIST-2026-00943,1,CUST0085,DD-LIN-0028,2026-04-22,1672,MTR,273.86,457893.92,INR,3.0,Delivered
TXN002563,HIST-2026-00943,2,CUST0085,DD-MOD-0033,2026-04-22,272,MTR,293.78,79908.16,INR,3.0,Delivered
TXN002564,HIST-2026-00943,3,CUST0085,DD-KSJ-0006,2026-04-22,233,KG,349.59,81454.47,INR,3.0,Delivered
TXN002565,HIST-2026-00943,4,CUST0085,DD-KSJ-0016,2026-04-22,220,KG,349.55,76901.0,INR,3.0,Delivered
TXN002566,HIST-2026-00943,5,CUST0085,DD-MOD-0016,2026-04-22,266,MTR,270.66,71995.56,INR,3.0,Delivered
TXN002567,HIST-2026-00943,6,CUST0085,DD-DNM-0020,2026-04-22,2232,MTR,268.82,600006.24,INR,3.0,Delivered
TXN005479,HIST-2026-02011,1,CUST0030,DD-KIR-0033,2026-04-22,350,KG,375.29,131351.5,INR,12.0,Delivered
TXN005715,HIST-2026-02096,1,CUST0027,DD-VSR-0028,2026-04-22,1341,MTR,110.11,147657.51,INR,7.0,Delivered
TXN005716,HIST-2026-02096,2,CUST0027,DD-SAT-0035,2026-04-22,1606,MTR,94.5,151767.0,INR,7.0,Delivered
TXN005717,HIST-2026-02096,3,CUST0027,DD-PRB-0029,2026-04-22,1696,MTR,157.37,266899.52,INR,7.0,Delivered
TXN005718,HIST-2026-02096,4,CUST0027,DD-MOD-0027,2026-04-22,213,MTR,173.43,36940.59,INR,7.0,Delivered
TXN005723,HIST-2026-02100,1,CUST0119,DD-MOD-0024,2026-04-22,936,MTR,177.75,166374.0,INR,7.0,Delivered
TXN001951,HIST-2026-00715,1,CUST0076,DD-CTB-0031,2026-04-23,232,MTR,166.87,38713.84,INR,7.0,Delivered
TXN005375,HIST-2026-01972,1,CUST0058,DD-CTB-0027,2026-04-23,448,MTR,172.48,77271.04,INR,7.0,Delivered
TXN005376,HIST-2026-01972,2,CUST0058,DD-KFT-0001,2026-04-23,49,KG,346.17,16962.33,INR,7.0,Delivered
TXN005377,HIST-2026-01972,3,CUST0058,DD-DNM-0012,2026-04-23,179,MTR,177.12,31704.48,INR,7.0,Delivered
TXN006433,HIST-2026-02362,1,CUST0056,DD-CTS-0018,2026-04-23,263,MTR,85.48,22481.24,INR,12.0,Delivered
TXN006434,HIST-2026-02362,2,CUST0056,DD-KIR-0012,2026-04-23,109,KG,478.12,52115.08,INR,12.0,Delivered
TXN006435,HIST-2026-02362,3,CUST0056,DD-CTB-0026,2026-04-23,1425,MTR,192.24,273942.0,INR,12.0,Delivered
TXN006457,HIST-2026-02370,1,CUST0096,DD-DNM-0008,2026-04-23,1113,MTR,242.83,270269.79,INR,7.0,Delivered
TXN006458,HIST-2026-02370,2,CUST0096,DD-CTS-0022,2026-04-23,696,MTR,91.18,63461.28,INR,7.0,Delivered
TXN006459,HIST-2026-02370,3,CUST0096,DD-KFT-0009,2026-04-23,184,KG,401.42,73861.28,INR,7.0,Delivered
TXN000364,HIST-2026-00131,1,CUST0003,DD-PCS-0033,2026-04-25,1349,MTR,100.13,135075.37,INR,7.0,Delivered
TXN000365,HIST-2026-00131,2,CUST0003,DD-SUT-0007,2026-04-25,145,MTR,194.42,28190.9,INR,7.0,Delivered
TXN000654,HIST-2026-00232,1,CUST0066,DD-LIN-0002,2026-04-25,327,MTR,434.49,142078.23,INR,3.0,Delivered
TXN001070,HIST-2026-00385,1,CUST0062,DD-DNM-0022,2026-04-25,1995,MTR,197.92,394850.4,INR,12.0,Delivered
TXN001071,HIST-2026-00385,2,CUST0062,DD-LIN-0009,2026-04-25,303,MTR,371.52,112570.56,INR,12.0,Delivered
TXN001072,HIST-2026-00385,3,CUST0062,DD-CTS-0017,2026-04-25,203,MTR,91.95,18665.85,INR,12.0,Delivered
TXN001073,HIST-2026-00385,4,CUST0062,DD-KSJ-0006,2026-04-25,142,KG,315.46,44795.32,INR,12.0,Delivered
TXN001074,HIST-2026-00385,5,CUST0062,DD-LIN-0010,2026-04-25,272,MTR,392.07,106643.04,INR,12.0,Delivered
TXN002988,HIST-2026-01098,1,CUST0099,DD-CIN-0007,2026-04-25,1238,MTR,247.05,305847.9,INR,7.0,Delivered
TXN002989,HIST-2026-01098,2,CUST0099,DD-CDV-0009,2026-04-25,176,MTR,223.24,39290.24,INR,7.0,Delivered
TXN002990,HIST-2026-01098,3,CUST0099,DD-SUT-0029,2026-04-25,1082,MTR,215.49,233160.18,INR,7.0,Delivered
TXN003787,HIST-2026-01383,1,CUST0048,DD-CTB-0003,2026-04-25,1323,MTR,166.62,220438.26,INR,12.0,Partially Delivered
TXN000393,HIST-2026-00141,1,CUST0043,DD-CTB-0032,2026-04-26,363,MTR,172.34,62559.42,INR,3.0,Delivered
TXN001805,HIST-2026-00654,1,CUST0096,DD-DNM-0008,2026-04-26,959,MTR,240.75,230879.25,INR,7.0,Delivered
TXN001806,HIST-2026-00654,2,CUST0096,DD-KSJ-0015,2026-04-26,214,KG,323.01,69124.14,INR,7.0,Delivered
TXN003466,HIST-2026-01272,1,CUST0076,DD-CTS-0014,2026-04-26,130,MTR,120.81,15705.3,INR,7.0,Partially Delivered
TXN003467,HIST-2026-01272,2,CUST0076,DD-KSJ-0006,2026-04-26,43,KG,351.47,15113.21,INR,7.0,Delivered
TXN003468,HIST-2026-01272,3,CUST0076,DD-LIN-0003,2026-04-26,193,MTR,438.18,84568.74,INR,7.0,Cancelled
TXN003469,HIST-2026-01272,4,CUST0076,DD-CTS-0011,2026-04-26,751,MTR,137.55,103300.05,INR,7.0,Cancelled
TXN007343,HIST-2026-02706,1,CUST0079,DD-SUT-0023,2026-04-27,1250,MTR,264.0,330000.0,INR,3.0,Delivered
TXN007344,HIST-2026-02706,2,CUST0079,DD-DNM-0004,2026-04-27,133,MTR,234.88,31239.04,INR,3.0,Delivered
TXN002078,HIST-2026-00763,1,CUST0068,DD-HUP-0014,2026-04-28,152,MTR,252.41,38366.32,INR,3.0,Delivered
TXN002079,HIST-2026-00763,2,CUST0068,DD-DNM-0004,2026-04-28,147,MTR,249.64,36697.08,INR,3.0,Delivered
TXN002080,HIST-2026-00763,3,CUST0068,DD-HUP-0030,2026-04-28,234,MTR,290.24,67916.16,INR,3.0,Delivered
TXN002081,HIST-2026-00763,4,CUST0068,DD-PGT-0027,2026-04-28,218,MTR,54.65,11913.7,INR,3.0,Delivered
TXN002082,HIST-2026-00763,5,CUST0068,DD-CDV-0029,2026-04-28,611,MTR,181.64,110982.04,INR,3.0,Delivered
TXN004734,HIST-2026-01740,1,CUST0120,DD-MOD-0008,2026-04-29,177,MTR,233.57,41341.89,INR,7.0,Partially Delivered
TXN004735,HIST-2026-01740,2,CUST0120,DD-KFT-0016,2026-04-29,429,KG,309.38,132724.02,INR,7.0,Delivered
TXN004736,HIST-2026-01740,3,CUST0120,DD-HCT-0013,2026-04-29,1445,MTR,223.38,322784.1,INR,7.0,Delivered
TXN004737,HIST-2026-01740,4,CUST0120,DD-SUT-0021,2026-04-29,1374,MTR,258.16,354711.84,INR,7.0,Delivered
TXN004738,HIST-2026-01740,5,CUST0120,DD-KSJ-0006,2026-04-29,272,KG,330.74,89961.28,INR,7.0,Delivered
TXN005084,HIST-2026-01866,1,CUST0076,DD-MOD-0016,2026-04-29,200,MTR,244.05,48810.0,INR,7.0,Delivered
TXN005085,HIST-2026-01866,2,CUST0076,DD-KSJ-0006,2026-04-29,82,KG,349.95,28695.9,INR,7.0,Delivered
TXN000749,HIST-2026-00267,1,CUST0108,DD-VSR-0014,2026-05-01,145,MTR,77.22,11196.9,INR,12.0,Delivered
TXN000750,HIST-2026-00267,2,CUST0108,DD-KFT-0027,2026-05-01,107,KG,328.3,35128.1,INR,12.0,Delivered
TXN000751,HIST-2026-00267,3,CUST0108,DD-SUT-0032,2026-05-01,1252,MTR,190.75,238819.0,INR,12.0,Delivered
TXN000752,HIST-2026-00267,4,CUST0108,DD-KIR-0001,2026-05-01,357,KG,331.72,118424.04,INR,12.0,Delivered
TXN000753,HIST-2026-00267,5,CUST0108,DD-KFT-0005,2026-05-01,177,KG,331.9,58746.3,INR,12.0,Delivered
TXN006070,HIST-2026-02233,1,CUST0044,DD-HCT-0016,2026-05-01,835,MTR,164.34,137223.9,INR,7.0,Delivered
TXN006071,HIST-2026-02233,2,CUST0044,DD-CIN-0024,2026-05-01,282,MTR,278.99,78675.18,INR,7.0,Delivered
TXN006330,HIST-2026-02320,1,CUST0108,DD-TWL-0017,2026-05-01,996,PCS,203.31,202496.76,INR,12.0,Delivered
TXN006331,HIST-2026-02320,2,CUST0108,DD-TWL-0020,2026-05-01,519,PCS,203.05,105382.95,INR,12.0,Delivered
TXN000203,HIST-2026-00074,1,CUST0006,DD-KSJ-0011,2026-05-02,285,KG,309.5,88207.5,INR,7.0,Delivered
TXN000204,HIST-2026-00074,2,CUST0006,DD-CTB-0012,2026-05-02,1139,MTR,178.87,203732.93,INR,7.0,Delivered
TXN003562,HIST-2026-01298,1,CUST0096,DD-KSJ-0015,2026-05-02,231,KG,325.48,75185.88,INR,7.0,Delivered
TXN003563,HIST-2026-01298,2,CUST0096,DD-KFT-0028,2026-05-02,263,KG,237.49,62459.87,INR,7.0,Delivered
TXN003564,HIST-2026-01298,3,CUST0096,DD-KFT-0009,2026-05-02,88,KG,406.62,35782.56,INR,7.0,Delivered
TXN003565,HIST-2026-01298,4,CUST0096,DD-KIR-0023,2026-05-02,339,KG,390.05,132226.95,INR,7.0,Delivered
TXN003566,HIST-2026-01298,5,CUST0096,DD-CTS-0003,2026-05-02,1336,MTR,101.21,135216.56,INR,7.0,Partially Delivered
TXN006003,HIST-2026-02206,1,CUST0070,DD-FLN-0010,2026-05-02,712,MTR,189.14,134667.68,INR,3.0,Delivered
TXN006004,HIST-2026-02206,2,CUST0070,DD-CTB-0003,2026-05-02,994,MTR,179.08,178005.52,INR,3.0,Delivered
TXN006005,HIST-2026-02206,3,CUST0070,DD-CDV-0011,2026-05-02,166,MTR,263.59,43755.94,INR,3.0,Delivered
TXN006006,HIST-2026-02206,4,CUST0070,DD-VSR-0024,2026-05-02,934,MTR,112.91,105457.94,INR,3.0,Delivered
TXN006543,HIST-2026-02398,1,CUST0029,DD-CTS-0022,2026-05-02,389,MTR,92.63,36033.07,INR,7.0,Delivered
TXN006544,HIST-2026-02398,2,CUST0029,DD-CTB-0023,2026-05-02,1163,MTR,199.72,232274.36,INR,7.0,Delivered
TXN000005,HIST-2026-00004,1,CUST0135,DD-CIN-0021,2026-05-03,1456,MTR,280.63,408597.28,INR,3.0,Partially Delivered
TXN000006,HIST-2026-00004,2,CUST0135,DD-HCT-0012,2026-05-03,366,MTR,213.81,78254.46,INR,3.0,Delivered
TXN003286,HIST-2026-01205,1,CUST0118,DD-HUP-0016,2026-05-03,285,MTR,319.26,90989.1,INR,7.0,Delivered
TXN003287,HIST-2026-01205,2,CUST0118,DD-TWL-0015,2026-05-03,266,PCS,218.3,58067.8,INR,7.0,Delivered
TXN003288,HIST-2026-01205,3,CUST0118,DD-CDV-0007,2026-05-03,144,MTR,196.87,28349.28,INR,7.0,Delivered
TXN003289,HIST-2026-01205,4,CUST0118,DD-VSR-0019,2026-05-03,545,MTR,87.01,47420.45,INR,7.0,Delivered
TXN003417,HIST-2026-01255,1,CUST0029,DD-CTS-0008,2026-05-03,1618,MTR,134.94,218332.92,INR,7.0,Delivered
TXN003418,HIST-2026-01255,2,CUST0029,DD-CTB-0034,2026-05-03,182,MTR,194.22,35348.04,INR,7.0,Delivered
TXN006693,HIST-2026-02459,1,CUST0122,DD-FLN-0033,2026-05-03,698,MTR,163.9,114402.2,INR,3.0,Delivered
TXN006694,HIST-2026-02459,2,CUST0122,DD-CIN-0012,2026-05-03,1144,MTR,209.76,239965.44,INR,3.0,Delivered
TXN006695,HIST-2026-02459,3,CUST0122,DD-SUT-0010,2026-05-03,1078,MTR,201.85,217594.3,INR,3.0,Delivered
TXN006696,HIST-2026-02459,4,CUST0122,DD-SUT-0018,2026-05-03,738,MTR,213.4,157489.2,INR,3.0,Delivered
TXN006697,HIST-2026-02459,5,CUST0122,DD-PCS-0035,2026-05-03,167,MTR,107.17,17897.39,INR,3.0,Delivered
TXN001172,HIST-2026-00424,1,CUST0137,DD-KSJ-0022,2026-05-04,443,KG,401.99,178081.57,INR,7.0,Delivered
TXN001173,HIST-2026-00424,2,CUST0137,DD-LIN-0001,2026-05-04,311,MTR,433.44,134799.84,INR,7.0,Delivered
TXN002298,HIST-2026-00845,1,CUST0030,DD-DNM-0028,2026-05-04,586,MTR,208.63,122257.18,INR,12.0,Delivered
TXN002362,HIST-2026-00869,1,CUST0111,DD-MOD-0032,2026-05-04,549,MTR,273.2,149986.8,INR,12.0,Delivered
TXN002363,HIST-2026-00869,2,CUST0111,DD-SAT-0005,2026-05-04,215,MTR,175.38,37706.7,INR,12.0,Delivered
TXN000219,HIST-2026-00080,1,CUST0116,DD-KIR-0018,2026-05-05,190,KG,495.06,94061.4,INR,7.0,Delivered
TXN000220,HIST-2026-00080,2,CUST0116,DD-DNM-0029,2026-05-05,534,MTR,306.5,163671.0,INR,7.0,Delivered
TXN001831,HIST-2026-00664,1,CUST0110,DD-CIN-0003,2026-05-05,618,MTR,229.95,142109.1,INR,3.0,Delivered
TXN002346,HIST-2026-00863,1,CUST0035,DD-CTB-0013,2026-05-05,279,MTR,181.27,50574.33,INR,3.0,Cancelled
TXN002347,HIST-2026-00863,2,CUST0035,DD-DNM-0011,2026-05-05,289,MTR,194.67,56259.63,INR,3.0,Delivered
TXN003022,HIST-2026-01115,1,CUST0111,DD-VSR-0003,2026-05-05,222,MTR,107.41,23845.02,INR,12.0,Delivered
TXN003023,HIST-2026-01115,2,CUST0111,DD-PRB-0009,2026-05-05,686,MTR,139.88,95957.68,INR,12.0,Delivered
TXN003024,HIST-2026-01115,3,CUST0111,DD-LIN-0025,2026-05-05,143,MTR,252.95,36171.85,INR,12.0,Delivered
TXN003025,HIST-2026-01115,4,CUST0111,DD-SAT-0005,2026-05-05,444,MTR,175.0,77700.0,INR,12.0,Partially Delivered
TXN003026,HIST-2026-01115,5,CUST0111,DD-PRB-0034,2026-05-05,246,MTR,142.05,34944.3,INR,12.0,Partially Delivered
TXN005204,HIST-2026-01913,1,CUST0022,DD-TWL-0017,2026-05-05,710,PCS,217.81,154645.1,INR,7.0,Partially Delivered
TXN005205,HIST-2026-01913,2,CUST0022,DD-BDS-0017,2026-05-05,1143,MTR,203.33,232406.19,INR,7.0,Delivered
TXN006911,HIST-2026-02544,1,CUST0051,DD-KIR-0014,2026-05-05,189,KG,481.42,90988.38,INR,7.0,Delivered
TXN006912,HIST-2026-02544,2,CUST0051,DD-KIR-0011,2026-05-05,203,KG,474.02,96226.06,INR,7.0,Delivered
TXN000400,HIST-2026-00144,1,CUST0047,DD-DNM-0020,2026-05-06,221,MTR,239.59,52949.39,INR,7.0,Delivered
TXN000401,HIST-2026-00144,2,CUST0047,DD-CTB-0019,2026-05-06,1026,MTR,220.68,226417.68,INR,7.0,Delivered
TXN000402,HIST-2026-00144,3,CUST0047,DD-CTB-0013,2026-05-06,540,MTR,172.88,93355.2,INR,7.0,Delivered
TXN000403,HIST-2026-00144,4,CUST0047,DD-CTB-0006,2026-05-06,184,MTR,212.63,39123.92,INR,7.0,Delivered
TXN000404,HIST-2026-00144,5,CUST0047,DD-KFT-0003,2026-05-06,129,KG,332.28,42864.12,INR,7.0,Delivered
TXN004080,HIST-2026-01489,1,CUST0085,DD-MOD-0033,2026-05-06,678,MTR,297.15,201467.7,INR,3.0,Delivered
TXN004081,HIST-2026-01489,2,CUST0085,DD-KSJ-0006,2026-05-06,68,KG,350.84,23857.12,INR,3.0,Delivered
TXN004971,HIST-2026-01823,1,CUST0097,DD-MOD-0022,2026-05-06,260,MTR,236.45,61477.0,INR,3.0,Delivered
TXN004972,HIST-2026-01823,2,CUST0097,DD-LIN-0018,2026-05-06,283,MTR,457.87,129577.21,INR,3.0,Delivered
TXN005318,HIST-2026-01954,1,CUST0064,DD-DNM-0010,2026-05-06,676,MTR,247.31,167181.56,INR,12.0,Delivered
TXN005319,HIST-2026-01954,2,CUST0064,DD-KSJ-0012,2026-05-06,190,KG,302.77,57526.3,INR,12.0,Delivered
TXN005320,HIST-2026-01954,3,CUST0064,DD-KFT-0012,2026-05-06,437,KG,383.86,167746.82,INR,12.0,Delivered
TXN006045,HIST-2026-02223,1,CUST0077,DD-CTB-0005,2026-05-06,259,MTR,221.22,57295.98,INR,7.0,Delivered
TXN006046,HIST-2026-02223,2,CUST0077,DD-RBL-0027,2026-05-06,550,MTR,46.27,25448.5,INR,7.0,Cancelled
TXN006215,HIST-2026-02278,1,CUST0077,DD-CIN-0007,2026-05-07,702,MTR,244.3,171498.6,INR,7.0,Delivered
TXN006216,HIST-2026-02278,2,CUST0077,DD-RBL-0027,2026-05-07,1343,MTR,45.81,61522.83,INR,7.0,Cancelled
TXN006217,HIST-2026-02278,3,CUST0077,DD-PCS-0014,2026-05-07,269,MTR,94.84,25511.96,INR,7.0,Delivered
TXN006218,HIST-2026-02278,4,CUST0077,DD-FLN-0023,2026-05-07,890,MTR,185.1,164739.0,INR,7.0,Delivered
TXN006900,HIST-2026-02541,1,CUST0047,DD-KFT-0026,2026-05-07,327,KG,341.9,111801.3,INR,7.0,Delivered
TXN007196,HIST-2026-02645,1,CUST0108,DD-CTB-0012,2026-05-07,189,MTR,171.14,32345.46,INR,12.0,Partially Delivered
TXN007197,HIST-2026-02645,2,CUST0108,DD-HCT-0013,2026-05-07,545,MTR,206.83,112722.35,INR,12.0,Delivered
TXN007198,HIST-2026-02645,3,CUST0108,DD-CTB-0027,2026-05-07,992,MTR,155.81,154563.52,INR,12.0,Delivered
TXN000459,HIST-2026-00164,1,CUST0047,DD-KFT-0003,2026-05-08,223,KG,329.43,73462.89,INR,7.0,Delivered
TXN000969,HIST-2026-00349,1,CUST0053,DD-CTB-0001,2026-05-08,1077,MTR,177.0,190629.0,INR,3.0,Delivered
TXN000970,HIST-2026-00349,2,CUST0053,DD-CTB-0007,2026-05-08,1315,MTR,247.51,325475.65,INR,3.0,Partially Delivered
TXN002167,HIST-2026-00799,1,CUST0068,DD-HUP-0014,2026-05-08,2113,MTR,253.5,535645.5,INR,3.0,Delivered
TXN002168,HIST-2026-00799,2,CUST0068,DD-HUP-0030,2026-05-08,517,MTR,288.94,149381.98,INR,3.0,Delivered
TXN002169,HIST-2026-00799,3,CUST0068,DD-CDV-0029,2026-05-08,147,MTR,184.49,27120.03,INR,3.0,Delivered
TXN000433,HIST-2026-00156,1,CUST0028,DD-MOD-0007,2026-05-09,511,MTR,249.61,127550.71,INR,3.0,Delivered
TXN000434,HIST-2026-00156,2,CUST0028,DD-PRB-0017,2026-05-09,267,MTR,119.76,31975.92,INR,3.0,Delivered
TXN000435,HIST-2026-00156,3,CUST0028,DD-PGT-0020,2026-05-09,1321,MTR,64.7,85468.7,INR,3.0,Delivered
TXN000436,HIST-2026-00156,4,CUST0028,DD-SAT-0013,2026-05-09,674,MTR,171.12,115334.88,INR,3.0,Delivered
TXN000437,HIST-2026-00156,5,CUST0028,DD-MOD-0002,2026-05-09,554,MTR,215.97,119647.38,INR,3.0,Delivered
TXN001867,HIST-2026-00677,1,CUST0096,DD-KSJ-0015,2026-05-09,57,KG,324.72,18509.04,INR,7.0,Delivered
TXN001868,HIST-2026-00677,2,CUST0096,DD-KIR-0031,2026-05-09,355,KG,391.74,139067.7,INR,7.0,Delivered
TXN001869,HIST-2026-00677,3,CUST0096,DD-DNM-0008,2026-05-09,1413,MTR,242.11,342101.43,INR,7.0,Delivered
TXN001870,HIST-2026-00677,4,CUST0096,DD-CTS-0003,2026-05-09,1139,MTR,101.95,116121.05,INR,7.0,Delivered
TXN002018,HIST-2026-00739,1,CUST0067,DD-TWL-0003,2026-05-09,649,PCS,187.21,121499.29,INR,12.0,Delivered
TXN004469,HIST-2026-01641,1,CUST0106,DD-CIN-0021,2026-05-09,1852,MTR,262.76,486631.52,INR,7.0,Delivered
TXN004470,HIST-2026-01641,2,CUST0106,DD-CTB-0010,2026-05-09,636,MTR,246.93,157047.48,INR,7.0,Delivered
TXN004471,HIST-2026-01641,3,CUST0106,DD-SUT-0027,2026-05-09,347,MTR,231.86,80455.42,INR,7.0,Delivered
TXN004472,HIST-2026-01641,4,CUST0106,DD-SUT-0024,2026-05-09,1928,MTR,227.93,439449.04,INR,7.0,Delivered
TXN004954,HIST-2026-01816,1,CUST0076,DD-MOD-0016,2026-05-09,284,MTR,244.79,69520.36,INR,7.0,Delivered
TXN004955,HIST-2026-01816,2,CUST0076,DD-KSJ-0006,2026-05-09,75,KG,350.98,26323.5,INR,7.0,Delivered
TXN004956,HIST-2026-01816,3,CUST0076,DD-LIN-0003,2026-05-09,1071,MTR,444.04,475566.84,INR,7.0,Delivered
TXN004957,HIST-2026-01816,4,CUST0076,DD-CTS-0014,2026-05-09,261,MTR,124.34,32452.74,INR,7.0,Partially Delivered
TXN004958,HIST-2026-01816,5,CUST0076,DD-KSJ-0008,2026-05-09,174,KG,296.67,51620.58,INR,7.0,Delivered
TXN000738,HIST-2026-00263,1,CUST0068,DD-HUP-0014,2026-05-10,328,MTR,253.06,83003.68,INR,3.0,Delivered
TXN000739,HIST-2026-00263,2,CUST0068,DD-LIN-0001,2026-05-10,141,MTR,455.76,64262.16,INR,3.0,Delivered
TXN000740,HIST-2026-00263,3,CUST0068,DD-CDV-0029,2026-05-10,2053,MTR,184.65,379086.45,INR,3.0,Delivered
TXN007036,HIST-2026-02588,1,CUST0119,DD-SAT-0018,2026-05-10,521,MTR,157.05,81823.05,INR,7.0,Delivered
TXN007037,HIST-2026-02588,2,CUST0119,DD-MOD-0024,2026-05-10,394,MTR,180.25,71018.5,INR,7.0,Delivered
TXN007038,HIST-2026-02588,3,CUST0119,DD-MOD-0029,2026-05-10,1211,MTR,172.3,208655.3,INR,7.0,Delivered
TXN001892,HIST-2026-00687,1,CUST0061,DD-MOD-0018,2026-05-11,1086,MTR,254.98,276908.28,INR,3.0,Delivered
TXN002604,HIST-2026-00959,1,CUST0118,DD-HUP-0016,2026-05-11,735,MTR,315.86,232157.1,INR,7.0,Delivered
TXN004962,HIST-2026-01819,1,CUST0096,DD-CTS-0003,2026-05-11,1060,MTR,100.88,106932.8,INR,7.0,Delivered
TXN000973,HIST-2026-00351,1,CUST0048,DD-CTB-0003,2026-05-12,740,MTR,169.94,125755.6,INR,12.0,Delivered
TXN000974,HIST-2026-00351,2,CUST0048,DD-DNM-0011,2026-05-12,249,MTR,161.03,40096.47,INR,12.0,Delivered
TXN000975,HIST-2026-00351,3,CUST0048,DD-LIN-0030,2026-05-12,451,MTR,393.44,177441.44,INR,12.0,Delivered
TXN000976,HIST-2026-00351,4,CUST0048,DD-KSJ-0025,2026-05-12,229,KG,380.15,87054.35,INR,12.0,Delivered
TXN000977,HIST-2026-00351,5,CUST0048,DD-MOD-0021,2026-05-12,144,MTR,223.01,32113.44,INR,12.0,Delivered
TXN000978,HIST-2026-00351,6,CUST0048,DD-KSJ-0001,2026-05-12,263,KG,453.9,119375.7,INR,12.0,Delivered
TXN002517,HIST-2026-00927,1,CUST0095,DD-HUP-0027,2026-05-12,1035,MTR,274.08,283672.8,INR,7.0,Delivered
TXN004739,HIST-2026-01741,1,CUST0005,DD-LIN-0017,2026-05-13,592,MTR,438.09,259349.28,INR,12.0,Delivered
TXN004740,HIST-2026-01741,2,CUST0005,DD-PRB-0038,2026-05-13,887,MTR,148.35,131586.45,INR,12.0,Delivered
TXN004873,HIST-2026-01790,1,CUST0070,DD-CDV-0011,2026-05-13,210,MTR,261.13,54837.3,INR,3.0,Delivered
TXN004874,HIST-2026-01790,2,CUST0070,DD-VSR-0024,2026-05-13,1791,MTR,114.82,205642.62,INR,3.0,Delivered
TXN004875,HIST-2026-01790,3,CUST0070,DD-LIN-0020,2026-05-13,228,MTR,441.34,100625.52,INR,3.0,Delivered
TXN004876,HIST-2026-01790,4,CUST0070,DD-FLN-0010,2026-05-13,1128,MTR,190.3,214658.4,INR,3.0,Delivered
TXN000795,HIST-2026-00282,1,CUST0004,DD-KSJ-0017,2026-05-14,78,KG,335.22,26147.16,INR,3.0,Delivered
TXN000796,HIST-2026-00282,2,CUST0004,DD-LIN-0029,2026-05-14,687,MTR,264.28,181560.36,INR,3.0,Delivered
TXN001223,HIST-2026-00441,1,CUST0121,DD-HUP-0013,2026-05-14,140,MTR,246.99,34578.6,INR,12.0,Delivered
TXN001224,HIST-2026-00441,2,CUST0121,DD-BDS-0002,2026-05-14,169,MTR,213.29,36046.01,INR,12.0,Partially Delivered
TXN001225,HIST-2026-00441,3,CUST0121,DD-HCT-0006,2026-05-14,841,MTR,213.59,179629.19,INR,12.0,Delivered
TXN001226,HIST-2026-00441,4,CUST0121,DD-CIN-0016,2026-05-14,1224,MTR,241.57,295681.68,INR,12.0,Delivered
TXN001589,HIST-2026-00579,1,CUST0088,DD-CIN-0009,2026-05-14,1316,MTR,235.19,309510.04,INR,12.0,Partially Delivered
TXN001590,HIST-2026-00579,2,CUST0088,DD-TWL-0012,2026-05-14,185,PCS,193.99,35888.15,INR,12.0,Delivered
TXN004996,HIST-2026-01833,1,CUST0008,DD-KFT-0009,2026-05-14,92,KG,413.52,38043.84,INR,7.0,Delivered
TXN007393,HIST-2026-02725,1,CUST0055,DD-LIN-0021,2026-05-14,432,MTR,488.88,211196.16,INR,3.0,Delivered
TXN007394,HIST-2026-02725,2,CUST0055,DD-BDS-0004,2026-05-14,395,MTR,160.87,63543.65,INR,3.0,Delivered
TXN007395,HIST-2026-02725,3,CUST0055,DD-KSJ-0013,2026-05-14,427,KG,347.08,148203.16,INR,3.0,Delivered
TXN000933,HIST-2026-00334,1,CUST0080,DD-HUP-0018,2026-05-15,1550,MTR,246.42,381951.0,INR,7.0,Delivered
TXN000934,HIST-2026-00334,2,CUST0080,DD-HCT-0002,2026-05-15,1144,MTR,144.88,165742.72,INR,7.0,Delivered
TXN004465,HIST-2026-01638,1,CUST0095,DD-CIN-0029,2026-05-15,353,MTR,201.75,71217.75,INR,7.0,Delivered
TXN000574,HIST-2026-00206,1,CUST0117,DD-BDS-0031,2026-05-16,272,MTR,217.32,59111.04,INR,3.0,Delivered
TXN000575,HIST-2026-00206,2,CUST0117,DD-PRB-0040,2026-05-16,1724,MTR,153.44,264530.56,INR,3.0,Delivered
TXN003004,HIST-2026-01105,1,CUST0029,DD-CTB-0034,2026-05-16,239,MTR,195.1,46628.9,INR,7.0,Delivered
TXN004890,HIST-2026-01795,1,CUST0100,DD-CTB-0015,2026-05-16,907,MTR,158.91,144131.37,INR,3.0,Partially Delivered
TXN000357,HIST-2026-00127,1,CUST0023,DD-PCS-0030,2026-05-17,564,MTR,94.38,53230.32,INR,7.0,Delivered
TXN000741,HIST-2026-00264,1,CUST0084,DD-CTB-0033,2026-05-17,149,MTR,206.69,30796.81,INR,12.0,Delivered
TXN005188,HIST-2026-01905,1,CUST0087,DD-KIR-0035,2026-05-17,485,KG,490.39,237839.15,INR,7.0,Delivered
TXN005189,HIST-2026-01905,2,CUST0087,DD-CTS-0027,2026-05-17,253,MTR,93.42,23635.26,INR,7.0,Delivered
TXN006010,HIST-2026-02209,1,CUST0064,DD-KFT-0018,2026-05-17,54,KG,278.88,15059.52,INR,12.0,Delivered
TXN006011,HIST-2026-02209,2,CUST0064,DD-DNM-0010,2026-05-17,1667,MTR,243.78,406381.26,INR,12.0,Delivered
TXN005719,HIST-2026-02097,1,CUST0030,DD-KIR-0036,2026-05-18,49,KG,372.81,18267.69,INR,12.0,Delivered
TXN002697,HIST-2026-00995,1,CUST0066,DD-FLN-0015,2026-05-19,216,MTR,132.42,28602.72,INR,3.0,Delivered
TXN002698,HIST-2026-00995,2,CUST0066,DD-PCS-0035,2026-05-19,619,MTR,102.2,63261.8,INR,3.0,Delivered
TXN002830,HIST-2026-01042,1,CUST0030,DD-DNM-0016,2026-05-19,215,MTR,259.79,55854.85,INR,12.0,Cancelled
TXN003958,HIST-2026-01449,1,CUST0104,DD-KSJ-0015,2026-05-19,135,KG,348.42,47036.7,INR,7.0,Delivered
TXN003959,HIST-2026-01449,2,CUST0104,DD-DNM-0025,2026-05-19,1106,MTR,222.92,246549.52,INR,7.0,Delivered
TXN003960,HIST-2026-01449,3,CUST0104,DD-DNM-0003,2026-05-19,217,MTR,242.29,52576.93,INR,7.0,Delivered
TXN003961,HIST-2026-01449,4,CUST0104,DD-DNM-0010,2026-05-19,1031,MTR,256.6,264554.6,INR,7.0,Delivered
TXN007249,HIST-2026-02666,1,CUST0115,DD-KIR-0024,2026-05-19,76,KG,400.9,30468.4,INR,7.0,Delivered
TXN004299,HIST-2026-01566,1,CUST0085,DD-CTS-0027,2026-05-20,624,MTR,95.59,59648.16,INR,3.0,Delivered
TXN004300,HIST-2026-01566,2,CUST0085,DD-LIN-0006,2026-05-20,931,MTR,367.56,342198.36,INR,3.0,Delivered
TXN004844,HIST-2026-01780,1,CUST0100,DD-KIR-0033,2026-05-20,156,KG,450.47,70273.32,INR,3.0,Delivered
TXN004845,HIST-2026-01780,2,CUST0100,DD-CTB-0015,2026-05-20,748,MTR,159.38,119216.24,INR,3.0,Delivered
TXN004846,HIST-2026-01780,3,CUST0100,DD-DNM-0026,2026-05-20,1002,MTR,233.74,234207.48,INR,3.0,Partially Delivered
TXN001625,HIST-2026-00592,1,CUST0020,DD-DNM-0025,2026-05-22,210,MTR,223.34,46901.4,INR,7.0,Delivered
TXN001626,HIST-2026-00592,2,CUST0020,DD-CTB-0014,2026-05-22,1044,MTR,167.59,174963.96,INR,7.0,Delivered
TXN001705,HIST-2026-00621,1,CUST0118,DD-SUT-0019,2026-05-22,426,MTR,271.73,115756.98,INR,7.0,Partially Delivered
TXN001706,HIST-2026-00621,2,CUST0118,DD-VSR-0019,2026-05-22,158,MTR,85.81,13557.98,INR,7.0,Delivered
TXN001707,HIST-2026-00621,3,CUST0118,DD-TWL-0010,2026-05-22,1088,PCS,202.93,220787.84,INR,7.0,Delivered
TXN001968,HIST-2026-00721,1,CUST0096,DD-DNM-0026,2026-05-22,537,MTR,218.13,117135.81,INR,7.0,Partially Delivered
TXN001969,HIST-2026-00721,2,CUST0096,DD-CTS-0022,2026-05-22,413,MTR,90.02,37178.26,INR,7.0,Delivered
TXN001970,HIST-2026-00721,3,CUST0096,DD-KIR-0031,2026-05-22,147,KG,395.4,58123.8,INR,7.0,Delivered
TXN001971,HIST-2026-00721,4,CUST0096,DD-KSJ-0015,2026-05-22,383,KG,333.3,127653.9,INR,7.0,Delivered
TXN001972,HIST-2026-00721,5,CUST0096,DD-CTB-0011,2026-05-22,144,MTR,163.96,23610.24,INR,7.0,Delivered
TXN002364,HIST-2026-00870,1,CUST0022,DD-PRB-0006,2026-05-22,1044,MTR,129.38,135072.72,INR,7.0,Delivered
TXN006579,HIST-2026-02414,1,CUST0111,DD-PRB-0009,2026-05-22,1761,MTR,140.76,247878.36,INR,12.0,Delivered
TXN006580,HIST-2026-02414,2,CUST0111,DD-PRB-0034,2026-05-22,925,MTR,143.44,132682.0,INR,12.0,Delivered
TXN006581,HIST-2026-02414,3,CUST0111,DD-SAT-0005,2026-05-22,344,MTR,173.47,59673.68,INR,12.0,Delivered
TXN001161,HIST-2026-00420,1,CUST0121,DD-CIN-0005,2026-05-23,231,MTR,212.71,49136.01,INR,12.0,Delivered
TXN002526,HIST-2026-00931,1,CUST0006,DD-CTB-0017,2026-05-23,2140,MTR,157.06,336108.4,INR,7.0,Partially Delivered
TXN003954,HIST-2026-01447,1,CUST0101,DD-CTS-0015,2026-05-23,518,MTR,126.18,65361.24,INR,7.0,Delivered
TXN004319,HIST-2026-01577,1,CUST0118,DD-CIN-0021,2026-05-23,211,MTR,273.89,57790.79,INR,7.0,Delivered
TXN004320,HIST-2026-01577,2,CUST0118,DD-SAT-0032,2026-05-23,727,MTR,82.82,60210.14,INR,7.0,Delivered
TXN004321,HIST-2026-01577,3,CUST0118,DD-KIR-0001,2026-05-23,274,KG,336.84,92294.16,INR,7.0,Delivered
TXN004322,HIST-2026-01577,4,CUST0118,DD-CDV-0007,2026-05-23,1879,MTR,197.37,370858.23,INR,7.0,Delivered
TXN004467,HIST-2026-01640,1,CUST0076,DD-KSJ-0008,2026-05-23,71,KG,303.17,21525.07,INR,7.0,Delivered
TXN004468,HIST-2026-01640,2,CUST0076,DD-LIN-0003,2026-05-23,1103,MTR,449.35,495633.05,INR,7.0,Delivered
TXN004830,HIST-2026-01776,1,CUST0113,DD-CTB-0024,2026-05-23,557,MTR,205.54,114485.78,INR,7.0,Delivered
TXN004831,HIST-2026-01776,2,CUST0113,DD-DNM-0004,2026-05-23,1800,MTR,228.3,410940.0,INR,7.0,Delivered
TXN004832,HIST-2026-01776,3,CUST0113,DD-MOD-0012,2026-05-23,604,MTR,276.92,167259.68,INR,7.0,Delivered
TXN004833,HIST-2026-01776,4,CUST0113,DD-CTS-0005,2026-05-23,1332,MTR,127.48,169803.36,INR,7.0,Cancelled
TXN004834,HIST-2026-01776,5,CUST0113,DD-DNM-0001,2026-05-23,325,MTR,236.4,76830.0,INR,7.0,Delivered
TXN004229,HIST-2026-01542,1,CUST0022,DD-HCT-0027,2026-05-24,156,MTR,139.11,21701.16,INR,7.0,Delivered
TXN004268,HIST-2026-01555,1,CUST0070,DD-CDV-0011,2026-05-24,279,MTR,260.38,72646.02,INR,3.0,Delivered
TXN004269,HIST-2026-01555,2,CUST0070,DD-VSR-0024,2026-05-24,1331,MTR,114.84,152852.04,INR,3.0,Partially Delivered
TXN004270,HIST-2026-01555,3,CUST0070,DD-CTB-0003,2026-05-24,1133,MTR,179.34,203192.22,INR,3.0,Delivered
TXN000388,HIST-2026-00138,1,CUST0096,DD-KFT-0028,2026-05-25,430,KG,239.57,103015.1,INR,7.0,Delivered
TXN001005,HIST-2026-00361,1,CUST0022,DD-LIN-0018,2026-05-25,749,MTR,475.41,356082.09,INR,7.0,Delivered
TXN001006,HIST-2026-00361,2,CUST0022,DD-PGT-0013,2026-05-25,1677,MTR,62.69,105131.13,INR,7.0,Delivered
TXN001007,HIST-2026-00361,3,CUST0022,DD-MOD-0019,2026-05-25,227,MTR,230.89,52412.03,INR,7.0,Delivered
TXN006137,HIST-2026-02252,1,CUST0066,DD-SUT-0016,2026-05-25,1366,MTR,222.6,304071.6,INR,3.0,Delivered
TXN001565,HIST-2026-00571,1,CUST0108,DD-TWL-0028,2026-05-26,656,PCS,219.48,143978.88,INR,12.0,Partially Delivered
TXN001566,HIST-2026-00571,2,CUST0108,DD-SUT-0032,2026-05-26,309,MTR,191.89,59294.01,INR,12.0,Delivered
TXN000590,HIST-2026-00211,1,CUST0093,DD-KIR-0033,2026-05-27,97,KG,386.06,37447.82,INR,12.0,Delivered
TXN000591,HIST-2026-00211,2,CUST0093,DD-KIR-0005,2026-05-27,387,KG,402.11,155616.57,INR,12.0,Delivered
TXN000592,HIST-2026-00211,3,CUST0093,DD-KFT-0029,2026-05-27,52,KG,255.71,13296.92,INR,12.0,Delivered
TXN000593,HIST-2026-00211,4,CUST0093,DD-KIR-0007,2026-05-27,558,KG,384.45,214523.1,INR,12.0,Delivered
TXN000594,HIST-2026-00211,5,CUST0093,DD-CTS-0025,2026-05-27,1444,MTR,96.42,139230.48,INR,12.0,Delivered
TXN000595,HIST-2026-00211,6,CUST0093,DD-KFT-0023,2026-05-27,48,KG,367.96,17662.08,INR,12.0,Delivered
TXN002972,HIST-2026-01093,1,CUST0011,DD-SAT-0021,2026-05-27,853,MTR,145.35,123983.55,INR,7.0,Delivered
TXN002973,HIST-2026-01093,2,CUST0011,DD-DNM-0021,2026-05-27,475,MTR,208.91,99232.25,INR,7.0,Delivered
TXN002974,HIST-2026-01093,3,CUST0011,DD-KFT-0011,2026-05-27,532,KG,391.5,208278.0,INR,7.0,Delivered
TXN002975,HIST-2026-01093,4,CUST0011,DD-CIN-0021,2026-05-27,463,MTR,274.42,127056.46,INR,7.0,Delivered
TXN002976,HIST-2026-01093,5,CUST0011,DD-BDS-0005,2026-05-27,1307,MTR,155.88,203735.16,INR,7.0,Delivered
TXN003548,HIST-2026-01294,1,CUST0136,DD-KIR-0030,2026-05-28,320,KG,417.92,133734.4,INR,12.0,Delivered
TXN003663,HIST-2026-01329,1,CUST0114,DD-CDV-0030,2026-05-28,1508,MTR,172.21,259692.68,INR,12.0,Delivered
TXN003664,HIST-2026-01329,2,CUST0114,DD-KIR-0036,2026-05-28,432,KG,379.53,163956.96,INR,12.0,Delivered
TXN006124,HIST-2026-02248,1,CUST0068,DD-HUP-0016,2026-05-28,139,MTR,336.67,46797.13,INR,3.0,Delivered
TXN000325,HIST-2026-00114,1,CUST0047,DD-KIR-0021,2026-05-29,158,KG,382.85,60490.3,INR,7.0,Partially Delivered
TXN000464,HIST-2026-00166,1,CUST0007,DD-KIR-0007,2026-05-29,47,KG,388.59,18263.73,INR,7.0,Delivered
TXN000465,HIST-2026-00166,2,CUST0007,DD-CTS-0016,2026-05-29,634,MTR,117.94,74773.96,INR,7.0,Delivered
TXN000466,HIST-2026-00166,3,CUST0007,DD-CTS-0019,2026-05-29,567,MTR,92.91,52679.97,INR,7.0,Delivered
TXN000467,HIST-2026-00166,4,CUST0007,DD-CTS-0008,2026-05-29,754,MTR,131.17,98902.18,INR,7.0,Delivered
TXN007248,HIST-2026-02665,1,CUST0064,DD-KSJ-0012,2026-05-29,132,KG,300.36,39647.52,INR,12.0,Delivered
TXN000990,HIST-2026-00356,1,CUST0133,DD-VSR-0017,2026-05-30,1296,MTR,83.06,107645.76,INR,7.0,Delivered
TXN000991,HIST-2026-00356,2,CUST0133,DD-VSR-0011,2026-05-30,216,MTR,90.36,19517.76,INR,7.0,Delivered
TXN000992,HIST-2026-00356,3,CUST0133,DD-MOD-0004,2026-05-30,1668,MTR,208.98,348578.64,INR,7.0,Delivered
TXN000993,HIST-2026-00356,4,CUST0133,DD-PRB-0027,2026-05-30,209,MTR,113.01,23619.09,INR,7.0,Delivered
TXN002490,HIST-2026-00917,1,CUST0011,DD-CIN-0001,2026-05-30,157,MTR,223.88,35149.16,INR,7.0,Delivered
TXN002491,HIST-2026-00917,2,CUST0011,DD-PCS-0031,2026-05-30,260,MTR,103.25,26845.0,INR,7.0,Delivered
TXN002492,HIST-2026-00917,3,CUST0011,DD-PGT-0002,2026-05-30,1541,MTR,68.87,106128.67,INR,7.0,Delivered
TXN006979,HIST-2026-02569,1,CUST0119,DD-SAT-0025,2026-05-30,1721,MTR,163.44,281280.24,INR,7.0,Delivered
TXN006980,HIST-2026-02569,2,CUST0119,DD-PGT-0010,2026-05-30,472,MTR,65.66,30991.52,INR,7.0,Delivered
TXN007268,HIST-2026-02676,1,CUST0048,DD-DNM-0030,2026-05-30,167,MTR,285.87,47740.29,INR,12.0,Delivered
TXN007269,HIST-2026-02676,2,CUST0048,DD-MOD-0011,2026-05-30,349,MTR,258.17,90101.33,INR,12.0,Delivered
TXN000601,HIST-2026-00216,1,CUST0043,DD-CTS-0004,2026-05-31,920,MTR,133.73,123031.6,INR,3.0,Delivered
TXN000602,HIST-2026-00216,2,CUST0043,DD-DNM-0024,2026-05-31,368,MTR,225.4,82947.2,INR,3.0,Partially Delivered
TXN000603,HIST-2026-00216,3,CUST0043,DD-DNM-0003,2026-05-31,267,MTR,231.28,61751.76,INR,3.0,Delivered
TXN000604,HIST-2026-00216,4,CUST0043,DD-DNM-0025,2026-05-31,1296,MTR,218.2,282787.2,INR,3.0,Delivered
TXN000605,HIST-2026-00216,5,CUST0043,DD-KSJ-0019,2026-05-31,479,KG,350.11,167702.69,INR,3.0,Delivered
TXN001383,HIST-2026-00499,1,CUST0062,DD-KSJ-0006,2026-05-31,495,KG,318.12,157469.4,INR,12.0,Delivered
TXN005974,HIST-2026-02197,1,CUST0098,DD-PGT-0025,2026-06-01,461,MTR,52.54,24220.94,INR,7.0,Delivered
TXN005975,HIST-2026-02197,2,CUST0098,DD-PGT-0030,2026-06-01,1339,MTR,75.32,100853.48,INR,7.0,Delivered
TXN005976,HIST-2026-02197,3,CUST0098,DD-VSR-0025,2026-06-01,894,MTR,107.16,95801.04,INR,7.0,Delivered
TXN005977,HIST-2026-02197,4,CUST0098,DD-HCT-0030,2026-06-01,1026,MTR,140.53,144183.78,INR,7.0,Delivered
TXN005978,HIST-2026-02197,5,CUST0098,DD-PGT-0013,2026-06-01,426,MTR,62.67,26697.42,INR,7.0,Delivered
TXN005979,HIST-2026-02197,6,CUST0098,DD-PRB-0004,2026-06-01,1180,MTR,115.57,136372.6,INR,7.0,Delivered
TXN007175,HIST-2026-02636,1,CUST0044,DD-HCT-0034,2026-06-01,171,MTR,226.39,38712.69,INR,7.0,Delivered
TXN002793,HIST-2026-01031,1,CUST0054,DD-CIN-0025,2026-06-02,651,MTR,267.41,174083.91,INR,7.0,Delivered
TXN002794,HIST-2026-01031,2,CUST0054,DD-HCT-0020,2026-06-02,183,MTR,175.9,32189.7,INR,7.0,Delivered
TXN002795,HIST-2026-01031,3,CUST0054,DD-BDS-0003,2026-06-02,163,MTR,221.17,36050.71,INR,7.0,Delivered
TXN002796,HIST-2026-01031,4,CUST0054,DD-HCT-0013,2026-06-02,164,MTR,222.9,36555.6,INR,7.0,Delivered
TXN007123,HIST-2026-02618,1,CUST0116,DD-MOD-0031,2026-06-02,275,MTR,179.32,49313.0,INR,7.0,Delivered
TXN007124,HIST-2026-02618,2,CUST0116,DD-SUT-0028,2026-06-02,365,MTR,214.06,78131.9,INR,7.0,Delivered
TXN007150,HIST-2026-02627,1,CUST0052,DD-SUT-0009,2026-06-02,1094,MTR,201.46,220397.24,INR,3.0,Partially Delivered
TXN007151,HIST-2026-02627,2,CUST0052,DD-SUT-0024,2026-06-02,150,MTR,228.9,34335.0,INR,3.0,Delivered
TXN007152,HIST-2026-02627,3,CUST0052,DD-CIN-0028,2026-06-02,213,MTR,191.7,40832.1,INR,3.0,Delivered
TXN007153,HIST-2026-02627,4,CUST0052,DD-PCS-0007,2026-06-02,1159,MTR,95.43,110603.37,INR,3.0,Delivered
TXN001140,HIST-2026-00414,1,CUST0048,DD-DNM-0030,2026-06-03,290,MTR,287.62,83409.8,INR,12.0,Delivered
TXN001141,HIST-2026-00414,2,CUST0048,DD-LIN-0030,2026-06-03,210,MTR,389.15,81721.5,INR,12.0,Delivered
TXN001142,HIST-2026-00414,3,CUST0048,DD-CTB-0003,2026-06-03,674,MTR,170.17,114694.58,INR,12.0,Delivered
TXN001143,HIST-2026-00414,4,CUST0048,DD-DNM-0011,2026-06-03,444,MTR,161.78,71830.32,INR,12.0,Delivered
TXN000614,HIST-2026-00219,1,CUST0025,DD-MOD-0032,2026-06-04,2070,MTR,302.04,625222.8,INR,3.0,Delivered
TXN000615,HIST-2026-00219,2,CUST0025,DD-CTB-0029,2026-06-04,192,MTR,175.35,33667.2,INR,3.0,Delivered
TXN006587,HIST-2026-02417,1,CUST0053,DD-PCS-0017,2026-06-04,309,MTR,103.77,32064.93,INR,3.0,Delivered
TXN006588,HIST-2026-02417,2,CUST0053,DD-CTB-0001,2026-06-04,1104,MTR,177.35,195794.4,INR,3.0,Delivered
TXN006589,HIST-2026-02417,3,CUST0053,DD-CTB-0018,2026-06-04,413,MTR,160.77,66398.01,INR,3.0,Delivered
TXN006590,HIST-2026-02417,4,CUST0053,DD-CTB-0007,2026-06-04,906,MTR,247.84,224543.04,INR,3.0,Delivered
TXN006591,HIST-2026-02417,5,CUST0053,DD-SUT-0021,2026-06-04,172,MTR,276.08,47485.76,INR,3.0,Delivered
TXN002929,HIST-2026-01076,1,CUST0091,DD-KIR-0025,2026-06-05,65,KG,380.19,24712.35,INR,12.0,Delivered
TXN003727,HIST-2026-01354,1,CUST0006,DD-DNM-0017,2026-06-05,637,MTR,258.62,164740.94,INR,7.0,Delivered
TXN005782,HIST-2026-02125,1,CUST0112,DD-HUP-0016,2026-06-05,166,MTR,322.14,53475.24,INR,7.0,Delivered
TXN006877,HIST-2026-02529,1,CUST0049,DD-SUT-0028,2026-06-05,877,MTR,231.74,203235.98,INR,3.0,Delivered
TXN006878,HIST-2026-02529,2,CUST0049,DD-CIN-0019,2026-06-05,231,MTR,273.93,63277.83,INR,3.0,Delivered
TXN006879,HIST-2026-02529,3,CUST0049,DD-CIN-0016,2026-06-05,129,MTR,275.54,35544.66,INR,3.0,Delivered
TXN000169,HIST-2026-00057,1,CUST0047,DD-DNM-0026,2026-06-06,1839,MTR,216.1,397407.9,INR,7.0,Cancelled
TXN000170,HIST-2026-00057,2,CUST0047,DD-CTB-0022,2026-06-06,1059,MTR,224.1,237321.9,INR,7.0,Delivered
TXN000171,HIST-2026-00057,3,CUST0047,DD-KFT-0003,2026-06-06,492,KG,332.78,163727.76,INR,7.0,Delivered
TXN002514,HIST-2026-00926,1,CUST0052,DD-FLN-0021,2026-06-06,1357,MTR,187.02,253786.14,INR,3.0,Delivered
TXN002515,HIST-2026-00926,2,CUST0052,DD-CIN-0024,2026-06-06,1687,MTR,281.54,474957.98,INR,3.0,Delivered
TXN002516,HIST-2026-00926,3,CUST0052,DD-CIN-0028,2026-06-06,718,MTR,190.54,136807.72,INR,3.0,Delivered
TXN000282,HIST-2026-00099,1,CUST0103,DD-LIN-0008,2026-06-07,907,MTR,349.58,317069.06,INR,3.0,Delivered
TXN000283,HIST-2026-00099,2,CUST0103,DD-MOD-0001,2026-06-07,185,MTR,230.65,42670.25,INR,3.0,Cancelled
TXN000284,HIST-2026-00099,3,CUST0103,DD-CTB-0002,2026-06-07,455,MTR,183.63,83551.65,INR,3.0,Delivered
TXN000285,HIST-2026-00099,4,CUST0103,DD-MOD-0016,2026-06-07,472,MTR,262.59,123942.48,INR,3.0,Partially Delivered
TXN005609,HIST-2026-02061,1,CUST0053,DD-SUT-0037,2026-06-07,450,MTR,200.07,90031.5,INR,3.0,Delivered
TXN005610,HIST-2026-02061,2,CUST0053,DD-CTB-0007,2026-06-07,180,MTR,249.74,44953.2,INR,3.0,Delivered
TXN006288,HIST-2026-02305,1,CUST0032,DD-CTB-0015,2026-06-07,626,MTR,164.99,103283.74,INR,3.0,Delivered
TXN000772,HIST-2026-00275,1,CUST0082,DD-KIR-0021,2026-06-08,299,KG,363.0,108537.0,INR,7.0,Delivered
TXN000134,HIST-2026-00047,1,CUST0006,DD-LIN-0029,2026-06-09,592,MTR,275.71,163220.32,INR,7.0,Delivered
TXN000135,HIST-2026-00047,2,CUST0006,DD-DNM-0017,2026-06-09,988,MTR,260.41,257285.08,INR,7.0,Delivered
TXN000136,HIST-2026-00047,3,CUST0006,DD-CTB-0017,2026-06-09,1379,MTR,154.46,213000.34,INR,7.0,Delivered
TXN000137,HIST-2026-00047,4,CUST0006,DD-LIN-0004,2026-06-09,221,MTR,366.51,80998.71,INR,7.0,Delivered
TXN001451,HIST-2026-00527,1,CUST0103,DD-MOD-0001,2026-06-09,2191,MTR,224.93,492821.63,INR,3.0,Delivered
TXN001452,HIST-2026-00527,2,CUST0103,DD-CTB-0029,2026-06-09,608,MTR,189.26,115070.08,INR,3.0,Delivered
TXN001453,HIST-2026-00527,3,CUST0103,DD-LIN-0008,2026-06-09,227,MTR,350.47,79556.69,INR,3.0,Delivered
TXN001900,HIST-2026-00694,1,CUST0070,DD-FLN-0010,2026-06-09,509,MTR,193.37,98425.33,INR,3.0,Delivered
TXN001901,HIST-2026-00694,2,CUST0070,DD-LIN-0020,2026-06-09,415,MTR,444.73,184562.95,INR,3.0,Delivered
TXN001902,HIST-2026-00694,3,CUST0070,DD-LIN-0003,2026-06-09,458,MTR,443.56,203150.48,INR,3.0,Delivered
TXN006720,HIST-2026-02468,1,CUST0073,DD-HUP-0026,2026-06-09,164,MTR,255.55,41910.2,INR,12.0,Delivered
TXN006721,HIST-2026-02468,2,CUST0073,DD-BDS-0027,2026-06-09,265,MTR,218.42,57881.3,INR,12.0,Delivered
TXN002619,HIST-2026-00967,1,CUST0114,DD-HCT-0032,2026-06-10,846,MTR,163.24,138101.04,INR,12.0,Delivered
TXN002620,HIST-2026-00967,2,CUST0114,DD-LIN-0008,2026-06-10,668,MTR,333.03,222464.04,INR,12.0,Delivered
TXN003299,HIST-2026-01209,1,CUST0006,DD-CTB-0012,2026-06-10,149,MTR,180.93,26958.57,INR,7.0,Delivered
TXN003300,HIST-2026-01209,2,CUST0006,DD-DNM-0017,2026-06-10,205,MTR,264.45,54212.25,INR,7.0,Delivered
TXN001682,HIST-2026-00611,1,CUST0076,DD-KSJ-0006,2026-06-11,99,KG,357.05,35347.95,INR,7.0,Delivered
TXN001683,HIST-2026-00611,2,CUST0076,DD-CTB-0026,2026-06-11,292,MTR,200.39,58513.88,INR,7.0,Delivered
TXN001684,HIST-2026-00611,3,CUST0076,DD-MOD-0016,2026-06-11,227,MTR,247.5,56182.5,INR,7.0,Partially Delivered
TXN001685,HIST-2026-00611,4,CUST0076,DD-LIN-0003,2026-06-11,157,MTR,442.05,69401.85,INR,7.0,Delivered
TXN002831,HIST-2026-01043,1,CUST0034,DD-KSJ-0005,2026-06-11,444,KG,332.65,147696.6,INR,7.0,Delivered
TXN002832,HIST-2026-01043,2,CUST0034,DD-KSJ-0014,2026-06-11,280,KG,327.41,91674.8,INR,7.0,Delivered
TXN004306,HIST-2026-01570,1,CUST0098,DD-BDS-0002,2026-06-11,1279,MTR,230.04,294221.16,INR,7.0,Delivered
TXN004307,HIST-2026-01570,2,CUST0098,DD-PGT-0025,2026-06-11,180,MTR,52.49,9448.2,INR,7.0,Delivered
TXN006054,HIST-2026-02226,1,CUST0052,DD-SUT-0009,2026-06-11,148,MTR,202.3,29940.4,INR,3.0,Cancelled
TXN006767,HIST-2026-02487,1,CUST0059,DD-SUT-0018,2026-06-11,895,MTR,204.6,183117.0,INR,12.0,Delivered
TXN006768,HIST-2026-02487,2,CUST0059,DD-CIN-0006,2026-06-11,1456,MTR,198.56,289103.36,INR,12.0,Delivered
TXN006769,HIST-2026-02487,3,CUST0059,DD-CIN-0030,2026-06-11,559,MTR,185.95,103946.05,INR,12.0,Delivered
TXN006770,HIST-2026-02487,4,CUST0059,DD-CTB-0023,2026-06-11,873,MTR,196.05,171151.65,INR,12.0,Delivered
TXN000293,HIST-2026-00102,1,CUST0017,DD-DNM-0008,2026-06-12,264,MTR,260.76,68840.64,INR,7.0,Delivered
TXN000294,HIST-2026-00102,2,CUST0017,DD-DNM-0024,2026-06-12,573,MTR,219.6,125830.8,INR,7.0,Delivered
TXN000295,HIST-2026-00102,3,CUST0017,DD-KIR-0024,2026-06-12,97,KG,373.01,36181.97,INR,7.0,Delivered
TXN000513,HIST-2026-00186,1,CUST0082,DD-KSJ-0019,2026-06-13,47,KG,313.18,14719.46,INR,7.0,Delivered
TXN000514,HIST-2026-00186,2,CUST0082,DD-KIR-0025,2026-06-13,47,KG,398.98,18752.06,INR,7.0,Delivered
TXN000515,HIST-2026-00186,3,CUST0082,DD-CTB-0019,2026-06-13,1015,MTR,234.27,237784.05,INR,7.0,Delivered
TXN000516,HIST-2026-00186,4,CUST0082,DD-DNM-0029,2026-06-13,216,MTR,300.97,65009.52,INR,7.0,Partially Delivered
TXN000517,HIST-2026-00186,5,CUST0082,DD-KIR-0021,2026-06-13,186,KG,358.66,66710.76,INR,7.0,Delivered
TXN002940,HIST-2026-01080,1,CUST0048,DD-CTB-0023,2026-06-13,793,MTR,196.07,155483.51,INR,12.0,Delivered
TXN002941,HIST-2026-01080,2,CUST0048,DD-CTB-0003,2026-06-13,284,MTR,166.13,47180.92,INR,12.0,Delivered
TXN002942,HIST-2026-01080,3,CUST0048,DD-DNM-0011,2026-06-13,203,MTR,163.7,33231.1,INR,12.0,Partially Delivered
TXN002943,HIST-2026-01080,4,CUST0048,DD-MOD-0023,2026-06-13,152,MTR,165.57,25166.64,INR,12.0,Delivered
TXN003021,HIST-2026-01114,1,CUST0047,DD-CTB-0019,2026-06-13,186,MTR,218.46,40633.56,INR,7.0,Delivered
TXN003244,HIST-2026-01191,1,CUST0100,DD-CTS-0016,2026-06-13,846,MTR,129.39,109463.94,INR,3.0,Delivered
TXN003245,HIST-2026-01191,2,CUST0100,DD-CTB-0015,2026-06-13,179,MTR,161.14,28844.06,INR,3.0,Delivered
TXN003246,HIST-2026-01191,3,CUST0100,DD-DNM-0017,2026-06-13,313,MTR,291.91,91367.83,INR,3.0,Delivered
TXN003247,HIST-2026-01191,4,CUST0100,DD-KIR-0033,2026-06-13,111,KG,448.78,49814.58,INR,3.0,Delivered
TXN003897,HIST-2026-01428,1,CUST0003,DD-SUT-0030,2026-06-13,563,MTR,205.15,115499.45,INR,7.0,Delivered
TXN003898,HIST-2026-01428,2,CUST0003,DD-SUT-0007,2026-06-13,1335,MTR,198.21,264610.35,INR,7.0,Delivered
TXN003899,HIST-2026-01428,3,CUST0003,DD-PCS-0033,2026-06-13,201,MTR,102.31,20564.31,INR,7.0,Delivered
TXN002621,HIST-2026-00968,1,CUST0055,DD-VSR-0033,2026-06-14,1066,MTR,132.3,141031.8,INR,3.0,Delivered
TXN005647,HIST-2026-02075,1,CUST0052,DD-FLN-0021,2026-06-14,583,MTR,188.97,110169.51,INR,3.0,Delivered
TXN005648,HIST-2026-02075,2,CUST0052,DD-SUT-0029,2026-06-14,208,MTR,224.09,46610.72,INR,3.0,Delivered
TXN005649,HIST-2026-02075,3,CUST0052,DD-FLN-0012,2026-06-14,1703,MTR,138.06,235116.18,INR,3.0,Partially Delivered
TXN005650,HIST-2026-02075,4,CUST0052,DD-CIN-0024,2026-06-14,168,MTR,283.97,47706.96,INR,3.0,Delivered
TXN005651,HIST-2026-02075,5,CUST0052,DD-SUT-0024,2026-06-14,1127,MTR,235.51,265419.77,INR,3.0,Delivered
TXN005652,HIST-2026-02075,6,CUST0052,DD-PCS-0011,2026-06-14,2078,MTR,83.15,172785.7,INR,3.0,Delivered
TXN000101,HIST-2026-00035,1,CUST0099,DD-HUP-0005,2026-06-16,306,MTR,326.29,99844.74,INR,7.0,Delivered
TXN000102,HIST-2026-00035,2,CUST0099,DD-KSJ-0002,2026-06-16,220,KG,489.76,107747.2,INR,7.0,Delivered
TXN000103,HIST-2026-00035,3,CUST0099,DD-SUT-0029,2026-06-16,887,MTR,213.79,189631.73,INR,7.0,Delivered
TXN003855,HIST-2026-01412,1,CUST0010,DD-DNM-0002,2026-06-16,329,MTR,247.39,81391.31,INR,7.0,Delivered
TXN007314,HIST-2026-02692,1,CUST0079,DD-CTS-0014,2026-06-16,630,MTR,126.9,79947.0,INR,3.0,Delivered
TXN007315,HIST-2026-02692,2,CUST0079,DD-VSR-0019,2026-06-16,179,MTR,91.01,16290.79,INR,3.0,Delivered
TXN003342,HIST-2026-01224,1,CUST0047,DD-CTB-0022,2026-06-17,1083,MTR,228.43,247389.69,INR,7.0,Delivered
TXN003343,HIST-2026-01224,2,CUST0047,DD-CTB-0013,2026-06-17,166,MTR,169.21,28088.86,INR,7.0,Delivered
TXN007058,HIST-2026-02595,1,CUST0102,DD-KSJ-0015,2026-06-17,293,KG,347.63,101855.59,INR,7.0,Delivered
TXN007059,HIST-2026-02595,2,CUST0102,DD-KSJ-0007,2026-06-17,193,KG,361.8,69827.4,INR,7.0,Partially Delivered
TXN007060,HIST-2026-02595,3,CUST0102,DD-CTS-0008,2026-06-17,329,MTR,143.29,47142.41,INR,7.0,Partially Delivered
TXN007061,HIST-2026-02595,4,CUST0102,DD-KIR-0008,2026-06-17,44,KG,401.73,17676.12,INR,7.0,Delivered
TXN002297,HIST-2026-00844,1,CUST0095,DD-HCT-0034,2026-06-18,205,MTR,222.82,45678.1,INR,7.0,Delivered
TXN004385,HIST-2026-01605,1,CUST0056,DD-KSJ-0016,2026-06-18,87,KG,313.17,27245.79,INR,12.0,Delivered
TXN004386,HIST-2026-01605,2,CUST0056,DD-DNM-0008,2026-06-18,450,MTR,243.41,109534.5,INR,12.0,Partially Delivered
TXN004387,HIST-2026-01605,3,CUST0056,DD-DNM-0028,2026-06-18,354,MTR,215.53,76297.62,INR,12.0,Delivered
TXN004615,HIST-2026-01698,1,CUST0006,DD-CTB-0012,2026-06-18,538,MTR,181.08,97421.04,INR,7.0,Delivered
TXN004616,HIST-2026-01698,2,CUST0006,DD-CTS-0011,2026-06-18,716,MTR,138.29,99015.64,INR,7.0,Delivered
TXN004617,HIST-2026-01698,3,CUST0006,DD-LIN-0029,2026-06-18,204,MTR,277.84,56679.36,INR,7.0,Partially Delivered
TXN006605,HIST-2026-02424,1,CUST0088,DD-TWL-0025,2026-06-18,342,PCS,220.88,75540.96,INR,12.0,Delivered
TXN006606,HIST-2026-02424,2,CUST0088,DD-CIN-0011,2026-06-18,510,MTR,224.44,114464.4,INR,12.0,Delivered
TXN006607,HIST-2026-02424,3,CUST0088,DD-TWL-0012,2026-06-18,753,PCS,195.99,147580.47,INR,12.0,Delivered
TXN004354,HIST-2026-01593,1,CUST0018,DD-MOD-0026,2026-06-19,1432,MTR,168.78,241692.96,INR,7.0,Delivered
TXN006111,HIST-2026-02245,1,CUST0052,DD-FLN-0025,2026-06-19,629,MTR,181.22,113987.38,INR,3.0,Delivered
TXN006112,HIST-2026-02245,2,CUST0052,DD-CIN-0003,2026-06-19,523,MTR,238.66,124819.18,INR,3.0,Delivered
TXN006113,HIST-2026-02245,3,CUST0052,DD-PCS-0007,2026-06-19,1156,MTR,97.32,112501.92,INR,3.0,Delivered
TXN006114,HIST-2026-02245,4,CUST0052,DD-PCS-0011,2026-06-19,134,MTR,84.73,11353.82,INR,3.0,Partially Delivered
TXN006115,HIST-2026-02245,5,CUST0052,DD-FLN-0021,2026-06-19,363,MTR,187.61,68102.43,INR,3.0,Delivered
TXN006116,HIST-2026-02245,6,CUST0052,DD-CIN-0004,2026-06-19,1610,MTR,219.84,353942.4,INR,3.0,Delivered
TXN000138,HIST-2026-00048,1,CUST0118,DD-VSR-0019,2026-06-20,673,MTR,86.9,58483.7,INR,7.0,Delivered
TXN000139,HIST-2026-00048,2,CUST0118,DD-TWL-0015,2026-06-20,189,PCS,213.43,40338.27,INR,7.0,Delivered
TXN000140,HIST-2026-00048,3,CUST0118,DD-SAT-0032,2026-06-20,533,MTR,84.41,44990.53,INR,7.0,Delivered
TXN000141,HIST-2026-00048,4,CUST0118,DD-BDS-0017,2026-06-20,234,MTR,205.92,48185.28,INR,7.0,Delivered
TXN003379,HIST-2026-01239,1,CUST0117,DD-KFT-0021,2026-06-20,46,KG,408.68,18799.28,INR,3.0,Delivered
TXN003380,HIST-2026-01239,2,CUST0117,DD-PRB-0040,2026-06-20,521,MTR,155.66,81098.86,INR,3.0,Delivered
TXN004748,HIST-2026-01745,1,CUST0071,DD-MOD-0034,2026-06-20,739,MTR,290.94,215004.66,INR,7.0,Delivered
TXN004749,HIST-2026-01745,2,CUST0071,DD-MOD-0023,2026-06-20,214,MTR,174.09,37255.26,INR,7.0,Delivered
TXN004750,HIST-2026-01745,3,CUST0071,DD-LIN-0030,2026-06-20,565,MTR,428.87,242311.55,INR,7.0,Delivered
TXN004751,HIST-2026-01745,4,CUST0071,DD-DNM-0002,2026-06-20,918,MTR,245.2,225093.6,INR,7.0,Partially Delivered
TXN005550,HIST-2026-02040,1,CUST0098,DD-FLN-0027,2026-06-20,2014,MTR,168.03,338412.42,INR,7.0,Delivered
TXN005551,HIST-2026-02040,2,CUST0098,DD-CDV-0024,2026-06-20,868,MTR,214.12,185856.16,INR,7.0,Delivered
TXN003774,HIST-2026-01375,1,CUST0004,DD-DNM-0034,2026-06-21,437,MTR,320.16,139909.92,INR,3.0,Delivered
TXN004141,HIST-2026-01512,1,CUST0118,DD-KIR-0001,2026-06-21,342,KG,341.52,116799.84,INR,7.0,Delivered
TXN004142,HIST-2026-01512,2,CUST0118,DD-TWL-0007,2026-06-21,1627,PCS,253.66,412704.82,INR,7.0,Delivered
TXN004143,HIST-2026-01512,3,CUST0118,DD-HUP-0016,2026-06-21,1246,MTR,317.7,395854.2,INR,7.0,Delivered
TXN005209,HIST-2026-01916,1,CUST0134,DD-CTB-0005,2026-06-21,1032,MTR,230.44,237814.08,INR,3.0,Delivered
TXN005210,HIST-2026-01916,2,CUST0134,DD-CIN-0007,2026-06-21,245,MTR,267.24,65473.8,INR,3.0,Delivered
TXN005211,HIST-2026-01916,3,CUST0134,DD-CIN-0008,2026-06-21,172,MTR,249.8,42965.6,INR,3.0,Delivered
TXN007247,HIST-2026-02664,1,CUST0068,DD-PGT-0027,2026-06-21,882,MTR,55.1,48598.2,INR,3.0,Delivered
TXN000600,HIST-2026-00215,1,CUST0107,DD-KSJ-0012,2026-06-22,91,KG,316.89,28836.99,INR,3.0,Delivered
TXN004377,HIST-2026-01603,1,CUST0068,DD-PGT-0027,2026-06-22,1290,MTR,54.68,70537.2,INR,3.0,Delivered
TXN004378,HIST-2026-01603,2,CUST0068,DD-LIN-0001,2026-06-22,538,MTR,460.3,247641.4,INR,3.0,Delivered
TXN004379,HIST-2026-01603,3,CUST0068,DD-HUP-0016,2026-06-22,866,MTR,345.8,299462.8,INR,3.0,Delivered
TXN004380,HIST-2026-01603,4,CUST0068,DD-TWL-0014,2026-06-22,1382,PCS,224.58,310369.56,INR,3.0,Delivered
TXN004156,HIST-2026-01516,1,CUST0070,DD-PRB-0035,2026-06-23,2037,MTR,166.23,338610.51,INR,3.0,Delivered
TXN004157,HIST-2026-01516,2,CUST0070,DD-LIN-0012,2026-06-23,158,MTR,442.96,69987.68,INR,3.0,Delivered
TXN004158,HIST-2026-01516,3,CUST0070,DD-FLN-0010,2026-06-23,197,MTR,191.45,37715.65,INR,3.0,Delivered
TXN004197,HIST-2026-01530,1,CUST0111,DD-VSR-0004,2026-06-23,2249,MTR,93.91,211203.59,INR,12.0,Cancelled
TXN004198,HIST-2026-01530,2,CUST0111,DD-VSR-0019,2026-06-23,1647,MTR,84.69,139484.43,INR,12.0,Delivered
TXN005153,HIST-2026-01891,1,CUST0096,DD-KSJ-0015,2026-06-23,172,KG,329.23,56627.56,INR,7.0,Delivered
TXN005154,HIST-2026-01891,2,CUST0096,DD-KFT-0028,2026-06-23,387,KG,240.9,93228.3,INR,7.0,Delivered
TXN001211,HIST-2026-00437,1,CUST0054,DD-CIN-0015,2026-06-24,450,MTR,225.16,101322.0,INR,7.0,Partially Delivered
TXN001212,HIST-2026-00437,2,CUST0054,DD-CIN-0025,2026-06-24,202,MTR,268.7,54277.4,INR,7.0,Delivered
TXN001213,HIST-2026-00437,3,CUST0054,DD-CIN-0008,2026-06-24,677,MTR,242.95,164477.15,INR,7.0,Delivered
TXN001832,HIST-2026-00665,1,CUST0067,DD-CIN-0026,2026-06-24,408,MTR,190.53,77736.24,INR,12.0,Delivered
TXN001833,HIST-2026-00665,2,CUST0067,DD-HCT-0014,2026-06-24,438,MTR,211.2,92505.6,INR,12.0,Delivered
TXN005539,HIST-2026-02036,1,CUST0116,DD-SUT-0028,2026-06-24,686,MTR,210.66,144512.76,INR,7.0,Delivered
TXN006784,HIST-2026-02493,1,CUST0044,DD-HUP-0002,2026-06-24,214,MTR,312.68,66913.52,INR,7.0,Delivered
TXN001030,HIST-2026-00371,1,CUST0119,DD-MOD-0029,2026-06-25,1606,MTR,170.99,274609.94,INR,7.0,Cancelled
TXN001031,HIST-2026-00371,2,CUST0119,DD-SAT-0022,2026-06-25,1115,MTR,141.83,158140.45,INR,7.0,Delivered
TXN001032,HIST-2026-00371,3,CUST0119,DD-PRB-0030,2026-06-25,1356,MTR,159.07,215698.92,INR,7.0,Delivered
TXN002475,HIST-2026-00911,1,CUST0073,DD-BDS-0002,2026-06-25,1103,MTR,227.84,251307.52,INR,12.0,Delivered
TXN004521,HIST-2026-01665,1,CUST0044,DD-BDS-0026,2026-06-25,548,MTR,228.74,125349.52,INR,7.0,Delivered
TXN004522,HIST-2026-01665,2,CUST0044,DD-HCT-0016,2026-06-25,918,MTR,168.97,155114.46,INR,7.0,Delivered
TXN004523,HIST-2026-01665,3,CUST0044,DD-HCT-0032,2026-06-25,278,MTR,161.55,44910.9,INR,7.0,Delivered
TXN006472,HIST-2026-02375,1,CUST0056,DD-CTS-0018,2026-06-25,259,MTR,87.95,22779.05,INR,12.0,Delivered
TXN006473,HIST-2026-02375,2,CUST0056,DD-KIR-0013,2026-06-25,79,KG,481.97,38075.63,INR,12.0,Delivered
TXN006474,HIST-2026-02375,3,CUST0056,DD-CTS-0008,2026-06-25,274,MTR,127.39,34904.86,INR,12.0,Delivered
TXN006475,HIST-2026-02375,4,CUST0056,DD-DNM-0003,2026-06-25,147,MTR,222.5,32707.5,INR,12.0,Delivered
TXN006476,HIST-2026-02375,5,CUST0056,DD-DNM-0020,2026-06-25,1582,MTR,229.4,362910.8,INR,12.0,Delivered
TXN006477,HIST-2026-02375,6,CUST0056,DD-KFT-0017,2026-06-25,441,KG,293.64,129495.24,INR,12.0,Delivered
TXN006632,HIST-2026-02434,1,CUST0070,DD-LIN-0003,2026-06-25,336,MTR,437.57,147023.52,INR,3.0,Delivered
TXN006633,HIST-2026-02434,2,CUST0070,DD-PRB-0035,2026-06-25,1070,MTR,168.65,180455.5,INR,3.0,Delivered
TXN006634,HIST-2026-02434,3,CUST0070,DD-FLN-0010,2026-06-25,1707,MTR,191.44,326788.08,INR,3.0,Delivered
TXN007002,HIST-2026-02579,1,CUST0053,DD-PCS-0005,2026-06-25,517,MTR,88.74,45878.58,INR,3.0,Delivered
TXN007003,HIST-2026-02579,2,CUST0053,DD-CTB-0018,2026-06-25,666,MTR,162.46,108198.36,INR,3.0,Delivered
TXN007004,HIST-2026-02579,3,CUST0053,DD-PCS-0017,2026-06-25,521,MTR,106.45,55460.45,INR,3.0,Delivered
TXN007005,HIST-2026-02579,4,CUST0053,DD-CTB-0001,2026-06-25,173,MTR,179.62,31074.26,INR,3.0,Delivered
TXN001551,HIST-2026-00566,1,CUST0044,DD-HCT-0034,2026-06-26,1392,MTR,223.73,311432.16,INR,7.0,Delivered
TXN001552,HIST-2026-00566,2,CUST0044,DD-BDS-0026,2026-06-26,317,MTR,226.99,71955.83,INR,7.0,Delivered
TXN001553,HIST-2026-00566,3,CUST0044,DD-TWL-0019,2026-06-26,202,PCS,226.17,45686.34,INR,7.0,Delivered
TXN001846,HIST-2026-00671,1,CUST0048,DD-KSJ-0001,2026-06-26,83,KG,462.47,38385.01,INR,12.0,Delivered
TXN001847,HIST-2026-00671,2,CUST0048,DD-MOD-0023,2026-06-26,647,MTR,164.54,106457.38,INR,12.0,Delivered
TXN001848,HIST-2026-00671,3,CUST0048,DD-LIN-0030,2026-06-26,188,MTR,392.8,73846.4,INR,12.0,Delivered
TXN001849,HIST-2026-00671,4,CUST0048,DD-DNM-0011,2026-06-26,1813,MTR,166.38,301646.94,INR,12.0,Delivered
TXN001850,HIST-2026-00671,5,CUST0048,DD-CTB-0034,2026-06-26,726,MTR,187.39,136045.14,INR,12.0,Delivered
TXN006821,HIST-2026-02512,1,CUST0044,DD-HCT-0034,2026-06-26,315,MTR,222.71,70153.65,INR,7.0,Partially Delivered
TXN006822,HIST-2026-02512,2,CUST0044,DD-HCT-0032,2026-06-26,555,MTR,161.84,89821.2,INR,7.0,Delivered
TXN002123,HIST-2026-00781,1,CUST0030,DD-DNM-0028,2026-06-27,2202,MTR,210.71,463983.42,INR,12.0,Delivered
TXN000576,HIST-2026-00207,1,CUST0031,DD-CTB-0024,2026-06-28,529,MTR,197.65,104556.85,INR,7.0,Delivered
TXN000577,HIST-2026-00207,2,CUST0031,DD-KIR-0035,2026-06-28,285,KG,509.64,145247.4,INR,7.0,Delivered
TXN000578,HIST-2026-00207,3,CUST0031,DD-KFT-0025,2026-06-28,98,KG,370.26,36285.48,INR,7.0,Delivered
TXN004884,HIST-2026-01793,1,CUST0056,DD-CTS-0024,2026-06-28,307,MTR,83.09,25508.63,INR,12.0,Delivered
TXN004885,HIST-2026-01793,2,CUST0056,DD-CTB-0023,2026-06-28,1628,MTR,192.09,312722.52,INR,12.0,Delivered
TXN004886,HIST-2026-01793,3,CUST0056,DD-KIR-0007,2026-06-28,76,KG,389.83,29627.08,INR,12.0,Delivered
TXN005990,HIST-2026-02201,1,CUST0014,DD-SUT-0031,2026-06-28,259,MTR,218.9,56695.1,INR,7.0,Partially Delivered
TXN005991,HIST-2026-02201,2,CUST0014,DD-SUT-0028,2026-06-28,208,MTR,210.35,43752.8,INR,7.0,Delivered
TXN006901,HIST-2026-02542,1,CUST0077,DD-SAT-0017,2026-06-28,2286,MTR,156.99,358879.14,INR,7.0,Delivered
TXN006902,HIST-2026-02542,2,CUST0077,DD-CIN-0007,2026-06-28,1163,MTR,241.89,281318.07,INR,7.0,Delivered
TXN006903,HIST-2026-02542,3,CUST0077,DD-HCT-0035,2026-06-28,1010,MTR,228.31,230593.1,INR,7.0,Delivered
TXN006904,HIST-2026-02542,4,CUST0077,DD-MOD-0035,2026-06-28,1863,MTR,293.32,546455.16,INR,7.0,Delivered
TXN007137,HIST-2026-02623,1,CUST0014,DD-FLN-0019,2026-06-28,372,MTR,142.42,52980.24,INR,7.0,Delivered
TXN007138,HIST-2026-02623,2,CUST0014,DD-SUT-0008,2026-06-28,2018,MTR,187.6,378576.8,INR,7.0,Delivered
TXN007139,HIST-2026-02623,3,CUST0014,DD-SUT-0028,2026-06-28,563,MTR,208.67,117481.21,INR,7.0,Delivered
TXN000930,HIST-2026-00332,1,CUST0021,DD-TWL-0002,2026-06-29,1004,PCS,225.29,226191.16,INR,3.0,Delivered
TXN001186,HIST-2026-00428,1,CUST0052,DD-FLN-0021,2026-06-29,271,MTR,185.47,50262.37,INR,3.0,Delivered
TXN001187,HIST-2026-00428,2,CUST0052,DD-CIN-0024,2026-06-29,370,MTR,278.43,103019.1,INR,3.0,Delivered
TXN001188,HIST-2026-00428,3,CUST0052,DD-FLN-0025,2026-06-29,745,MTR,183.12,136424.4,INR,3.0,Delivered
TXN001189,HIST-2026-00428,4,CUST0052,DD-CIN-0004,2026-06-29,264,MTR,215.87,56989.68,INR,3.0,Delivered
TXN001190,HIST-2026-00428,5,CUST0052,DD-FLN-0012,2026-06-29,1527,MTR,136.74,208801.98,INR,3.0,Delivered
TXN002452,HIST-2026-00902,1,CUST0110,DD-CIN-0025,2026-06-29,273,MTR,284.83,77758.59,INR,3.0,Delivered
TXN002453,HIST-2026-00902,2,CUST0110,DD-CTB-0018,2026-06-29,1791,MTR,151.44,271229.04,INR,3.0,Delivered
TXN003920,HIST-2026-01435,1,CUST0127,DD-DNM-0014,2026-06-29,906,MTR,178.14,161394.84,INR,3.0,Delivered
TXN003921,HIST-2026-01435,2,CUST0127,DD-KFT-0028,2026-06-29,372,KG,263.8,98133.6,INR,3.0,Delivered
TXN004033,HIST-2026-01472,1,CUST0047,DD-KIR-0019,2026-06-29,271,KG,390.17,105736.07,INR,7.0,Partially Delivered
TXN004034,HIST-2026-01472,2,CUST0047,DD-KFT-0003,2026-06-29,432,KG,328.71,142002.72,INR,7.0,Delivered
TXN004035,HIST-2026-01472,3,CUST0047,DD-CTB-0015,2026-06-29,270,MTR,146.14,39457.8,INR,7.0,Delivered
TXN004036,HIST-2026-01472,4,CUST0047,DD-KFT-0026,2026-06-29,220,KG,341.83,75202.6,INR,7.0,Delivered
TXN005817,HIST-2026-02135,1,CUST0021,DD-HUP-0017,2026-06-29,552,MTR,347.85,192013.2,INR,3.0,Delivered
TXN000945,HIST-2026-00340,1,CUST0091,DD-KFT-0001,2026-06-30,233,KG,331.51,77241.83,INR,12.0,Cancelled
TXN000946,HIST-2026-00340,2,CUST0091,DD-KIR-0025,2026-06-30,445,KG,371.78,165442.1,INR,12.0,Delivered
TXN000947,HIST-2026-00340,3,CUST0091,DD-KFT-0024,2026-06-30,209,KG,324.11,67738.99,INR,12.0,Delivered
TXN003078,HIST-2026-01131,1,CUST0020,DD-MOD-0006,2026-06-30,1985,MTR,240.71,477809.35,INR,7.0,Delivered
TXN003079,HIST-2026-01131,2,CUST0020,DD-MOD-0005,2026-06-30,866,MTR,250.86,217244.76,INR,7.0,Delivered
TXN003405,HIST-2026-01249,1,CUST0030,DD-KSJ-0011,2026-06-30,114,KG,290.86,33158.04,INR,12.0,Delivered
TXN003406,HIST-2026-01249,2,CUST0030,DD-KIR-0036,2026-06-30,263,KG,368.86,97010.18,INR,12.0,Delivered
TXN003407,HIST-2026-01249,3,CUST0030,DD-KIR-0013,2026-06-30,78,KG,454.2,35427.6,INR,12.0,Delivered
TXN001581,HIST-2026-00577,1,CUST0008,DD-KFT-0007,2026-07-01,85,KG,399.56,33962.6,INR,7.0,Delivered
TXN001582,HIST-2026-00577,2,CUST0008,DD-DNM-0004,2026-07-01,1026,MTR,236.76,242915.76,INR,7.0,Delivered
TXN001583,HIST-2026-00577,3,CUST0008,DD-KFT-0009,2026-07-01,49,KG,405.9,19889.1,INR,7.0,Delivered
TXN001584,HIST-2026-00577,4,CUST0008,DD-CTS-0018,2026-07-01,1143,MTR,88.64,101315.52,INR,7.0,Delivered
TXN001585,HIST-2026-00577,5,CUST0008,DD-KSJ-0020,2026-07-01,255,KG,311.83,79516.65,INR,7.0,Delivered
TXN002254,HIST-2026-00829,1,CUST0112,DD-CIN-0031,2026-07-01,226,MTR,245.75,55539.5,INR,7.0,Delivered
TXN002255,HIST-2026-00829,2,CUST0112,DD-HCT-0028,2026-07-01,2273,MTR,132.77,301786.21,INR,7.0,Delivered
TXN000153,HIST-2026-00053,1,CUST0078,DD-SAT-0016,2026-07-02,1372,MTR,152.41,209106.52,INR,7.0,Delivered
TXN001116,HIST-2026-00404,1,CUST0118,DD-SUT-0019,2026-07-02,200,MTR,270.14,54028.0,INR,7.0,Delivered
TXN001117,HIST-2026-00404,2,CUST0118,DD-SAT-0032,2026-07-02,748,MTR,84.33,63078.84,INR,7.0,Delivered
TXN001118,HIST-2026-00404,3,CUST0118,DD-TWL-0015,2026-07-02,277,PCS,217.47,60239.19,INR,7.0,Delivered
TXN002262,HIST-2026-00831,1,CUST0052,DD-FLN-0025,2026-07-02,781,MTR,182.65,142649.65,INR,3.0,Delivered
TXN002263,HIST-2026-00831,2,CUST0052,DD-CIN-0003,2026-07-02,915,MTR,246.04,225126.6,INR,3.0,Delivered
TXN002264,HIST-2026-00831,3,CUST0052,DD-PCS-0011,2026-07-02,1937,MTR,82.98,160732.26,INR,3.0,Delivered
TXN002265,HIST-2026-00831,4,CUST0052,DD-CIN-0004,2026-07-02,566,MTR,221.53,125385.98,INR,3.0,Delivered
TXN002636,HIST-2026-00974,1,CUST0122,DD-CIN-0029,2026-07-02,317,MTR,199.85,63352.45,INR,3.0,Delivered
TXN002637,HIST-2026-00974,2,CUST0122,DD-CIN-0024,2026-07-02,198,MTR,280.02,55443.96,INR,3.0,Delivered
TXN002638,HIST-2026-00974,3,CUST0122,DD-PCS-0029,2026-07-02,1122,MTR,106.08,119021.76,INR,3.0,Delivered
TXN003118,HIST-2026-01145,1,CUST0032,DD-HUP-0016,2026-07-02,409,MTR,345.77,141419.93,INR,3.0,Delivered
TXN003800,HIST-2026-01388,1,CUST0086,DD-VSR-0022,2026-07-02,259,MTR,114.11,29554.49,INR,7.0,Delivered
TXN003801,HIST-2026-01388,2,CUST0086,DD-PGT-0014,2026-07-02,1092,MTR,65.25,71253.0,INR,7.0,Delivered
TXN003802,HIST-2026-01388,3,CUST0086,DD-VSR-0014,2026-07-02,220,MTR,81.31,17888.2,INR,7.0,Delivered
TXN005992,HIST-2026-02202,1,CUST0031,DD-KIR-0035,2026-07-02,51,KG,499.06,25452.06,INR,7.0,Partially Delivered
TXN005993,HIST-2026-02202,2,CUST0031,DD-KFT-0011,2026-07-02,355,KG,412.58,146465.9,INR,7.0,Delivered
TXN000080,HIST-2026-00029,1,CUST0070,DD-FLN-0010,2026-07-03,834,MTR,193.89,161704.26,INR,3.0,Delivered
TXN000081,HIST-2026-00029,2,CUST0070,DD-LIN-0003,2026-07-03,439,MTR,446.39,195965.21,INR,3.0,Delivered
TXN000082,HIST-2026-00029,3,CUST0070,DD-LIN-0020,2026-07-03,356,MTR,441.74,157259.44,INR,3.0,Delivered
TXN002130,HIST-2026-00785,1,CUST0013,DD-CTB-0012,2026-07-03,810,MTR,175.6,142236.0,INR,3.0,Delivered
TXN003438,HIST-2026-01264,1,CUST0038,DD-HUP-0004,2026-07-03,440,MTR,298.6,131384.0,INR,12.0,Delivered
TXN003439,HIST-2026-01264,2,CUST0038,DD-TWL-0010,2026-07-03,1458,PCS,184.34,268767.72,INR,12.0,Delivered
TXN003440,HIST-2026-01264,3,CUST0038,DD-BDS-0024,2026-07-03,890,MTR,249.48,222037.2,INR,12.0,Delivered
TXN003441,HIST-2026-01264,4,CUST0038,DD-BDS-0014,2026-07-03,1372,MTR,250.65,343891.8,INR,12.0,Delivered
TXN006750,HIST-2026-02480,1,CUST0079,DD-KSJ-0009,2026-07-03,155,KG,355.29,55069.95,INR,3.0,Delivered
TXN007097,HIST-2026-02609,1,CUST0030,DD-KIR-0013,2026-07-03,169,KG,457.26,77276.94,INR,12.0,Cancelled
TXN007098,HIST-2026-02609,2,CUST0030,DD-KFT-0009,2026-07-03,220,KG,391.64,86160.8,INR,12.0,Delivered
TXN007099,HIST-2026-02609,3,CUST0030,DD-KIR-0032,2026-07-03,182,KG,382.89,69685.98,INR,12.0,Cancelled
TXN007100,HIST-2026-02609,4,CUST0030,DD-KIR-0036,2026-07-03,97,KG,367.29,35627.13,INR,12.0,Delivered
TXN001887,HIST-2026-00683,1,CUST0134,DD-CTB-0017,2026-07-04,565,MTR,154.98,87563.7,INR,3.0,Delivered
TXN005750,HIST-2026-02112,1,CUST0076,DD-MOD-0016,2026-07-04,157,MTR,248.12,38954.84,INR,7.0,Delivered
TXN005751,HIST-2026-02112,2,CUST0076,DD-CTS-0011,2026-07-04,322,MTR,142.36,45839.92,INR,7.0,Delivered
TXN005752,HIST-2026-02112,3,CUST0076,DD-LIN-0003,2026-07-04,472,MTR,452.47,213565.84,INR,7.0,Delivered
TXN005942,HIST-2026-02188,1,CUST0121,DD-BDS-0034,2026-07-04,1328,MTR,165.12,219279.36,INR,12.0,Delivered
TXN005943,HIST-2026-02188,2,CUST0121,DD-TWL-0027,2026-07-04,207,PCS,203.0,42021.0,INR,12.0,Delivered
TXN005944,HIST-2026-02188,3,CUST0121,DD-CIN-0031,2026-07-04,265,MTR,227.42,60266.3,INR,12.0,Delivered
TXN005945,HIST-2026-02188,4,CUST0121,DD-HCT-0006,2026-07-04,1710,MTR,216.41,370061.1,INR,12.0,Delivered
TXN005946,HIST-2026-02188,5,CUST0121,DD-BDS-0002,2026-07-04,1127,MTR,210.39,237109.53,INR,12.0,Delivered
TXN002532,HIST-2026-00933,1,CUST0048,DD-KSJ-0001,2026-07-05,437,KG,451.86,197462.82,INR,12.0,Delivered
TXN004376,HIST-2026-01602,1,CUST0064,DD-KSJ-0020,2026-07-05,91,KG,302.99,27572.09,INR,12.0,Delivered
TXN006731,HIST-2026-02473,1,CUST0132,DD-CTS-0024,2026-07-05,672,MTR,85.84,57684.48,INR,7.0,Delivered
TXN006732,HIST-2026-02473,2,CUST0132,DD-KSJ-0020,2026-07-05,256,KG,304.17,77867.52,INR,7.0,Delivered
TXN006733,HIST-2026-02473,3,CUST0132,DD-KSJ-0022,2026-07-05,315,KG,405.77,127817.55,INR,7.0,Delivered
TXN006734,HIST-2026-02473,4,CUST0132,DD-KSJ-0005,2026-07-05,84,KG,331.09,27811.56,INR,7.0,Delivered
TXN006735,HIST-2026-02473,5,CUST0132,DD-LIN-0024,2026-07-05,163,MTR,269.67,43956.21,INR,7.0,Delivered
TXN002969,HIST-2026-01091,1,CUST0004,DD-KSJ-0017,2026-07-06,344,KG,344.41,118477.04,INR,3.0,Delivered
TXN002970,HIST-2026-01091,2,CUST0004,DD-LIN-0013,2026-07-06,320,MTR,414.86,132755.2,INR,3.0,Delivered
TXN002944,HIST-2026-01081,1,CUST0081,DD-SAT-0021,2026-07-07,266,MTR,146.65,39008.9,INR,7.0,Delivered
TXN003978,HIST-2026-01454,1,CUST0073,DD-HUP-0026,2026-07-07,141,MTR,258.24,36411.84,INR,12.0,Delivered
TXN004944,HIST-2026-01814,1,CUST0068,DD-DNM-0004,2026-07-07,1807,MTR,249.65,451117.55,INR,3.0,Delivered
TXN004945,HIST-2026-01814,2,CUST0068,DD-HUP-0030,2026-07-07,2075,MTR,287.53,596624.75,INR,3.0,Delivered
TXN004946,HIST-2026-01814,3,CUST0068,DD-TWL-0014,2026-07-07,187,PCS,227.22,42490.14,INR,3.0,Partially Delivered
TXN004947,HIST-2026-01814,4,CUST0068,DD-HUP-0016,2026-07-07,522,MTR,341.54,178283.88,INR,3.0,Delivered
TXN004948,HIST-2026-01814,5,CUST0068,DD-HUP-0014,2026-07-07,443,MTR,252.8,111990.4,INR,3.0,Delivered
TXN003887,HIST-2026-01425,1,CUST0049,DD-PCS-0005,2026-07-08,256,MTR,94.37,24158.72,INR,3.0,Delivered
TXN007488,HIST-2026-02762,1,CUST0096,DD-KIR-0031,2026-07-08,161,KG,393.93,63422.73,INR,7.0,Delivered
TXN000163,HIST-2026-00056,1,CUST0120,DD-KIR-0023,2026-07-09,338,KG,371.32,125506.16,INR,7.0,Delivered
TXN000164,HIST-2026-00056,2,CUST0120,DD-SUT-0021,2026-07-09,217,MTR,258.95,56192.15,INR,7.0,Delivered
TXN000165,HIST-2026-00056,3,CUST0120,DD-FLN-0014,2026-07-09,867,MTR,126.64,109796.88,INR,7.0,Partially Delivered
TXN000166,HIST-2026-00056,4,CUST0120,DD-PRB-0033,2026-07-09,1305,MTR,160.6,209583.0,INR,7.0,Delivered
TXN000167,HIST-2026-00056,5,CUST0120,DD-KSJ-0006,2026-07-09,443,KG,330.23,146291.89,INR,7.0,Delivered
TXN000168,HIST-2026-00056,6,CUST0120,DD-HCT-0013,2026-07-09,637,MTR,226.74,144433.38,INR,7.0,Delivered
TXN003810,HIST-2026-01392,1,CUST0075,DD-CTS-0005,2026-07-09,153,MTR,129.09,19750.77,INR,7.0,Delivered
TXN003811,HIST-2026-01392,2,CUST0075,DD-KIR-0008,2026-07-09,45,KG,426.21,19179.45,INR,7.0,Delivered
TXN003812,HIST-2026-01392,3,CUST0075,DD-KSJ-0006,2026-07-09,53,KG,329.42,17459.26,INR,7.0,Delivered
TXN003813,HIST-2026-01393,1,CUST0003,DD-SUT-0030,2026-07-09,684,MTR,209.78,143489.52,INR,7.0,Partially Delivered
TXN003814,HIST-2026-01393,2,CUST0003,DD-PCS-0033,2026-07-09,2085,MTR,103.13,215026.05,INR,7.0,Delivered
TXN003815,HIST-2026-01393,3,CUST0003,DD-SUT-0007,2026-07-09,160,MTR,198.35,31736.0,INR,7.0,Cancelled
TXN003816,HIST-2026-01393,4,CUST0003,DD-CIN-0001,2026-07-09,1772,MTR,229.13,406018.36,INR,7.0,Delivered
TXN000759,HIST-2026-00269,1,CUST0088,DD-CIN-0009,2026-07-10,523,MTR,235.07,122941.61,INR,12.0,Delivered
TXN000760,HIST-2026-00269,2,CUST0088,DD-TWL-0007,2026-07-10,225,PCS,241.34,54301.5,INR,12.0,Delivered
TXN000761,HIST-2026-00269,3,CUST0088,DD-TWL-0012,2026-07-10,858,PCS,198.08,169952.64,INR,12.0,Delivered
TXN002980,HIST-2026-01095,1,CUST0008,DD-KIR-0020,2026-07-10,182,KG,398.92,72603.44,INR,7.0,Delivered
TXN002981,HIST-2026-01095,2,CUST0008,DD-KSJ-0020,2026-07-10,203,KG,309.41,62810.23,INR,7.0,Delivered
TXN002982,HIST-2026-01095,3,CUST0008,DD-DNM-0011,2026-07-10,517,MTR,171.78,88810.26,INR,7.0,Delivered
TXN002994,HIST-2026-01101,1,CUST0101,DD-CTB-0017,2026-07-10,269,MTR,149.08,40102.52,INR,7.0,Delivered
TXN002995,HIST-2026-01101,2,CUST0101,DD-CTS-0015,2026-07-10,894,MTR,126.89,113439.66,INR,7.0,Delivered
TXN002996,HIST-2026-01101,3,CUST0101,DD-DNM-0022,2026-07-10,166,MTR,215.9,35839.4,INR,7.0,Delivered
TXN003927,HIST-2026-01438,1,CUST0129,DD-CDV-0003,2026-07-10,660,MTR,197.48,130336.8,INR,3.0,Delivered
TXN003928,HIST-2026-01438,2,CUST0129,DD-SAT-0021,2026-07-10,1357,MTR,145.3,197172.1,INR,3.0,Delivered
TXN003929,HIST-2026-01438,3,CUST0129,DD-MOD-0003,2026-07-10,677,MTR,221.54,149982.58,INR,3.0,Delivered
TXN005065,HIST-2026-01858,1,CUST0034,DD-KSJ-0014,2026-07-12,127,KG,324.01,41149.27,INR,7.0,Delivered
TXN005066,HIST-2026-01858,2,CUST0034,DD-KSJ-0005,2026-07-12,518,KG,339.26,175736.68,INR,7.0,Delivered
TXN005135,HIST-2026-01883,1,CUST0036,DD-KSJ-0023,2026-07-13,522,KG,369.09,192664.98,INR,12.0,Delivered
TXN000964,HIST-2026-00347,1,CUST0118,DD-CIN-0021,2026-07-14,304,MTR,280.07,85141.28,INR,7.0,Delivered
TXN000965,HIST-2026-00347,2,CUST0118,DD-TWL-0007,2026-07-14,542,PCS,256.08,138795.36,INR,7.0,Delivered
TXN004159,HIST-2026-01517,1,CUST0021,DD-CIN-0024,2026-07-14,148,MTR,292.23,43250.04,INR,3.0,Delivered
TXN004160,HIST-2026-01517,2,CUST0021,DD-CIN-0029,2026-07-14,210,MTR,209.51,43997.1,INR,3.0,Delivered
TXN004161,HIST-2026-01517,3,CUST0021,DD-TWL-0002,2026-07-14,825,PCS,226.49,186854.25,INR,3.0,Delivered
TXN004162,HIST-2026-01517,4,CUST0021,DD-HCT-0032,2026-07-14,241,MTR,178.66,43057.06,INR,3.0,Delivered
TXN004163,HIST-2026-01517,5,CUST0021,DD-TWL-0006,2026-07-14,1299,PCS,262.39,340844.61,INR,3.0,Delivered
TXN004164,HIST-2026-01517,6,CUST0021,DD-TWL-0034,2026-07-14,100,PCS,316.59,31659.0,INR,3.0,Delivered
TXN006946,HIST-2026-02558,1,CUST0007,DD-KFT-0007,2026-07-14,103,KG,425.57,43833.71,INR,7.0,Delivered
TXN006947,HIST-2026-02558,2,CUST0007,DD-KFT-0025,2026-07-14,72,KG,355.13,25569.36,INR,7.0,Delivered
TXN006948,HIST-2026-02558,3,CUST0007,DD-CTB-0030,2026-07-14,1031,MTR,161.0,165991.0,INR,7.0,Delivered
TXN001891,HIST-2026-00686,1,CUST0068,DD-DNM-0004,2026-07-15,247,MTR,250.6,61898.2,INR,3.0,Delivered
TXN004352,HIST-2026-01591,1,CUST0011,DD-CTB-0004,2026-07-15,137,MTR,236.85,32448.45,INR,7.0,Partially Delivered
TXN005855,HIST-2026-02149,1,CUST0013,DD-LIN-0034,2026-07-15,471,MTR,293.93,138441.03,INR,3.0,Delivered
TXN001633,HIST-2026-00595,1,CUST0004,DD-KSJ-0017,2026-07-16,294,KG,344.55,101297.7,INR,3.0,Delivered
TXN001634,HIST-2026-00595,2,CUST0004,DD-LIN-0029,2026-07-16,1109,MTR,261.18,289648.62,INR,3.0,Delivered
TXN002306,HIST-2026-00848,1,CUST0055,DD-KSJ-0013,2026-07-16,305,KG,347.99,106136.95,INR,3.0,Delivered
TXN003609,HIST-2026-01311,1,CUST0128,DD-CTB-0006,2026-07-16,951,MTR,236.31,224730.81,INR,3.0,Delivered
TXN003610,HIST-2026-01311,2,CUST0128,DD-KFT-0012,2026-07-16,98,KG,435.71,42699.58,INR,3.0,Delivered
TXN003611,HIST-2026-01311,3,CUST0128,DD-KSJ-0027,2026-07-16,277,KG,336.08,93094.16,INR,3.0,Delivered
TXN003612,HIST-2026-01311,4,CUST0128,DD-DNM-0032,2026-07-16,285,MTR,300.3,85585.5,INR,3.0,Delivered
TXN000493,HIST-2026-00178,1,CUST0134,DD-FLN-0003,2026-07-17,442,MTR,165.24,73036.08,INR,3.0,Delivered
TXN000494,HIST-2026-00178,2,CUST0134,DD-PCS-0023,2026-07-17,217,MTR,102.69,22283.73,INR,3.0,Delivered
TXN002124,HIST-2026-00782,1,CUST0043,DD-KSJ-0019,2026-07-17,102,KG,354.02,36110.04,INR,3.0,Delivered
TXN003861,HIST-2026-01414,1,CUST0058,DD-CTB-0027,2026-07-17,1323,MTR,169.58,224354.34,INR,7.0,Delivered
TXN003862,HIST-2026-01414,2,CUST0058,DD-CTB-0031,2026-07-17,1689,MTR,161.43,272655.27,INR,7.0,Delivered
TXN004459,HIST-2026-01636,1,CUST0025,DD-CTB-0024,2026-07-17,421,MTR,223.05,93904.05,INR,3.0,Delivered
TXN004460,HIST-2026-01636,2,CUST0025,DD-CTS-0023,2026-07-17,2173,MTR,96.02,208651.46,INR,3.0,Delivered
TXN004461,HIST-2026-01636,3,CUST0025,DD-LIN-0033,2026-07-17,1087,MTR,301.16,327360.92,INR,3.0,Delivered
TXN004462,HIST-2026-01636,4,CUST0025,DD-MOD-0021,2026-07-17,161,MTR,251.18,40439.98,INR,3.0,Partially Delivered
TXN004621,HIST-2026-01701,1,CUST0110,DD-CTB-0018,2026-07-17,1885,MTR,151.98,286482.3,INR,3.0,Delivered
TXN004622,HIST-2026-01701,2,CUST0110,DD-CIN-0003,2026-07-17,2098,MTR,234.74,492484.52,INR,3.0,Delivered
TXN004623,HIST-2026-01701,3,CUST0110,DD-PCS-0009,2026-07-17,393,MTR,108.12,42491.16,INR,3.0,Delivered
TXN003835,HIST-2026-01402,1,CUST0052,DD-CIN-0024,2026-07-18,1116,MTR,284.98,318037.68,INR,3.0,Delivered
TXN003836,HIST-2026-01402,2,CUST0052,DD-CIN-0004,2026-07-18,363,MTR,220.91,80190.33,INR,3.0,Delivered
TXN003837,HIST-2026-01402,3,CUST0052,DD-SUT-0009,2026-07-18,1116,MTR,201.98,225409.68,INR,3.0,Delivered
TXN006882,HIST-2026-02532,1,CUST0076,DD-CTS-0014,2026-07-18,926,MTR,124.73,115499.98,INR,7.0,Delivered
TXN006883,HIST-2026-02532,2,CUST0076,DD-KSJ-0006,2026-07-18,361,KG,353.62,127656.82,INR,7.0,Delivered
TXN000042,HIST-2026-00017,1,CUST0043,DD-DNM-0025,2026-07-19,1944,MTR,214.33,416657.52,INR,3.0,Delivered
TXN000043,HIST-2026-00017,2,CUST0043,DD-CTB-0032,2026-07-19,583,MTR,172.03,100293.49,INR,3.0,Delivered
TXN000044,HIST-2026-00017,3,CUST0043,DD-DNM-0024,2026-07-19,568,MTR,227.36,129140.48,INR,3.0,Delivered
TXN000045,HIST-2026-00017,4,CUST0043,DD-CTB-0015,2026-07-19,272,MTR,165.87,45116.64,INR,3.0,Delivered
TXN000046,HIST-2026-00017,5,CUST0043,DD-CTS-0004,2026-07-19,286,MTR,134.59,38492.74,INR,3.0,Delivered
TXN000274,HIST-2026-00097,1,CUST0110,DD-CIN-0025,2026-07-19,830,MTR,284.28,235952.4,INR,3.0,Delivered
TXN000275,HIST-2026-00097,2,CUST0110,DD-CTB-0018,2026-07-19,451,MTR,153.25,69115.75,INR,3.0,Delivered
TXN002065,HIST-2026-00758,1,CUST0061,DD-VSR-0030,2026-07-19,867,MTR,132.52,114894.84,INR,3.0,Delivered
TXN002066,HIST-2026-00758,2,CUST0061,DD-SAT-0020,2026-07-19,413,MTR,158.44,65435.72,INR,3.0,Delivered
TXN004494,HIST-2026-01652,1,CUST0073,DD-HUP-0008,2026-07-19,254,MTR,337.52,85730.08,INR,12.0,Partially Delivered
TXN007414,HIST-2026-02732,1,CUST0058,DD-KSJ-0007,2026-07-19,110,KG,357.93,39372.3,INR,7.0,Delivered
TXN007415,HIST-2026-02732,2,CUST0058,DD-CTB-0027,2026-07-19,627,MTR,170.77,107072.79,INR,7.0,Delivered
TXN007416,HIST-2026-02732,3,CUST0058,DD-CTB-0028,2026-07-19,1501,MTR,182.26,273572.26,INR,7.0,Delivered
TXN007417,HIST-2026-02732,4,CUST0058,DD-CTB-0031,2026-07-19,284,MTR,161.61,45897.24,INR,7.0,Delivered
TXN007418,HIST-2026-02732,5,CUST0058,DD-DNM-0012,2026-07-19,1862,MTR,176.94,329462.28,INR,7.0,Delivered
TXN001554,HIST-2026-00567,1,CUST0020,DD-DNM-0023,2026-07-20,461,MTR,215.13,99174.93,INR,7.0,Delivered
TXN001555,HIST-2026-00567,2,CUST0020,DD-MOD-0010,2026-07-20,235,MTR,238.8,56118.0,INR,7.0,Delivered
TXN001704,HIST-2026-00620,1,CUST0109,DD-LIN-0009,2026-07-20,638,MTR,402.66,256897.08,INR,12.0,Delivered
TXN004509,HIST-2026-01660,1,CUST0029,DD-DNM-0013,2026-07-20,177,MTR,182.36,32277.72,INR,7.0,Delivered
TXN004510,HIST-2026-01660,2,CUST0029,DD-KSJ-0020,2026-07-20,47,KG,306.82,14420.54,INR,7.0,Delivered
TXN004511,HIST-2026-01660,3,CUST0029,DD-CTB-0023,2026-07-20,1487,MTR,198.85,295689.95,INR,7.0,Delivered
TXN004512,HIST-2026-01660,4,CUST0029,DD-CTS-0022,2026-07-20,378,MTR,93.18,35222.04,INR,7.0,Delivered
TXN004513,HIST-2026-01660,5,CUST0029,DD-CTB-0034,2026-07-20,269,MTR,199.95,53786.55,INR,7.0,Delivered
TXN001261,HIST-2026-00453,1,CUST0003,DD-SUT-0007,2026-07-21,440,MTR,198.72,87436.8,INR,7.0,Delivered
TXN001262,HIST-2026-00453,2,CUST0003,DD-SUT-0030,2026-07-21,1366,MTR,208.16,284346.56,INR,7.0,Partially Delivered
TXN002493,HIST-2026-00918,1,CUST0046,DD-PCS-0010,2026-07-21,246,MTR,77.06,18956.76,INR,7.0,Delivered
TXN002494,HIST-2026-00918,2,CUST0046,DD-SUT-0027,2026-07-21,458,MTR,226.75,103851.5,INR,7.0,Delivered
TXN005426,HIST-2026-01989,1,CUST0044,DD-HCT-0032,2026-07-21,256,MTR,161.24,41277.44,INR,7.0,Delivered
TXN005427,HIST-2026-01989,2,CUST0044,DD-BDS-0008,2026-07-21,316,MTR,165.94,52437.04,INR,7.0,Delivered
TXN005428,HIST-2026-01989,3,CUST0044,DD-BDS-0026,2026-07-21,633,MTR,227.0,143691.0,INR,7.0,Delivered
TXN005429,HIST-2026-01989,4,CUST0044,DD-HCT-0016,2026-07-21,1547,MTR,170.35,263531.45,INR,7.0,Partially Delivered
TXN006324,HIST-2026-02319,1,CUST0096,DD-KFT-0028,2026-07-21,213,KG,238.56,50813.28,INR,7.0,Cancelled
TXN006325,HIST-2026-02319,2,CUST0096,DD-CTB-0011,2026-07-21,1130,MTR,165.08,186540.4,INR,7.0,Delivered
TXN006326,HIST-2026-02319,3,CUST0096,DD-KSJ-0015,2026-07-21,100,KG,332.56,33256.0,INR,7.0,Delivered
TXN006327,HIST-2026-02319,4,CUST0096,DD-DNM-0026,2026-07-21,176,MTR,222.94,39237.44,INR,7.0,Delivered
TXN006328,HIST-2026-02319,5,CUST0096,DD-KIR-0023,2026-07-21,273,KG,385.01,105107.73,INR,7.0,Delivered
TXN006329,HIST-2026-02319,6,CUST0096,DD-KIR-0031,2026-07-21,144,KG,393.11,56607.84,INR,7.0,Delivered
TXN000473,HIST-2026-00169,1,CUST0056,DD-CTB-0033,2026-07-22,519,MTR,204.7,106239.3,INR,12.0,Delivered
TXN000474,HIST-2026-00169,2,CUST0056,DD-KIR-0012,2026-07-22,70,KG,477.49,33424.3,INR,12.0,Delivered
TXN002743,HIST-2026-01011,1,CUST0052,DD-FLN-0025,2026-07-22,860,MTR,181.4,156004.0,INR,3.0,Delivered
TXN002744,HIST-2026-01011,2,CUST0052,DD-PCS-0007,2026-07-22,1128,MTR,97.09,109517.52,INR,3.0,Cancelled
TXN004249,HIST-2026-01549,1,CUST0093,DD-KFT-0023,2026-07-22,103,KG,376.82,38812.46,INR,12.0,Delivered
TXN004250,HIST-2026-01549,2,CUST0093,DD-DNM-0011,2026-07-22,334,MTR,174.23,58192.82,INR,12.0,Delivered
TXN004251,HIST-2026-01549,3,CUST0093,DD-CTS-0025,2026-07-22,142,MTR,95.83,13607.86,INR,12.0,Delivered
TXN004252,HIST-2026-01549,4,CUST0093,DD-KIR-0033,2026-07-22,142,KG,395.65,56182.3,INR,12.0,Delivered
TXN004253,HIST-2026-01549,5,CUST0093,DD-CTB-0023,2026-07-22,270,MTR,198.06,53476.2,INR,12.0,Delivered
TXN005743,HIST-2026-02110,1,CUST0073,DD-HUP-0008,2026-07-22,215,MTR,340.64,73237.6,INR,12.0,Delivered
TXN005744,HIST-2026-02110,2,CUST0073,DD-BDS-0002,2026-07-22,328,MTR,223.19,73206.32,INR,12.0,Delivered
TXN005745,HIST-2026-02110,3,CUST0073,DD-CIN-0008,2026-07-22,1953,MTR,234.84,458642.52,INR,12.0,Delivered
TXN006263,HIST-2026-02297,1,CUST0122,DD-FLN-0023,2026-07-22,224,MTR,191.03,42790.72,INR,3.0,Delivered
TXN006264,HIST-2026-02297,2,CUST0122,DD-CIN-0024,2026-07-22,144,MTR,278.82,40150.08,INR,3.0,Delivered
TXN006265,HIST-2026-02297,3,CUST0122,DD-SUT-0034,2026-07-22,849,MTR,191.15,162286.35,INR,3.0,Delivered
TXN000276,HIST-2026-00098,1,CUST0090,DD-CTB-0008,2026-07-23,150,MTR,255.2,38280.0,INR,3.0,Delivered
TXN000277,HIST-2026-00098,2,CUST0090,DD-CTB-0009,2026-07-23,325,MTR,270.1,87782.5,INR,3.0,Delivered
TXN000278,HIST-2026-00098,3,CUST0090,DD-CTB-0011,2026-07-23,982,MTR,176.95,173764.9,INR,3.0,Delivered
TXN000279,HIST-2026-00098,4,CUST0090,DD-CTB-0028,2026-07-23,219,MTR,181.16,39674.04,INR,3.0,Delivered
TXN000280,HIST-2026-00098,5,CUST0090,DD-DNM-0004,2026-07-23,2269,MTR,250.87,569224.03,INR,3.0,Delivered
TXN000281,HIST-2026-00098,6,CUST0090,DD-KIR-0012,2026-07-23,553,KG,500.07,276538.71,INR,3.0,Delivered
TXN000979,HIST-2026-00352,1,CUST0056,DD-CTS-0027,2026-07-23,1108,MTR,91.38,101249.04,INR,12.0,Delivered
TXN000980,HIST-2026-00352,2,CUST0056,DD-DNM-0008,2026-07-23,593,MTR,242.09,143559.37,INR,12.0,Delivered
TXN001259,HIST-2026-00452,1,CUST0007,DD-KFT-0004,2026-07-23,47,KG,342.46,16095.62,INR,7.0,Delivered
TXN001260,HIST-2026-00452,2,CUST0007,DD-KSJ-0026,2026-07-23,47,KG,317.32,14914.04,INR,7.0,Delivered
TXN001279,HIST-2026-00462,1,CUST0079,DD-DNM-0004,2026-07-23,172,MTR,238.19,40968.68,INR,3.0,Delivered
TXN001280,HIST-2026-00462,2,CUST0079,DD-SUT-0023,2026-07-23,1722,MTR,265.08,456467.76,INR,3.0,Delivered
TXN001281,HIST-2026-00462,3,CUST0079,DD-CTS-0014,2026-07-23,264,MTR,124.28,32809.92,INR,3.0,Delivered
TXN001282,HIST-2026-00462,4,CUST0079,DD-VSR-0019,2026-07-23,170,MTR,91.67,15583.9,INR,3.0,Delivered
TXN001361,HIST-2026-00491,1,CUST0015,DD-TWL-0034,2026-07-23,744,PCS,298.25,221898.0,INR,3.0,Delivered
TXN001362,HIST-2026-00491,2,CUST0015,DD-HUP-0013,2026-07-23,196,MTR,262.66,51481.36,INR,3.0,Delivered
TXN001363,HIST-2026-00491,3,CUST0015,DD-HCT-0035,2026-07-23,902,MTR,243.3,219456.6,INR,3.0,Delivered
TXN001364,HIST-2026-00491,4,CUST0015,DD-HUP-0003,2026-07-23,1742,MTR,296.73,516903.66,INR,3.0,Delivered
TXN002333,HIST-2026-00859,1,CUST0007,DD-KFT-0007,2026-07-23,350,KG,424.96,148736.0,INR,7.0,Delivered
TXN002334,HIST-2026-00859,2,CUST0007,DD-KFT-0004,2026-07-23,393,KG,341.4,134170.2,INR,7.0,Delivered
TXN002335,HIST-2026-00859,3,CUST0007,DD-KFT-0027,2026-07-23,82,KG,351.46,28819.72,INR,7.0,Delivered
TXN002336,HIST-2026-00859,4,CUST0007,DD-KIR-0007,2026-07-23,113,KG,390.72,44151.36,INR,7.0,Delivered
TXN004949,HIST-2026-01815,1,CUST0118,DD-SUT-0017,2026-07-23,958,MTR,205.41,196782.78,INR,7.0,Delivered
TXN004950,HIST-2026-01815,2,CUST0118,DD-HUP-0016,2026-07-23,188,MTR,320.31,60218.28,INR,7.0,Cancelled
TXN004951,HIST-2026-01815,3,CUST0118,DD-KIR-0001,2026-07-23,347,KG,335.92,116564.24,INR,7.0,Delivered
TXN004952,HIST-2026-01815,4,CUST0118,DD-TWL-0015,2026-07-23,1513,PCS,218.31,330303.03,INR,7.0,Delivered
TXN004953,HIST-2026-01815,5,CUST0118,DD-VSR-0019,2026-07-23,1645,MTR,87.21,143460.45,INR,7.0,Delivered
TXN004988,HIST-2026-01829,1,CUST0066,DD-SUT-0031,2026-07-23,813,MTR,227.34,184827.42,INR,3.0,Partially Delivered
TXN005078,HIST-2026-01863,1,CUST0045,DD-HCT-0011,2026-07-23,408,MTR,211.49,86287.92,INR,7.0,Delivered
TXN005079,HIST-2026-01863,2,CUST0045,DD-HUP-0004,2026-07-23,1770,MTR,311.48,551319.6,INR,7.0,Partially Delivered
TXN006261,HIST-2026-02296,1,CUST0055,DD-TWL-0022,2026-07-23,782,PCS,231.32,180892.24,INR,3.0,Delivered
TXN006262,HIST-2026-02296,2,CUST0055,DD-HCT-0030,2026-07-23,1475,MTR,141.04,208034.0,INR,3.0,Delivered
TXN006685,HIST-2026-02457,1,CUST0071,DD-CTB-0018,2026-07-23,475,MTR,146.03,69364.25,INR,7.0,Delivered
TXN006686,HIST-2026-02457,2,CUST0071,DD-MOD-0023,2026-07-23,275,MTR,176.87,48639.25,INR,7.0,Delivered
TXN006687,HIST-2026-02457,3,CUST0071,DD-DNM-0002,2026-07-23,308,MTR,243.76,75078.08,INR,7.0,Delivered
TXN006688,HIST-2026-02457,4,CUST0071,DD-MOD-0034,2026-07-23,214,MTR,298.24,63823.36,INR,7.0,Delivered
TXN003369,HIST-2026-01235,1,CUST0129,DD-FLN-0024,2026-07-24,168,MTR,183.19,30775.92,INR,3.0,Delivered
TXN003370,HIST-2026-01235,2,CUST0129,DD-VSR-0028,2026-07-24,147,MTR,108.92,16011.24,INR,3.0,Delivered
TXN003371,HIST-2026-01235,3,CUST0129,DD-HUP-0006,2026-07-24,2084,MTR,364.26,759117.84,INR,3.0,Partially Delivered
TXN007303,HIST-2026-02688,1,CUST0072,DD-PCS-0002,2026-07-24,1246,MTR,79.36,98882.56,INR,12.0,Delivered
TXN007304,HIST-2026-02688,2,CUST0072,DD-LIN-0019,2026-07-24,404,MTR,432.89,174887.56,INR,12.0,Delivered
TXN007305,HIST-2026-02688,3,CUST0072,DD-MOD-0003,2026-07-24,1319,MTR,194.3,256281.7,INR,12.0,Delivered
TXN001603,HIST-2026-00584,1,CUST0080,DD-TWL-0016,2026-07-25,104,PCS,200.89,20892.56,INR,7.0,Delivered
TXN001604,HIST-2026-00584,2,CUST0080,DD-CIN-0005,2026-07-25,1897,MTR,210.69,399678.93,INR,7.0,Delivered
TXN004428,HIST-2026-01622,1,CUST0094,DD-KFT-0001,2026-07-25,408,KG,346.62,141420.96,INR,7.0,Delivered
TXN004429,HIST-2026-01622,2,CUST0094,DD-KFT-0014,2026-07-25,376,KG,284.41,106938.16,INR,7.0,Delivered
TXN003879,HIST-2026-01421,1,CUST0136,DD-VSR-0015,2026-07-26,240,MTR,82.63,19831.2,INR,12.0,Delivered
TXN003880,HIST-2026-01421,2,CUST0136,DD-PGT-0021,2026-07-26,570,MTR,61.66,35146.2,INR,12.0,Delivered
TXN004864,HIST-2026-01785,1,CUST0129,DD-MOD-0013,2026-07-26,755,MTR,263.19,198708.45,INR,3.0,Delivered
TXN005952,HIST-2026-02190,1,CUST0122,DD-PCS-0035,2026-07-26,271,MTR,106.64,28899.44,INR,3.0,Delivered
TXN005953,HIST-2026-02190,2,CUST0122,DD-CTB-0003,2026-07-26,528,MTR,174.63,92204.64,INR,3.0,Delivered
TXN005954,HIST-2026-02190,3,CUST0122,DD-FLN-0004,2026-07-26,1807,MTR,160.98,290890.86,INR,3.0,Delivered
TXN005955,HIST-2026-02190,4,CUST0122,DD-SUT-0021,2026-07-26,913,MTR,277.23,253110.99,INR,3.0,Delivered
TXN000286,HIST-2026-00100,1,CUST0071,DD-DNM-0002,2026-07-27,855,MTR,245.7,210073.5,INR,7.0,Partially Delivered
TXN000287,HIST-2026-00100,2,CUST0071,DD-MOD-0034,2026-07-27,306,MTR,293.11,89691.66,INR,7.0,Delivered
TXN000288,HIST-2026-00100,3,CUST0071,DD-LIN-0030,2026-07-27,436,MTR,430.57,187728.52,INR,7.0,Delivered
TXN000289,HIST-2026-00100,4,CUST0071,DD-MOD-0023,2026-07-27,523,MTR,174.84,91441.32,INR,7.0,Delivered
TXN002597,HIST-2026-00956,1,CUST0119,DD-PGT-0023,2026-07-27,994,MTR,50.32,50018.08,INR,7.0,Delivered
TXN002598,HIST-2026-00956,2,CUST0119,DD-PRB-0030,2026-07-27,459,MTR,161.64,74192.76,INR,7.0,Delivered
TXN002599,HIST-2026-00956,3,CUST0119,DD-MOD-0024,2026-07-27,200,MTR,177.44,35488.0,INR,7.0,Partially Delivered
TXN002600,HIST-2026-00956,4,CUST0119,DD-LIN-0021,2026-07-27,1034,MTR,446.49,461670.66,INR,7.0,Delivered
TXN004315,HIST-2026-01574,1,CUST0094,DD-KSJ-0005,2026-07-27,134,KG,333.68,44713.12,INR,7.0,Delivered
TXN007406,HIST-2026-02730,1,CUST0008,DD-KFT-0026,2026-07-27,65,KG,367.06,23858.9,INR,7.0,Delivered
TXN007407,HIST-2026-02730,2,CUST0008,DD-KFT-0009,2026-07-27,177,KG,406.36,71925.72,INR,7.0,Delivered
TXN007408,HIST-2026-02730,3,CUST0008,DD-DNM-0017,2026-07-27,520,MTR,256.93,133603.6,INR,7.0,Delivered
TXN007409,HIST-2026-02730,4,CUST0008,DD-CTB-0006,2026-07-27,878,MTR,231.7,203432.6,INR,7.0,Delivered
TXN007410,HIST-2026-02730,5,CUST0008,DD-CTB-0026,2026-07-27,1471,MTR,202.92,298495.32,INR,7.0,Delivered
TXN007411,HIST-2026-02730,6,CUST0008,DD-CTB-0023,2026-07-27,138,MTR,205.22,28320.36,INR,7.0,Delivered
TXN000503,HIST-2026-00182,1,CUST0130,DD-PGT-0005,2026-07-28,709,MTR,73.4,52040.6,INR,7.0,Delivered
TXN000504,HIST-2026-00182,2,CUST0130,DD-LIN-0026,2026-07-28,264,MTR,266.93,70469.52,INR,7.0,Delivered
TXN000505,HIST-2026-00182,3,CUST0130,DD-SAT-0031,2026-07-28,715,MTR,86.84,62090.6,INR,7.0,Delivered
TXN000506,HIST-2026-00182,4,CUST0130,DD-PGT-0031,2026-07-28,768,MTR,77.74,59704.32,INR,7.0,Partially Delivered
TXN004569,HIST-2026-01683,1,CUST0011,DD-RBL-0002,2026-07-28,1701,MTR,51.77,88060.77,INR,7.0,Delivered
TXN004570,HIST-2026-01683,2,CUST0011,DD-PCS-0031,2026-07-28,377,MTR,103.54,39034.58,INR,7.0,Delivered
TXN004571,HIST-2026-01683,3,CUST0011,DD-CIN-0025,2026-07-28,1377,MTR,259.58,357441.66,INR,7.0,Delivered
TXN004572,HIST-2026-01683,4,CUST0011,DD-PGT-0014,2026-07-28,575,MTR,65.98,37938.5,INR,7.0,Delivered
TXN004728,HIST-2026-01737,1,CUST0082,DD-KIR-0025,2026-07-28,240,KG,392.58,94219.2,INR,7.0,Delivered
TXN004729,HIST-2026-01737,2,CUST0082,DD-CTB-0019,2026-07-28,875,MTR,235.35,205931.25,INR,7.0,Delivered
TXN004825,HIST-2026-01774,1,CUST0083,DD-KFT-0008,2026-07-28,338,KG,415.23,140347.74,INR,3.0,Delivered
TXN004826,HIST-2026-01774,2,CUST0083,DD-KSJ-0004,2026-07-28,91,KG,366.6,33360.6,INR,3.0,Partially Delivered
TXN006728,HIST-2026-02472,1,CUST0102,DD-CTB-0023,2026-07-29,153,MTR,201.97,30901.41,INR,7.0,Delivered
TXN006729,HIST-2026-02472,2,CUST0102,DD-KSJ-0015,2026-07-29,88,KG,342.94,30178.72,INR,7.0,Delivered
TXN006730,HIST-2026-02472,3,CUST0102,DD-KSJ-0006,2026-07-29,371,KG,330.89,122760.19,INR,7.0,Delivered
TXN000543,HIST-2026-00195,1,CUST0098,DD-CDV-0024,2026-07-30,341,MTR,212.64,72510.24,INR,7.0,Delivered
TXN000544,HIST-2026-00195,2,CUST0098,DD-BDS-0002,2026-07-30,326,MTR,230.63,75185.38,INR,7.0,Delivered
TXN000545,HIST-2026-00195,3,CUST0098,DD-CIN-0014,2026-07-30,428,MTR,226.64,97001.92,INR,7.0,Delivered
TXN005448,HIST-2026-01996,1,CUST0070,DD-LIN-0003,2026-07-30,1373,MTR,446.12,612522.76,INR,3.0,Cancelled
TXN005449,HIST-2026-01996,2,CUST0070,DD-CTB-0003,2026-07-30,341,MTR,179.67,61267.47,INR,3.0,Delivered
TXN001635,HIST-2026-00596,1,CUST0048,DD-CTB-0023,2026-07-31,539,MTR,193.96,104544.44,INR,12.0,Delivered
TXN001636,HIST-2026-00596,2,CUST0048,DD-MOD-0023,2026-07-31,509,MTR,168.19,85608.71,INR,12.0,Delivered
TXN001637,HIST-2026-00596,3,CUST0048,DD-DNM-0030,2026-07-31,1118,MTR,288.18,322185.24,INR,12.0,Delivered
TXN001638,HIST-2026-00596,4,CUST0048,DD-DNM-0004,2026-07-31,599,MTR,233.21,139692.79,INR,12.0,Delivered
TXN001639,HIST-2026-00596,5,CUST0048,DD-LIN-0030,2026-07-31,1670,MTR,397.56,663925.2,INR,12.0,Delivered
TXN005783,HIST-2026-02126,1,CUST0052,DD-FLN-0025,2026-07-31,305,MTR,184.94,56406.7,INR,3.0,Delivered
TXN005784,HIST-2026-02126,2,CUST0052,DD-PCS-0011,2026-07-31,260,MTR,84.5,21970.0,INR,3.0,Delivered
TXN003098,HIST-2026-01137,1,CUST0008,DD-KSJ-0020,2026-08-01,69,KG,308.19,21265.11,INR,7.0,Delivered
TXN003099,HIST-2026-01137,2,CUST0008,DD-DNM-0004,2026-08-01,296,MTR,237.94,70430.24,INR,7.0,Delivered
TXN003100,HIST-2026-01137,3,CUST0008,DD-KFT-0026,2026-08-01,226,KG,369.86,83588.36,INR,7.0,Delivered
TXN003101,HIST-2026-01137,4,CUST0008,DD-CTB-0012,2026-08-01,882,MTR,172.43,152083.26,INR,7.0,Delivered
TXN004935,HIST-2026-01811,1,CUST0073,DD-HUP-0008,2026-08-01,546,MTR,334.44,182604.24,INR,12.0,Delivered
TXN004936,HIST-2026-01811,2,CUST0073,DD-CIN-0008,2026-08-01,154,MTR,232.2,35758.8,INR,12.0,Delivered
TXN004937,HIST-2026-01811,3,CUST0073,DD-CIN-0017,2026-08-01,572,MTR,263.58,150767.76,INR,12.0,Delivered
TXN005423,HIST-2026-01988,1,CUST0108,DD-FLN-0029,2026-08-01,186,MTR,158.76,29529.36,INR,12.0,Delivered
TXN005424,HIST-2026-01988,2,CUST0108,DD-LIN-0034,2026-08-01,310,MTR,259.31,80386.1,INR,12.0,Partially Delivered
TXN005425,HIST-2026-01988,3,CUST0108,DD-HCT-0013,2026-08-01,739,MTR,210.88,155840.32,INR,12.0,Delivered
TXN005517,HIST-2026-02025,1,CUST0063,DD-KFT-0004,2026-08-01,72,KG,310.01,22320.72,INR,7.0,Delivered
TXN000062,HIST-2026-00022,1,CUST0110,DD-CIN-0025,2026-08-02,555,MTR,282.33,156693.15,INR,3.0,Delivered
TXN000063,HIST-2026-00022,2,CUST0110,DD-CTB-0018,2026-08-02,168,MTR,153.34,25761.12,INR,3.0,Delivered
TXN000064,HIST-2026-00022,3,CUST0110,DD-PCS-0027,2026-08-02,190,MTR,103.79,19720.1,INR,3.0,Delivered
TXN000065,HIST-2026-00022,4,CUST0110,DD-CIN-0003,2026-08-02,1757,MTR,236.82,416092.74,INR,3.0,Delivered
TXN000066,HIST-2026-00022,5,CUST0110,DD-PCS-0009,2026-08-02,391,MTR,107.11,41880.01,INR,3.0,Delivered
TXN006793,HIST-2026-02499,1,CUST0090,DD-KFT-0002,2026-08-02,494,KG,344.53,170197.82,INR,3.0,Delivered
TXN002751,HIST-2026-01017,1,CUST0030,DD-KIR-0032,2026-08-03,274,KG,391.59,107295.66,INR,12.0,Delivered
TXN002752,HIST-2026-01017,2,CUST0030,DD-KSJ-0007,2026-08-03,102,KG,324.36,33084.72,INR,12.0,Delivered
TXN002753,HIST-2026-01017,3,CUST0030,DD-CTS-0017,2026-08-03,1421,MTR,86.04,122262.84,INR,12.0,Delivered
TXN002754,HIST-2026-01017,4,CUST0030,DD-DNM-0028,2026-08-03,1040,MTR,209.22,217588.8,INR,12.0,Partially Delivered
TXN002755,HIST-2026-01017,5,CUST0030,DD-DNM-0016,2026-08-03,618,MTR,256.11,158275.98,INR,12.0,Delivered
TXN001593,HIST-2026-00581,1,CUST0052,DD-SUT-0029,2026-08-04,1460,MTR,224.01,327054.6,INR,3.0,Delivered
TXN001594,HIST-2026-00581,2,CUST0052,DD-CIN-0003,2026-08-04,291,MTR,240.47,69976.77,INR,3.0,Delivered
TXN001711,HIST-2026-00623,1,CUST0052,DD-FLN-0012,2026-08-04,1643,MTR,137.18,225386.74,INR,3.0,Delivered
TXN001712,HIST-2026-00623,2,CUST0052,DD-CIN-0003,2026-08-04,263,MTR,245.28,64508.64,INR,3.0,Delivered
TXN001713,HIST-2026-00623,3,CUST0052,DD-FLN-0021,2026-08-04,476,MTR,187.22,89116.72,INR,3.0,Delivered
TXN001714,HIST-2026-00623,4,CUST0052,DD-CIN-0024,2026-08-04,782,MTR,279.62,218662.84,INR,3.0,Delivered
TXN001715,HIST-2026-00623,5,CUST0052,DD-CIN-0028,2026-08-04,757,MTR,191.13,144685.41,INR,3.0,Delivered
TXN001716,HIST-2026-00623,6,CUST0052,DD-CIN-0004,2026-08-04,458,MTR,219.79,100663.82,INR,3.0,Delivered
TXN005115,HIST-2026-01874,1,CUST0048,DD-LIN-0030,2026-08-04,340,MTR,394.85,134249.0,INR,12.0,Partially Delivered
TXN005116,HIST-2026-01874,2,CUST0048,DD-CTB-0023,2026-08-04,1508,MTR,195.48,294783.84,INR,12.0,Delivered
TXN005117,HIST-2026-01874,3,CUST0048,DD-DNM-0030,2026-08-04,262,MTR,284.14,74444.68,INR,12.0,Delivered
TXN005118,HIST-2026-01874,4,CUST0048,DD-CTB-0034,2026-08-04,1058,MTR,187.45,198322.1,INR,12.0,Delivered
TXN005486,HIST-2026-02014,1,CUST0118,DD-SAT-0032,2026-08-04,456,MTR,82.62,37674.72,INR,7.0,Delivered
TXN005487,HIST-2026-02014,2,CUST0118,DD-TWL-0007,2026-08-04,177,PCS,253.54,44876.58,INR,7.0,Partially Delivered
TXN005488,HIST-2026-02014,3,CUST0118,DD-HUP-0016,2026-08-04,1287,MTR,319.71,411466.77,INR,7.0,Delivered
TXN005489,HIST-2026-02014,4,CUST0118,DD-BDS-0017,2026-08-04,405,MTR,209.9,85009.5,INR,7.0,Delivered
TXN005490,HIST-2026-02014,5,CUST0118,DD-SUT-0019,2026-08-04,2131,MTR,267.96,571022.76,INR,7.0,Delivered
TXN005491,HIST-2026-02014,6,CUST0118,DD-CIN-0021,2026-08-04,1493,MTR,279.42,417174.06,INR,7.0,Delivered
TXN003392,HIST-2026-01245,1,CUST0100,DD-CTS-0016,2026-08-05,465,MTR,130.26,60570.9,INR,3.0,Delivered
TXN003393,HIST-2026-01245,2,CUST0100,DD-KIR-0033,2026-08-05,304,KG,444.73,135197.92,INR,3.0,Delivered
TXN003394,HIST-2026-01245,3,CUST0100,DD-DNM-0026,2026-08-05,139,MTR,236.79,32913.81,INR,3.0,Delivered
TXN003395,HIST-2026-01245,4,CUST0100,DD-CTB-0015,2026-08-05,1387,MTR,161.52,224028.24,INR,3.0,Delivered
TXN005435,HIST-2026-01993,1,CUST0028,DD-PGT-0005,2026-08-05,2043,MTR,76.26,155799.18,INR,3.0,Partially Delivered
TXN005436,HIST-2026-01993,2,CUST0028,DD-PGT-0020,2026-08-05,2254,MTR,66.04,148854.16,INR,3.0,Partially Delivered
TXN005437,HIST-2026-01993,3,CUST0028,DD-SAT-0013,2026-08-05,165,MTR,174.89,28856.85,INR,3.0,Delivered
TXN005438,HIST-2026-01993,4,CUST0028,DD-VSR-0032,2026-08-05,1310,MTR,118.79,155614.9,INR,3.0,Delivered
TXN007458,HIST-2026-02750,1,CUST0006,DD-DNM-0017,2026-08-06,486,MTR,260.81,126753.66,INR,7.0,Delivered
TXN002904,HIST-2026-01068,1,CUST0088,DD-TWL-0007,2026-08-07,799,PCS,240.31,192007.69,INR,12.0,Delivered
TXN002905,HIST-2026-01068,2,CUST0088,DD-TWL-0012,2026-08-07,98,PCS,198.74,19476.52,INR,12.0,Delivered
TXN002906,HIST-2026-01068,3,CUST0088,DD-CIN-0009,2026-08-07,956,MTR,241.79,231151.24,INR,12.0,Delivered
TXN002907,HIST-2026-01068,4,CUST0088,DD-TWL-0025,2026-08-07,862,PCS,219.49,189200.38,INR,12.0,Delivered
TXN002908,HIST-2026-01068,5,CUST0088,DD-CIN-0011,2026-08-07,408,MTR,222.8,90902.4,INR,12.0,Delivered
TXN004443,HIST-2026-01628,1,CUST0012,DD-MOD-0016,2026-08-07,1519,MTR,252.54,383608.26,INR,3.0,Delivered
TXN004444,HIST-2026-01628,2,CUST0012,DD-KSJ-0007,2026-08-07,154,KG,389.18,59933.72,INR,3.0,Delivered
TXN004445,HIST-2026-01628,3,CUST0012,DD-KSJ-0016,2026-08-07,171,KG,336.85,57601.35,INR,3.0,Delivered
TXN004446,HIST-2026-01628,4,CUST0012,DD-LIN-0002,2026-08-07,743,MTR,451.24,335271.32,INR,3.0,Delivered
TXN004438,HIST-2026-01626,1,CUST0020,DD-CTB-0028,2026-08-08,1814,MTR,172.72,313314.08,INR,7.0,Delivered
TXN004439,HIST-2026-01626,2,CUST0020,DD-CTB-0014,2026-08-08,610,MTR,169.24,103236.4,INR,7.0,Delivered
TXN004440,HIST-2026-01626,3,CUST0020,DD-CTB-0029,2026-08-08,2275,MTR,167.4,380835.0,INR,7.0,Delivered
TXN006681,HIST-2026-02455,1,CUST0021,DD-BDS-0032,2026-08-08,191,MTR,206.38,39418.58,INR,3.0,Delivered
TXN007047,HIST-2026-02592,1,CUST0021,DD-BDS-0032,2026-08-08,588,MTR,212.27,124814.76,INR,3.0,Delivered
TXN007048,HIST-2026-02592,2,CUST0021,DD-HCT-0026,2026-08-08,936,MTR,142.26,133155.36,INR,3.0,Delivered
TXN007049,HIST-2026-02592,3,CUST0021,DD-HCT-0032,2026-08-08,282,MTR,175.12,49383.84,INR,3.0,Delivered
TXN007050,HIST-2026-02592,4,CUST0021,DD-CIN-0029,2026-08-08,983,MTR,208.23,204690.09,INR,3.0,Delivered
TXN007051,HIST-2026-02592,5,CUST0021,DD-HCT-0006,2026-08-08,469,MTR,235.98,110674.62,INR,3.0,Delivered
TXN000216,HIST-2026-00079,1,CUST0004,DD-DNM-0034,2026-08-09,262,MTR,322.62,84526.44,INR,3.0,Delivered
TXN000217,HIST-2026-00079,2,CUST0004,DD-LIN-0029,2026-08-09,269,MTR,263.99,71013.31,INR,3.0,Delivered
TXN000218,HIST-2026-00079,3,CUST0004,DD-DNM-0027,2026-08-09,422,MTR,224.83,94878.26,INR,3.0,Delivered
TXN006117,HIST-2026-02246,1,CUST0067,DD-BDS-0029,2026-08-09,514,MTR,219.04,112586.56,INR,12.0,Delivered
TXN006118,HIST-2026-02246,2,CUST0067,DD-BDS-0009,2026-08-09,1073,MTR,155.16,166486.68,INR,12.0,Delivered
TXN006119,HIST-2026-02246,3,CUST0067,DD-HCT-0016,2026-08-09,1303,MTR,156.34,203711.02,INR,12.0,Delivered
TXN006120,HIST-2026-02246,4,CUST0067,DD-CIN-0001,2026-08-09,280,MTR,227.47,63691.6,INR,12.0,Delivered
TXN006121,HIST-2026-02246,5,CUST0067,DD-CIN-0014,2026-08-09,1673,MTR,225.35,377010.55,INR,12.0,Delivered
TXN001527,HIST-2026-00557,1,CUST0095,DD-CIN-0006,2026-08-10,803,MTR,211.27,169649.81,INR,7.0,Delivered
TXN001528,HIST-2026-00557,2,CUST0095,DD-CIN-0025,2026-08-10,167,MTR,261.22,43623.74,INR,7.0,Partially Delivered
TXN001529,HIST-2026-00557,3,CUST0095,DD-HCT-0029,2026-08-10,518,MTR,131.47,68101.46,INR,7.0,Delivered
TXN001530,HIST-2026-00557,4,CUST0095,DD-CIN-0023,2026-08-10,855,MTR,293.78,251181.9,INR,7.0,Delivered
TXN001531,HIST-2026-00557,5,CUST0095,DD-HCT-0023,2026-08-10,705,MTR,182.12,128394.6,INR,7.0,Delivered
TXN001973,HIST-2026-00722,1,CUST0001,DD-CDV-0032,2026-08-10,770,MTR,169.06,130176.2,INR,3.0,Delivered
TXN001974,HIST-2026-00722,2,CUST0001,DD-FLN-0016,2026-08-10,1391,MTR,155.27,215980.57,INR,3.0,Delivered
TXN001975,HIST-2026-00722,3,CUST0001,DD-DNM-0004,2026-08-10,1354,MTR,252.87,342385.98,INR,3.0,Delivered
TXN001976,HIST-2026-00722,4,CUST0001,DD-RBL-0029,2026-08-10,909,MTR,53.54,48667.86,INR,3.0,Delivered
TXN001977,HIST-2026-00722,5,CUST0001,DD-MOD-0009,2026-08-10,1110,MTR,239.61,265967.1,INR,3.0,Delivered
TXN004723,HIST-2026-01736,1,CUST0109,DD-CTB-0024,2026-08-10,600,MTR,189.04,113424.0,INR,12.0,Delivered
TXN004724,HIST-2026-01736,2,CUST0109,DD-CTS-0016,2026-08-10,153,MTR,116.98,17897.94,INR,12.0,Delivered
TXN004725,HIST-2026-01736,3,CUST0109,DD-CTB-0030,2026-08-10,356,MTR,152.27,54208.12,INR,12.0,Delivered
TXN004726,HIST-2026-01736,4,CUST0109,DD-CTB-0019,2026-08-10,130,MTR,211.51,27496.3,INR,12.0,Delivered
TXN004727,HIST-2026-01736,5,CUST0109,DD-DNM-0035,2026-08-10,680,MTR,201.09,136741.2,INR,12.0,Delivered
TXN005986,HIST-2026-02200,1,CUST0040,DD-MOD-0002,2026-08-10,1894,MTR,203.73,385864.62,INR,12.0,Delivered
TXN005987,HIST-2026-02200,2,CUST0040,DD-LIN-0012,2026-08-10,598,MTR,405.4,242429.2,INR,12.0,Cancelled
TXN005988,HIST-2026-02200,3,CUST0040,DD-SAT-0001,2026-08-10,137,MTR,186.84,25597.08,INR,12.0,Delivered
TXN005989,HIST-2026-02200,4,CUST0040,DD-SAT-0025,2026-08-10,489,MTR,162.97,79692.33,INR,12.0,Delivered
TXN007115,HIST-2026-02614,1,CUST0010,DD-DNM-0029,2026-08-10,151,MTR,301.78,45568.78,INR,7.0,Delivered
TXN002012,HIST-2026-00737,1,CUST0001,DD-DNM-0004,2026-08-11,148,MTR,256.76,38000.48,INR,3.0,Delivered
TXN002013,HIST-2026-00737,2,CUST0001,DD-PGT-0022,2026-08-11,1728,MTR,55.43,95783.04,INR,3.0,Delivered
TXN002442,HIST-2026-00897,1,CUST0081,DD-PGT-0008,2026-08-11,1384,MTR,71.56,99039.04,INR,7.0,Delivered
TXN002443,HIST-2026-00897,2,CUST0081,DD-LIN-0027,2026-08-11,452,MTR,268.02,121145.04,INR,7.0,Delivered
TXN003345,HIST-2026-01226,1,CUST0005,DD-PRB-0029,2026-08-11,521,MTR,141.88,73919.48,INR,12.0,Delivered
TXN003346,HIST-2026-01226,2,CUST0005,DD-MOD-0009,2026-08-11,697,MTR,217.07,151297.79,INR,12.0,Delivered
TXN001871,HIST-2026-00678,1,CUST0107,DD-KIR-0025,2026-08-12,279,KG,426.24,118920.96,INR,3.0,Partially Delivered
TXN006959,HIST-2026-02562,1,CUST0109,DD-CTB-0022,2026-08-12,904,MTR,206.64,186802.56,INR,12.0,Delivered
TXN006960,HIST-2026-02562,2,CUST0109,DD-MOD-0028,2026-08-12,340,MTR,150.67,51227.8,INR,12.0,Delivered
TXN006961,HIST-2026-02562,3,CUST0109,DD-LIN-0013,2026-08-12,1961,MTR,406.8,797734.8,INR,12.0,Delivered
TXN006962,HIST-2026-02562,4,CUST0109,DD-CTB-0001,2026-08-12,176,MTR,163.99,28862.24,INR,12.0,Delivered
TXN006963,HIST-2026-02562,5,CUST0109,DD-DNM-0035,2026-08-12,1562,MTR,202.1,315680.2,INR,12.0,Delivered
TXN001148,HIST-2026-00416,1,CUST0107,DD-KSJ-0012,2026-08-13,82,KG,314.61,25798.02,INR,3.0,Delivered
TXN001149,HIST-2026-00416,2,CUST0107,DD-SAT-0016,2026-08-13,864,MTR,156.05,134827.2,INR,3.0,Delivered
TXN001150,HIST-2026-00416,3,CUST0107,DD-CTB-0001,2026-08-13,947,MTR,185.26,175441.22,INR,3.0,Delivered
TXN001323,HIST-2026-00477,1,CUST0020,DD-CTB-0028,2026-08-13,287,MTR,171.96,49352.52,INR,7.0,Delivered
TXN007084,HIST-2026-02604,1,CUST0080,DD-TWL-0016,2026-08-13,678,PCS,201.25,136447.5,INR,7.0,Delivered
TXN000051,HIST-2026-00019,1,CUST0096,DD-KFT-0028,2026-08-14,229,KG,243.73,55814.17,INR,7.0,Delivered
TXN000052,HIST-2026-00019,2,CUST0096,DD-CTS-0022,2026-08-14,138,MTR,92.56,12773.28,INR,7.0,Delivered
TXN003347,HIST-2026-01227,1,CUST0109,DD-CTB-0017,2026-08-14,1652,MTR,144.84,239275.68,INR,12.0,Delivered
TXN003348,HIST-2026-01227,2,CUST0109,DD-LIN-0013,2026-08-14,223,MTR,399.65,89121.95,INR,12.0,Delivered
TXN003900,HIST-2026-01429,1,CUST0075,DD-DNM-0028,2026-08-14,343,MTR,211.99,72712.57,INR,7.0,Delivered
TXN003901,HIST-2026-01429,2,CUST0075,DD-KIR-0019,2026-08-14,93,KG,386.52,35946.36,INR,7.0,Delivered
TXN003902,HIST-2026-01429,3,CUST0075,DD-CTS-0016,2026-08-14,1326,MTR,123.53,163800.78,INR,7.0,Delivered
TXN003903,HIST-2026-01429,4,CUST0075,DD-CTB-0005,2026-08-14,252,MTR,228.93,57690.36,INR,7.0,Delivered
TXN003904,HIST-2026-01429,5,CUST0075,DD-CTB-0033,2026-08-14,212,MTR,232.15,49215.8,INR,7.0,Delivered
TXN006044,HIST-2026-02222,1,CUST0045,DD-HUP-0004,2026-08-14,933,MTR,308.86,288166.38,INR,7.0,Delivered
TXN000951,HIST-2026-00342,1,CUST0077,DD-FLN-0033,2026-08-15,1604,MTR,150.94,242107.76,INR,7.0,Delivered
TXN000952,HIST-2026-00342,2,CUST0077,DD-CTS-0024,2026-08-15,421,MTR,89.33,37607.93,INR,7.0,Delivered
TXN000953,HIST-2026-00342,3,CUST0077,DD-SAT-0017,2026-08-15,708,MTR,158.04,111892.32,INR,7.0,Delivered
TXN007132,HIST-2026-02622,1,CUST0097,DD-VSR-0012,2026-08-15,304,MTR,90.91,27636.64,INR,3.0,Delivered
TXN007133,HIST-2026-02622,2,CUST0097,DD-VSR-0019,2026-08-15,217,MTR,91.38,19829.46,INR,3.0,Delivered
TXN007134,HIST-2026-02622,3,CUST0097,DD-PRB-0016,2026-08-15,982,MTR,114.34,112281.88,INR,3.0,Delivered
TXN007135,HIST-2026-02622,4,CUST0097,DD-VSR-0008,2026-08-15,631,MTR,96.84,61106.04,INR,3.0,Delivered
TXN007136,HIST-2026-02622,5,CUST0097,DD-PRB-0025,2026-08-15,529,MTR,125.26,66262.54,INR,3.0,Delivered
TXN002250,HIST-2026-00828,1,CUST0064,DD-KSJ-0020,2026-08-16,443,KG,299.35,132612.05,INR,12.0,Partially Delivered
TXN002251,HIST-2026-00828,2,CUST0064,DD-KFT-0012,2026-08-16,403,KG,381.35,153684.05,INR,12.0,Delivered
TXN002252,HIST-2026-00828,3,CUST0064,DD-KIR-0005,2026-08-16,241,KG,416.0,100256.0,INR,12.0,Delivered
TXN002253,HIST-2026-00828,4,CUST0064,DD-DNM-0034,2026-08-16,1183,MTR,280.4,331713.2,INR,12.0,Delivered
TXN004691,HIST-2026-01726,1,CUST0017,DD-DNM-0008,2026-08-16,661,MTR,265.65,175594.65,INR,7.0,Delivered
TXN004692,HIST-2026-01726,2,CUST0017,DD-KIR-0024,2026-08-16,69,KG,382.43,26387.67,INR,7.0,Delivered
TXN004693,HIST-2026-01726,3,CUST0017,DD-KFT-0021,2026-08-16,56,KG,400.03,22401.68,INR,7.0,Delivered
TXN004694,HIST-2026-01726,4,CUST0017,DD-DNM-0024,2026-08-16,543,MTR,219.07,118955.01,INR,7.0,Delivered
TXN004695,HIST-2026-01726,5,CUST0017,DD-DNM-0013,2026-08-16,900,MTR,193.09,173781.0,INR,7.0,Partially Delivered
TXN004271,HIST-2026-01556,1,CUST0033,DD-PRB-0037,2026-08-17,1105,MTR,163.08,180203.4,INR,3.0,Delivered
TXN004272,HIST-2026-01556,2,CUST0033,DD-SUT-0030,2026-08-17,208,MTR,226.39,47089.12,INR,3.0,Delivered
TXN004273,HIST-2026-01556,3,CUST0033,DD-LIN-0006,2026-08-17,1982,MTR,364.54,722518.28,INR,3.0,Delivered
TXN004274,HIST-2026-01556,4,CUST0033,DD-KSJ-0018,2026-08-17,243,KG,343.39,83443.77,INR,3.0,Delivered
TXN005779,HIST-2026-02123,1,CUST0059,DD-SUT-0005,2026-08-17,538,MTR,218.61,117612.18,INR,12.0,Delivered
TXN005780,HIST-2026-02123,2,CUST0059,DD-CIN-0006,2026-08-17,146,MTR,196.31,28661.26,INR,12.0,Delivered
TXN003116,HIST-2026-01144,1,CUST0051,DD-KIR-0004,2026-08-18,49,KG,381.09,18673.41,INR,7.0,Partially Delivered
TXN003117,HIST-2026-01144,2,CUST0051,DD-CTB-0028,2026-08-18,149,MTR,168.94,25172.06,INR,7.0,Delivered
TXN003139,HIST-2026-01155,1,CUST0108,DD-HCT-0018,2026-08-18,147,MTR,155.25,22821.75,INR,12.0,Delivered
TXN003140,HIST-2026-01155,2,CUST0108,DD-BDS-0011,2026-08-18,260,MTR,159.51,41472.6,INR,12.0,Delivered
TXN003141,HIST-2026-01155,3,CUST0108,DD-LIN-0034,2026-08-18,405,MTR,262.7,106393.5,INR,12.0,Delivered
TXN003142,HIST-2026-01155,4,CUST0108,DD-PRB-0027,2026-08-18,259,MTR,106.65,27622.35,INR,12.0,Delivered
TXN004535,HIST-2026-01671,1,CUST0031,DD-KIR-0035,2026-08-18,146,KG,499.99,72998.54,INR,7.0,Delivered
TXN004536,HIST-2026-01671,2,CUST0031,DD-KFT-0011,2026-08-18,323,KG,414.38,133844.74,INR,7.0,Delivered
TXN004537,HIST-2026-01671,3,CUST0031,DD-CTB-0024,2026-08-18,1088,MTR,196.63,213933.44,INR,7.0,Delivered
TXN004110,HIST-2026-01500,1,CUST0054,DD-TWL-0004,2026-08-19,777,PCS,265.06,205951.62,INR,7.0,Delivered
TXN004111,HIST-2026-01500,2,CUST0054,DD-CIN-0009,2026-08-19,1086,MTR,264.4,287138.4,INR,7.0,Partially Delivered
TXN004112,HIST-2026-01500,3,CUST0054,DD-HCT-0034,2026-08-19,1465,MTR,234.06,342897.9,INR,7.0,Delivered
